barcode	max_id	n_4	n_10	max_umi	total_umi	assignable	is_cell
AAACCAATCAATGCGG-1	MZ286188_1_ORF1	1	1	36	36	TRUE	TRUE
AAACCAATCACGAAGT-1	meGFP	0	0	1	1	FALSE	FALSE
AAACCAATCAGTAGTA-1	MZ286197_1_ORF2	1	0	5	6	TRUE	TRUE
AAACCAATCCCGATAC-1	MZ286258_1_ORF2	0	0	1	1	FALSE	TRUE
AAACCAATCCCGTGCA-1	OZ258728_1_ORF2	0	0	1	1	FALSE	FALSE
AAACCAATCCTCGACG-1	MZ286258_1_ORF2	1	1	11	11	TRUE	TRUE
AAACCAATCCTGGGAA-1	OZ258728_1_ORF2	0	0	1	2	FALSE	TRUE
AAACCAATCCTTACAG-1	meGFP	0	0	1	1	FALSE	TRUE
AAACCAATCTTCGTAG-1	MZ286102_1_ORF1	2	0	9	15	FALSE	TRUE
AAACGACTCAATGCAA-1	MZ286102_1_ORF2	0	0	3	4	TRUE	TRUE
AAACGACTCCGACATC-1	MZ286197_1_ORF2	0	0	3	3	TRUE	TRUE
AAACGACTCGGCTTCG-1	MZ286188_1_ORF2	0	0	1	1	FALSE	TRUE
AAACGACTCGGTCGAA-1	MZ286258_1_ORF2	1	0	7	7	TRUE	TRUE
AAACGACTCTAAGTGA-1	OZ258728_1_ORF2	1	1	107	107	TRUE	TRUE
AAACGACTCTAGCTTG-1	OZ258728_1_ORF1	1	1	46	46	TRUE	TRUE
AAACGCTAGACCCTGT-1	meGFP	0	0	1	1	FALSE	TRUE
AAACGCTAGCTAACCC-1	MZ286197_1_ORF1	0	0	1	1	FALSE	TRUE
AAACGCTAGGAGGAGT-1	MZ286102_1_ORF1	0	0	1	1	FALSE	FALSE
AAACGCTAGGAGTATC-1	MZ286258_1_ORF1	1	1	28	28	TRUE	TRUE
AAACGCTAGGGCAGGA-1	MZ286102_1_ORF2	1	1	26	26	TRUE	TRUE
AAACGCTAGTACTGGG-1	OZ258728_1_ORF2	0	0	1	2	FALSE	TRUE
AAACTCGCACCAAGTA-1	MZ286197_1_ORF1	0	0	1	1	FALSE	TRUE
AAACTCGCACCATTAC-1	OZ258728_1_ORF1	0	0	1	1	FALSE	FALSE
AAACTCGCACTTCCAG-1	OP549859_1_ORF1	1	1	13	15	TRUE	TRUE
AAACTCGCAGACACAC-1	OP549859_1_ORF1	1	1	84	86	TRUE	TRUE
AAACTCGCATAACTGG-1	MZ286258_1_ORF1	2	2	39	58	FALSE	TRUE
AAACTCGCATCCCGAC-1	MZ286258_1_ORF2	2	2	17	30	FALSE	TRUE
AAACTGATCAAGGCGC-1	OZ258728_1_ORF2	2	1	22	26	TRUE	TRUE
AAACTGATCCCGCAAT-1	OP549859_1_ORF1	1	0	7	8	TRUE	TRUE
AAACTGATCCTACTTC-1	OZ258728_1_ORF1	0	0	3	3	TRUE	TRUE
AAACTGATCGACCCAT-1	OP549859_1_ORF2	0	0	1	1	FALSE	FALSE
AAACTGATCTACTCCT-1	OZ258728_1_ORF1	0	0	1	1	FALSE	FALSE
AAACTGATCTCGACCG-1	OZ258728_1_ORF2	0	0	1	1	FALSE	TRUE
AAACTGATCTCTCACT-1	MZ286102_1_ORF2	0	0	1	1	FALSE	FALSE
AAACTGGGTAAGCCAA-1	OZ258728_1_ORF1	0	0	1	1	FALSE	FALSE
AAACTGGGTACAGAGC-1	MZ286102_1_ORF2	1	0	5	5	TRUE	TRUE
AAACTGGGTACTTCCC-1	OZ258728_1_ORF2	0	0	1	1	FALSE	FALSE
AAACTGGGTAGGCAGT-1	MZ286197_1_ORF1	0	0	2	2	TRUE	TRUE
AAACTGGGTCATTCAA-1	MZ286197_1_ORF1	1	0	9	9	TRUE	TRUE
AAACTGGGTGCAATTC-1	OP549859_1_ORF2	0	0	2	2	TRUE	TRUE
AAACTGGGTGGAAGGA-1	meGFP	0	0	1	1	FALSE	FALSE
AAACTGGGTTTCAAGC-1	OZ258728_1_ORF1	1	1	22	22	TRUE	TRUE
AAACTTACAACAGACC-1	OP549859_1_ORF1	0	0	1	1	FALSE	TRUE
AAACTTACAACCCAGG-1	meGFP	0	0	1	1	FALSE	FALSE
AAACTTACAAGAGGTG-1	OZ258728_1_ORF2	1	1	25	25	TRUE	TRUE
AAACTTACACCATAGA-1	MZ286102_1_ORF2	1	1	19	21	TRUE	TRUE
AAACTTACAGACATTG-1	MZ286102_1_ORF1	0	0	1	1	FALSE	FALSE
AAACTTACAGCTTGGG-1	OZ258728_1_ORF2	0	0	1	1	FALSE	FALSE
AAACTTCTCAAGCCAG-1	OZ258728_1_ORF2	1	0	8	13	TRUE	TRUE
AAACTTCTCCCAGTAC-1	MZ286188_1_ORF1	1	0	5	5	TRUE	TRUE
AAACTTCTCCTCTCCA-1	OP549859_1_ORF2	1	0	7	7	TRUE	TRUE
AAACTTCTCGCCCAAT-1	MZ286102_1_ORF2	0	0	1	1	FALSE	FALSE
AAACTTCTCGGGAACC-1	MZ286102_1_ORF2	1	1	11	11	TRUE	TRUE
AAACTTCTCGGGAAGG-1	OP549859_1_ORF1	1	1	77	77	TRUE	TRUE
AAACTTCTCGGGATCA-1	OP549859_1_ORF1	1	1	24	24	TRUE	TRUE
AAACTTCTCTGCACCG-1	OZ258728_1_ORF1	0	0	1	1	FALSE	TRUE
AAACTTCTCTGGGTAG-1	meGFP	0	0	2	3	FALSE	TRUE
AAAGCAACATAACGAT-1	MZ286188_1_ORF1	0	0	1	1	FALSE	TRUE
AAAGCACTCAGCGGAC-1	MZ286258_1_ORF2	0	0	1	1	FALSE	TRUE
AAAGCACTCATGATCT-1	MZ286102_1_ORF2	0	0	1	3	FALSE	TRUE
AAAGCACTCCACGCAT-1	meGFP	0	0	1	1	FALSE	FALSE
AAAGCACTCCCTTCCA-1	MZ286102_1_ORF2	1	1	31	31	TRUE	TRUE
AAAGCACTCGGATGCA-1	meGFP	0	0	1	1	FALSE	TRUE
AAAGCACTCGTCCGTG-1	MZ286102_1_ORF1	1	1	18	18	TRUE	TRUE
AAAGCACTCGTGAGGC-1	MZ286188_1_ORF1	0	0	1	1	FALSE	FALSE
AAAGCACTCGTTACCA-1	MZ286258_1_ORF2	1	0	8	8	TRUE	TRUE
AAAGCACTCTAGCTTG-1	OZ258728_1_ORF2	1	1	46	46	TRUE	TRUE
AAAGCACTCTCGCTCC-1	OZ258728_1_ORF2	0	0	1	1	FALSE	FALSE
AAAGCACTCTGAGTGG-1	OZ258728_1_ORF2	2	0	6	10	FALSE	TRUE
AAAGCATGTACGGGCA-1	MZ286258_1_ORF2	0	0	1	1	FALSE	FALSE
AAAGCATGTAGAGCCG-1	OZ258728_1_ORF2	0	0	1	1	FALSE	FALSE
AAAGCATGTAGCGTGG-1	meGFP	0	0	1	1	FALSE	TRUE
AAAGCATGTGCAACCC-1	MZ286102_1_ORF2	0	0	3	3	TRUE	TRUE
AAAGCATGTGCTTCGA-1	OP549859_1_ORF2	0	0	3	3	TRUE	TRUE
AAAGCCAGTACACCTG-1	MZ286102_1_ORF1	1	0	4	6	TRUE	TRUE
AAAGCCAGTAGGTCAA-1	MZ286258_1_ORF2	1	1	11	11	TRUE	TRUE
AAAGCCAGTCGGGACA-1	MZ286102_1_ORF2	0	0	3	3	TRUE	TRUE
AAAGCCAGTGAGAGGA-1	MZ286188_1_ORF1	1	0	8	8	TRUE	TRUE
AAAGCCAGTTACGCCA-1	OP549859_1_ORF1	1	1	62	62	TRUE	TRUE
AAAGCCAGTTATAGGG-1	MZ286102_1_ORF2	0	0	2	2	TRUE	TRUE
AAAGCCAGTTCGCTTC-1	MZ286197_1_ORF1	1	0	4	4	TRUE	TRUE
AAAGCCTAGAGCCAAT-1	MZ286258_1_ORF1	2	1	10	16	FALSE	TRUE
AAAGCCTAGAGGCGAG-1	MZ286197_1_ORF2	0	0	2	2	TRUE	TRUE
AAAGCCTAGCATCCGT-1	MZ286188_1_ORF2	0	0	1	1	FALSE	FALSE
AAAGCCTAGGAGTATC-1	MZ286258_1_ORF1	0	0	2	2	TRUE	FALSE
AAAGCCTAGGCTGCAA-1	OP549859_1_ORF2	0	0	1	1	FALSE	TRUE
AAAGCCTAGGTCGTCT-1	OZ258728_1_ORF2	0	0	1	1	FALSE	TRUE
AAAGCGTTCGACCTCG-1	meGFP	0	0	1	1	FALSE	FALSE
AAAGCGTTCGATACTT-1	OP549859_1_ORF1	0	0	1	1	FALSE	FALSE
AAAGCGTTCGGCTTCG-1	MZ286102_1_ORF2	0	0	1	1	FALSE	FALSE
AAAGCGTTCTAGAGGT-1	OZ258728_1_ORF2	0	0	1	1	FALSE	FALSE
AAAGCGTTCTCGATCA-1	OZ258728_1_ORF2	0	0	1	1	FALSE	TRUE
AAAGCGTTCTGGATGG-1	MZ286197_1_ORF2	0	0	2	2	TRUE	TRUE
AAAGCGTTCTTAAGCT-1	MZ286102_1_ORF2	0	0	1	1	FALSE	TRUE
AAAGCGTTCTTGAATC-1	MZ286102_1_ORF1	0	0	1	1	FALSE	FALSE
AAAGCTCAGAAGTGAG-1	MZ286102_1_ORF2	0	0	1	1	FALSE	TRUE
AAAGCTCAGGGGAACG-1	OZ258728_1_ORF2	0	0	1	2	FALSE	TRUE
AAAGCTCAGGGGTCTA-1	MZ286188_1_ORF1	1	1	14	14	TRUE	TRUE
AAAGCTCAGTAATGTG-1	MZ286102_1_ORF2	0	0	1	2	FALSE	TRUE
AAAGCTGGTCGATGCC-1	meGFP	0	0	1	1	FALSE	FALSE
AAAGCTGGTGTCCAAT-1	OP549859_1_ORF1	0	0	1	1	FALSE	FALSE
AAAGCTGGTTTAATCG-1	MZ286188_1_ORF1	1	0	7	9	TRUE	TRUE
AAAGCTGGTTTCAAGC-1	OZ258728_1_ORF2	0	0	1	1	FALSE	TRUE
AAAGGATAGATCAAGC-1	MZ286258_1_ORF1	0	0	1	1	FALSE	TRUE
AAAGGATAGCGTACCT-1	OP549859_1_ORF1	0	0	1	2	FALSE	TRUE
AAAGGATAGCTCCTGG-1	OZ258728_1_ORF2	0	0	1	1	FALSE	FALSE
AAAGGATAGTACCCGT-1	OP549859_1_ORF1	0	0	1	1	FALSE	TRUE
AAAGGCGCACAATCCT-1	MZ286188_1_ORF1	1	1	83	83	TRUE	TRUE
AAAGGCGCACATAGTG-1	meGFP	0	0	1	1	FALSE	FALSE
AAAGGCGCACCTCAAT-1	MZ286102_1_ORF2	0	0	1	1	FALSE	FALSE
AAAGGCGCACTACCCA-1	OP549859_1_ORF2	0	0	1	1	FALSE	TRUE
AAAGGCGCAGCACTCC-1	OZ258728_1_ORF2	0	0	1	1	FALSE	FALSE
AAAGGCGCAGCTATCT-1	OZ258728_1_ORF2	0	0	1	2	FALSE	FALSE
AAAGGCGCAGGGTCTG-1	OZ258728_1_ORF2	0	0	2	2	TRUE	TRUE
AAAGGCGCATACTGAG-1	OP549859_1_ORF2	0	0	1	1	FALSE	TRUE
AAAGGCGCATGGACGT-1	MZ286258_1_ORF2	1	1	16	18	TRUE	TRUE
AAAGGGCAGAAGCATC-1	MZ286197_1_ORF1	1	0	6	6	TRUE	TRUE
AAAGGGCAGCCACTTA-1	OP549859_1_ORF2	0	0	2	4	FALSE	TRUE
AAAGGGCAGCCTTGCG-1	meGFP	0	0	1	1	FALSE	TRUE
AAAGGGCAGGGGAACG-1	MZ286188_1_ORF1	0	0	2	2	TRUE	TRUE
AAAGGGCAGGTTCATT-1	OP549859_1_ORF1	0	0	1	1	FALSE	FALSE
AAAGGGCAGTAACCAA-1	OZ258728_1_ORF2	0	0	1	1	FALSE	TRUE
AAAGGTACATATGAAC-1	MZ286258_1_ORF2	1	0	6	6	TRUE	TRUE
AAAGGTACATCGTAAG-1	meGFP	0	0	1	1	FALSE	FALSE
AAAGGTCTCACTCGCG-1	MZ286197_1_ORF2	1	0	4	5	TRUE	TRUE
AAAGGTCTCCAATCAT-1	OZ258728_1_ORF2	0	0	1	1	FALSE	TRUE
AAAGGTCTCCATCGCG-1	OZ258728_1_ORF2	0	0	1	1	FALSE	FALSE
AAAGGTCTCCCATCAA-1	OP549859_1_ORF1	0	0	1	1	FALSE	FALSE
AAAGGTCTCCCTCGCT-1	MZ286102_1_ORF1	0	0	1	1	FALSE	FALSE
AAAGGTCTCGAGTTGG-1	OP549859_1_ORF1	1	0	7	7	TRUE	TRUE
AAAGGTCTCTCAGCAC-1	MZ286258_1_ORF1	0	0	1	1	FALSE	TRUE
AAAGTAAAGAGGGACG-1	OZ258728_1_ORF2	0	0	1	1	FALSE	TRUE
AAAGTAAAGTGCTACC-1	MZ286188_1_ORF1	1	1	12	12	TRUE	TRUE
AAAGTCGGTACAGCCC-1	meGFP	0	0	1	1	FALSE	TRUE
AAAGTCGGTAGTCGTT-1	OZ258728_1_ORF2	0	0	1	2	FALSE	TRUE
AAAGTCGGTAGTGTCT-1	MZ286197_1_ORF1	1	1	24	25	TRUE	TRUE
AAAGTCGGTCGACTCA-1	OP549859_1_ORF1	0	0	1	1	FALSE	TRUE
AAAGTCGGTTCAAGTC-1	OZ258728_1_ORF2	1	0	7	7	TRUE	TRUE
AAAGTGGAGAGCCAAT-1	MZ286258_1_ORF1	0	0	1	1	FALSE	FALSE
AAAGTGGAGAGGTTAC-1	meGFP	0	0	1	2	FALSE	TRUE
AAAGTGGAGCAATGAC-1	meGFP	1	0	6	6	TRUE	TRUE
AAAGTGGAGCGAACTG-1	MZ286188_1_ORF1	0	0	3	3	TRUE	TRUE
AAAGTGGAGCGTACCT-1	OP549859_1_ORF2	0	0	1	1	FALSE	FALSE
AAAGTGGAGGAGTCTG-1	OZ258728_1_ORF2	0	0	1	1	FALSE	TRUE
AAAGTGGAGGATCACG-1	OP549859_1_ORF1	2	1	13	17	TRUE	TRUE
AAAGTGGAGGGGACAG-1	OP549859_1_ORF1	0	0	1	1	FALSE	TRUE
AAAGTGGAGGTAGACT-1	OP549859_1_ORF2	0	0	1	1	FALSE	TRUE
AAAGTGGAGGTCGTCT-1	OP549859_1_ORF2	0	0	1	1	FALSE	FALSE
AAATCACCAAAGGATA-1	MZ286102_1_ORF1	1	0	8	8	TRUE	TRUE
AAATCACCAAAGTCAT-1	OZ258728_1_ORF2	1	1	19	21	TRUE	TRUE
AAATCACCAACCCGTC-1	OZ258728_1_ORF1	0	0	1	1	FALSE	FALSE
AAATCACCACACCGCT-1	MZ286102_1_ORF2	0	0	1	1	FALSE	FALSE
AAATCACCAGATTAAC-1	OZ258728_1_ORF1	1	1	89	89	TRUE	TRUE
AAATCACCATGGAGCT-1	OP549859_1_ORF1	0	0	1	2	FALSE	TRUE
AAATCAGTCATTAACC-1	meGFP	0	0	1	1	FALSE	FALSE
AAATCAGTCCCTCGCT-1	OP549859_1_ORF2	0	0	1	3	FALSE	TRUE
AAATCAGTCCTGAGAG-1	meGFP	0	0	1	1	FALSE	TRUE
AAATCAGTCGAACCGA-1	MZ286188_1_ORF1	1	1	12	12	TRUE	TRUE
AAATCAGTCGCACCAT-1	OP549859_1_ORF2	1	0	6	6	TRUE	TRUE
AAATCAGTCGCGTCCA-1	MZ286197_1_ORF1	0	0	1	1	FALSE	FALSE
AAATCAGTCTCTCAAG-1	MZ286258_1_ORF2	1	1	15	15	TRUE	TRUE
AAATCATAGAAGCCTG-1	meGFP	1	1	71	71	TRUE	TRUE
AAATCATAGCCAGGGT-1	meGFP	0	0	3	3	TRUE	FALSE
AAATCATAGCGAACTG-1	OZ258728_1_ORF2	0	0	1	1	FALSE	FALSE
AAATCATAGCTTGACC-1	OZ258728_1_ORF2	0	0	1	1	FALSE	FALSE
AAATCATAGGACACCA-1	OZ258728_1_ORF2	1	1	21	21	TRUE	TRUE
AAATCATAGGCTACAG-1	MZ286197_1_ORF2	1	0	4	4	TRUE	TRUE
AAATCATAGGGCGTGT-1	MZ286258_1_ORF2	0	0	1	2	FALSE	TRUE
AAATCATAGGTGGCTA-1	MZ286188_1_ORF2	0	0	1	1	FALSE	TRUE
AAATCATAGTCCACGT-1	MZ286197_1_ORF1	1	0	9	9	TRUE	TRUE
AAATCATAGTGCCCAT-1	OP549859_1_ORF2	0	0	3	3	TRUE	TRUE
AAATGAAAGCGGGTTA-1	OZ258728_1_ORF2	1	0	4	5	TRUE	TRUE
AAATGAAAGCTGGTTC-1	OZ258728_1_ORF2	0	0	1	1	FALSE	TRUE
AAATGAAAGGCGGTGT-1	OP549859_1_ORF2	1	1	11	11	TRUE	TRUE
AAATGAAAGTAACGCG-1	meGFP	0	0	1	1	FALSE	FALSE
AAATGAAAGTGCAACG-1	OZ258728_1_ORF1	1	0	9	9	TRUE	TRUE
AAATGAGCAACCTCGC-1	MZ286258_1_ORF2	1	1	11	13	TRUE	TRUE
AAATGAGCAACTCTAC-1	MZ286188_1_ORF2	0	0	2	3	FALSE	TRUE
AAATGAGCAATCGTTC-1	OZ258728_1_ORF1	0	0	1	1	FALSE	FALSE
AAATGAGCAATCTGTC-1	MZ286102_1_ORF2	0	0	1	1	FALSE	FALSE
AAATGAGCACTTACCG-1	MZ286188_1_ORF2	0	0	1	1	FALSE	TRUE
AAATGCATCACCAGGA-1	MZ286258_1_ORF1	0	0	2	2	TRUE	TRUE
AAATGCATCAGCCGAA-1	MZ286197_1_ORF1	0	0	1	1	FALSE	TRUE
AAATGCATCCCAGTAC-1	OZ258728_1_ORF2	0	0	1	1	FALSE	FALSE
AAATGCATCCTACTTC-1	OP549859_1_ORF2	0	0	1	2	FALSE	TRUE
AAATGCATCGATGGGC-1	MZ286188_1_ORF2	1	0	6	7	TRUE	TRUE
AAATGCATCTAACCAT-1	meGFP	0	0	1	1	FALSE	FALSE
AAATGCATCTACCAGC-1	OP549859_1_ORF2	0	0	1	1	FALSE	FALSE
AAATGCATCTAGCCCG-1	MZ286258_1_ORF2	1	0	5	5	TRUE	TRUE
AAATGCATCTGCACTA-1	OZ258728_1_ORF2	0	0	1	1	FALSE	TRUE
AAATGCCAGAACCACG-1	MZ286102_1_ORF1	1	0	4	4	TRUE	TRUE
AAATGCCAGACCCATC-1	OZ258728_1_ORF2	0	0	1	1	FALSE	FALSE
AAATGCCAGCCTGATC-1	OP549859_1_ORF1	0	0	1	1	FALSE	FALSE
AAATGCCAGGAATGTC-1	MZ286102_1_ORF2	0	0	1	1	FALSE	TRUE
AAATGCCAGGATCCCT-1	MZ286197_1_ORF1	0	0	1	1	FALSE	FALSE
AAATGCCAGGCAGGCT-1	OP549859_1_ORF1	1	1	29	29	TRUE	TRUE
AAATGCCAGGGAGTAA-1	MZ286197_1_ORF1	1	1	15	16	TRUE	TRUE
AAATGCCAGGGTGATT-1	MZ286102_1_ORF2	0	0	2	2	TRUE	TRUE
AAATGCCAGGTAGGAA-1	MZ286258_1_ORF1	0	0	1	1	FALSE	FALSE
AAATGCCAGTTGCAGG-1	MZ286197_1_ORF2	1	0	4	4	TRUE	TRUE
AAATGGCTCAAGGGTT-1	OZ258728_1_ORF1	0	0	1	1	FALSE	FALSE
AAATGGCTCATCCGAC-1	meGFP	0	0	1	1	FALSE	FALSE
AAATGGCTCATGGCTC-1	OZ258728_1_ORF2	0	0	1	1	FALSE	FALSE
AAATGGCTCGCTATGC-1	MZ286258_1_ORF2	0	0	1	1	FALSE	FALSE
AAATGGCTCGGTATGG-1	MZ286197_1_ORF1	1	1	13	14	TRUE	TRUE
AAATGGCTCGGTCTAC-1	OP549859_1_ORF1	0	0	1	1	FALSE	TRUE
AAATGGCTCGTGCTAC-1	meGFP	0	0	1	1	FALSE	FALSE
AAATGGCTCTCGATCA-1	MZ286197_1_ORF1	0	0	1	1	FALSE	TRUE
AAATGGCTCTTGCGGT-1	meGFP	1	1	57	58	TRUE	TRUE
AAATGTAGTAAGTTGG-1	OZ258728_1_ORF2	0	0	2	2	TRUE	FALSE
AAATGTAGTACCTCTC-1	MZ286258_1_ORF2	1	1	22	23	TRUE	TRUE
AAATGTAGTACGCCTA-1	MZ286258_1_ORF1	1	1	32	34	TRUE	TRUE
AAATGTAGTCTGGCGT-1	OZ258728_1_ORF2	0	0	1	1	FALSE	FALSE
AAATGTTAGCGACGGT-1	MZ286102_1_ORF1	0	0	1	1	FALSE	FALSE
AAATGTTAGGGGTCTA-1	MZ286188_1_ORF1	1	1	22	22	TRUE	TRUE
AAATGTTAGGGGTTCA-1	MZ286188_1_ORF1	0	0	1	1	FALSE	FALSE
AAATGTTAGGGTTAGT-1	MZ286188_1_ORF1	0	0	1	1	FALSE	TRUE
AAATGTTAGGTTGCGA-1	MZ286197_1_ORF1	0	0	1	1	FALSE	FALSE
AAATGTTAGTAATCCT-1	OZ258728_1_ORF2	0	0	1	1	FALSE	FALSE
AAATGTTAGTACCCGT-1	OP549859_1_ORF1	0	0	1	1	FALSE	TRUE
AAATGTTAGTGATAGC-1	MZ286188_1_ORF1	0	0	1	2	FALSE	TRUE
AAATGTTAGTGGCTTC-1	OZ258728_1_ORF2	0	0	1	1	FALSE	FALSE
AAATGTTAGTTAACCT-1	MZ286188_1_ORF1	0	0	1	1	FALSE	TRUE
AAATTCGAGACCAGTG-1	MZ286197_1_ORF1	0	0	1	1	FALSE	TRUE
AAATTCGAGAGCTGGC-1	MZ286197_1_ORF2	0	0	1	1	FALSE	FALSE
AAATTCGAGCGTTCGT-1	OZ258728_1_ORF1	0	0	2	2	TRUE	FALSE
AAATTCGAGTCTAGGG-1	OZ258728_1_ORF2	0	0	3	3	TRUE	TRUE
AAATTCGAGTGGGTTG-1	OP549859_1_ORF2	1	1	14	16	TRUE	TRUE
AAATTCGAGTTAACCT-1	OZ258728_1_ORF2	0	0	1	1	FALSE	FALSE
AAATTGGTCCCTCGCT-1	OP549859_1_ORF2	0	0	1	1	FALSE	TRUE
AACAGAACAACACCAA-1	MZ286258_1_ORF2	0	0	1	2	FALSE	TRUE
AACAGAACAGCTTGCC-1	meGFP	1	0	4	9	TRUE	TRUE
AACAGAACATAGTTGG-1	OZ258728_1_ORF2	0	0	1	1	FALSE	FALSE
AACAGAACATCCCGAC-1	OZ258728_1_ORF2	1	1	49	49	TRUE	TRUE
AACAGAACATTCATTG-1	MZ286258_1_ORF2	0	0	1	1	FALSE	TRUE
AACAGGGCAACAGATT-1	MZ286102_1_ORF1	1	1	12	12	TRUE	TRUE
AACAGGGCAACCCGTC-1	OZ258728_1_ORF2	0	0	1	1	FALSE	FALSE
AACAGGGCAGGCGCTA-1	meGFP	1	1	10	10	TRUE	TRUE
AACAGGGCATCGCATT-1	MZ286258_1_ORF2	0	0	1	1	FALSE	TRUE
AACAGGGCATCGCTCA-1	OZ258728_1_ORF2	0	0	1	1	FALSE	FALSE
AACAGGGCATGATTCC-1	MZ286258_1_ORF2	0	0	3	3	TRUE	TRUE
AACAGTATCAATCACT-1	OP549859_1_ORF1	0	0	1	1	FALSE	FALSE
AACAGTATCACGGAAT-1	OZ258728_1_ORF2	0	0	1	1	FALSE	FALSE
AACAGTATCAGTCGTC-1	MZ286102_1_ORF2	0	0	1	1	FALSE	FALSE
AACAGTATCATTAACC-1	OZ258728_1_ORF2	0	0	1	1	FALSE	TRUE
AACAGTATCCGGCTTG-1	MZ286102_1_ORF2	1	1	24	24	TRUE	TRUE
AACAGTATCGAGTTGG-1	OZ258728_1_ORF2	0	0	1	2	FALSE	TRUE
AACAGTATCGCCTATA-1	MZ286102_1_ORF2	0	0	1	1	FALSE	TRUE
AACAGTATCGCTATGC-1	OP549859_1_ORF1	0	0	3	4	TRUE	TRUE
AACAGTATCTGGGTAG-1	OZ258728_1_ORF2	0	0	1	1	FALSE	FALSE
AACAGTATCTGGTTGC-1	MZ286102_1_ORF2	0	0	1	1	FALSE	FALSE
AACATAAGTAGCTCGC-1	MZ286102_1_ORF2	0	0	1	1	FALSE	TRUE
AACATAAGTAGGTAGC-1	OZ258728_1_ORF2	1	0	7	7	TRUE	TRUE
AACATAAGTCGCGTGT-1	OZ258728_1_ORF2	0	0	1	1	FALSE	FALSE
AACATAAGTGCCCAAC-1	OZ258728_1_ORF2	1	1	139	140	TRUE	TRUE
AACATAAGTGTTGCGC-1	OZ258728_1_ORF2	1	0	4	4	TRUE	FALSE
AACATAGTCAATCGCC-1	MZ286188_1_ORF1	1	0	6	6	TRUE	TRUE
AACATAGTCCAATCAT-1	OP549859_1_ORF1	0	0	2	3	FALSE	TRUE
AACATAGTCCTCTGGG-1	OZ258728_1_ORF2	0	0	1	1	FALSE	TRUE
AACATAGTCCTTACAG-1	OP549859_1_ORF1	2	2	22	41	FALSE	TRUE
AACATAGTCGATGTCC-1	MZ286188_1_ORF2	0	0	1	1	FALSE	FALSE
AACATAGTCTACCAGC-1	MZ286258_1_ORF2	1	0	4	4	TRUE	TRUE
AACATAGTCTGGGTAG-1	MZ286188_1_ORF1	1	1	38	38	TRUE	TRUE
AACATAGTCTTGCATG-1	OZ258728_1_ORF1	0	0	1	1	FALSE	TRUE
AACATGCAGAATCAGC-1	MZ286258_1_ORF2	0	0	1	1	FALSE	TRUE
AACATGCAGACCAGCA-1	MZ286258_1_ORF1	0	0	1	1	FALSE	TRUE
AACATGCAGCATTGGG-1	OP549859_1_ORF2	0	0	1	1	FALSE	TRUE
AACATGCAGCTAACCC-1	OZ258728_1_ORF1	0	0	1	1	FALSE	FALSE
AACATGCAGCTCTAGC-1	MZ286197_1_ORF1	1	1	21	21	TRUE	TRUE
AACATGCAGGAAGGGT-1	OZ258728_1_ORF2	1	1	25	26	TRUE	TRUE
AACATGCAGGCGTGAC-1	MZ286102_1_ORF1	0	0	1	1	FALSE	TRUE
AACATGCAGTAACGCG-1	MZ286102_1_ORF2	1	1	10	10	TRUE	TRUE
AACCAGCCAAAGGGCA-1	MZ286258_1_ORF2	1	1	16	16	TRUE	TRUE
AACCAGCCAAATGCGC-1	MZ286258_1_ORF2	1	0	4	4	TRUE	TRUE
AACCAGCCACCACACC-1	MZ286188_1_ORF1	0	0	1	1	FALSE	TRUE
AACCAGCCAGAGAGGC-1	MZ286102_1_ORF1	0	0	1	1	FALSE	TRUE
AACCAGCCATAAGCCA-1	OZ258728_1_ORF2	0	0	1	1	FALSE	FALSE
AACCAGCCATCAGAGC-1	OP549859_1_ORF1	0	0	3	3	TRUE	FALSE
AACCATAAGACTCCGT-1	OP549859_1_ORF1	0	0	1	1	FALSE	FALSE
AACCATAAGCAGGCAC-1	MZ286102_1_ORF2	1	1	12	12	TRUE	TRUE
AACCATAAGCCAGACA-1	MZ286258_1_ORF2	1	0	5	5	TRUE	TRUE
AACCATAAGCGGGAAG-1	OP549859_1_ORF1	0	0	1	1	FALSE	TRUE
AACCATAAGCGGTAGC-1	OP549859_1_ORF2	0	0	1	1	FALSE	TRUE
AACCATAAGCTATCCA-1	OP549859_1_ORF1	0	0	1	1	FALSE	FALSE
AACCATAAGGCTCTGT-1	meGFP	1	0	6	6	TRUE	TRUE
AACCATAAGGTAGACT-1	OP549859_1_ORF1	0	0	1	1	FALSE	FALSE
AACCATAAGGTTGGGC-1	meGFP	0	0	2	2	TRUE	TRUE
AACCATAAGTCCACGT-1	meGFP	0	0	1	2	FALSE	TRUE
AACCATAAGTTACCAT-1	MZ286258_1_ORF2	0	0	1	1	FALSE	TRUE
AACCATTTCCCGTGCA-1	OZ258728_1_ORF2	1	1	53	53	TRUE	TRUE
AACCATTTCCGTACCG-1	OP549859_1_ORF1	0	0	1	1	FALSE	FALSE
AACCATTTCCTCATAG-1	MZ286102_1_ORF2	0	0	1	1	FALSE	TRUE
AACCATTTCCTCCTGC-1	MZ286258_1_ORF2	1	0	5	6	TRUE	TRUE
AACCATTTCGCTTGAC-1	meGFP	0	0	1	1	FALSE	TRUE
AACCATTTCGGCTTCG-1	meGFP	0	0	1	1	FALSE	TRUE
AACCCACTCATGATCT-1	OZ258728_1_ORF1	0	0	1	1	FALSE	FALSE
AACCCACTCCCCGGTA-1	OZ258728_1_ORF2	0	0	1	2	FALSE	FALSE
AACCCACTCCCGTGCA-1	MZ286197_1_ORF1	1	1	16	16	TRUE	TRUE
AACCCACTCCTCTGGG-1	MZ286258_1_ORF2	0	0	1	2	FALSE	TRUE
AACCCACTCGCTTGGT-1	OZ258728_1_ORF1	1	1	12	12	TRUE	TRUE
AACCCACTCTACCCAA-1	MZ286197_1_ORF1	1	0	6	7	TRUE	TRUE
AACCCCGTCAACTGGG-1	OP549859_1_ORF2	0	0	1	1	FALSE	TRUE
AACCCCGTCAGGATGT-1	OP549859_1_ORF2	1	0	4	4	TRUE	TRUE
AACCCCGTCCCATCCC-1	MZ286258_1_ORF1	0	0	1	1	FALSE	TRUE
AACCCCGTCGTACGTC-1	OP549859_1_ORF1	1	0	4	5	TRUE	TRUE
AACCCTCAGGGAGACG-1	OP549859_1_ORF1	1	1	31	33	TRUE	TRUE
AACCCTCAGGGGTCTA-1	MZ286188_1_ORF2	0	0	1	1	FALSE	FALSE
AACCCTGGTAAGTAAC-1	OZ258728_1_ORF2	0	0	1	1	FALSE	TRUE
AACCCTGGTAGTGTCT-1	MZ286102_1_ORF2	1	0	8	8	TRUE	TRUE
AACCCTGGTCAGCATT-1	OZ258728_1_ORF2	0	0	1	1	FALSE	FALSE
AACCCTGGTCCTCACT-1	MZ286197_1_ORF1	1	1	47	47	TRUE	TRUE
AACCCTGGTCGGGCTT-1	OZ258728_1_ORF1	0	0	1	1	FALSE	FALSE
AACCCTGGTGACCCTA-1	OP549859_1_ORF1	1	1	16	19	TRUE	TRUE
AACCCTGGTGGGTCGA-1	MZ286197_1_ORF1	0	0	1	1	FALSE	FALSE
AACCCTGGTTACGCCA-1	OZ258728_1_ORF2	0	0	1	1	FALSE	FALSE
AACCCTGGTTCACGAT-1	MZ286102_1_ORF1	1	1	17	17	TRUE	TRUE
AACCCTGGTTGTAGCT-1	MZ286258_1_ORF2	0	0	1	1	FALSE	FALSE
AACCGTGAGAGGCCAC-1	OZ258728_1_ORF2	0	0	1	1	FALSE	FALSE
AACCGTGAGCCACTTA-1	OZ258728_1_ORF1	0	0	1	1	FALSE	FALSE
AACCGTGAGCGCTTAC-1	MZ286258_1_ORF2	0	0	1	1	FALSE	FALSE
AACCGTGAGGACTAAC-1	OZ258728_1_ORF2	3	1	52	62	TRUE	TRUE
AACCGTGAGGCCATTC-1	meGFP	1	1	21	23	TRUE	TRUE
AACCGTGAGGCTTAGG-1	OZ258728_1_ORF2	0	0	1	1	FALSE	TRUE
AACCGTGAGGGATACT-1	OZ258728_1_ORF1	0	0	1	1	FALSE	FALSE
AACCGTGAGTGGGTCA-1	MZ286197_1_ORF1	0	0	3	3	TRUE	FALSE
AACCTAAAGATTCACT-1	MZ286188_1_ORF1	0	0	1	1	FALSE	FALSE
AACCTAAAGCTTGGTC-1	OZ258728_1_ORF1	1	1	14	14	TRUE	TRUE
AACCTAAAGGCTACAG-1	OZ258728_1_ORF2	1	1	14	15	TRUE	TRUE
AACCTAAAGTGGGTCA-1	MZ286258_1_ORF2	1	0	9	9	TRUE	TRUE
AACCTACGTATCTGGT-1	MZ286197_1_ORF1	0	0	1	2	FALSE	TRUE
AACCTACGTATGGCCC-1	meGFP	0	0	1	1	FALSE	TRUE
AACCTACGTCGACTCA-1	OP549859_1_ORF2	0	0	2	2	TRUE	TRUE
AACCTACGTCGCATAT-1	OZ258728_1_ORF1	1	0	4	4	TRUE	TRUE
AACCTACGTGCGCGTT-1	OP549859_1_ORF1	0	0	1	1	FALSE	TRUE
AACCTCTCAACCTCGC-1	MZ286258_1_ORF1	2	2	18	33	FALSE	TRUE
AACCTCTCACATAGTG-1	meGFP	1	1	12	12	TRUE	TRUE
AACCTCTCACCCATTG-1	MZ286258_1_ORF1	0	0	1	1	FALSE	FALSE
AACCTCTCACCGTACC-1	OZ258728_1_ORF2	0	0	1	1	FALSE	FALSE
AACCTCTCACGGTTCC-1	OZ258728_1_ORF2	0	0	0	0	FALSE	TRUE
AACCTCTCACTAGGCG-1	OP549859_1_ORF1	0	0	1	1	FALSE	TRUE
AACCTCTCACTCCGTA-1	OZ258728_1_ORF2	1	1	90	91	TRUE	TRUE
AACCTCTCACTTCGGC-1	MZ286258_1_ORF1	0	0	1	1	FALSE	FALSE
AACCTCTCAGTAAGGG-1	MZ286102_1_ORF2	1	1	16	18	TRUE	TRUE
AACCTCTCATAACGAT-1	meGFP	0	0	1	2	FALSE	TRUE
AACCTCTCATGAGTAT-1	OZ258728_1_ORF2	0	0	1	1	FALSE	TRUE
AACCTTGTCAGCTTCA-1	OZ258728_1_ORF2	0	0	1	1	FALSE	FALSE
AACCTTGTCATATGTC-1	OZ258728_1_ORF2	1	1	49	49	TRUE	TRUE
AACCTTGTCGATACTT-1	OZ258728_1_ORF2	0	0	1	1	FALSE	FALSE
AACCTTGTCGTCAATT-1	OZ258728_1_ORF2	0	0	1	1	FALSE	FALSE
AACGAATGTCAGCCAC-1	OP549859_1_ORF1	0	0	1	1	FALSE	FALSE
AACGAATGTCAGCCGT-1	OP549859_1_ORF1	1	1	124	125	TRUE	TRUE
AACGAATGTCATCGTG-1	MZ286102_1_ORF2	1	1	12	12	TRUE	TRUE
AACGAATGTCTTGACG-1	MZ286258_1_ORF2	0	0	1	1	FALSE	FALSE
AACGAATGTGAATGTG-1	MZ286188_1_ORF2	0	0	3	3	TRUE	TRUE
AACGAATGTGTGATTC-1	OP549859_1_ORF1	0	0	1	1	FALSE	TRUE
AACGAATGTTAACCAC-1	MZ286258_1_ORF2	1	0	9	10	TRUE	TRUE
AACGATGGTACAGGAC-1	OP549859_1_ORF1	0	0	2	2	TRUE	TRUE
AACGATGGTATGGTTC-1	MZ286102_1_ORF1	0	0	1	1	FALSE	FALSE
AACGATGGTCATTCGG-1	OP549859_1_ORF2	0	0	2	2	TRUE	TRUE
AACGATGGTCCGGGTT-1	OZ258728_1_ORF2	1	1	14	14	TRUE	TRUE
AACGATGGTGCAGGCA-1	MZ286188_1_ORF1	0	0	1	1	FALSE	FALSE
AACGATGGTGCCCAAC-1	meGFP	0	0	1	1	FALSE	FALSE
AACGATGGTGTTCGGC-1	OZ258728_1_ORF2	0	0	1	1	FALSE	FALSE
AACGATGGTTCTGTCC-1	OZ258728_1_ORF2	0	0	1	1	FALSE	TRUE
AACGATGGTTGGTTAC-1	MZ286102_1_ORF1	0	0	1	2	FALSE	TRUE
AACGATGGTTTACGAC-1	meGFP	0	0	1	1	FALSE	TRUE
AACGCCCGTACGATAG-1	OP549859_1_ORF1	0	0	1	1	FALSE	FALSE
AACGCCCGTGACCAGG-1	OZ258728_1_ORF1	0	0	2	2	TRUE	FALSE
AACGCCCGTGCGTAGG-1	MZ286258_1_ORF2	1	1	11	11	TRUE	TRUE
AACGCCCGTGGCCTAC-1	MZ286102_1_ORF2	0	0	1	1	FALSE	TRUE
AACGCCCGTTAGAGAT-1	OZ258728_1_ORF1	0	0	1	1	FALSE	FALSE
AACGCCCGTTCCGCAA-1	MZ286258_1_ORF2	1	0	9	12	TRUE	TRUE
AACGCCCGTTCTGGCA-1	MZ286258_1_ORF2	0	0	1	1	FALSE	FALSE
AACGCCCGTTGCCTTC-1	OZ258728_1_ORF2	0	0	1	1	FALSE	FALSE
AACGCCGCAACGGCCA-1	OP549859_1_ORF2	0	0	1	1	FALSE	FALSE
AACGCCGCAAGCGCCA-1	MZ286197_1_ORF1	0	0	1	1	FALSE	TRUE
AACGCCGCAAGGGTAG-1	OZ258728_1_ORF1	0	0	2	2	TRUE	TRUE
AACGCCGCAAGGTGCT-1	OP549859_1_ORF2	0	0	1	1	FALSE	FALSE
AACGCCGCACCAAGCG-1	MZ286258_1_ORF2	0	0	1	1	FALSE	TRUE
AACGCCGCAGACATTG-1	OP549859_1_ORF1	0	0	1	1	FALSE	FALSE
AACGCCGCAGATTGGC-1	MZ286188_1_ORF1	1	1	117	118	TRUE	TRUE
AACGCCGCAGCACTCC-1	OP549859_1_ORF1	0	0	1	1	FALSE	TRUE
AACGCCGCAGCCCTGT-1	OZ258728_1_ORF2	0	0	1	1	FALSE	FALSE
AACGCCGCATGCAGAC-1	OP549859_1_ORF1	0	0	1	1	FALSE	TRUE
AACGCCGCATGGAGCT-1	OP549859_1_ORF2	1	1	25	28	TRUE	TRUE
AACGGAGCAACCCTGC-1	OZ258728_1_ORF2	0	0	1	1	FALSE	FALSE
AACGGAGCAAGTCGGT-1	OP549859_1_ORF2	1	0	5	5	TRUE	TRUE
AACGGAGCACCCAACC-1	OZ258728_1_ORF2	0	0	1	1	FALSE	FALSE
AACGGAGCACCCTGAC-1	OZ258728_1_ORF2	0	0	1	1	FALSE	TRUE
AACGGAGCACTGAAGC-1	MZ286197_1_ORF1	0	0	1	1	FALSE	TRUE
AACGGAGCAGGAAGTG-1	MZ286258_1_ORF2	1	1	11	11	TRUE	TRUE
AACGGAGCATAAGCCA-1	OZ258728_1_ORF2	1	1	41	44	TRUE	TRUE
AACGGAGCATTACTCA-1	meGFP	1	1	81	82	TRUE	TRUE
AACGTAATCACATGCC-1	MZ286258_1_ORF2	1	0	4	4	TRUE	FALSE
AACGTAATCACCCAGT-1	meGFP	0	0	1	1	FALSE	TRUE
AACGTAATCAGGATAC-1	MZ286197_1_ORF2	0	0	1	1	FALSE	TRUE
AACGTAATCAGTATCT-1	meGFP	1	0	4	4	TRUE	TRUE
AACGTAATCCAATGCC-1	MZ286188_1_ORF1	0	0	1	2	FALSE	FALSE
AACGTAATCCGGTTAC-1	meGFP	1	0	8	8	TRUE	TRUE
AACGTAATCTACGCCG-1	OP549859_1_ORF1	1	1	19	19	TRUE	TRUE
AACGTAATCTATCGTG-1	meGFP	1	1	70	70	TRUE	TRUE
AACGTAATCTTGGTGC-1	meGFP	0	0	3	3	TRUE	TRUE
AACGTCCTCAACCGTC-1	MZ286197_1_ORF1	0	0	1	1	FALSE	FALSE
AACGTCCTCACGGGAC-1	OZ258728_1_ORF2	0	0	1	1	FALSE	FALSE
AACGTCCTCGCGAGGT-1	MZ286258_1_ORF2	1	0	9	9	TRUE	TRUE
AACGTCCTCGGACCAA-1	OP549859_1_ORF1	0	0	1	1	FALSE	FALSE
AACTAAAGTCTCAGGC-1	OP549859_1_ORF1	0	0	1	1	FALSE	TRUE
AACTAAAGTGTGGACG-1	meGFP	0	0	1	1	FALSE	FALSE
AACTAAAGTTTCAAGC-1	OZ258728_1_ORF2	0	0	1	1	FALSE	FALSE
AACTAAAGTTTGGGTT-1	OZ258728_1_ORF1	0	0	1	1	FALSE	TRUE
AACTAACCAAAGGTCC-1	MZ286102_1_ORF2	0	0	1	2	FALSE	TRUE
AACTAACCAACAGGCT-1	OZ258728_1_ORF2	0	0	1	1	FALSE	TRUE
AACTAACCAACCTTAC-1	MZ286102_1_ORF2	0	0	1	1	FALSE	TRUE
AACTAACCACTTCCTC-1	MZ286258_1_ORF2	1	0	5	6	TRUE	TRUE
AACTAACCATAGGCAC-1	OZ258728_1_ORF2	1	0	6	6	TRUE	TRUE
AACTAACCATGAGTAT-1	OZ258728_1_ORF2	0	0	1	1	FALSE	FALSE
AACTACAAGACTTGAA-1	MZ286102_1_ORF1	1	0	4	4	TRUE	TRUE
AACTACAAGCACCAGA-1	OZ258728_1_ORF2	0	0	1	1	FALSE	TRUE
AACTACAAGCCACTTA-1	MZ286102_1_ORF1	0	0	1	1	FALSE	TRUE
AACTACAAGCCAGGGT-1	MZ286102_1_ORF2	1	0	7	8	TRUE	TRUE
AACTACAAGGACATAC-1	OZ258728_1_ORF2	1	1	99	99	TRUE	TRUE
AACTACAAGGGATGGG-1	MZ286197_1_ORF1	0	0	1	1	FALSE	FALSE
AACTACCGTAGCAGGT-1	MZ286258_1_ORF2	1	0	7	8	TRUE	TRUE
AACTACCGTCGATGAA-1	MZ286102_1_ORF2	1	1	10	10	TRUE	TRUE
AACTACCGTGAGGTGT-1	meGFP	1	0	6	6	TRUE	FALSE
AACTACCGTGCCCGAT-1	MZ286188_1_ORF2	0	0	2	2	TRUE	TRUE
AACTACCGTTACCGTG-1	MZ286102_1_ORF2	0	0	1	1	FALSE	FALSE
AACTACCGTTATCCAA-1	MZ286102_1_ORF1	1	1	21	22	TRUE	TRUE
AACTACCGTTGCAATC-1	MZ286188_1_ORF1	0	0	1	2	FALSE	TRUE
AACTCGCTCACGAAGT-1	MZ286197_1_ORF1	0	0	1	1	FALSE	TRUE
AACTCGCTCAGTAGTA-1	OZ258728_1_ORF1	1	1	24	24	TRUE	TRUE
AACTCGCTCATTAACC-1	OZ258728_1_ORF2	0	0	1	1	FALSE	TRUE
AACTCGCTCCAGCGAA-1	OP549859_1_ORF1	0	0	1	1	FALSE	TRUE
AACTCGCTCCTCCTAT-1	meGFP	1	1	25	26	TRUE	TRUE
AACTCGCTCTGCACTA-1	MZ286102_1_ORF2	1	0	8	8	TRUE	TRUE
AACTCGCTCTTCGTCT-1	meGFP	0	0	1	1	FALSE	FALSE
AACTCTCCAACCAGTA-1	MZ286102_1_ORF2	1	0	7	10	TRUE	TRUE
AACTCTCCAATAGAGA-1	meGFP	1	1	13	13	TRUE	TRUE
AACTCTCCACGCTACC-1	MZ286258_1_ORF2	0	0	1	1	FALSE	FALSE
AACTCTCCACTATCGT-1	MZ286197_1_ORF1	0	0	1	1	FALSE	TRUE
AACTGCCTCAACTATC-1	OP549859_1_ORF1	0	0	1	1	FALSE	FALSE
AACTGCCTCAGTATGA-1	MZ286102_1_ORF2	0	0	2	3	FALSE	TRUE
AACTGCCTCCGGATGA-1	MZ286102_1_ORF1	0	0	1	1	FALSE	TRUE
AACTGCCTCTCGCTCC-1	MZ286258_1_ORF2	0	0	1	1	FALSE	TRUE
AACTGCCTCTTGAGTT-1	OZ258728_1_ORF2	0	0	1	1	FALSE	TRUE
AACTGCGAGAAGGATG-1	MZ286188_1_ORF2	1	0	6	6	TRUE	TRUE
AACTGCGAGAATGGAG-1	MZ286102_1_ORF1	1	1	41	41	TRUE	TRUE
AACTGCGAGACCAGCA-1	meGFP	2	2	62	75	TRUE	TRUE
AACTGCGAGACTAATG-1	MZ286258_1_ORF2	0	0	1	1	FALSE	FALSE
AACTGCGAGCCACTTA-1	meGFP	2	1	42	50	TRUE	TRUE
AACTGCGAGCCTGTGT-1	OP549859_1_ORF2	1	0	6	6	TRUE	TRUE
AACTGCGAGCGGGTTA-1	MZ286102_1_ORF1	0	0	3	3	TRUE	TRUE
AACTGCGAGCTATACT-1	meGFP	0	0	2	2	TRUE	TRUE
AACTGCGAGGGCAATT-1	MZ286258_1_ORF1	0	0	1	1	FALSE	TRUE
AACTGCGAGGGCACTA-1	MZ286102_1_ORF1	0	0	1	1	FALSE	FALSE
AACTGCGAGGGGTCTA-1	meGFP	0	0	1	1	FALSE	FALSE
AACTGCGAGGTGGACC-1	meGFP	0	0	1	1	FALSE	FALSE
AACTGCGAGTCAACCC-1	OZ258728_1_ORF2	0	0	1	1	FALSE	FALSE
AACTGCGAGTTGACTT-1	OP549859_1_ORF1	0	0	1	2	FALSE	TRUE
AACTGGCCAAGGCAAG-1	OP549859_1_ORF1	1	1	90	91	TRUE	TRUE
AACTGGCCACGCCATC-1	meGFP	1	1	22	22	TRUE	TRUE
AACTGGCCAGTAAGGG-1	MZ286102_1_ORF2	0	0	2	2	TRUE	TRUE
AACTGGCCAGTTCGGG-1	meGFP	0	0	1	1	FALSE	TRUE
AACTGGCCATAGGCAC-1	meGFP	0	0	1	1	FALSE	TRUE
AACTGTAAGCACGTTC-1	OZ258728_1_ORF1	1	1	14	14	TRUE	TRUE
AACTGTAAGCCAACCT-1	meGFP	0	0	1	1	FALSE	TRUE
AACTGTAAGCCAGGGT-1	OZ258728_1_ORF2	3	1	29	38	TRUE	TRUE
AACTGTAAGCGTAAGT-1	meGFP	1	1	53	54	TRUE	TRUE
AACTGTAAGCTTGACC-1	meGFP	0	0	1	1	FALSE	FALSE
AACTGTAAGGAAGTAG-1	OZ258728_1_ORF2	0	0	1	1	FALSE	FALSE
AACTGTAAGGATCACG-1	MZ286258_1_ORF1	1	1	66	68	TRUE	TRUE
AACTGTAAGGGAGTAA-1	MZ286188_1_ORF1	0	0	1	2	FALSE	TRUE
AACTGTAAGGGCAATT-1	OZ258728_1_ORF2	0	0	1	1	FALSE	TRUE
AACTGTAAGGTTAATG-1	OP549859_1_ORF1	0	0	1	1	FALSE	TRUE
AACTGTGCAAAGCGGA-1	MZ286102_1_ORF1	1	0	8	8	TRUE	TRUE
AACTGTGCACTATCGT-1	OZ258728_1_ORF2	0	0	1	1	FALSE	FALSE
AACTGTGCAGTGTCCC-1	MZ286188_1_ORF1	0	0	2	2	TRUE	TRUE
AACTGTGCATTCATTG-1	OP549859_1_ORF1	0	0	1	1	FALSE	FALSE
AACTGTGCATTGCGAA-1	OZ258728_1_ORF2	0	0	1	1	FALSE	TRUE
AACTTGCGTACCGATT-1	OP549859_1_ORF1	0	0	1	1	FALSE	TRUE
AACTTGCGTAGGATAT-1	MZ286258_1_ORF2	0	0	3	3	TRUE	TRUE
AACTTGCGTGAGATAT-1	OP549859_1_ORF1	0	0	1	1	FALSE	TRUE
AACTTGCGTGGAAGGA-1	meGFP	1	1	49	50	TRUE	TRUE
AACTTGCGTGGTTCGC-1	OZ258728_1_ORF2	0	0	1	1	FALSE	FALSE
AACTTGCGTTCACGAT-1	MZ286197_1_ORF2	0	0	1	1	FALSE	FALSE
AACTTGCGTTCGCTTC-1	OZ258728_1_ORF2	3	2	71	94	TRUE	TRUE
AACTTGCGTTTCGGGC-1	OZ258728_1_ORF2	1	1	39	39	TRUE	TRUE
AAGCCACCAACTGGCG-1	MZ286258_1_ORF1	0	0	1	1	FALSE	FALSE
AAGCCACCAAGATGAA-1	MZ286258_1_ORF2	1	1	17	17	TRUE	TRUE
AAGCCACCAGAGAGGC-1	meGFP	0	0	1	1	FALSE	TRUE
AAGCCACCAGGCAACT-1	MZ286258_1_ORF1	0	0	1	1	FALSE	TRUE
AAGCCACCATGGCTGG-1	MZ286197_1_ORF1	0	0	1	1	FALSE	FALSE
AAGCCCCGTACGATAG-1	MZ286197_1_ORF2	0	0	2	4	FALSE	TRUE
AAGCCCCGTAGCACTT-1	MZ286102_1_ORF1	0	0	1	1	FALSE	FALSE
AAGCCCCGTATTGACC-1	MZ286258_1_ORF2	0	0	1	1	FALSE	FALSE
AAGCCCCGTCCCATCT-1	OP549859_1_ORF1	1	1	73	73	TRUE	TRUE
AAGCCCCGTCTCCAAG-1	MZ286102_1_ORF2	0	0	1	1	FALSE	TRUE
AAGCCCCGTCTTACCC-1	OZ258728_1_ORF2	0	0	1	1	FALSE	FALSE
AAGCCCCGTGCGCATC-1	OZ258728_1_ORF2	0	0	1	1	FALSE	FALSE
AAGCCCCGTGGAAGGA-1	meGFP	0	0	1	1	FALSE	FALSE
AAGCCCCGTTGTGTGT-1	MZ286197_1_ORF1	0	0	1	1	FALSE	FALSE
AAGCCCGCAAAGTCAT-1	meGFP	0	0	1	1	FALSE	FALSE
AAGCCCGCAATACCGA-1	OZ258728_1_ORF2	1	1	53	53	TRUE	TRUE
AAGCCCGCACTACTAC-1	MZ286197_1_ORF2	0	0	1	2	FALSE	TRUE
AAGCCCGCAGACATTG-1	MZ286197_1_ORF2	0	0	2	2	TRUE	TRUE
AAGCCCGCAGGGACTT-1	OZ258728_1_ORF2	0	0	1	1	FALSE	FALSE
AAGCCCGCATAATCCC-1	OZ258728_1_ORF2	0	0	1	1	FALSE	TRUE
AAGCCGGGTAAGCTAG-1	meGFP	0	0	2	2	TRUE	TRUE
AAGCCGGGTAATCGCT-1	MZ286188_1_ORF1	0	0	1	1	FALSE	FALSE
AAGCCGGGTAGGTAGC-1	OP549859_1_ORF1	0	0	1	1	FALSE	FALSE
AAGCCGGGTATCCTAA-1	MZ286188_1_ORF1	1	1	71	71	TRUE	TRUE
AAGCCGGGTCAGCCGT-1	meGFP	1	1	37	39	TRUE	TRUE
AAGCCGGGTCGACATT-1	MZ286188_1_ORF1	1	1	10	11	TRUE	TRUE
AAGCCGGGTCTCAGGC-1	MZ286258_1_ORF2	0	0	1	1	FALSE	FALSE
AAGCCGGGTGAGAGGA-1	OP549859_1_ORF2	0	0	1	1	FALSE	FALSE
AAGCCGGGTGAGTTAG-1	OZ258728_1_ORF2	0	0	1	1	FALSE	TRUE
AAGCCGGGTTCCGTTC-1	meGFP	0	0	1	3	FALSE	TRUE
AAGCCGGGTTCTATCT-1	OZ258728_1_ORF2	1	1	26	26	TRUE	TRUE
AAGCCGGGTTGCAGTT-1	MZ286258_1_ORF2	1	0	9	10	TRUE	TRUE
AAGCGAAAGAACTGCG-1	MZ286258_1_ORF1	1	0	4	6	TRUE	TRUE
AAGCGAAAGACATCCC-1	meGFP	1	1	38	38	TRUE	TRUE
AAGCGAAAGACGCGAC-1	MZ286258_1_ORF2	0	0	1	1	FALSE	FALSE
AAGCGAAAGACTTACT-1	MZ286188_1_ORF2	0	0	1	1	FALSE	FALSE
AAGCGAAAGATTGATG-1	OP549859_1_ORF2	0	0	1	1	FALSE	TRUE
AAGCGAAAGCGATTAA-1	MZ286197_1_ORF1	0	0	1	1	FALSE	TRUE
AAGCGAAAGGTGGACC-1	OP549859_1_ORF1	0	0	3	3	TRUE	TRUE
AAGCGAAAGTCATTAC-1	meGFP	1	1	52	52	TRUE	TRUE
AAGCGAAAGTGGATTA-1	MZ286102_1_ORF2	1	0	9	10	TRUE	TRUE
AAGCGAGCAAAGCCCG-1	MZ286188_1_ORF1	0	0	1	1	FALSE	FALSE
AAGCGAGCAACACCAA-1	meGFP	0	0	1	2	FALSE	TRUE
AAGCGAGCAATATAGC-1	MZ286197_1_ORF1	1	1	10	10	TRUE	TRUE
AAGCGAGCAATGTAGT-1	MZ286102_1_ORF2	0	0	1	1	FALSE	FALSE
AAGCGAGCACACACTT-1	MZ286188_1_ORF1	0	0	1	1	FALSE	TRUE
AAGCGAGCATCAGTCT-1	MZ286102_1_ORF2	0	0	1	1	FALSE	TRUE
AAGCGAGCATGGCTGG-1	OZ258728_1_ORF2	0	0	1	1	FALSE	FALSE
AAGCGAGCATTGACCT-1	MZ286102_1_ORF2	0	0	1	1	FALSE	TRUE
AAGCGGACACCCTGAC-1	MZ286102_1_ORF2	1	1	11	11	TRUE	TRUE
AAGCGGACACGAACCG-1	MZ286102_1_ORF2	1	1	15	15	TRUE	TRUE
AAGCGGACACGATCCC-1	MZ286102_1_ORF2	1	1	26	27	TRUE	TRUE
AAGCGGGAGAAGGATG-1	OP549859_1_ORF1	0	0	2	3	FALSE	TRUE
AAGCGGGAGTTACGAA-1	OZ258728_1_ORF1	0	0	1	1	FALSE	FALSE
AAGCGTTAGAGAGGTA-1	MZ286197_1_ORF1	0	0	1	2	FALSE	TRUE
AAGCGTTAGATATGCA-1	OP549859_1_ORF2	1	0	9	10	TRUE	TRUE
AAGCGTTAGATTGATG-1	MZ286197_1_ORF2	1	0	5	6	TRUE	TRUE
AAGCGTTAGCTATACT-1	MZ286188_1_ORF1	0	0	2	3	FALSE	FALSE
AAGCGTTAGTAGAGGA-1	MZ286197_1_ORF1	0	0	1	1	FALSE	FALSE
AAGCGTTAGTATGTCT-1	MZ286188_1_ORF2	0	0	2	3	FALSE	TRUE
AAGCGTTAGTGATAGC-1	MZ286102_1_ORF2	0	0	2	3	FALSE	TRUE
AAGCTATCAGGCATTA-1	OP549859_1_ORF1	0	0	1	1	FALSE	FALSE
AAGCTATCATTACTCA-1	OZ258728_1_ORF2	1	0	5	7	TRUE	TRUE
AAGGACAAGAATGCTA-1	MZ286197_1_ORF1	0	0	3	5	FALSE	TRUE
AAGGACAAGAGGACTT-1	OP549859_1_ORF1	0	0	1	1	FALSE	FALSE
AAGGACAAGCAATGAC-1	MZ286258_1_ORF2	1	1	12	12	TRUE	TRUE
AAGGACAAGCGGGACT-1	MZ286258_1_ORF2	0	0	1	1	FALSE	TRUE
AAGGACAAGCGGTAGC-1	MZ286258_1_ORF2	0	0	1	1	FALSE	FALSE
AAGGACAAGGAAGGGT-1	OZ258728_1_ORF2	0	0	1	1	FALSE	FALSE
AAGGACAAGGCGAAGG-1	OP549859_1_ORF1	1	1	46	46	TRUE	TRUE
AAGGACAAGGGCGTAC-1	OP549859_1_ORF2	0	0	2	2	TRUE	TRUE
AAGGACAAGTACTTCG-1	OZ258728_1_ORF2	0	0	1	2	FALSE	TRUE
AAGGACAAGTGCAGAT-1	OP549859_1_ORF1	1	1	41	43	TRUE	TRUE
AAGGAGTCAACCTTAC-1	OZ258728_1_ORF2	0	0	1	1	FALSE	TRUE
AAGGAGTCAACTGGTA-1	OZ258728_1_ORF2	0	0	1	1	FALSE	FALSE
AAGGAGTCAAGCCATA-1	MZ286258_1_ORF1	0	0	1	1	FALSE	FALSE
AAGGAGTCAAGCGTTA-1	MZ286102_1_ORF2	0	0	2	5	FALSE	TRUE
AAGGAGTCAAGTGAGG-1	MZ286258_1_ORF2	2	0	4	8	FALSE	TRUE
AAGGAGTCATTACCCG-1	OZ258728_1_ORF2	0	0	1	1	FALSE	TRUE
AAGGATTGTATGAGTG-1	OP549859_1_ORF1	1	1	17	18	TRUE	TRUE
AAGGATTGTGAGGTGT-1	MZ286197_1_ORF1	0	0	1	1	FALSE	TRUE
AAGGATTGTGTGGATA-1	meGFP	0	0	1	1	FALSE	TRUE
AAGGATTGTTCGTAAC-1	OP549859_1_ORF1	1	1	10	10	TRUE	TRUE
AAGGCAAAGATAGACC-1	meGFP	0	0	1	1	FALSE	TRUE
AAGGCAAAGCCACTCG-1	OZ258728_1_ORF2	0	0	1	1	FALSE	TRUE
AAGGCAAAGGACACCA-1	OZ258728_1_ORF1	0	0	1	1	FALSE	TRUE
AAGGCAAAGGCTGCAA-1	OZ258728_1_ORF2	0	0	1	1	FALSE	FALSE
AAGGCGCTCACAGATA-1	MZ286102_1_ORF2	0	0	1	1	FALSE	FALSE
AAGGCGCTCCAATCAT-1	OP549859_1_ORF1	0	0	1	1	FALSE	TRUE
AAGGCGCTCGACACAG-1	OP549859_1_ORF1	0	0	1	1	FALSE	FALSE
AAGGCGCTCGCCTCTC-1	OP549859_1_ORF1	2	2	26	38	FALSE	TRUE
AAGGCGCTCGCTTGAC-1	MZ286258_1_ORF1	0	0	1	1	FALSE	FALSE
AAGGCGCTCTACGCCG-1	MZ286258_1_ORF2	0	0	1	1	FALSE	TRUE
AAGGCGCTCTGAGTAA-1	MZ286197_1_ORF2	0	0	3	3	TRUE	TRUE
AAGGCGCTCTGGAAGT-1	OP549859_1_ORF2	0	0	1	1	FALSE	FALSE
AAGGCGCTCTGGTTGC-1	MZ286197_1_ORF2	0	0	1	1	FALSE	FALSE
AAGGCTCCAAGTGTCA-1	OP549859_1_ORF1	1	1	14	15	TRUE	TRUE
AAGGCTCCAATGTAAC-1	OZ258728_1_ORF1	1	1	19	19	TRUE	TRUE
AAGGCTCCACACTGGG-1	OZ258728_1_ORF2	0	0	1	1	FALSE	FALSE
AAGGCTCCAGCTCAGG-1	meGFP	0	0	1	1	FALSE	TRUE
AAGGGCTGTACTGCCA-1	MZ286102_1_ORF2	1	0	5	5	TRUE	TRUE
AAGGGCTGTCGACATT-1	meGFP	0	0	1	1	FALSE	FALSE
AAGGGCTGTCTTGGGC-1	MZ286258_1_ORF1	0	0	2	2	TRUE	TRUE
AAGGGCTGTGCCGGAA-1	MZ286197_1_ORF2	0	0	1	1	FALSE	TRUE
AAGGGCTGTGGTGATA-1	MZ286102_1_ORF2	0	0	1	1	FALSE	TRUE
AAGGGCTGTGTACCAT-1	OZ258728_1_ORF2	0	0	2	2	TRUE	TRUE
AAGGGCTGTTTGCCCT-1	MZ286188_1_ORF1	0	0	1	1	FALSE	FALSE
AAGGGTAAGGAGCATT-1	meGFP	1	0	5	5	TRUE	TRUE
AAGGGTAAGGGCATCA-1	OZ258728_1_ORF1	1	0	5	5	TRUE	TRUE
AAGGGTAAGGTGGACC-1	MZ286258_1_ORF2	1	0	5	6	TRUE	TRUE
AAGGGTAAGTCCGCTG-1	MZ286102_1_ORF1	1	0	5	6	TRUE	TRUE
AAGGTCAGTAGAGCCG-1	MZ286258_1_ORF1	2	2	39	55	FALSE	TRUE
AAGGTCAGTGATCAAG-1	OP549859_1_ORF1	1	1	11	12	TRUE	TRUE
AAGGTCAGTGATCCTG-1	MZ286188_1_ORF1	0	0	2	4	FALSE	TRUE
AAGGTCAGTTATCTAG-1	OZ258728_1_ORF2	0	0	1	1	FALSE	FALSE
AAGGTCCCAACAGATT-1	MZ286258_1_ORF1	0	0	2	2	TRUE	TRUE
AAGGTCCCACATAGTG-1	MZ286258_1_ORF1	0	0	1	1	FALSE	FALSE
AAGGTCCCACGCCATC-1	MZ286258_1_ORF2	0	0	1	1	FALSE	TRUE
AAGGTCCCACGTTGGG-1	OZ258728_1_ORF1	0	0	1	1	FALSE	FALSE
AAGGTCCCACTGAAGC-1	OZ258728_1_ORF2	0	0	1	1	FALSE	FALSE
AAGGTCCCAGCCAACG-1	meGFP	0	0	1	1	FALSE	FALSE
AAGGTCCCATATCACC-1	MZ286102_1_ORF1	0	0	1	1	FALSE	TRUE
AAGGTCCCATCGTAAG-1	MZ286258_1_ORF1	0	0	1	1	FALSE	FALSE
AAGGTCTAGAATCCGG-1	OP549859_1_ORF1	0	0	1	1	FALSE	TRUE
AAGGTCTAGCACGGAC-1	MZ286197_1_ORF1	0	0	1	1	FALSE	TRUE
AAGGTCTAGTCAACCC-1	OZ258728_1_ORF1	1	1	39	39	TRUE	TRUE
AAGGTCTAGTCTCACA-1	MZ286258_1_ORF2	1	0	8	8	TRUE	TRUE
AAGGTCTAGTGGGTTG-1	MZ286102_1_ORF2	0	0	1	1	FALSE	TRUE
AAGGTGCGTAGCAGGT-1	MZ286102_1_ORF1	1	1	29	29	TRUE	TRUE
AAGGTGCGTGAGAGCT-1	OZ258728_1_ORF2	0	0	1	1	FALSE	TRUE
AAGGTGCGTGAGTTAG-1	MZ286188_1_ORF2	0	0	2	2	TRUE	TRUE
AAGGTGCGTGCGCATC-1	meGFP	1	1	19	19	TRUE	TRUE
AAGGTGCGTGCTGACC-1	MZ286188_1_ORF1	1	0	9	9	TRUE	TRUE
AAGGTGCGTGGCCAGA-1	MZ286258_1_ORF2	1	0	8	9	TRUE	TRUE
AAGGTGCGTTACTTGA-1	OP549859_1_ORF1	0	0	1	1	FALSE	FALSE
AAGGTTGGTAATCCGT-1	meGFP	1	1	26	28	TRUE	TRUE
AAGGTTGGTCATTCCC-1	MZ286197_1_ORF2	0	0	1	1	FALSE	TRUE
AAGGTTGGTCCACACA-1	OZ258728_1_ORF2	1	1	41	41	TRUE	TRUE
AAGGTTGGTGTACCGC-1	OZ258728_1_ORF1	0	0	1	1	FALSE	FALSE
AAGGTTGGTTATCTAG-1	OZ258728_1_ORF2	1	1	27	27	TRUE	TRUE
AAGGTTGGTTCGCTGA-1	MZ286188_1_ORF2	0	0	2	3	FALSE	TRUE
AAGTAACGTACAGGGT-1	meGFP	0	0	1	2	FALSE	TRUE
AAGTAACGTATTGGGA-1	MZ286102_1_ORF2	0	0	1	1	FALSE	FALSE
AAGTAACGTCATTCGG-1	OZ258728_1_ORF1	0	0	1	1	FALSE	TRUE
AAGTAACGTCTCCTTA-1	OZ258728_1_ORF1	0	0	1	3	FALSE	TRUE
AAGTAACGTCTGCACA-1	MZ286102_1_ORF1	0	0	2	2	TRUE	FALSE
AAGTAACGTGGACACG-1	MZ286188_1_ORF2	2	0	4	9	FALSE	TRUE
AAGTAACGTTCGTAAC-1	MZ286197_1_ORF2	0	0	1	1	FALSE	TRUE
AAGTAAGCAAGGGTAG-1	MZ286188_1_ORF2	1	0	9	10	TRUE	TRUE
AAGTAAGCACGCTACC-1	meGFP	0	0	1	1	FALSE	FALSE
AAGTAAGCAGCTCAGG-1	OZ258728_1_ORF2	0	0	1	1	FALSE	FALSE
AAGTAAGCAGGTAGCT-1	OZ258728_1_ORF1	1	0	7	7	TRUE	TRUE
AAGTAATTCACACTTG-1	OZ258728_1_ORF2	0	0	1	2	FALSE	TRUE
AAGTAATTCACCCTGG-1	MZ286102_1_ORF2	1	1	14	14	TRUE	TRUE
AAGTAATTCACTTGCA-1	MZ286102_1_ORF2	0	0	1	1	FALSE	FALSE
AAGTAATTCCTGTCAA-1	meGFP	1	1	14	14	TRUE	TRUE
AAGTAATTCGCATCGT-1	MZ286102_1_ORF2	0	0	1	1	FALSE	FALSE
AAGTAATTCGCCCGTA-1	MZ286102_1_ORF2	1	1	33	34	TRUE	TRUE
AAGTAATTCTATAGGA-1	meGFP	0	0	1	1	FALSE	FALSE
AAGTACCAGACCCATC-1	MZ286258_1_ORF2	1	0	5	7	TRUE	TRUE
AAGTACCAGAGTTAGC-1	meGFP	1	1	34	34	TRUE	TRUE
AAGTACCAGATGCCTC-1	MZ286197_1_ORF1	1	1	45	45	TRUE	TRUE
AAGTACCAGATGGCGC-1	OP549859_1_ORF2	1	0	7	7	TRUE	TRUE
AAGTACCAGCGCAGTA-1	OZ258728_1_ORF2	0	0	3	3	TRUE	TRUE
AAGTAGACACTGACTT-1	MZ286188_1_ORF1	0	0	2	3	FALSE	TRUE
AAGTAGACAGATCCTT-1	MZ286102_1_ORF2	0	0	1	1	FALSE	FALSE
AAGTAGACATAACCTC-1	meGFP	1	1	29	29	TRUE	TRUE
AAGTAGACATGGACGT-1	MZ286102_1_ORF2	1	1	16	16	TRUE	TRUE
AAGTAGCTCGAACCCT-1	MZ286188_1_ORF1	0	0	1	1	FALSE	TRUE
AAGTAGCTCGGCTTCG-1	OZ258728_1_ORF2	0	0	1	1	FALSE	FALSE
AAGTAGCTCTGCAATT-1	meGFP	1	1	48	48	TRUE	TRUE
AAGTAGCTCTGTCGGT-1	meGFP	0	0	1	1	FALSE	FALSE
AAGTATAGTAATCCGT-1	MZ286258_1_ORF2	0	0	1	1	FALSE	FALSE
AAGTATAGTACGTAAG-1	meGFP	1	1	13	13	TRUE	TRUE
AAGTATAGTCGTTAGT-1	OZ258728_1_ORF2	0	0	3	3	TRUE	TRUE
AAGTATAGTGCCTAAT-1	OZ258728_1_ORF2	0	0	1	1	FALSE	FALSE
AAGTATAGTTAGTTGC-1	MZ286102_1_ORF2	0	0	3	3	TRUE	TRUE
AAGTATCCAACCGTGG-1	MZ286197_1_ORF1	0	0	1	1	FALSE	TRUE
AAGTATCCACCATGCC-1	OP549859_1_ORF2	0	0	1	1	FALSE	TRUE
AAGTATCCACTCATAC-1	MZ286197_1_ORF1	0	0	1	1	FALSE	TRUE
AAGTATCCAGACACAC-1	MZ286102_1_ORF2	0	0	1	1	FALSE	FALSE
AAGTATCCAGGCGCTA-1	MZ286102_1_ORF2	1	0	6	8	TRUE	TRUE
AAGTATCCAGTACCAA-1	MZ286258_1_ORF2	0	0	1	1	FALSE	FALSE
AAGTATCCATATGAAC-1	MZ286258_1_ORF2	1	1	12	12	TRUE	TRUE
AAGTATCCATGCAGAC-1	MZ286258_1_ORF2	1	0	5	5	TRUE	TRUE
AAGTATGTCAATGTGA-1	OZ258728_1_ORF1	0	0	1	1	FALSE	TRUE
AAGTATGTCACCGTTA-1	meGFP	1	0	7	8	TRUE	TRUE
AAGTATGTCACGGTCT-1	OP549859_1_ORF2	0	0	1	3	FALSE	TRUE
AAGTATGTCCTCTACT-1	OZ258728_1_ORF2	1	1	16	16	TRUE	TRUE
AAGTATGTCGGTAAGT-1	OZ258728_1_ORF2	1	1	14	16	TRUE	TRUE
AAGTCAATCAAGCCAG-1	MZ286258_1_ORF2	0	0	1	1	FALSE	FALSE
AAGTCAATCCCAGTGT-1	OP549859_1_ORF1	1	1	55	55	TRUE	TRUE
AAGTCAATCTACTCCT-1	OZ258728_1_ORF2	0	0	1	2	FALSE	TRUE
AAGTCAATCTGCCATA-1	OZ258728_1_ORF2	0	0	1	1	FALSE	FALSE
AAGTCAATCTGGAAGT-1	meGFP	1	1	25	26	TRUE	TRUE
AAGTCGTAGAACCTAA-1	OZ258728_1_ORF2	1	1	100	100	TRUE	TRUE
AAGTCGTAGCATATCT-1	OP549859_1_ORF1	0	0	1	2	FALSE	TRUE
AAGTCGTAGCTGGTGA-1	OP549859_1_ORF2	0	0	1	1	FALSE	TRUE
AAGTCGTAGCTTGATT-1	OP549859_1_ORF2	0	0	1	1	FALSE	FALSE
AAGTCGTAGGCGTAAT-1	MZ286102_1_ORF2	1	0	9	9	TRUE	TRUE
AAGTCGTAGGGGTCTA-1	meGFP	0	0	1	1	FALSE	FALSE
AAGTCGTAGTTGGCGA-1	OZ258728_1_ORF2	1	1	76	76	TRUE	TRUE
AAGTGAACAAAGCGGA-1	MZ286102_1_ORF1	0	0	1	1	FALSE	FALSE
AAGTGAACAAAGTGCC-1	meGFP	0	0	1	1	FALSE	TRUE
AAGTGAACAAGGCAAG-1	MZ286258_1_ORF2	1	1	11	11	TRUE	TRUE
AAGTGAACACCAAGTA-1	OZ258728_1_ORF2	0	0	1	1	FALSE	FALSE
AAGTGAACACTGAAGC-1	OZ258728_1_ORF2	0	0	1	1	FALSE	TRUE
AAGTGAACAGACACAC-1	OZ258728_1_ORF2	0	0	1	1	FALSE	FALSE
AAGTGAACAGCCTCGT-1	OZ258728_1_ORF2	1	1	22	22	TRUE	TRUE
AAGTGAACATACCGGG-1	OZ258728_1_ORF1	0	0	1	1	FALSE	TRUE
AAGTGAACATATCACC-1	MZ286258_1_ORF2	0	0	1	1	FALSE	TRUE
AAGTGAACATATGAAC-1	MZ286102_1_ORF2	0	0	1	1	FALSE	TRUE
AAGTGAACATTGGACA-1	MZ286197_1_ORF1	0	0	1	1	FALSE	FALSE
AAGTGATGTAGACATG-1	OP549859_1_ORF1	1	1	56	57	TRUE	TRUE
AAGTGATGTCCATCCT-1	meGFP	0	0	1	1	FALSE	TRUE
AAGTGATGTGGAAGGA-1	meGFP	0	0	1	1	FALSE	FALSE
AAGTGATGTGTACCGC-1	MZ286258_1_ORF2	1	0	9	9	TRUE	TRUE
AAGTGATGTGTGTCAT-1	MZ286102_1_ORF2	0	0	1	1	FALSE	FALSE
AAGTGATGTTGTGTGT-1	MZ286258_1_ORF2	0	0	1	1	FALSE	FALSE
AAGTGATGTTTCATCT-1	OP549859_1_ORF1	0	0	1	1	FALSE	FALSE
AAGTGATGTTTGCCCT-1	meGFP	0	0	1	1	FALSE	FALSE
AAGTGTTCAAGCCATA-1	MZ286102_1_ORF1	0	0	1	1	FALSE	TRUE
AAGTGTTCACCCAACC-1	MZ286258_1_ORF2	1	0	6	6	TRUE	TRUE
AAGTGTTCACCGCAAG-1	meGFP	0	0	2	2	TRUE	TRUE
AAGTGTTCACTTGGAA-1	MZ286102_1_ORF1	0	0	1	1	FALSE	TRUE
AAGTGTTCAGAACCCG-1	MZ286102_1_ORF1	0	0	1	2	FALSE	TRUE
AAGTGTTCAGCCCGAA-1	OZ258728_1_ORF2	0	0	1	1	FALSE	FALSE
AAGTGTTCATGAGCCG-1	OZ258728_1_ORF2	0	0	1	1	FALSE	FALSE
AAGTGTTCATTAGGGC-1	OP549859_1_ORF1	0	0	1	1	FALSE	TRUE
AAGTTTACAAGGCAAG-1	meGFP	1	1	16	16	TRUE	FALSE
AAGTTTACACACTGGG-1	OP549859_1_ORF1	0	0	1	1	FALSE	FALSE
AAGTTTACACCTTGAT-1	MZ286258_1_ORF2	0	0	1	1	FALSE	FALSE
AAGTTTACAGACACAC-1	MZ286258_1_ORF2	1	1	13	13	TRUE	TRUE
AAGTTTACATGTGATG-1	OZ258728_1_ORF2	0	0	1	1	FALSE	FALSE
AAGTTTGAGACCCTGT-1	OP549859_1_ORF1	1	1	51	51	TRUE	TRUE
AAGTTTGAGATTGGTA-1	OZ258728_1_ORF2	0	0	1	1	FALSE	TRUE
AAGTTTGAGCCTACTA-1	meGFP	0	0	1	2	FALSE	TRUE
AAGTTTGAGCGGATCA-1	OP549859_1_ORF1	0	0	1	1	FALSE	FALSE
AAGTTTGAGCTTACGC-1	OP549859_1_ORF2	0	0	3	3	TRUE	TRUE
AAGTTTGAGTAGAGGA-1	OZ258728_1_ORF2	0	0	1	1	FALSE	TRUE
AATACAAGTAACCGGG-1	MZ286188_1_ORF1	1	0	5	6	TRUE	TRUE
AATACAAGTACGTAAG-1	meGFP	1	1	10	14	TRUE	TRUE
AATACAAGTAGTGTCT-1	OP549859_1_ORF1	0	0	1	2	FALSE	TRUE
AATACAAGTCCAACCA-1	OZ258728_1_ORF2	0	0	1	2	FALSE	TRUE
AATACAAGTGAGGAGA-1	meGFP	0	0	1	1	FALSE	TRUE
AATACAAGTGCGTAGG-1	OZ258728_1_ORF2	0	0	1	1	FALSE	FALSE
AATACAAGTGCTTAGT-1	MZ286102_1_ORF2	0	0	1	1	FALSE	FALSE
AATCACCGTACCGACC-1	OZ258728_1_ORF2	0	0	3	3	TRUE	TRUE
AATCACCGTACTGCCA-1	MZ286197_1_ORF2	0	0	2	2	TRUE	TRUE
AATCACCGTAGCACTT-1	OP549859_1_ORF1	0	0	1	2	FALSE	TRUE
AATCACCGTAGTCGGG-1	OP549859_1_ORF2	1	0	4	4	TRUE	TRUE
AATCACCGTAGTGTCT-1	MZ286258_1_ORF2	1	0	9	10	TRUE	TRUE
AATCACCGTATAGACG-1	MZ286197_1_ORF1	0	0	1	1	FALSE	FALSE
AATCACCGTATGGTTC-1	meGFP	0	0	1	1	FALSE	FALSE
AATCACCGTCTGCACA-1	OZ258728_1_ORF2	0	0	1	1	FALSE	FALSE
AATCACCGTGGGAATC-1	MZ286197_1_ORF1	0	0	1	1	FALSE	FALSE
AATCACCGTTCAAGTC-1	MZ286197_1_ORF2	1	0	7	7	TRUE	TRUE
AATCACCGTTTCAAGC-1	OZ258728_1_ORF2	0	0	1	1	FALSE	FALSE
AATCACCGTTTCCTAT-1	MZ286102_1_ORF1	0	0	1	1	FALSE	TRUE
AATCACCGTTTGAACC-1	meGFP	0	0	1	1	FALSE	FALSE
AATCCACGTACCTCTC-1	MZ286258_1_ORF1	0	0	1	2	FALSE	FALSE
AATCCACGTCCACATG-1	meGFP	0	0	1	1	FALSE	TRUE
AATCCACGTCGACTCA-1	MZ286258_1_ORF1	0	0	3	4	TRUE	TRUE
AATCCACGTCGATGCC-1	meGFP	0	0	1	1	FALSE	FALSE
AATCCACGTCTGGATT-1	OP549859_1_ORF1	0	0	1	1	FALSE	FALSE
AATCCACGTCTGGCGT-1	MZ286188_1_ORF1	0	0	1	1	FALSE	FALSE
AATCCACGTCTTGACG-1	meGFP	0	0	1	1	FALSE	FALSE
AATCCACGTGATGTAG-1	MZ286258_1_ORF2	1	1	15	15	TRUE	TRUE
AATCCACGTTTACGGT-1	OP549859_1_ORF1	0	0	1	1	FALSE	FALSE
AATCCGGAGAAGCGTT-1	OZ258728_1_ORF2	0	0	1	1	FALSE	FALSE
AATCCGGAGACACCTC-1	OZ258728_1_ORF2	0	0	1	1	FALSE	FALSE
AATCCGGAGACCAGCA-1	MZ286188_1_ORF2	1	0	5	14	TRUE	TRUE
AATCCGGAGAGATTGC-1	MZ286258_1_ORF2	0	0	2	4	FALSE	TRUE
AATCCGGAGCAATCCC-1	MZ286258_1_ORF2	1	0	7	7	TRUE	TRUE
AATCCGGAGCTAGAGT-1	OZ258728_1_ORF2	0	0	1	1	FALSE	FALSE
AATCCGGAGTACCAGG-1	MZ286188_1_ORF1	1	1	19	19	TRUE	TRUE
AATCCTCCAAGCCACG-1	MZ286258_1_ORF2	1	0	4	4	TRUE	TRUE
AATCCTCCACAGATCA-1	MZ286258_1_ORF1	1	0	8	9	TRUE	TRUE
AATCCTCCACCGGTAG-1	MZ286188_1_ORF2	1	0	6	6	TRUE	TRUE
AATCCTCCACGAACCG-1	MZ286197_1_ORF2	0	0	3	3	TRUE	TRUE
AATCCTCCAGAACTAT-1	MZ286258_1_ORF2	0	0	1	1	FALSE	TRUE
AATCCTCCAGTGTCCC-1	MZ286102_1_ORF1	0	0	1	1	FALSE	TRUE
AATCCTCCATAGTTGG-1	MZ286258_1_ORF2	1	1	14	14	TRUE	TRUE
AATCCTCCATTGGACA-1	meGFP	2	1	14	20	FALSE	TRUE
AATCCTGTCCCCAAGT-1	OZ258728_1_ORF2	0	0	1	1	FALSE	FALSE
AATCCTGTCGCCAGTT-1	MZ286197_1_ORF1	1	0	6	6	TRUE	FALSE
AATCCTGTCGCCCAAT-1	MZ286197_1_ORF1	0	0	1	1	FALSE	FALSE
AATCCTGTCTATACCG-1	OZ258728_1_ORF2	1	1	35	38	TRUE	TRUE
AATCCTGTCTGGACCT-1	meGFP	1	1	39	39	TRUE	TRUE
AATCCTGTCTGGTGTC-1	MZ286258_1_ORF2	1	0	9	9	TRUE	TRUE
AATCGAATCAATGCAA-1	OZ258728_1_ORF2	0	0	1	2	FALSE	TRUE
AATCGAATCGCTAGAG-1	OP549859_1_ORF2	1	1	13	14	TRUE	TRUE
AATCGAATCTACTCCT-1	OP549859_1_ORF1	0	0	1	1	FALSE	TRUE
AATCGAATCTGCACTA-1	MZ286197_1_ORF2	1	0	4	5	TRUE	TRUE
AATCGCACAAAGGCGA-1	MZ286258_1_ORF2	1	0	8	8	TRUE	TRUE
AATCGCACAAGATTAC-1	OZ258728_1_ORF2	0	0	1	1	FALSE	TRUE
AATCGCACAATCTCAC-1	OZ258728_1_ORF1	1	0	4	4	TRUE	TRUE
AATCGCACACCATTAC-1	MZ286102_1_ORF2	0	0	3	3	TRUE	TRUE
AATCGCACACGTTAAG-1	MZ286188_1_ORF1	1	1	19	19	TRUE	TRUE
AATCGCACACTTCGGC-1	MZ286102_1_ORF2	0	0	1	1	FALSE	FALSE
AATCGCACAGAGCCTG-1	OZ258728_1_ORF2	0	0	1	1	FALSE	FALSE
AATCGCACAGATCCTT-1	MZ286188_1_ORF1	0	0	1	1	FALSE	TRUE
AATCGCACATGAACCA-1	MZ286102_1_ORF2	0	0	1	1	FALSE	TRUE
AATCGCACATGGTGTA-1	OZ258728_1_ORF2	1	1	38	38	TRUE	TRUE
AATCGCACATTCATTG-1	OZ258728_1_ORF1	1	1	28	28	TRUE	TRUE
AATCGCCTCCCATCAA-1	OP549859_1_ORF1	0	0	1	1	FALSE	FALSE
AATCGCCTCGAGCGAC-1	MZ286197_1_ORF1	0	0	2	2	TRUE	FALSE
AATCGCCTCGATGGAT-1	OP549859_1_ORF2	1	0	6	6	TRUE	TRUE
AATCGCCTCTTGCATG-1	OZ258728_1_ORF2	0	0	1	3	FALSE	TRUE
AATCGCCTCTTGCCTT-1	OP549859_1_ORF2	1	0	5	6	TRUE	TRUE
AATCGCGAGACTTGCC-1	OP549859_1_ORF2	1	0	5	6	TRUE	TRUE
AATCGCGAGAGGCGAG-1	MZ286188_1_ORF1	0	0	1	1	FALSE	FALSE
AATCGCGAGCTTAGTT-1	OZ258728_1_ORF2	1	0	7	7	TRUE	TRUE
AATCGCGAGGATGGCC-1	OP549859_1_ORF1	0	0	1	1	FALSE	TRUE
AATCGCGAGGTCCACT-1	OZ258728_1_ORF2	1	1	15	17	TRUE	TRUE
AATCGCGAGTAGACAC-1	OP549859_1_ORF1	1	1	24	24	TRUE	TRUE
AATCGTGCACATTCGT-1	MZ286258_1_ORF2	2	1	11	20	FALSE	TRUE
AATCGTGCAGACATTG-1	OP549859_1_ORF1	0	0	1	1	FALSE	TRUE
AATCGTGCAGTCCAGG-1	OP549859_1_ORF1	0	0	1	2	FALSE	TRUE
AATCGTGCATGAATCG-1	OZ258728_1_ORF1	0	0	1	1	FALSE	TRUE
AATCGTTTCCGGCTCA-1	MZ286188_1_ORF2	0	0	3	3	TRUE	FALSE
AATCGTTTCGAATCAA-1	MZ286188_1_ORF1	0	0	1	1	FALSE	FALSE
AATCGTTTCGCCCTGA-1	OZ258728_1_ORF2	0	0	1	1	FALSE	TRUE
AATCGTTTCTACCGAC-1	MZ286102_1_ORF2	0	0	1	1	FALSE	FALSE
AATCGTTTCTTGAGCC-1	MZ286188_1_ORF1	1	1	41	41	TRUE	TRUE
AATCTAACAAGCGAAG-1	OP549859_1_ORF2	0	0	3	3	TRUE	TRUE
AATCTAACACCAAGCG-1	meGFP	0	0	1	1	FALSE	TRUE
AATCTAACACCAATGA-1	OZ258728_1_ORF2	2	1	42	48	TRUE	TRUE
AATCTAACACCGCAAG-1	meGFP	1	1	23	24	TRUE	TRUE
AATCTAACAGATACAT-1	OP549859_1_ORF1	0	0	1	1	FALSE	TRUE
AATCTAACAGGTAGCT-1	MZ286188_1_ORF2	0	0	2	3	FALSE	TRUE
AATCTAACATACCGGG-1	MZ286102_1_ORF2	1	0	7	8	TRUE	TRUE
AATCTAACATATCACC-1	OP549859_1_ORF2	0	0	1	1	FALSE	FALSE
AATCTAACATGCTCGC-1	MZ286258_1_ORF2	0	0	2	2	TRUE	TRUE
AATCTAACATTACTCA-1	MZ286197_1_ORF2	0	0	2	2	TRUE	TRUE
AATCTCTAGAGGTCTG-1	meGFP	0	0	1	1	FALSE	FALSE
AATCTCTAGAGTCGCA-1	OP549859_1_ORF1	1	1	14	14	TRUE	TRUE
AATCTCTAGCAATCGG-1	MZ286102_1_ORF2	0	0	1	1	FALSE	FALSE
AATCTCTAGCAATGAC-1	OZ258728_1_ORF2	3	2	21	44	FALSE	TRUE
AATCTCTAGCCACAGA-1	OP549859_1_ORF2	0	0	3	3	TRUE	TRUE
AATCTCTAGCGCAAGC-1	MZ286197_1_ORF2	0	0	1	1	FALSE	TRUE
AATCTCTAGGATGGCC-1	OP549859_1_ORF1	0	0	2	2	TRUE	TRUE
AATCTCTAGGCTTCAC-1	MZ286197_1_ORF1	0	0	1	1	FALSE	TRUE
AATCTCTAGGTCGTCT-1	MZ286258_1_ORF1	1	0	6	6	TRUE	TRUE
AATCTCTAGGTTCATT-1	MZ286197_1_ORF2	1	0	4	4	TRUE	TRUE
AATCTCTAGTAATGTG-1	OZ258728_1_ORF2	0	0	1	1	FALSE	FALSE
AATCTCTAGTCCTCAA-1	OZ258728_1_ORF2	0	0	1	1	FALSE	FALSE
AATCTCTAGTTACGAA-1	MZ286102_1_ORF1	0	0	1	1	FALSE	FALSE
AATCTGGCAACGTAAT-1	meGFP	1	1	66	66	TRUE	TRUE
AATCTGGCAAGGCAAG-1	OP549859_1_ORF1	0	0	1	1	FALSE	FALSE
AATCTGGCACATACAG-1	OP549859_1_ORF1	1	0	5	6	TRUE	TRUE
AATCTGGCACTGAAGC-1	MZ286197_1_ORF1	0	0	1	1	FALSE	FALSE
AATCTGGCATGAACCA-1	OP549859_1_ORF2	0	0	1	1	FALSE	TRUE
AATCTGGCATGTGCAA-1	MZ286258_1_ORF1	0	0	1	1	FALSE	TRUE
AATGAACGTAGCGAGT-1	MZ286188_1_ORF2	0	0	1	1	FALSE	FALSE
AATGAACGTCGTTGGC-1	MZ286197_1_ORF1	0	0	1	1	FALSE	FALSE
AATGAACGTCTAAGCT-1	MZ286258_1_ORF1	0	0	3	4	TRUE	FALSE
AATGAACGTCTTAATG-1	MZ286258_1_ORF1	0	0	1	1	FALSE	TRUE
AATGAACGTGAGTAAT-1	MZ286197_1_ORF1	1	1	13	13	TRUE	TRUE
AATGAACGTGCGCGAA-1	OP549859_1_ORF2	1	0	6	8	TRUE	TRUE
AATGAACGTGCGCGTT-1	MZ286197_1_ORF1	0	0	1	1	FALSE	FALSE
AATGACGGTATACTGC-1	MZ286258_1_ORF1	0	0	1	1	FALSE	TRUE
AATGACGGTCCATTAA-1	meGFP	1	0	8	8	TRUE	TRUE
AATGACGGTCTCCTCG-1	OZ258728_1_ORF1	0	0	1	1	FALSE	FALSE
AATGACGGTGCCCAAC-1	MZ286258_1_ORF1	0	0	1	1	FALSE	TRUE
AATGACGGTTCTGTCC-1	MZ286258_1_ORF1	1	0	9	9	TRUE	TRUE
AATGACGGTTTAGGCT-1	MZ286197_1_ORF1	1	0	4	4	TRUE	FALSE
AATGACGGTTTGAACC-1	OZ258728_1_ORF1	0	0	1	1	FALSE	TRUE
AATGAGGAGACATTAG-1	MZ286258_1_ORF2	1	0	4	9	TRUE	TRUE
AATGAGGAGATGGCGC-1	MZ286188_1_ORF1	0	0	1	1	FALSE	FALSE
AATGAGGAGCTAACCC-1	OZ258728_1_ORF2	1	1	69	69	TRUE	TRUE
AATGAGGAGGGTTAGT-1	OZ258728_1_ORF1	1	1	21	21	TRUE	TRUE
AATGAGGAGGGTTCGA-1	MZ286197_1_ORF1	1	0	9	9	TRUE	TRUE
AATGAGGAGTAACGCG-1	MZ286197_1_ORF2	1	0	4	4	TRUE	TRUE
AATGAGGAGTACTGGG-1	OP549859_1_ORF1	0	0	3	3	TRUE	TRUE
AATGAGGAGTAGCTCC-1	OP549859_1_ORF1	0	0	1	1	FALSE	FALSE
AATGCTTTCCGTGATC-1	MZ286102_1_ORF1	1	1	11	11	TRUE	TRUE
AATGCTTTCGACTCTA-1	OZ258728_1_ORF2	0	0	1	2	FALSE	TRUE
AATGCTTTCGCGCTCA-1	MZ286102_1_ORF2	0	0	1	1	FALSE	FALSE
AATGCTTTCGGTATGG-1	OZ258728_1_ORF2	0	0	1	1	FALSE	TRUE
AATGGAACACTAGACA-1	OZ258728_1_ORF2	0	0	1	1	FALSE	FALSE
AATGGAACACTTCCTC-1	OZ258728_1_ORF1	0	0	1	1	FALSE	FALSE
AATGGAACATCAGGGT-1	MZ286197_1_ORF1	0	0	1	1	FALSE	TRUE
AATGGAACATTGGTTC-1	MZ286102_1_ORF1	0	0	1	1	FALSE	FALSE
AATGGATGTCAATCTA-1	MZ286258_1_ORF2	1	0	4	5	TRUE	TRUE
AATGGATGTGAGATAT-1	MZ286258_1_ORF1	0	0	1	1	FALSE	FALSE
AATGGATGTGGCGTGA-1	MZ286188_1_ORF1	0	0	1	1	FALSE	TRUE
AATGGATGTGTGTCAT-1	MZ286258_1_ORF2	1	1	20	20	TRUE	TRUE
AATGGATGTTTGGCGC-1	OZ258728_1_ORF2	0	0	1	1	FALSE	FALSE
AATGGTTCACGATGTA-1	meGFP	0	0	1	1	FALSE	FALSE
AATGGTTCACGCTACC-1	MZ286188_1_ORF1	0	0	3	3	TRUE	TRUE
AATGGTTCAGGGTAAG-1	MZ286258_1_ORF2	0	0	1	1	FALSE	FALSE
AATGGTTCAGGGTCTG-1	OZ258728_1_ORF2	0	0	1	1	FALSE	TRUE
AATGTGATCATGATCT-1	OP549859_1_ORF1	0	0	1	1	FALSE	FALSE
AATGTGATCGACTCTA-1	MZ286258_1_ORF2	1	1	14	14	TRUE	TRUE
AATGTGATCGCTAGAG-1	MZ286258_1_ORF2	0	0	1	1	FALSE	FALSE
AATGTGATCGGGAAGG-1	MZ286258_1_ORF2	0	0	1	1	FALSE	TRUE
AATGTGATCGTGCGAA-1	OZ258728_1_ORF2	0	0	1	1	FALSE	TRUE
AATGTGATCTAGGTAA-1	OZ258728_1_ORF1	0	0	1	1	FALSE	FALSE
AATGTGATCTGGTTGC-1	OZ258728_1_ORF2	1	1	57	58	TRUE	TRUE
AATTCGCGTAACGGAC-1	MZ286258_1_ORF2	1	1	10	10	TRUE	TRUE
AATTCGCGTAGACATG-1	OP549859_1_ORF1	1	1	30	30	TRUE	TRUE
AATTCGCGTATGGTTC-1	MZ286258_1_ORF1	0	0	3	3	TRUE	FALSE
AATTCGCGTCCGAATT-1	meGFP	0	0	1	1	FALSE	TRUE
AATTCGCGTGCACTCA-1	MZ286102_1_ORF2	1	0	6	7	TRUE	TRUE
AATTCGCGTGGCATGG-1	OP549859_1_ORF1	0	0	3	3	TRUE	FALSE
AATTCGCGTGTAAGTG-1	MZ286258_1_ORF2	0	0	1	1	FALSE	TRUE
AATTCGCGTTCAAGTC-1	MZ286102_1_ORF2	0	0	2	2	TRUE	TRUE
AATTCGCGTTTCATCT-1	MZ286102_1_ORF2	0	0	2	2	TRUE	FALSE
AATTGCGCAATACCGA-1	MZ286258_1_ORF1	1	0	6	7	TRUE	TRUE
AATTGCGCACCTTGAT-1	MZ286188_1_ORF1	0	0	1	1	FALSE	FALSE
AATTGCGCAGTGTGAC-1	OP549859_1_ORF1	1	1	55	55	TRUE	TRUE
AATTGCGCATCGCTCA-1	meGFP	0	0	1	1	FALSE	TRUE
AATTGCGCATTGGACA-1	OZ258728_1_ORF1	0	0	1	1	FALSE	FALSE
AATTTCATCACCACGT-1	MZ286188_1_ORF1	0	0	1	1	FALSE	FALSE
AATTTCATCCGTCGCA-1	MZ286258_1_ORF2	1	1	25	26	TRUE	TRUE
AATTTCATCGTACGGA-1	OZ258728_1_ORF2	0	0	1	1	FALSE	FALSE
AATTTCATCTCTGGCG-1	MZ286258_1_ORF2	1	0	5	6	TRUE	TRUE
AATTTCCAGCAGGGCT-1	MZ286197_1_ORF1	0	0	1	1	FALSE	FALSE
AATTTCCAGCATCACC-1	MZ286102_1_ORF2	1	1	47	48	TRUE	TRUE
AATTTCCAGCGCCTAT-1	MZ286188_1_ORF2	0	0	1	1	FALSE	TRUE
AATTTCCAGCGGGCAT-1	OZ258728_1_ORF2	0	0	1	1	FALSE	FALSE
AATTTCCAGCGTTCAC-1	MZ286102_1_ORF2	1	0	8	8	TRUE	TRUE
AATTTCCAGCTGGTGA-1	MZ286102_1_ORF1	0	0	1	1	FALSE	FALSE
AATTTCCAGGAATCTA-1	MZ286102_1_ORF2	0	0	1	1	FALSE	TRUE
AATTTCCAGGGGTTCA-1	OZ258728_1_ORF2	0	0	1	1	FALSE	TRUE
AATTTCCAGTGGGTTG-1	OZ258728_1_ORF2	0	0	1	1	FALSE	FALSE
AATTTCCAGTGTCCGT-1	OZ258728_1_ORF1	0	0	1	1	FALSE	TRUE
AATTTCCAGTTAAGTG-1	OZ258728_1_ORF2	1	1	158	159	TRUE	TRUE
ACAACATCAAACTGTG-1	OP549859_1_ORF2	0	0	1	1	FALSE	TRUE
ACAACATCAACTCTAC-1	MZ286258_1_ORF1	0	0	1	1	FALSE	FALSE
ACAACATCACGGATCG-1	MZ286258_1_ORF1	1	1	15	16	TRUE	TRUE
ACAACATCACTAGACA-1	MZ286188_1_ORF1	1	1	74	74	TRUE	TRUE
ACAACATCAGGGTAAG-1	MZ286188_1_ORF1	0	0	1	1	FALSE	FALSE
ACAACATCATTGAAGT-1	OP549859_1_ORF1	1	1	146	147	TRUE	TRUE
ACAACGTAGAGATTGC-1	MZ286102_1_ORF2	1	1	13	13	TRUE	TRUE
ACAACGTAGCACGTAG-1	OZ258728_1_ORF2	0	0	1	1	FALSE	FALSE
ACAACGTAGGGATGGG-1	meGFP	0	0	1	1	FALSE	TRUE
ACAACTGCAAATGCGC-1	meGFP	0	0	1	1	FALSE	FALSE
ACAACTGCACGGTCAG-1	OZ258728_1_ORF2	0	0	1	1	FALSE	TRUE
ACAACTGCAGATTAGT-1	MZ286258_1_ORF2	1	0	6	6	TRUE	TRUE
ACAACTGCAGTACCAA-1	meGFP	0	0	1	1	FALSE	FALSE
ACAACTGCATACCGGG-1	OP549859_1_ORF1	0	0	1	1	FALSE	TRUE
ACAACTGCATAGTTGG-1	MZ286188_1_ORF1	0	0	2	2	TRUE	FALSE
ACAACTGCATATGCAG-1	OP549859_1_ORF2	0	0	1	1	FALSE	FALSE
ACAACTGCATCAGCAA-1	meGFP	0	0	1	1	FALSE	TRUE
ACAACTGCATTAACGG-1	OP549859_1_ORF1	1	1	24	25	TRUE	TRUE
ACAAGACTCCTGGGAA-1	OZ258728_1_ORF2	0	0	1	1	FALSE	TRUE
ACAAGACTCCTTACAG-1	OZ258728_1_ORF2	0	0	1	1	FALSE	FALSE
ACAAGACTCTCGAGCT-1	MZ286197_1_ORF2	0	0	1	1	FALSE	TRUE
ACAAGACTCTGTACCA-1	OZ258728_1_ORF1	0	0	1	1	FALSE	TRUE
ACAAGACTCTGTGCGT-1	OZ258728_1_ORF2	0	0	1	1	FALSE	TRUE
ACAAGCTAGACACCTC-1	OZ258728_1_ORF1	1	1	36	36	TRUE	TRUE
ACAAGCTAGAGCTAGT-1	MZ286258_1_ORF2	0	0	1	2	FALSE	TRUE
ACAAGCTAGCCACTCG-1	MZ286197_1_ORF2	0	0	1	2	FALSE	TRUE
ACAAGCTAGCCCGATT-1	OP549859_1_ORF2	1	0	4	4	TRUE	TRUE
ACAAGCTAGCGGAACC-1	MZ286102_1_ORF2	1	0	4	6	TRUE	TRUE
ACAAGCTAGGGGTAGG-1	MZ286188_1_ORF2	0	0	1	1	FALSE	FALSE
ACAAGTCAGAGGACTT-1	meGFP	2	2	96	110	TRUE	TRUE
ACAAGTCAGATAGACC-1	OZ258728_1_ORF2	0	0	1	1	FALSE	FALSE
ACAAGTCAGCGAACTG-1	MZ286102_1_ORF1	1	0	5	5	TRUE	TRUE
ACAAGTCAGGACGAGG-1	MZ286258_1_ORF1	0	0	1	1	FALSE	FALSE
ACAAGTCAGGACTCTC-1	MZ286102_1_ORF1	1	1	19	20	TRUE	TRUE
ACAAGTCAGGGAGCAG-1	MZ286258_1_ORF2	1	1	14	14	TRUE	TRUE
ACAAGTCAGGGCCAGT-1	OZ258728_1_ORF1	0	0	2	2	TRUE	TRUE
ACAAGTCAGGGCTTGA-1	MZ286197_1_ORF1	0	0	1	1	FALSE	TRUE
ACAAGTCAGGGGTAGG-1	MZ286188_1_ORF2	0	0	1	1	FALSE	TRUE
ACAAGTCAGGTCGAAT-1	MZ286102_1_ORF2	0	0	2	2	TRUE	TRUE
ACAATATAGAAGGATG-1	MZ286197_1_ORF1	0	0	3	3	TRUE	TRUE
ACAATATAGATTCGGG-1	MZ286197_1_ORF1	0	0	1	1	FALSE	TRUE
ACAATATAGCCACACT-1	meGFP	0	0	1	1	FALSE	TRUE
ACAATATAGCCCGTCA-1	MZ286188_1_ORF1	0	0	1	1	FALSE	FALSE
ACAATATAGCGCAAGC-1	OZ258728_1_ORF2	0	0	1	1	FALSE	FALSE
ACAATATAGGAAGTAG-1	meGFP	1	0	6	6	TRUE	TRUE
ACAATATAGGAGTATC-1	OP549859_1_ORF2	1	0	4	5	TRUE	TRUE
ACAATATAGGGTGATT-1	OZ258728_1_ORF2	0	0	1	1	FALSE	TRUE
ACAATATAGGTGTGGC-1	MZ286197_1_ORF1	1	0	8	8	TRUE	TRUE
ACAATATAGTGCAACG-1	OZ258728_1_ORF2	1	1	118	119	TRUE	TRUE
ACAATGGGTAACTTGC-1	MZ286197_1_ORF1	1	1	11	11	TRUE	TRUE
ACAATGGGTACCGATT-1	OZ258728_1_ORF2	0	0	1	1	FALSE	FALSE
ACAATGGGTACGTAAG-1	meGFP	0	0	1	1	FALSE	TRUE
ACAATGGGTAGCACTT-1	OP549859_1_ORF2	0	0	1	1	FALSE	TRUE
ACAATGGGTAGCTCGC-1	OZ258728_1_ORF2	0	0	1	1	FALSE	FALSE
ACAATGGGTCCCGAAC-1	OZ258728_1_ORF2	0	0	1	1	FALSE	FALSE
ACAATGGGTGAATCTC-1	OZ258728_1_ORF2	1	1	47	47	TRUE	TRUE
ACAATGGGTGCCCGAT-1	OZ258728_1_ORF2	1	1	16	16	TRUE	TRUE
ACAATGGGTTACGCCA-1	meGFP	0	0	1	1	FALSE	TRUE
ACAATGGGTTCGATTA-1	OZ258728_1_ORF2	1	1	13	14	TRUE	TRUE
ACAATGGGTTCGCAGC-1	MZ286102_1_ORF2	0	0	1	1	FALSE	FALSE
ACAATGGGTTCGCTGA-1	meGFP	0	0	1	1	FALSE	FALSE
ACAATGGGTTGCCACA-1	MZ286102_1_ORF1	1	1	33	33	TRUE	TRUE
ACAATGGGTTGGACCC-1	OP549859_1_ORF1	0	0	1	1	FALSE	TRUE
ACAATTACAAAGTTAC-1	OZ258728_1_ORF2	0	0	1	1	FALSE	FALSE
ACAATTACACCTGTGC-1	MZ286258_1_ORF2	1	1	19	20	TRUE	TRUE
ACAATTACACTGACTT-1	MZ286258_1_ORF2	1	1	24	24	TRUE	TRUE
ACAATTACATAGTAAC-1	MZ286258_1_ORF2	0	0	1	2	FALSE	TRUE
ACAATTGAGAACCTAA-1	OZ258728_1_ORF2	0	0	1	1	FALSE	FALSE
ACAATTGAGAAGGACA-1	OZ258728_1_ORF2	1	1	203	204	TRUE	TRUE
ACAATTGAGCAAGCTG-1	MZ286197_1_ORF2	0	0	2	2	TRUE	TRUE
ACAATTGAGCGAGAGG-1	OZ258728_1_ORF2	0	0	1	1	FALSE	FALSE
ACAATTGAGCGATTCC-1	OP549859_1_ORF1	0	0	1	1	FALSE	FALSE
ACAATTGAGCGTTCAC-1	OP549859_1_ORF1	2	1	80	87	TRUE	TRUE
ACAATTGAGGAGGAGT-1	OZ258728_1_ORF2	0	0	1	1	FALSE	FALSE
ACAATTGAGGATGGCC-1	OZ258728_1_ORF2	1	1	34	34	TRUE	TRUE
ACAATTGAGTAATCCT-1	meGFP	0	0	1	1	FALSE	FALSE
ACACAACAGCCTAATT-1	OZ258728_1_ORF2	0	0	1	1	FALSE	TRUE
ACACAACAGGGGCCAT-1	OP549859_1_ORF1	0	0	1	1	FALSE	TRUE
ACACAACAGTACTTCG-1	MZ286258_1_ORF2	0	0	1	1	FALSE	FALSE
ACACAACAGTTCGGCT-1	OP549859_1_ORF2	0	0	1	1	FALSE	FALSE
ACACAATCAGTACCAA-1	meGFP	0	0	1	3	FALSE	FALSE
ACACAATCATCCTTCC-1	MZ286188_1_ORF1	0	0	1	1	FALSE	TRUE
ACACAATCATGACGAC-1	OZ258728_1_ORF2	1	1	21	21	TRUE	TRUE
ACACCCTAGATACAGC-1	MZ286258_1_ORF1	0	0	1	1	FALSE	TRUE
ACACCCTAGGGAGCAG-1	OP549859_1_ORF1	0	0	1	1	FALSE	TRUE
ACACCCTAGTTACCGC-1	MZ286258_1_ORF2	0	0	2	3	FALSE	TRUE
ACACCCTAGTTCGGCT-1	MZ286188_1_ORF1	1	0	6	9	TRUE	TRUE
ACACCCTAGTTGCGTC-1	meGFP	0	0	2	2	TRUE	TRUE
ACACCGTTCACGAAGT-1	MZ286197_1_ORF1	1	1	12	12	TRUE	TRUE
ACACCGTTCACGCTTA-1	OZ258728_1_ORF2	0	0	1	2	FALSE	TRUE
ACACCGTTCATTGCCA-1	MZ286258_1_ORF1	1	1	58	58	TRUE	TRUE
ACACCGTTCCAAGTGG-1	MZ286102_1_ORF2	0	0	1	1	FALSE	FALSE
ACACCGTTCCCATCGG-1	OZ258728_1_ORF2	0	0	1	1	FALSE	FALSE
ACACCGTTCGCCCAAT-1	OZ258728_1_ORF2	1	1	111	111	TRUE	TRUE
ACACCGTTCTAGCTTG-1	OZ258728_1_ORF1	0	0	1	2	FALSE	FALSE
ACACCGTTCTATACCG-1	MZ286197_1_ORF1	0	0	1	1	FALSE	FALSE
ACACCGTTCTATCGTG-1	OP549859_1_ORF1	1	0	4	4	TRUE	TRUE
ACACCGTTCTCTGGCG-1	OZ258728_1_ORF2	0	0	1	1	FALSE	FALSE
ACACCGTTCTGGATGG-1	OZ258728_1_ORF2	1	1	31	31	TRUE	TRUE
ACACGCTTCAACTATC-1	MZ286102_1_ORF2	1	1	11	15	TRUE	TRUE
ACACGCTTCACTAGGG-1	OP549859_1_ORF1	0	0	1	1	FALSE	FALSE
ACACGCTTCCGTTGCG-1	OZ258728_1_ORF2	0	0	1	1	FALSE	FALSE
ACACGCTTCTAAGCAA-1	OZ258728_1_ORF2	0	0	1	1	FALSE	TRUE
ACACGCTTCTGCCACG-1	OZ258728_1_ORF1	0	0	1	1	FALSE	TRUE
ACAGACCCAACCTCAT-1	OZ258728_1_ORF1	0	0	1	1	FALSE	FALSE
ACAGACCCAACGTGCG-1	OZ258728_1_ORF1	0	0	1	1	FALSE	FALSE
ACAGACCCAATCACGA-1	MZ286197_1_ORF1	0	0	1	1	FALSE	FALSE
ACAGACCCAATGGTTG-1	MZ286102_1_ORF2	0	0	1	1	FALSE	FALSE
ACAGACCCAATTGCCT-1	OZ258728_1_ORF2	0	0	1	1	FALSE	FALSE
ACAGACCCACACACTT-1	MZ286102_1_ORF2	0	0	1	1	FALSE	FALSE
ACAGACCCACTACTAC-1	MZ286258_1_ORF2	1	1	35	36	TRUE	TRUE
ACAGACCCACTTCAAC-1	OP549859_1_ORF2	0	0	1	1	FALSE	FALSE
ACAGACCCATATGAAC-1	OP549859_1_ORF1	0	0	1	1	FALSE	TRUE
ACAGACCCATGCCCTA-1	MZ286188_1_ORF1	0	0	1	3	FALSE	TRUE
ACAGAGAAGAGGGACG-1	OP549859_1_ORF1	1	1	85	85	TRUE	TRUE
ACAGAGAAGAGTCGCA-1	OZ258728_1_ORF1	1	1	41	41	TRUE	TRUE
ACAGAGAAGCCCTGCA-1	OZ258728_1_ORF2	0	0	1	1	FALSE	TRUE
ACAGAGAAGCCTTGCG-1	MZ286258_1_ORF1	0	0	1	1	FALSE	TRUE
ACAGAGAAGGGTTAGT-1	MZ286197_1_ORF2	0	0	1	1	FALSE	TRUE
ACAGAGAAGTAAGGTC-1	MZ286197_1_ORF1	1	1	21	21	TRUE	TRUE
ACAGAGAAGTGGGTTG-1	MZ286102_1_ORF2	1	1	10	10	TRUE	TRUE
ACAGATTCAAACGGGA-1	MZ286197_1_ORF2	1	0	4	11	TRUE	TRUE
ACAGATTCAAATGAGA-1	MZ286188_1_ORF2	0	0	1	1	FALSE	TRUE
ACAGATTCAACCTTAC-1	MZ286102_1_ORF2	0	0	3	4	TRUE	TRUE
ACAGATTCAAGCGTTA-1	MZ286188_1_ORF2	0	0	1	1	FALSE	FALSE
ACAGATTCACGTATAG-1	MZ286258_1_ORF1	0	0	1	2	FALSE	TRUE
ACAGATTCACTAGTCT-1	MZ286258_1_ORF2	1	1	29	29	TRUE	TRUE
ACAGATTCACTTCCTC-1	MZ286258_1_ORF2	0	0	1	1	FALSE	FALSE
ACAGATTCACTTGGAA-1	meGFP	0	0	1	1	FALSE	TRUE
ACAGATTCAGAGCTTA-1	MZ286102_1_ORF2	0	0	1	1	FALSE	FALSE
ACAGATTCAGATTCGA-1	OP549859_1_ORF1	1	0	9	10	TRUE	FALSE
ACAGATTCAGTTCGTT-1	OP549859_1_ORF2	1	1	10	12	TRUE	TRUE
ACAGATTCATCAGTCT-1	MZ286258_1_ORF1	1	0	5	6	TRUE	TRUE
ACAGATTCATGGCTGG-1	OZ258728_1_ORF2	0	0	1	1	FALSE	FALSE
ACAGCAAGTAATGTCC-1	meGFP	0	0	1	1	FALSE	TRUE
ACAGCAAGTCCAGCTA-1	OZ258728_1_ORF1	0	0	3	3	TRUE	TRUE
ACAGCAAGTCTTGGGC-1	MZ286258_1_ORF1	1	1	19	20	TRUE	TRUE
ACAGCAAGTGCGCATC-1	meGFP	0	0	1	1	FALSE	TRUE
ACAGCAAGTTGTCTAA-1	OZ258728_1_ORF2	1	0	7	9	TRUE	TRUE
ACAGCAAGTTTCGATA-1	MZ286258_1_ORF2	1	0	4	4	TRUE	TRUE
ACAGCCTTCACCAATT-1	OP549859_1_ORF1	0	0	1	1	FALSE	TRUE
ACAGCCTTCCCGATAC-1	MZ286102_1_ORF1	1	0	8	8	TRUE	TRUE
ACAGCCTTCCCTCTAT-1	MZ286258_1_ORF2	0	0	1	1	FALSE	TRUE
ACAGCCTTCGGCTGAA-1	OZ258728_1_ORF2	1	1	71	71	TRUE	TRUE
ACAGCCTTCTCGATTG-1	OZ258728_1_ORF2	0	0	1	1	FALSE	FALSE
ACAGCTACAATTCGGA-1	OZ258728_1_ORF1	0	0	1	1	FALSE	TRUE
ACAGCTACACAAGGCT-1	meGFP	0	0	1	3	FALSE	TRUE
ACAGCTACACAAGGGA-1	OZ258728_1_ORF2	2	1	19	25	TRUE	TRUE
ACAGCTACACCATTAC-1	MZ286197_1_ORF1	1	1	27	27	TRUE	TRUE
ACAGCTACAGCACTCC-1	MZ286258_1_ORF2	1	0	7	10	TRUE	TRUE
ACAGCTACATGGAGCT-1	OZ258728_1_ORF2	0	0	1	1	FALSE	FALSE
ACAGCTGAGACTCGCT-1	OZ258728_1_ORF2	0	0	1	1	FALSE	TRUE
ACAGCTGAGATGCGGC-1	meGFP	0	0	1	3	FALSE	TRUE
ACAGCTGAGATGGTGT-1	MZ286188_1_ORF1	1	1	13	15	TRUE	TRUE
ACAGCTGAGCAATGAC-1	meGFP	0	0	1	1	FALSE	TRUE
ACAGCTGAGCTGTCGT-1	MZ286258_1_ORF2	1	0	8	8	TRUE	TRUE
ACAGCTGAGGAAGTAG-1	OZ258728_1_ORF2	1	1	49	50	TRUE	TRUE
ACAGCTGAGGGCGTAC-1	MZ286102_1_ORF2	1	0	7	7	TRUE	TRUE
ACAGCTGAGGGGTCTA-1	OZ258728_1_ORF2	2	2	56	75	FALSE	TRUE
ACAGCTGAGGTAATTG-1	OZ258728_1_ORF2	0	0	1	2	FALSE	TRUE
ACAGCTGAGTATCGAA-1	meGFP	1	1	33	33	TRUE	TRUE
ACAGCTGAGTCTAGTT-1	MZ286197_1_ORF1	1	1	44	45	TRUE	TRUE
ACAGGACGTATTGCGT-1	MZ286102_1_ORF1	1	0	6	6	TRUE	TRUE
ACAGGACGTCTCCTCG-1	OP549859_1_ORF1	0	0	2	3	FALSE	TRUE
ACAGGACGTGGAGAGA-1	MZ286197_1_ORF1	0	0	1	1	FALSE	TRUE
ACAGGACGTGTGGATA-1	meGFP	0	0	2	2	TRUE	TRUE
ACAGGACGTTAGTTGC-1	MZ286197_1_ORF1	0	0	1	1	FALSE	TRUE
ACAGGACGTTGGGATA-1	MZ286188_1_ORF2	1	0	4	4	TRUE	TRUE
ACAGGACGTTGTGTGT-1	meGFP	0	0	1	1	FALSE	FALSE
ACAGGATTCCCCGTGA-1	OP549859_1_ORF1	0	0	1	1	FALSE	TRUE
ACAGGATTCTCGCTCC-1	OZ258728_1_ORF1	1	1	22	22	TRUE	TRUE
ACAGGATTCTTCGCAA-1	MZ286197_1_ORF1	0	0	1	1	FALSE	FALSE
ACAGGCATCCCATCGG-1	OP549859_1_ORF2	0	0	1	1	FALSE	TRUE
ACAGGCATCTGCACCG-1	MZ286102_1_ORF2	0	0	1	1	FALSE	TRUE
ACAGGCATCTTGAGTT-1	meGFP	0	0	1	1	FALSE	FALSE
ACAGGTGTCAGGATAC-1	MZ286102_1_ORF1	0	0	1	1	FALSE	FALSE
ACAGGTGTCCAGACTC-1	MZ286102_1_ORF1	0	0	1	1	FALSE	TRUE
ACAGGTGTCCATGACC-1	MZ286258_1_ORF2	0	0	2	3	FALSE	TRUE
ACAGGTGTCGCAACTC-1	OZ258728_1_ORF1	0	0	1	1	FALSE	FALSE
ACAGGTGTCGTGCTGT-1	meGFP	0	0	1	1	FALSE	FALSE
ACAGGTGTCTGGGTTC-1	OZ258728_1_ORF2	0	0	1	1	FALSE	TRUE
ACAGTCGAGCAAGGTT-1	OZ258728_1_ORF2	0	0	1	1	FALSE	TRUE
ACAGTCGAGGGACATT-1	meGFP	0	0	2	5	FALSE	FALSE
ACAGTCGAGGGGCAAG-1	MZ286102_1_ORF1	1	1	12	12	TRUE	TRUE
ACAGTCGAGTACTGGG-1	OZ258728_1_ORF2	0	0	1	2	FALSE	TRUE
ACAGTCGAGTTGGCCT-1	meGFP	1	1	11	12	TRUE	TRUE
ACAGTTGCAAGATGGG-1	MZ286102_1_ORF1	0	0	3	3	TRUE	FALSE
ACAGTTGCAATCTGTC-1	meGFP	0	0	1	1	FALSE	TRUE
ACAGTTGCAATTGGTG-1	MZ286102_1_ORF2	0	0	1	1	FALSE	TRUE
ACAGTTGCACAGATCA-1	MZ286258_1_ORF2	1	0	7	7	TRUE	TRUE
ACAGTTGCACATGCTT-1	OZ258728_1_ORF1	0	0	1	1	FALSE	FALSE
ACAGTTGCACGCCATC-1	meGFP	0	0	1	1	FALSE	FALSE
ACAGTTGCACTATCGT-1	meGFP	0	0	1	1	FALSE	FALSE
ACAGTTGCAGAATGGG-1	meGFP	1	1	152	153	TRUE	TRUE
ACAGTTGCAGCGCTTC-1	OZ258728_1_ORF1	0	0	1	1	FALSE	FALSE
ACAGTTGCAGGTACGT-1	OP549859_1_ORF1	0	0	1	1	FALSE	FALSE
ACAGTTGCATATCACC-1	OZ258728_1_ORF1	0	0	1	1	FALSE	TRUE
ACATATGAGCGGGAAG-1	MZ286188_1_ORF1	0	0	1	1	FALSE	FALSE
ACATATGAGCTGTCGT-1	meGFP	0	0	1	2	FALSE	TRUE
ACATATGAGGCTTAGG-1	meGFP	0	0	1	1	FALSE	FALSE
ACATATGAGGCTTCAC-1	MZ286258_1_ORF1	0	0	1	1	FALSE	FALSE
ACATATGAGGGGCAAG-1	OZ258728_1_ORF2	0	0	1	1	FALSE	FALSE
ACATATGAGTATCGTT-1	MZ286258_1_ORF1	1	0	4	6	TRUE	TRUE
ACATATTGTAATCGCT-1	MZ286102_1_ORF2	0	0	2	3	FALSE	TRUE
ACATATTGTAGCCATT-1	OZ258728_1_ORF2	0	0	1	1	FALSE	FALSE
ACATATTGTGCAGGCA-1	OZ258728_1_ORF2	0	0	3	3	TRUE	TRUE
ACATATTGTGTGTCAT-1	OP549859_1_ORF1	0	0	1	1	FALSE	FALSE
ACATATTGTTGCGGTC-1	MZ286258_1_ORF2	1	0	4	4	TRUE	TRUE
ACATATTGTTTACCAA-1	meGFP	0	0	1	1	FALSE	TRUE
ACATATTGTTTGAACC-1	OZ258728_1_ORF2	0	0	2	2	TRUE	TRUE
ACATCACGTCTATCCC-1	MZ286197_1_ORF2	0	0	2	2	TRUE	TRUE
ACATCACGTGAAGGCT-1	MZ286258_1_ORF2	1	0	5	5	TRUE	TRUE
ACATCACGTGAGGTGT-1	MZ286188_1_ORF1	0	0	3	3	TRUE	FALSE
ACATCACGTGGACACG-1	OZ258728_1_ORF2	0	0	1	1	FALSE	TRUE
ACATCACGTGGGAATC-1	MZ286188_1_ORF1	0	0	1	2	FALSE	FALSE
ACATCACGTTAGGGTA-1	OZ258728_1_ORF2	0	0	1	1	FALSE	FALSE
ACATCAGCAACCGTGG-1	OP549859_1_ORF2	0	0	1	1	FALSE	TRUE
ACATCAGCAACTTCGT-1	meGFP	0	0	1	1	FALSE	FALSE
ACATCAGCAAGATTAC-1	MZ286197_1_ORF2	1	0	6	7	TRUE	TRUE
ACATCAGCAATTCGGA-1	MZ286258_1_ORF2	1	1	15	15	TRUE	TRUE
ACATCAGCACGCGAAT-1	MZ286197_1_ORF1	0	0	1	1	FALSE	TRUE
ACATCAGCAGCAACCG-1	OP549859_1_ORF1	1	1	15	15	TRUE	TRUE
ACATCAGCAGGATTGC-1	OZ258728_1_ORF2	1	1	31	36	TRUE	TRUE
ACATCAGCATACTTCA-1	MZ286197_1_ORF2	0	0	1	1	FALSE	FALSE
ACATCAGCATATGCAG-1	OP549859_1_ORF2	0	0	1	1	FALSE	FALSE
ACATCCATCAATGTGA-1	OP549859_1_ORF2	0	0	1	1	FALSE	TRUE
ACATCCATCACATGAA-1	MZ286102_1_ORF2	1	1	13	13	TRUE	TRUE
ACATCCATCACCAATT-1	OZ258728_1_ORF2	0	0	2	5	FALSE	TRUE
ACATCCATCCCAGTGT-1	MZ286197_1_ORF2	0	0	1	1	FALSE	TRUE
ACATCCATCCCTCTAT-1	MZ286188_1_ORF1	0	0	1	1	FALSE	FALSE
ACATCCATCGGGATCA-1	MZ286197_1_ORF1	0	0	3	4	TRUE	TRUE
ACATCCATCGGGATTG-1	OP549859_1_ORF1	0	0	1	1	FALSE	FALSE
ACATCCATCTAACTGT-1	OZ258728_1_ORF1	1	1	27	27	TRUE	TRUE
ACATCCATCTAGTCAT-1	MZ286258_1_ORF1	1	1	27	27	TRUE	TRUE
ACATCCATCTGGTTGC-1	OZ258728_1_ORF1	0	0	1	1	FALSE	FALSE
ACATGATCACCAGGCA-1	OP549859_1_ORF1	0	0	1	2	FALSE	TRUE
ACATGATCACTACGGG-1	meGFP	0	0	1	1	FALSE	FALSE
ACATGATCACTACTAC-1	OP549859_1_ORF1	0	0	1	1	FALSE	FALSE
ACATGATCAGGGTAAG-1	OP549859_1_ORF1	1	0	6	6	TRUE	TRUE
ACATGATCATGCGTGG-1	MZ286197_1_ORF1	1	1	30	30	TRUE	TRUE
ACATGCACAAAGTCAT-1	MZ286102_1_ORF2	1	0	7	7	TRUE	TRUE
ACATGCACACGATTGA-1	MZ286102_1_ORF2	1	1	15	16	TRUE	TRUE
ACATGCACACTACTAC-1	OP549859_1_ORF1	0	0	1	1	FALSE	FALSE
ACATGCACAGTAGGAG-1	OZ258728_1_ORF1	0	0	1	1	FALSE	FALSE
ACATGCACATCCAGCC-1	MZ286102_1_ORF2	1	0	5	5	TRUE	TRUE
ACATGCACATGCAGGT-1	MZ286102_1_ORF2	1	0	8	8	TRUE	TRUE
ACATGCACATGGAGCT-1	MZ286188_1_ORF1	0	0	1	1	FALSE	FALSE
ACATGCACATGGTCCC-1	OZ258728_1_ORF1	0	0	1	1	FALSE	FALSE
ACATGCACATTACAGG-1	MZ286258_1_ORF2	0	0	1	1	FALSE	TRUE
ACATGCACATTCATTG-1	MZ286188_1_ORF1	0	0	1	1	FALSE	TRUE
ACATTGAAGAGGACTT-1	MZ286188_1_ORF2	0	0	2	2	TRUE	TRUE
ACATTGAAGCGCTAGA-1	MZ286188_1_ORF1	1	0	5	5	TRUE	TRUE
ACATTGAAGCGGTAAT-1	MZ286188_1_ORF1	0	0	1	1	FALSE	FALSE
ACATTGAAGTATGGTA-1	MZ286258_1_ORF1	0	0	1	1	FALSE	TRUE
ACATTGAAGTGCAACG-1	meGFP	0	0	1	1	FALSE	FALSE
ACATTTCAGACTCCGT-1	MZ286102_1_ORF1	0	0	1	1	FALSE	TRUE
ACATTTCAGACTTGGG-1	MZ286197_1_ORF2	0	0	1	1	FALSE	TRUE
ACATTTCAGATTAGGC-1	OP549859_1_ORF1	1	1	25	26	TRUE	TRUE
ACATTTCAGCCTGTGT-1	OP549859_1_ORF1	1	0	4	4	TRUE	TRUE
ACATTTCAGGAGGTCC-1	OZ258728_1_ORF2	0	0	1	1	FALSE	TRUE
ACATTTCAGGATCGCA-1	MZ286258_1_ORF2	1	0	8	8	TRUE	TRUE
ACATTTCAGTTACCAT-1	meGFP	2	1	14	23	FALSE	TRUE
ACATTTGGTCCTCACT-1	MZ286258_1_ORF2	0	0	1	1	FALSE	TRUE
ACATTTGGTGTGATTC-1	meGFP	0	0	1	1	FALSE	FALSE
ACATTTGGTTAACGTC-1	OZ258728_1_ORF2	1	1	13	13	TRUE	TRUE
ACATTTGGTTCGCAGC-1	MZ286258_1_ORF2	0	0	3	4	TRUE	TRUE
ACATTTGGTTTCCGTC-1	meGFP	0	0	1	1	FALSE	FALSE
ACCAAAGGTAAGGTGC-1	OP549859_1_ORF1	1	1	21	21	TRUE	TRUE
ACCAAAGGTAATCACC-1	meGFP	0	0	1	1	FALSE	TRUE
ACCAAAGGTAGCTGAA-1	OZ258728_1_ORF2	0	0	1	1	FALSE	TRUE
ACCAAAGGTCACTAAC-1	meGFP	1	1	47	47	TRUE	TRUE
ACCAAAGGTCTCAGGC-1	OP549859_1_ORF1	1	1	55	55	TRUE	TRUE
ACCAAAGGTCTCCAAG-1	OZ258728_1_ORF1	1	1	15	15	TRUE	TRUE
ACCAAAGGTGTTGACT-1	MZ286102_1_ORF2	1	1	10	10	TRUE	TRUE
ACCAAAGGTTGTGTGT-1	OP549859_1_ORF1	0	0	1	1	FALSE	FALSE
ACCAAAGGTTTCGATA-1	meGFP	1	1	17	18	TRUE	TRUE
ACCAAATCAAACGTAT-1	MZ286258_1_ORF1	1	1	13	13	TRUE	TRUE
ACCAAATCAATTGCCT-1	OZ258728_1_ORF2	0	0	2	3	FALSE	TRUE
ACCAAATCACAGATCA-1	MZ286188_1_ORF1	0	0	2	4	FALSE	TRUE
ACCAAATCACCAATCT-1	meGFP	1	1	12	13	TRUE	TRUE
ACCAAATCATATCACC-1	OP549859_1_ORF1	0	0	3	4	TRUE	TRUE
ACCAATGCAACCCGTC-1	MZ286197_1_ORF1	0	0	1	1	FALSE	FALSE
ACCAATGCAAGTCAAT-1	MZ286197_1_ORF1	0	0	1	1	FALSE	FALSE
ACCAATGCAATCGTTC-1	MZ286188_1_ORF1	0	0	1	1	FALSE	FALSE
ACCAATGCACCTCTCT-1	MZ286258_1_ORF2	0	0	1	1	FALSE	TRUE
ACCAATGCACGGTCAG-1	OZ258728_1_ORF1	0	0	1	1	FALSE	FALSE
ACCAATGCATGAACCA-1	MZ286188_1_ORF1	0	0	1	2	FALSE	TRUE
ACCACAACAAAGCGGA-1	OZ258728_1_ORF2	1	1	37	38	TRUE	TRUE
ACCACAACACACCGCT-1	MZ286258_1_ORF1	1	1	10	10	TRUE	TRUE
ACCACAACATAAGCCA-1	OP549859_1_ORF1	0	0	2	2	TRUE	FALSE
ACCACAACATCCGCAC-1	meGFP	0	0	1	1	FALSE	FALSE
ACCACAACATGGTCCC-1	OZ258728_1_ORF2	0	0	1	1	FALSE	TRUE
ACCACGCGTAGTCCTG-1	MZ286102_1_ORF2	0	0	1	1	FALSE	FALSE
ACCACGCGTATTGCGT-1	OP549859_1_ORF1	0	0	1	1	FALSE	TRUE
ACCACGCGTCAGGAGT-1	MZ286102_1_ORF2	1	0	4	6	TRUE	TRUE
ACCACGCGTCTAATCA-1	OP549859_1_ORF1	0	0	1	1	FALSE	FALSE
ACCACGCGTGCTTCCT-1	MZ286258_1_ORF2	0	0	2	2	TRUE	TRUE
ACCACGCGTGTCCAAT-1	OP549859_1_ORF2	1	0	5	7	TRUE	TRUE
ACCACGCGTTCCACTC-1	OP549859_1_ORF1	1	1	14	14	TRUE	TRUE
ACCACGCGTTCTGGCA-1	MZ286102_1_ORF1	1	1	13	13	TRUE	TRUE
ACCACGCGTTTCAAGC-1	MZ286197_1_ORF2	1	0	4	6	TRUE	TRUE
ACCACGCGTTTGCGGC-1	OP549859_1_ORF1	0	0	1	1	FALSE	FALSE
ACCACGTTCATGATCT-1	OP549859_1_ORF1	0	0	1	1	FALSE	FALSE
ACCACGTTCGAAGTTA-1	OZ258728_1_ORF2	0	0	1	1	FALSE	TRUE
ACCACGTTCGAATCAA-1	OP549859_1_ORF2	1	0	4	4	TRUE	TRUE
ACCACGTTCGATCCCG-1	OP549859_1_ORF1	1	1	17	17	TRUE	TRUE
ACCACGTTCGTTACTG-1	MZ286188_1_ORF1	0	0	1	1	FALSE	TRUE
ACCACGTTCTACTCCT-1	MZ286102_1_ORF2	1	1	15	15	TRUE	TRUE
ACCACGTTCTCCATCT-1	MZ286197_1_ORF2	1	0	6	6	TRUE	TRUE
ACCAGATAGAGGCGTC-1	OZ258728_1_ORF2	1	1	33	33	TRUE	TRUE
ACCAGATAGCACCAGA-1	OZ258728_1_ORF2	0	0	1	1	FALSE	FALSE
ACCAGATAGCACGGAC-1	OZ258728_1_ORF2	0	0	1	1	FALSE	TRUE
ACCAGATAGCCACAGA-1	MZ286258_1_ORF2	0	0	1	1	FALSE	TRUE
ACCAGATAGCGATTCC-1	MZ286102_1_ORF2	1	0	5	6	TRUE	TRUE
ACCAGATAGGTTGCGA-1	OP549859_1_ORF2	1	0	4	4	TRUE	TRUE
ACCAGCAAGCAATGAC-1	MZ286258_1_ORF1	1	1	17	18	TRUE	TRUE
ACCAGCAAGGCATGTG-1	MZ286102_1_ORF1	1	1	27	27	TRUE	TRUE
ACCAGCAAGGCCTCAT-1	meGFP	0	0	1	1	FALSE	TRUE
ACCAGCCGTACCTGGC-1	OZ258728_1_ORF2	0	0	1	1	FALSE	FALSE
ACCAGCCGTATCCTAA-1	MZ286197_1_ORF1	1	0	4	5	TRUE	TRUE
ACCAGCCGTCACCAGC-1	OZ258728_1_ORF2	0	0	1	1	FALSE	FALSE
ACCAGCCGTCGATGAA-1	OP549859_1_ORF1	0	0	1	1	FALSE	FALSE
ACCAGCCGTCGTTGGC-1	MZ286258_1_ORF2	1	0	4	5	TRUE	TRUE
ACCAGCCGTGAGTTAG-1	MZ286188_1_ORF2	1	0	5	7	TRUE	TRUE
ACCAGCCGTGCGGTGA-1	MZ286258_1_ORF2	0	0	1	3	FALSE	TRUE
ACCAGCCGTGGTGTGG-1	MZ286102_1_ORF2	1	0	7	7	TRUE	TRUE
ACCAGCCGTTCAAGTC-1	MZ286197_1_ORF2	0	0	1	1	FALSE	TRUE
ACCAGCCGTTGTCTGG-1	meGFP	1	1	39	39	TRUE	TRUE
ACCAGCTTCACTTGCA-1	OZ258728_1_ORF2	0	0	1	1	FALSE	TRUE
ACCAGCTTCAGGACGC-1	MZ286102_1_ORF2	1	0	4	4	TRUE	TRUE
ACCAGCTTCCGCTCGA-1	MZ286197_1_ORF1	0	0	2	2	TRUE	TRUE
ACCAGCTTCCTACGGT-1	MZ286102_1_ORF2	0	0	1	1	FALSE	TRUE
ACCAGCTTCCTCCTAT-1	OP549859_1_ORF2	1	0	5	5	TRUE	TRUE
ACCATAGCAAACGACC-1	MZ286258_1_ORF2	1	1	12	12	TRUE	TRUE
ACCATAGCAACGGCCA-1	OP549859_1_ORF1	0	0	1	2	FALSE	TRUE
ACCATAGCAATTGGTG-1	OP549859_1_ORF1	1	0	4	6	TRUE	TRUE
ACCATAGCACAGTTAG-1	MZ286197_1_ORF2	0	0	2	3	FALSE	TRUE
ACCATAGCAGATTAGT-1	meGFP	1	1	55	55	TRUE	TRUE
ACCATAGCAGCGCTTC-1	MZ286102_1_ORF1	0	0	1	1	FALSE	FALSE
ACCATAGCATACTCCG-1	OZ258728_1_ORF2	0	0	1	1	FALSE	FALSE
ACCATAGCATTAGAGT-1	meGFP	0	0	1	1	FALSE	FALSE
ACCATAGCATTCGCTG-1	OZ258728_1_ORF2	0	0	1	1	FALSE	TRUE
ACCATCCAGACCCATC-1	MZ286258_1_ORF2	1	1	28	28	TRUE	TRUE
ACCATCCAGACTCATT-1	MZ286258_1_ORF1	0	0	1	1	FALSE	FALSE
ACCATCCAGATGGCGC-1	OP549859_1_ORF1	0	0	1	1	FALSE	FALSE
ACCATCCAGCGGAACC-1	meGFP	0	0	1	2	FALSE	FALSE
ACCATCCAGCGGATTG-1	MZ286258_1_ORF2	0	0	1	1	FALSE	FALSE
ACCATCCAGCGGTAAT-1	MZ286258_1_ORF1	1	1	12	12	TRUE	TRUE
ACCATCCAGCGTTCGT-1	MZ286188_1_ORF2	1	1	10	12	TRUE	TRUE
ACCATCCAGGCATCCT-1	MZ286102_1_ORF1	1	1	36	36	TRUE	TRUE
ACCATCCAGGGGCAAG-1	MZ286258_1_ORF2	0	0	1	2	FALSE	TRUE
ACCATCCAGTAATCCT-1	MZ286197_1_ORF1	0	0	1	1	FALSE	FALSE
ACCATCCAGTATGGTA-1	OP549859_1_ORF1	0	0	1	1	FALSE	TRUE
ACCATGGAGGAAGGGT-1	OP549859_1_ORF1	1	0	8	9	TRUE	TRUE
ACCATTAGTAACTGAG-1	OP549859_1_ORF2	0	0	3	3	TRUE	TRUE
ACCATTAGTAAGCGGT-1	MZ286197_1_ORF1	1	0	6	6	TRUE	TRUE
ACCATTAGTACCCAGC-1	MZ286197_1_ORF2	0	0	2	2	TRUE	TRUE
ACCATTAGTAGTCCTG-1	OP549859_1_ORF2	0	0	2	3	FALSE	TRUE
ACCATTAGTATTGCGT-1	OP549859_1_ORF1	0	0	1	1	FALSE	FALSE
ACCATTAGTCATTCCC-1	OZ258728_1_ORF2	0	0	1	1	FALSE	TRUE
ACCATTAGTGAACGAC-1	OZ258728_1_ORF1	0	0	1	1	FALSE	FALSE
ACCATTAGTGGAAGGA-1	meGFP	0	0	1	1	FALSE	FALSE
ACCATTTAGAGGCATT-1	OZ258728_1_ORF2	0	0	1	1	FALSE	FALSE
ACCATTTAGAGGCCAC-1	meGFP	0	0	1	1	FALSE	FALSE
ACCATTTAGGATAGAG-1	OP549859_1_ORF1	0	0	2	2	TRUE	TRUE
ACCATTTAGGGGTAGG-1	MZ286197_1_ORF1	1	1	14	14	TRUE	TRUE
ACCATTTAGTCCGTTA-1	MZ286258_1_ORF2	1	1	20	20	TRUE	TRUE
ACCCACAGTAGTCGGG-1	MZ286102_1_ORF2	0	0	1	1	FALSE	TRUE
ACCCACAGTCACACCA-1	MZ286197_1_ORF2	0	0	1	1	FALSE	FALSE
ACCCACAGTCTGGTCA-1	MZ286102_1_ORF2	0	0	1	1	FALSE	FALSE
ACCCACAGTGAGAGGA-1	meGFP	1	1	26	27	TRUE	TRUE
ACCCACAGTGGAAGGA-1	meGFP	0	0	1	1	FALSE	FALSE
ACCCATTCAAACCACA-1	meGFP	0	0	1	1	FALSE	FALSE
ACCCATTCACGTGGAT-1	OP549859_1_ORF1	0	0	1	1	FALSE	FALSE
ACCCATTCATAATCCC-1	MZ286258_1_ORF1	0	0	1	1	FALSE	TRUE
ACCCATTCATAGGATT-1	OZ258728_1_ORF1	1	1	14	14	TRUE	TRUE
ACCCCAAGTGGATGAC-1	OZ258728_1_ORF2	0	0	1	1	FALSE	TRUE
ACCCCAAGTTGCAGTT-1	OP549859_1_ORF1	0	0	2	2	TRUE	TRUE
ACCCCAAGTTTACCAA-1	OP549859_1_ORF2	0	0	1	1	FALSE	FALSE
ACCCCTGAGAAGTTGC-1	OZ258728_1_ORF2	0	0	1	1	FALSE	TRUE
ACCCCTGAGAATGGAG-1	MZ286102_1_ORF2	1	0	5	8	TRUE	TRUE
ACCCCTGAGAGCTGGC-1	OP549859_1_ORF2	0	0	1	1	FALSE	FALSE
ACCCCTGAGAGGTTAC-1	MZ286188_1_ORF1	1	1	37	39	TRUE	TRUE
ACCCCTGAGATATGCA-1	OZ258728_1_ORF2	1	1	33	35	TRUE	TRUE
ACCCCTGAGATGAGGA-1	meGFP	0	0	1	1	FALSE	FALSE
ACCCCTGAGCAATGAC-1	OP549859_1_ORF1	0	0	1	1	FALSE	TRUE
ACCCCTGAGCGGTAGC-1	OP549859_1_ORF1	1	0	5	5	TRUE	TRUE
ACCCCTGAGGCTTCGT-1	MZ286102_1_ORF1	0	0	1	1	FALSE	FALSE
ACCCCTGAGGGCATCA-1	MZ286102_1_ORF1	1	0	9	9	TRUE	FALSE
ACCCCTGAGGTAGGCC-1	OZ258728_1_ORF2	0	0	1	1	FALSE	FALSE
ACCCCTGAGTCAACTT-1	MZ286102_1_ORF2	1	0	9	9	TRUE	TRUE
ACCCCTGAGTGGGTTG-1	MZ286188_1_ORF1	0	0	1	1	FALSE	FALSE
ACCCGCTCAACACCAA-1	MZ286258_1_ORF1	0	0	1	1	FALSE	TRUE
ACCCGCTCAATGGACC-1	OZ258728_1_ORF2	1	1	85	87	TRUE	TRUE
ACCCGCTCACACTGGG-1	OZ258728_1_ORF2	0	0	1	1	FALSE	TRUE
ACCCGCTCACGTGAGT-1	OZ258728_1_ORF2	0	0	1	1	FALSE	FALSE
ACCCGCTCATGGTGTA-1	OZ258728_1_ORF1	1	1	10	10	TRUE	TRUE
ACCCGCTCATTCCGTG-1	OZ258728_1_ORF1	0	0	1	1	FALSE	FALSE
ACCCGGACAATTGCCT-1	MZ286197_1_ORF2	0	0	1	1	FALSE	TRUE
ACCCGGACACAGTTAG-1	MZ286258_1_ORF1	0	0	1	1	FALSE	FALSE
ACCCGGACACGTTGGG-1	OZ258728_1_ORF2	0	0	1	1	FALSE	TRUE
ACCCGGACACTCATAC-1	MZ286197_1_ORF2	1	0	6	7	TRUE	TRUE
ACCCGGACACTCGTCA-1	MZ286102_1_ORF2	1	1	11	13	TRUE	TRUE
ACCCGGACATTGCCCA-1	MZ286258_1_ORF2	0	0	1	1	FALSE	FALSE
ACCCGGGAGAAGCAAG-1	OZ258728_1_ORF2	0	0	1	1	FALSE	TRUE
ACCCGGGAGACTAATG-1	MZ286188_1_ORF1	1	1	48	48	TRUE	TRUE
ACCCGGGAGCCTTGCG-1	MZ286258_1_ORF2	0	0	1	1	FALSE	TRUE
ACCCGGGAGCTCGTTA-1	meGFP	0	0	1	1	FALSE	FALSE
ACCCGGGAGGTCGGTA-1	MZ286258_1_ORF2	0	0	1	1	FALSE	TRUE
ACCCGGGAGTGCTACC-1	MZ286102_1_ORF1	0	0	1	1	FALSE	FALSE
ACCCTAATCAAGCTAA-1	OZ258728_1_ORF2	1	1	23	24	TRUE	TRUE
ACCCTAATCACATATC-1	MZ286258_1_ORF2	0	0	1	1	FALSE	TRUE
ACCCTAATCACATGAA-1	MZ286258_1_ORF2	0	0	1	1	FALSE	TRUE
ACCCTAATCACCCTGG-1	MZ286197_1_ORF1	1	0	5	5	TRUE	TRUE
ACCCTAATCCACCAGT-1	MZ286102_1_ORF1	0	0	1	1	FALSE	TRUE
ACCCTAATCCGAAGCA-1	OP549859_1_ORF1	0	0	1	1	FALSE	TRUE
ACCCTAATCGCGTTAC-1	OZ258728_1_ORF2	0	0	1	2	FALSE	TRUE
ACCCTAATCGGCCATT-1	OZ258728_1_ORF2	0	0	1	1	FALSE	FALSE
ACCCTAATCTGCACCG-1	meGFP	0	0	1	1	FALSE	TRUE
ACCCTGCCAATCGTTC-1	MZ286197_1_ORF1	0	0	1	1	FALSE	FALSE
ACCCTGCCAATCTCAC-1	OZ258728_1_ORF2	0	0	1	1	FALSE	TRUE
ACCCTGCCACCCAGCT-1	OP549859_1_ORF1	1	1	15	15	TRUE	TRUE
ACCCTGCCAGGGTCTG-1	OP549859_1_ORF1	0	0	1	1	FALSE	TRUE
ACCCTGCCATAACTGG-1	meGFP	2	0	7	12	FALSE	TRUE
ACCCTGCCATGTCCAT-1	OP549859_1_ORF1	0	0	1	3	FALSE	TRUE
ACCGAAAGTGGCGTCT-1	OZ258728_1_ORF2	0	0	1	1	FALSE	FALSE
ACCGAAAGTGTGGATA-1	OP549859_1_ORF1	1	1	189	190	TRUE	TRUE
ACCGAAAGTTGGAGCG-1	OZ258728_1_ORF1	1	1	12	12	TRUE	TRUE
ACCGAACCAACCCGTC-1	OZ258728_1_ORF2	0	0	1	1	FALSE	FALSE
ACCGAACCAATGGGTC-1	OP549859_1_ORF2	1	1	17	17	TRUE	TRUE
ACCGAACCAATTAAGC-1	MZ286197_1_ORF1	0	0	1	1	FALSE	FALSE
ACCGAACCACAAGCCG-1	MZ286197_1_ORF2	1	0	6	6	TRUE	TRUE
ACCGAACCACACACTT-1	OZ258728_1_ORF2	0	0	1	1	FALSE	TRUE
ACCGAACCAGGCATTA-1	MZ286258_1_ORF2	0	0	1	1	FALSE	TRUE
ACCGAACCAGTAAGGG-1	meGFP	0	0	1	1	FALSE	FALSE
ACCGAACCATTGGTTC-1	OZ258728_1_ORF2	0	0	1	1	FALSE	FALSE
ACCGACCGTACCGACC-1	OZ258728_1_ORF2	1	1	39	44	TRUE	TRUE
ACCGACCGTAGTCCTG-1	OZ258728_1_ORF2	0	0	1	1	FALSE	FALSE
ACCGACCGTGCGCATC-1	MZ286102_1_ORF1	0	0	1	1	FALSE	TRUE
ACCGACCGTTAACTGC-1	MZ286197_1_ORF2	0	0	1	1	FALSE	TRUE
ACCGACCGTTACTTGA-1	MZ286102_1_ORF2	0	0	1	1	FALSE	TRUE
ACCGACCGTTCGCAGC-1	OP549859_1_ORF1	0	0	1	1	FALSE	FALSE
ACCGACCGTTGAAGTG-1	meGFP	2	2	19	34	FALSE	TRUE
ACCGACCGTTTGGCGC-1	MZ286258_1_ORF1	0	0	1	1	FALSE	TRUE
ACCGACCGTTTGGGTT-1	OP549859_1_ORF1	1	1	20	20	TRUE	TRUE
ACCGATACAAAGGTCC-1	meGFP	1	0	6	6	TRUE	TRUE
ACCGATACAACCAGTA-1	OP549859_1_ORF2	0	0	1	1	FALSE	FALSE
ACCGATACAATACCCT-1	MZ286102_1_ORF1	1	1	11	11	TRUE	TRUE
ACCGATACAATGTAGT-1	OZ258728_1_ORF2	0	0	1	1	FALSE	TRUE
ACCGATACACCCAACC-1	MZ286102_1_ORF2	1	1	26	27	TRUE	TRUE
ACCGATACACGCTACC-1	meGFP	0	0	1	1	FALSE	FALSE
ACCGATACACTAGGCG-1	MZ286197_1_ORF1	0	0	1	1	FALSE	TRUE
ACCGATACATTGGACA-1	meGFP	1	1	66	68	TRUE	TRUE
ACCGCAAAGAACGAAG-1	OZ258728_1_ORF2	0	0	1	1	FALSE	TRUE
ACCGCAAAGAGATAGG-1	meGFP	2	0	7	13	FALSE	TRUE
ACCGCAAAGCAGCCTT-1	OZ258728_1_ORF2	0	0	1	1	FALSE	FALSE
ACCGCAAAGCGGGAAG-1	MZ286102_1_ORF2	1	0	5	5	TRUE	TRUE
ACCGCAAAGCGTTCGT-1	MZ286188_1_ORF2	0	0	1	1	FALSE	FALSE
ACCGCAAAGCTGTCGT-1	MZ286258_1_ORF2	0	0	1	1	FALSE	TRUE
ACCGCAAAGGCGTGGT-1	OZ258728_1_ORF2	0	0	1	1	FALSE	FALSE
ACCGCAAAGGGATACT-1	OP549859_1_ORF2	0	0	1	1	FALSE	TRUE
ACCGCAAAGGGTCAGC-1	MZ286258_1_ORF2	0	0	3	3	TRUE	TRUE
ACCGCAAAGGTAGACT-1	OZ258728_1_ORF2	0	0	1	1	FALSE	FALSE
ACCGCAAAGTCCAATT-1	OP549859_1_ORF1	0	0	1	1	FALSE	FALSE
ACCGCAAAGTGGGTCA-1	OZ258728_1_ORF2	1	1	51	53	TRUE	TRUE
ACCGCAAAGTTGGCCT-1	meGFP	1	1	34	34	TRUE	TRUE
ACCGCAGCAAAGGTCC-1	OZ258728_1_ORF1	0	0	1	1	FALSE	TRUE
ACCGCAGCAACCTCGC-1	OZ258728_1_ORF2	0	0	1	1	FALSE	FALSE
ACCGCAGCACCGTACC-1	MZ286188_1_ORF1	0	0	1	1	FALSE	FALSE
ACCGCAGCACGTGAGT-1	OZ258728_1_ORF1	1	1	73	73	TRUE	TRUE
ACCGCAGCAGCATCAA-1	MZ286102_1_ORF2	1	1	11	11	TRUE	TRUE
ACCGCAGCAGTCCAGG-1	OZ258728_1_ORF2	1	0	4	4	TRUE	TRUE
ACCGCAGCATGCTGAA-1	OZ258728_1_ORF2	0	0	1	1	FALSE	FALSE
ACCGCAGCATGGAGCT-1	MZ286258_1_ORF2	0	0	2	3	FALSE	TRUE
ACCGCAGCATGTGATG-1	OZ258728_1_ORF1	0	0	1	1	FALSE	FALSE
ACCGCAGCATTACCCG-1	MZ286258_1_ORF2	0	0	2	3	FALSE	TRUE
ACCGCTGTCGAAGTTA-1	OP549859_1_ORF1	0	0	2	2	TRUE	TRUE
ACCGCTGTCGCAACTC-1	OZ258728_1_ORF2	0	0	1	1	FALSE	FALSE
ACCGCTGTCGCCCGTA-1	MZ286197_1_ORF2	0	0	1	1	FALSE	TRUE
ACCGCTGTCGCCCTGA-1	OP549859_1_ORF1	1	1	95	98	TRUE	TRUE
ACCGGACAGAATCAGC-1	OZ258728_1_ORF2	1	1	81	81	TRUE	TRUE
ACCGGACAGATGACAC-1	MZ286188_1_ORF2	0	0	1	1	FALSE	TRUE
ACCGGACAGCACGTAG-1	meGFP	0	0	1	1	FALSE	FALSE
ACCGGACAGCTATACT-1	OP549859_1_ORF1	0	0	1	1	FALSE	FALSE
ACCGGACAGGCTACAG-1	OZ258728_1_ORF1	1	1	18	18	TRUE	TRUE
ACCGGACAGGGATGGG-1	MZ286258_1_ORF2	1	0	6	6	TRUE	TRUE
ACCGGACAGGGGAACG-1	OZ258728_1_ORF2	1	1	11	11	TRUE	TRUE
ACCGGACAGGGTTAGT-1	meGFP	0	0	1	1	FALSE	TRUE
ACCGGACAGGTAATTG-1	OZ258728_1_ORF2	0	0	1	1	FALSE	FALSE
ACCGGACAGTAACGCG-1	OZ258728_1_ORF1	0	0	1	1	FALSE	FALSE
ACCGGACAGTTGCACC-1	OZ258728_1_ORF1	1	1	10	10	TRUE	TRUE
ACCGGGGTCACCCTGG-1	MZ286188_1_ORF2	1	0	7	7	TRUE	TRUE
ACCGGGGTCCCATCAA-1	meGFP	0	0	1	1	FALSE	FALSE
ACCGGGGTCGAAGCGC-1	MZ286258_1_ORF2	0	0	1	1	FALSE	TRUE
ACCGGGGTCGACGGGT-1	OZ258728_1_ORF2	1	1	27	27	TRUE	TRUE
ACCGGGGTCGAGGCGT-1	OZ258728_1_ORF2	0	0	1	1	FALSE	FALSE
ACCGGGGTCGCCTATA-1	MZ286258_1_ORF2	0	0	1	1	FALSE	FALSE
ACCGGGGTCGGCTGAA-1	OZ258728_1_ORF2	0	0	1	1	FALSE	FALSE
ACCGGTGCACGCACGA-1	meGFP	0	0	1	1	FALSE	TRUE
ACCGGTGCACTTCCTC-1	MZ286188_1_ORF2	0	0	1	1	FALSE	TRUE
ACCGGTGCAGACACAC-1	MZ286102_1_ORF2	0	0	2	2	TRUE	TRUE
ACCGGTGCATAAGCCA-1	MZ286188_1_ORF1	0	0	1	1	FALSE	TRUE
ACCGGTGCATCGGGCA-1	MZ286197_1_ORF1	1	1	11	11	TRUE	TRUE
ACCGGTGCATGGAGCT-1	meGFP	0	0	1	1	FALSE	FALSE
ACCGGTTTCCCATCAA-1	OZ258728_1_ORF2	0	0	1	1	FALSE	TRUE
ACCGGTTTCCGACATC-1	OP549859_1_ORF2	0	0	1	1	FALSE	TRUE
ACCGGTTTCCTCTACT-1	MZ286188_1_ORF2	0	0	1	1	FALSE	FALSE
ACCGGTTTCGATCCCG-1	OP549859_1_ORF1	0	0	3	3	TRUE	TRUE
ACCGGTTTCGCCTATA-1	OZ258728_1_ORF2	0	0	1	1	FALSE	TRUE
ACCGGTTTCGCTATGC-1	OP549859_1_ORF1	0	0	1	1	FALSE	FALSE
ACCGGTTTCGTAGACG-1	OP549859_1_ORF1	1	1	47	47	TRUE	TRUE
ACCGTGCGTAGCGTGG-1	MZ286102_1_ORF2	1	1	12	13	TRUE	TRUE
ACCGTGCGTAGGTAGC-1	MZ286102_1_ORF1	1	1	11	11	TRUE	TRUE
ACCGTGCGTAGTCGGG-1	MZ286188_1_ORF1	0	0	1	1	FALSE	FALSE
ACCGTGCGTCTAAGCT-1	OP549859_1_ORF1	1	1	71	71	TRUE	TRUE
ACCGTGCGTCTTGACG-1	MZ286102_1_ORF1	0	0	1	1	FALSE	FALSE
ACCGTGCGTGAGTTAG-1	meGFP	0	0	1	1	FALSE	FALSE
ACCGTGCGTGATGTCT-1	MZ286258_1_ORF1	1	1	21	21	TRUE	TRUE
ACCGTGCGTGATTACC-1	MZ286258_1_ORF1	1	1	15	15	TRUE	TRUE
ACCGTGCGTGGCATGG-1	OZ258728_1_ORF2	0	0	1	1	FALSE	FALSE
ACCGTGCGTGGCTTGC-1	OP549859_1_ORF1	0	0	1	1	FALSE	TRUE
ACCGTGCGTGGGTAGT-1	meGFP	0	0	1	1	FALSE	FALSE
ACCGTGCGTGTGGATA-1	MZ286197_1_ORF1	0	0	1	1	FALSE	FALSE
ACCGTGCGTTAGTTGC-1	MZ286197_1_ORF1	1	1	21	22	TRUE	TRUE
ACCGTGCGTTGTACGT-1	OZ258728_1_ORF2	1	1	47	47	TRUE	TRUE
ACCGTGCGTTGTGTGT-1	MZ286188_1_ORF1	0	0	1	1	FALSE	TRUE
ACCGTTATCCCGTAAC-1	OZ258728_1_ORF1	2	1	16	25	FALSE	TRUE
ACCGTTATCCTCTGGG-1	meGFP	0	0	1	1	FALSE	FALSE
ACCGTTATCGAACTAA-1	MZ286258_1_ORF1	1	0	9	9	TRUE	TRUE
ACCGTTATCGCACGAA-1	OZ258728_1_ORF2	0	0	1	1	FALSE	FALSE
ACCGTTATCTAGATTC-1	OZ258728_1_ORF2	0	0	1	1	FALSE	FALSE
ACCGTTATCTCTCAAG-1	OZ258728_1_ORF2	0	0	1	1	FALSE	FALSE
ACCGTTATCTGGACCT-1	MZ286258_1_ORF2	0	0	1	1	FALSE	FALSE
ACCGTTGGTAACGATG-1	OP549859_1_ORF1	0	0	1	2	FALSE	TRUE
ACCGTTGGTAATCACC-1	MZ286258_1_ORF2	0	0	1	2	FALSE	TRUE
ACCGTTGGTACCGGAG-1	MZ286258_1_ORF1	0	0	1	1	FALSE	FALSE
ACCGTTGGTCAAGCCC-1	meGFP	0	0	1	1	FALSE	FALSE
ACCGTTGGTGATGTCT-1	meGFP	0	0	1	1	FALSE	FALSE
ACCGTTGGTGGAAGGA-1	meGFP	0	0	2	2	TRUE	FALSE
ACCGTTGGTGGGTAAC-1	OZ258728_1_ORF2	0	0	1	1	FALSE	TRUE
ACCGTTGGTGGTGTGG-1	meGFP	0	0	1	1	FALSE	FALSE
ACCGTTGGTGTGTCGC-1	MZ286102_1_ORF2	1	0	4	4	TRUE	TRUE
ACCGTTGGTTACTTGA-1	meGFP	0	0	1	1	FALSE	FALSE
ACCGTTGGTTCTCATT-1	MZ286258_1_ORF2	1	1	14	14	TRUE	TRUE
ACCGTTGGTTTCCAGG-1	MZ286197_1_ORF1	0	0	1	1	FALSE	TRUE
ACCTCACAGAGGGACG-1	MZ286102_1_ORF1	0	0	1	1	FALSE	TRUE
ACCTCACAGCGGTAGC-1	OP549859_1_ORF1	0	0	1	1	FALSE	FALSE
ACCTCACAGGGTCAGC-1	OP549859_1_ORF1	1	1	119	119	TRUE	TRUE
ACCTCACAGTTAACCT-1	OP549859_1_ORF1	1	0	7	11	TRUE	TRUE
ACCTGGAAGCCACTTA-1	MZ286188_1_ORF1	0	0	1	2	FALSE	TRUE
ACCTGGAAGCCTCACG-1	OP549859_1_ORF2	1	0	9	9	TRUE	TRUE
ACCTGGAAGCGAGAGG-1	MZ286102_1_ORF2	0	0	1	1	FALSE	TRUE
ACCTGGAAGGCGTAAT-1	meGFP	0	0	1	1	FALSE	FALSE
ACCTGGAAGTTGCAGG-1	OZ258728_1_ORF2	0	0	1	1	FALSE	FALSE
ACCTGGCGTAACCGAA-1	OP549859_1_ORF2	0	0	1	1	FALSE	FALSE
ACCTGGCGTAAGCATG-1	OP549859_1_ORF1	0	0	1	1	FALSE	TRUE
ACCTGGCGTAGCCCTA-1	OZ258728_1_ORF1	1	1	14	16	TRUE	TRUE
ACCTGGCGTATTGGCT-1	OZ258728_1_ORF2	0	0	1	1	FALSE	TRUE
ACCTGGCGTCATCGTG-1	MZ286258_1_ORF1	1	0	7	7	TRUE	TRUE
ACCTGGCGTCCATGAT-1	MZ286102_1_ORF2	1	1	12	12	TRUE	TRUE
ACCTGGCGTCGCGAGA-1	OZ258728_1_ORF1	0	0	1	1	FALSE	TRUE
ACCTGGCGTCTTGCAG-1	OZ258728_1_ORF2	0	0	3	3	TRUE	TRUE
ACCTGTGGTACACCTG-1	OZ258728_1_ORF2	0	0	1	1	FALSE	FALSE
ACCTGTGGTACCCAAT-1	MZ286258_1_ORF1	0	0	1	1	FALSE	FALSE
ACCTGTGGTAGTATCC-1	meGFP	0	0	1	1	FALSE	TRUE
ACCTGTGGTCATACTA-1	MZ286102_1_ORF2	0	0	1	1	FALSE	FALSE
ACCTGTGGTCGCTACA-1	OZ258728_1_ORF1	0	0	3	4	TRUE	TRUE
ACCTGTGGTCTTGGGC-1	OZ258728_1_ORF2	0	0	1	1	FALSE	FALSE
ACCTGTGGTGAGAGGA-1	MZ286197_1_ORF1	0	0	1	1	FALSE	FALSE
ACCTGTGGTGCTGGCT-1	OZ258728_1_ORF2	0	0	1	1	FALSE	FALSE
ACCTGTGGTGGTGATA-1	MZ286102_1_ORF2	1	0	4	5	TRUE	TRUE
ACCTGTGGTTTAGGCT-1	OZ258728_1_ORF1	0	0	1	1	FALSE	FALSE
ACCTGTGGTTTGAACC-1	OP549859_1_ORF1	0	0	1	1	FALSE	TRUE
ACCTTACCAAGCGCCA-1	meGFP	0	0	1	1	FALSE	FALSE
ACCTTACCAATCACGA-1	OZ258728_1_ORF2	0	0	1	2	FALSE	TRUE
ACCTTACCAGCACTCC-1	MZ286102_1_ORF2	0	0	3	3	TRUE	TRUE
ACCTTACCATGATTCC-1	MZ286102_1_ORF2	1	1	22	24	TRUE	TRUE
ACCTTTGAGAACTGCG-1	meGFP	0	0	2	2	TRUE	TRUE
ACCTTTGAGATGCGGC-1	OP549859_1_ORF1	0	0	1	1	FALSE	FALSE
ACCTTTGAGGGCAACC-1	MZ286188_1_ORF2	0	0	1	1	FALSE	TRUE
ACGAAACTCCTTACAG-1	OZ258728_1_ORF2	0	0	1	2	FALSE	TRUE
ACGAAACTCGACACCT-1	OZ258728_1_ORF2	0	0	0	0	FALSE	TRUE
ACGAAACTCGAGCGGT-1	MZ286102_1_ORF2	0	0	1	1	FALSE	TRUE
ACGAAACTCGTTCACA-1	MZ286258_1_ORF1	0	0	1	1	FALSE	FALSE
ACGAAACTCTAAGCGG-1	MZ286188_1_ORF2	0	0	1	1	FALSE	TRUE
ACGAAACTCTAATTGC-1	MZ286258_1_ORF2	0	0	3	3	TRUE	FALSE
ACGAACGTCAATGCGG-1	MZ286102_1_ORF2	0	0	1	1	FALSE	FALSE
ACGAACGTCCAGAGGC-1	OZ258728_1_ORF1	0	0	1	1	FALSE	TRUE
ACGAACGTCCCTCGCT-1	MZ286197_1_ORF2	0	0	1	1	FALSE	TRUE
ACGAACGTCCTCGACG-1	MZ286197_1_ORF1	1	1	26	26	TRUE	TRUE
ACGAACGTCGAACCCT-1	OP549859_1_ORF2	0	0	0	0	FALSE	TRUE
ACGAACGTCGATGGAT-1	OP549859_1_ORF1	1	1	90	91	TRUE	TRUE
ACGAACGTCGCAAGGC-1	OZ258728_1_ORF2	0	0	1	1	FALSE	TRUE
ACGAACGTCGCTACTA-1	OZ258728_1_ORF2	0	0	1	1	FALSE	FALSE
ACGAACGTCGGTATGG-1	OP549859_1_ORF1	0	0	1	1	FALSE	FALSE
ACGAAGGCAAAGCCCG-1	MZ286102_1_ORF2	1	1	14	14	TRUE	TRUE
ACGAAGGCAATGGCTA-1	meGFP	1	0	8	9	TRUE	TRUE
ACGAAGGCAGCCCTGT-1	MZ286197_1_ORF1	1	0	9	9	TRUE	TRUE
ACGAAGGCAGCTCAGG-1	MZ286258_1_ORF2	0	0	1	1	FALSE	TRUE
ACGAATATCCGCCTGA-1	OZ258728_1_ORF1	0	0	1	2	FALSE	TRUE
ACGAATATCCGTCGCA-1	OZ258728_1_ORF2	0	0	1	1	FALSE	FALSE
ACGAATATCGAGCAGC-1	OZ258728_1_ORF1	1	1	32	33	TRUE	TRUE
ACGAATATCGTTCACA-1	MZ286197_1_ORF1	0	0	1	1	FALSE	TRUE
ACGAATATCTCTATCC-1	OZ258728_1_ORF2	0	0	1	1	FALSE	FALSE
ACGACAAGTAAGCCAA-1	OP549859_1_ORF1	0	0	1	1	FALSE	FALSE
ACGACAAGTCCCGAAC-1	OZ258728_1_ORF2	0	0	1	1	FALSE	FALSE
ACGACAAGTCCGTCAA-1	MZ286102_1_ORF2	0	0	1	1	FALSE	TRUE
ACGACAAGTGACCTTG-1	OZ258728_1_ORF2	0	0	1	1	FALSE	TRUE
ACGACAAGTGGGATTA-1	MZ286258_1_ORF2	2	0	5	10	FALSE	TRUE
ACGACAAGTTGCGGTC-1	OP549859_1_ORF1	0	0	1	1	FALSE	TRUE
ACGACAAGTTTGAAGG-1	MZ286197_1_ORF2	1	0	9	10	TRUE	TRUE
ACGACAAGTTTGGGTT-1	OZ258728_1_ORF2	0	0	1	1	FALSE	FALSE
ACGACACCACAACTAG-1	meGFP	1	1	50	50	TRUE	TRUE
ACGACACCACCAATCT-1	MZ286197_1_ORF2	1	0	9	9	TRUE	TRUE
ACGACACCACCAGGCA-1	OZ258728_1_ORF1	0	0	1	1	FALSE	FALSE
ACGACACCACTTCGGC-1	MZ286102_1_ORF2	0	0	1	1	FALSE	FALSE
ACGACACCAGCCTCGT-1	MZ286258_1_ORF2	0	0	1	1	FALSE	FALSE
ACGACACCAGGTAGAG-1	MZ286102_1_ORF2	1	1	10	11	TRUE	TRUE
ACGACACCAGTGTGAC-1	meGFP	1	1	11	11	TRUE	TRUE
ACGACACCATGCTCGC-1	OZ258728_1_ORF2	1	1	26	26	TRUE	TRUE
ACGACACCATTACTTG-1	MZ286197_1_ORF1	1	1	24	24	TRUE	TRUE
ACGACCTTCATCGTTG-1	meGFP	0	0	1	1	FALSE	TRUE
ACGACCTTCGATCCCG-1	OP549859_1_ORF2	0	0	1	2	FALSE	TRUE
ACGACCTTCTGTAATC-1	meGFP	0	0	1	1	FALSE	FALSE
ACGACTGAGAACTTAG-1	MZ286258_1_ORF2	1	0	9	9	TRUE	TRUE
ACGACTGAGAGGTTAC-1	MZ286197_1_ORF1	0	0	1	1	FALSE	TRUE
ACGACTGAGCTAGAGT-1	OP549859_1_ORF1	0	0	1	1	FALSE	FALSE
ACGACTGAGGAAGTAG-1	MZ286102_1_ORF2	0	0	1	1	FALSE	FALSE
ACGACTGAGGTAGGAA-1	MZ286197_1_ORF2	1	0	8	9	TRUE	TRUE
ACGACTGAGTAGTGTA-1	OZ258728_1_ORF2	0	0	1	1	FALSE	FALSE
ACGAGGACAACACCGG-1	MZ286258_1_ORF2	0	0	1	1	FALSE	TRUE
ACGAGGACAACCAGCG-1	OP549859_1_ORF1	1	1	53	55	TRUE	TRUE
ACGAGGACAACCGTGG-1	MZ286188_1_ORF1	0	0	1	1	FALSE	TRUE
ACGAGGACAACGGGTT-1	OP549859_1_ORF1	0	0	1	1	FALSE	FALSE
ACGAGGACAACTGGTA-1	MZ286102_1_ORF1	0	0	1	1	FALSE	TRUE
ACGAGGACAAGCGTTA-1	OZ258728_1_ORF2	0	0	1	1	FALSE	TRUE
ACGAGGACAGGTAGCT-1	MZ286102_1_ORF1	1	0	6	6	TRUE	TRUE
ACGAGGACATATCACC-1	MZ286188_1_ORF1	0	0	3	5	FALSE	TRUE
ACGAGGACATGTCTGT-1	OZ258728_1_ORF2	0	0	1	1	FALSE	FALSE
ACGAGGGAGACTTGCC-1	MZ286197_1_ORF2	1	0	7	7	TRUE	TRUE
ACGAGGGAGAGTCGCA-1	meGFP	0	0	1	1	FALSE	FALSE
ACGATACAGAACCGTG-1	OP549859_1_ORF1	1	1	17	17	TRUE	TRUE
ACGATACAGAAGTGAG-1	MZ286258_1_ORF2	2	1	16	25	FALSE	TRUE
ACGATACAGAAGTTGC-1	MZ286197_1_ORF2	0	0	2	3	FALSE	TRUE
ACGATACAGCCCGTCA-1	MZ286197_1_ORF1	0	0	1	1	FALSE	TRUE
ACGATACAGCCGGATA-1	meGFP	0	0	1	1	FALSE	TRUE
ACGATACAGCCTCACG-1	MZ286188_1_ORF1	1	1	12	13	TRUE	TRUE
ACGATACAGCGCTAGA-1	meGFP	0	0	2	3	FALSE	TRUE
ACGATACAGGGACTCA-1	MZ286102_1_ORF1	0	0	1	1	FALSE	TRUE
ACGATACAGGGTCAGC-1	MZ286188_1_ORF1	0	0	1	2	FALSE	TRUE
ACGATACAGGGTTCGA-1	MZ286188_1_ORF2	0	0	3	3	TRUE	TRUE
ACGATACAGTTACACT-1	OP549859_1_ORF1	0	0	1	1	FALSE	FALSE
ACGATACAGTTGCGTC-1	MZ286197_1_ORF1	0	0	1	1	FALSE	FALSE
ACGATATCAAATGCGC-1	MZ286188_1_ORF1	0	0	1	1	FALSE	TRUE
ACGATATCAACTTCGT-1	MZ286102_1_ORF1	0	0	1	1	FALSE	FALSE
ACGATATCACACTGGG-1	OZ258728_1_ORF2	0	0	1	1	FALSE	FALSE
ACGATATCACGATTGA-1	OP549859_1_ORF2	0	0	1	1	FALSE	TRUE
ACGATATCAGCTTAGA-1	MZ286258_1_ORF2	1	0	4	5	TRUE	TRUE
ACGATATCATAACTGG-1	meGFP	1	0	4	4	TRUE	FALSE
ACGATATCATAGACCA-1	OP549859_1_ORF2	0	0	1	1	FALSE	FALSE
ACGATATCATGGAGAG-1	OZ258728_1_ORF2	0	0	1	1	FALSE	FALSE
ACGATATCATGTCGGG-1	MZ286102_1_ORF1	0	0	1	1	FALSE	FALSE
ACGATATCATTAGAGT-1	meGFP	0	0	1	2	FALSE	TRUE
ACGATCGAGAGGTTAC-1	OZ258728_1_ORF2	0	0	1	1	FALSE	FALSE
ACGATCGAGCACCAGA-1	OP549859_1_ORF1	0	0	1	1	FALSE	FALSE
ACGATCGAGCGGATTG-1	OP549859_1_ORF1	0	0	1	1	FALSE	FALSE
ACGATCGAGCGGGACT-1	MZ286102_1_ORF1	1	1	10	10	TRUE	TRUE
ACGATCGAGCTTAGTT-1	OP549859_1_ORF1	0	0	2	2	TRUE	TRUE
ACGATCGAGGCTGCAA-1	OP549859_1_ORF1	1	1	139	140	TRUE	TRUE
ACGATCGAGGTAGACT-1	OZ258728_1_ORF2	1	0	4	5	TRUE	TRUE
ACGATCGAGTCCGTTA-1	OP549859_1_ORF1	0	0	1	1	FALSE	FALSE
ACGATCGAGTCTCACA-1	OP549859_1_ORF1	0	0	2	2	TRUE	FALSE
ACGATCGAGTGATAGC-1	MZ286102_1_ORF2	0	0	1	1	FALSE	FALSE
ACGATTGCACCGGACA-1	MZ286102_1_ORF2	0	0	2	2	TRUE	TRUE
ACGATTGCACTTGGAA-1	OP549859_1_ORF2	1	0	7	7	TRUE	TRUE
ACGATTGCATAGTAAC-1	MZ286258_1_ORF2	0	0	1	1	FALSE	FALSE
ACGATTGCATGCCCTA-1	OP549859_1_ORF2	0	0	1	1	FALSE	TRUE
ACGATTGCATTGGACA-1	OP549859_1_ORF1	0	0	1	1	FALSE	TRUE
ACGCAAGTCATCCGGT-1	OP549859_1_ORF1	0	0	1	1	FALSE	TRUE
ACGCAAGTCATCTAGT-1	OZ258728_1_ORF2	0	0	1	1	FALSE	FALSE
ACGCAAGTCATGGAAC-1	OP549859_1_ORF1	1	1	45	45	TRUE	TRUE
ACGCAAGTCCATGACC-1	MZ286188_1_ORF1	0	0	1	1	FALSE	FALSE
ACGCAAGTCCGCCACA-1	OZ258728_1_ORF2	0	0	1	1	FALSE	TRUE
ACGCAAGTCCGTGATC-1	OP549859_1_ORF1	0	0	1	1	FALSE	FALSE
ACGCAAGTCGGGATCA-1	OP549859_1_ORF1	1	1	48	48	TRUE	TRUE
ACGCAAGTCTACCAGC-1	OZ258728_1_ORF2	0	0	1	1	FALSE	TRUE
ACGCAAGTCTATACCG-1	MZ286188_1_ORF1	1	1	130	130	TRUE	TRUE
ACGCAAGTCTGCAATT-1	MZ286258_1_ORF2	1	0	8	8	TRUE	TRUE
ACGCAAGTCTGCCACG-1	OP549859_1_ORF1	0	0	1	2	FALSE	TRUE
ACGCATTGTATGGCCC-1	MZ286258_1_ORF1	0	0	3	3	TRUE	TRUE
ACGCATTGTCTTGGGC-1	MZ286188_1_ORF2	0	0	1	1	FALSE	TRUE
ACGCATTGTGGGTAGT-1	OZ258728_1_ORF2	0	0	1	1	FALSE	FALSE
ACGCCATTCATCAATC-1	MZ286258_1_ORF2	0	0	1	1	FALSE	TRUE
ACGCCATTCCGTGATC-1	MZ286102_1_ORF2	0	0	1	1	FALSE	FALSE
ACGCCATTCCTACTTC-1	OZ258728_1_ORF2	1	1	46	46	TRUE	TRUE
ACGCCATTCCTGGGAA-1	meGFP	1	1	25	29	TRUE	TRUE
ACGCCATTCTCGAGCT-1	MZ286188_1_ORF1	0	0	1	1	FALSE	FALSE
ACGCCATTCTGTAATC-1	OZ258728_1_ORF2	0	0	1	1	FALSE	FALSE
ACGCCCATCATTAACC-1	OZ258728_1_ORF1	0	0	1	1	FALSE	FALSE
ACGCCCATCCATAGCC-1	meGFP	0	0	1	1	FALSE	FALSE
ACGCCCATCGAATCAA-1	meGFP	0	0	1	1	FALSE	TRUE
ACGCCCATCTAGGCAG-1	OP549859_1_ORF1	0	0	1	1	FALSE	TRUE
ACGCCCATCTCGATTG-1	MZ286188_1_ORF1	0	0	1	1	FALSE	TRUE
ACGCCTAGTAGCATAG-1	OZ258728_1_ORF1	1	0	4	4	TRUE	TRUE
ACGCCTAGTGCTGGCT-1	MZ286197_1_ORF1	1	1	17	17	TRUE	TRUE
ACGCCTAGTGGCTTGC-1	OP549859_1_ORF1	0	0	1	1	FALSE	TRUE
ACGCGCACAACGTCCC-1	OP549859_1_ORF2	0	0	3	3	TRUE	TRUE
ACGCGCACACAACCAA-1	MZ286258_1_ORF2	0	0	1	1	FALSE	FALSE
ACGCGCACACTTCAAC-1	MZ286102_1_ORF2	1	0	4	5	TRUE	TRUE
ACGCGCCTCAACTATC-1	MZ286102_1_ORF1	1	0	8	8	TRUE	TRUE
ACGCGCCTCACCCTAA-1	MZ286197_1_ORF1	0	0	1	1	FALSE	FALSE
ACGCGCCTCACCCTGG-1	MZ286197_1_ORF1	1	1	35	36	TRUE	TRUE
ACGCGCCTCACTAATC-1	OP549859_1_ORF1	0	0	1	1	FALSE	FALSE
ACGCGCCTCATCCGGT-1	meGFP	2	1	25	32	TRUE	TRUE
ACGCGCCTCATGATCT-1	meGFP	0	0	1	1	FALSE	FALSE
ACGCGCCTCGACCTTA-1	MZ286188_1_ORF1	0	0	2	3	FALSE	TRUE
ACGCGCCTCGCACGAA-1	OP549859_1_ORF1	0	0	1	1	FALSE	FALSE
ACGCGCCTCGCGCATT-1	OZ258728_1_ORF2	0	0	2	4	FALSE	TRUE
ACGCGCCTCGCTAGTC-1	MZ286188_1_ORF2	0	0	1	1	FALSE	FALSE
ACGCGCCTCGTTCCGG-1	OP549859_1_ORF1	0	0	1	1	FALSE	FALSE
ACGCGCCTCTGTGGCT-1	MZ286188_1_ORF2	1	0	5	6	TRUE	TRUE
ACGCGCTGTCGACATT-1	OZ258728_1_ORF2	0	0	1	1	FALSE	TRUE
ACGCGCTGTCGTCACA-1	meGFP	1	1	15	15	TRUE	TRUE
ACGCGCTGTGAATGTG-1	OP549859_1_ORF1	1	0	5	7	TRUE	TRUE
ACGCGCTGTGACCCTA-1	OZ258728_1_ORF1	0	0	1	1	FALSE	FALSE
ACGCGCTGTGGAAGGA-1	meGFP	0	0	2	2	TRUE	FALSE
ACGCGCTGTTCGATTA-1	OP549859_1_ORF1	0	0	1	1	FALSE	FALSE
ACGCGCTGTTTCCAGG-1	OZ258728_1_ORF2	0	0	1	1	FALSE	TRUE
ACGCGTGCAAGTCGGT-1	MZ286102_1_ORF1	1	1	15	16	TRUE	TRUE
ACGCGTGCACTGACTT-1	MZ286188_1_ORF1	0	0	1	1	FALSE	TRUE
ACGCGTGCATCCCGAC-1	MZ286258_1_ORF2	0	0	1	1	FALSE	TRUE
ACGCGTGCATCCCGGT-1	OP549859_1_ORF2	1	0	4	4	TRUE	TRUE
ACGCGTGCATGGTAAT-1	OP549859_1_ORF2	1	0	4	4	TRUE	TRUE
ACGCGTTTCGACTCTA-1	MZ286197_1_ORF1	0	0	2	4	FALSE	TRUE
ACGCGTTTCGGCTCCA-1	OZ258728_1_ORF2	0	0	1	1	FALSE	FALSE
ACGCGTTTCGTAGACG-1	MZ286197_1_ORF2	1	0	4	4	TRUE	TRUE
ACGCGTTTCTACTCCT-1	MZ286197_1_ORF1	0	0	1	1	FALSE	FALSE
ACGCGTTTCTAGCCCG-1	MZ286258_1_ORF2	0	0	1	1	FALSE	TRUE
ACGCGTTTCTCCATCT-1	MZ286258_1_ORF2	0	0	1	1	FALSE	TRUE
ACGCTATGTAGGCTCC-1	OZ258728_1_ORF2	0	0	1	1	FALSE	TRUE
ACGCTATGTCATTCCC-1	MZ286197_1_ORF1	0	0	3	4	TRUE	TRUE
ACGCTATGTGCGCGTT-1	meGFP	0	0	1	1	FALSE	FALSE
ACGCTATGTTAGATGG-1	MZ286197_1_ORF2	0	0	2	4	FALSE	TRUE
ACGCTATGTTCTATCT-1	MZ286188_1_ORF1	0	0	1	1	FALSE	TRUE
ACGCTTGGTACCGATT-1	MZ286102_1_ORF1	0	0	1	2	FALSE	TRUE
ACGCTTGGTAGCATAG-1	OZ258728_1_ORF2	1	1	23	24	TRUE	TRUE
ACGCTTGGTAGCCATT-1	MZ286188_1_ORF1	1	1	22	22	TRUE	TRUE
ACGCTTGGTCGCTACA-1	OP549859_1_ORF1	0	0	1	1	FALSE	FALSE
ACGCTTGGTGAACGGT-1	OP549859_1_ORF1	0	0	1	1	FALSE	FALSE
ACGCTTGGTGCCGGAA-1	MZ286102_1_ORF2	1	1	12	12	TRUE	TRUE
ACGCTTGGTGGTGTGG-1	OZ258728_1_ORF2	0	0	1	1	FALSE	FALSE
ACGCTTGGTGTCTATA-1	OP549859_1_ORF1	0	0	1	1	FALSE	FALSE
ACGCTTGGTTGGTTAC-1	OP549859_1_ORF1	0	0	1	1	FALSE	FALSE
ACGCTTTCAATCACGA-1	MZ286258_1_ORF1	0	0	1	1	FALSE	FALSE
ACGCTTTCACGTATAG-1	OP549859_1_ORF1	0	0	1	1	FALSE	FALSE
ACGCTTTCACGTGAAC-1	meGFP	1	1	31	33	TRUE	TRUE
ACGCTTTCAGGCGCTA-1	OZ258728_1_ORF2	0	0	1	1	FALSE	FALSE
ACGCTTTCATCAGCAA-1	MZ286188_1_ORF1	0	0	1	1	FALSE	TRUE
ACGGACATCCCGTAAC-1	MZ286197_1_ORF1	1	1	24	25	TRUE	TRUE
ACGGACATCGCTTGAC-1	MZ286197_1_ORF2	0	0	2	2	TRUE	TRUE
ACGGACATCGGCTTCG-1	OZ258728_1_ORF2	0	0	1	1	FALSE	FALSE
ACGGACATCGGGAAGG-1	meGFP	1	1	19	20	TRUE	TRUE
ACGGACATCTGCCATA-1	meGFP	0	0	1	1	FALSE	FALSE
ACGGACATCTGCCTGG-1	MZ286188_1_ORF1	0	0	1	1	FALSE	TRUE
ACGGACCAGAATGGAG-1	meGFP	0	0	2	2	TRUE	FALSE
ACGGACCAGACTTGCC-1	OP549859_1_ORF1	1	1	42	43	TRUE	TRUE
ACGGACCAGAGGTCTG-1	OZ258728_1_ORF2	0	0	1	1	FALSE	FALSE
ACGGACCAGCCCTGCA-1	MZ286258_1_ORF2	0	0	1	1	FALSE	FALSE
ACGGACCAGCTGTCGT-1	MZ286197_1_ORF2	1	0	7	7	TRUE	TRUE
ACGGACCAGGCTTCAC-1	OZ258728_1_ORF2	0	0	1	1	FALSE	TRUE
ACGGACCAGGGGAACG-1	MZ286258_1_ORF1	0	0	2	2	TRUE	TRUE
ACGGACCAGTTGAATG-1	OZ258728_1_ORF2	0	0	2	3	FALSE	TRUE
ACGGCCACAACGGGTT-1	MZ286258_1_ORF2	0	0	3	3	TRUE	TRUE
ACGGCCACAGGTCTAA-1	meGFP	1	1	12	13	TRUE	TRUE
ACGGCCACATTAACGG-1	meGFP	1	1	40	40	TRUE	TRUE
ACGGCCACATTAGGGC-1	meGFP	1	1	43	43	TRUE	TRUE
ACGGCCCTCAACCTTG-1	OZ258728_1_ORF1	0	0	1	1	FALSE	TRUE
ACGGCCCTCACTTGCA-1	MZ286258_1_ORF2	1	0	6	7	TRUE	TRUE
ACGGCCCTCCGACAGA-1	MZ286258_1_ORF1	0	0	1	1	FALSE	TRUE
ACGGCCCTCCGGATTC-1	MZ286102_1_ORF2	1	1	17	17	TRUE	TRUE
ACGGCCCTCGACACCT-1	MZ286188_1_ORF1	0	0	2	2	TRUE	TRUE
ACGGCCCTCGTCACCG-1	OP549859_1_ORF2	1	0	7	7	TRUE	TRUE
ACGGCCCTCTCGCTCC-1	OP549859_1_ORF2	0	0	1	1	FALSE	FALSE
ACGGCCCTCTTCGGCG-1	OZ258728_1_ORF2	0	0	1	1	FALSE	TRUE
ACGGCTGCAAATGAGA-1	MZ286188_1_ORF1	0	0	1	1	FALSE	TRUE
ACGGCTGCAACCAGCG-1	MZ286258_1_ORF2	0	0	3	3	TRUE	TRUE
ACGGCTGCAACGGACT-1	meGFP	0	0	1	2	FALSE	TRUE
ACGGCTGCAGTTCGCC-1	MZ286188_1_ORF2	0	0	1	2	FALSE	TRUE
ACGGCTGCATCACTGT-1	MZ286258_1_ORF2	1	0	4	5	TRUE	TRUE
ACGGCTGCATCCCGAC-1	OZ258728_1_ORF2	0	0	1	1	FALSE	TRUE
ACGGCTGCATTACTTG-1	MZ286258_1_ORF2	0	0	1	1	FALSE	FALSE
ACGGCTTTCCAATGAA-1	MZ286197_1_ORF1	1	1	62	62	TRUE	TRUE
ACGGCTTTCCGCCACA-1	MZ286258_1_ORF2	1	0	6	6	TRUE	TRUE
ACGGCTTTCTAATTGC-1	OZ258728_1_ORF2	0	0	1	1	FALSE	TRUE
ACGGCTTTCTATACCG-1	OP549859_1_ORF1	0	0	1	1	FALSE	FALSE
ACGGCTTTCTGCCATA-1	meGFP	0	0	1	1	FALSE	FALSE
ACGGCTTTCTGGGACA-1	MZ286188_1_ORF1	0	0	1	1	FALSE	FALSE
ACGGCTTTCTGGTTGC-1	meGFP	0	0	1	1	FALSE	FALSE
ACGGGGAAGAAGCCTG-1	OZ258728_1_ORF2	1	1	176	177	TRUE	TRUE
ACGGGGAAGACCGATG-1	OZ258728_1_ORF1	0	0	1	1	FALSE	FALSE
ACGGGGAAGATCCTGC-1	OZ258728_1_ORF2	0	0	1	1	FALSE	FALSE
ACGGGGAAGCGGATTG-1	OZ258728_1_ORF2	0	0	1	1	FALSE	FALSE
ACGGGGAAGCGTGCTT-1	OZ258728_1_ORF2	0	0	1	1	FALSE	FALSE
ACGGGGAAGCTAGAGT-1	meGFP	0	0	1	1	FALSE	FALSE
ACGGGGAAGCTCGTTA-1	meGFP	1	1	75	76	TRUE	TRUE
ACGGGGAAGGCCTAAG-1	OZ258728_1_ORF2	0	0	3	3	TRUE	TRUE
ACGGGGAAGGGAGTAA-1	OP549859_1_ORF1	0	0	1	1	FALSE	TRUE
ACGGGGAAGGGTCAGC-1	OZ258728_1_ORF2	0	0	1	1	FALSE	FALSE
ACGGGGAAGGTTCGGA-1	MZ286188_1_ORF1	0	0	3	5	FALSE	TRUE
ACGGGGAAGTGTCGCT-1	OZ258728_1_ORF1	1	1	14	14	TRUE	TRUE
ACGGGGAAGTTGGCCT-1	meGFP	0	0	1	1	FALSE	FALSE
ACGTAAGGTCAGCCGT-1	meGFP	1	1	72	72	TRUE	TRUE
ACGTAAGGTCATCGTG-1	OZ258728_1_ORF2	0	0	1	1	FALSE	FALSE
ACGTAAGGTCCGAATT-1	MZ286258_1_ORF1	0	0	1	1	FALSE	TRUE
ACGTAAGGTCTCAGGC-1	MZ286102_1_ORF2	0	0	3	3	TRUE	TRUE
ACGTAAGGTGCAACCC-1	OZ258728_1_ORF1	0	0	1	1	FALSE	FALSE
ACGTAAGGTGCAGGCA-1	OZ258728_1_ORF2	0	0	1	3	FALSE	TRUE
ACGTAAGGTGCATGAA-1	meGFP	1	1	59	59	TRUE	TRUE
ACGTAAGGTGGGTCGA-1	meGFP	1	1	34	34	TRUE	TRUE
ACGTGAGTCACCCTGG-1	OZ258728_1_ORF2	0	0	1	1	FALSE	FALSE
ACGTGAGTCGAACGTG-1	MZ286102_1_ORF2	0	0	1	1	FALSE	TRUE
ACGTGAGTCGCCCAAT-1	OZ258728_1_ORF2	0	0	1	1	FALSE	TRUE
ACGTGAGTCGCCTGTG-1	OZ258728_1_ORF2	0	0	1	1	FALSE	FALSE
ACGTGAGTCGGCCATT-1	OZ258728_1_ORF2	1	1	41	41	TRUE	TRUE
ACGTGAGTCTGGACGA-1	OZ258728_1_ORF2	0	0	1	1	FALSE	FALSE
ACGTGAGTCTGGTTGC-1	OZ258728_1_ORF2	0	0	1	1	FALSE	FALSE
ACGTGAGTCTGTATGT-1	meGFP	0	0	1	1	FALSE	FALSE
ACGTGAGTCTTCGTAG-1	MZ286188_1_ORF2	0	0	3	3	TRUE	TRUE
ACGTGAGTCTTGCCTT-1	OP549859_1_ORF1	0	0	1	2	FALSE	TRUE
ACGTGATAGAATGGAG-1	OP549859_1_ORF1	1	1	29	29	TRUE	TRUE
ACGTGATAGACTCGCT-1	OP549859_1_ORF2	0	0	2	2	TRUE	TRUE
ACGTGATAGATTCGGG-1	OP549859_1_ORF1	0	0	2	3	FALSE	TRUE
ACGTGATAGCCTCTGG-1	meGFP	0	0	1	1	FALSE	TRUE
ACGTGATAGCTCCGCA-1	MZ286258_1_ORF2	0	0	3	3	TRUE	TRUE
ACGTGATAGCTCTCAA-1	OZ258728_1_ORF1	0	0	2	2	TRUE	FALSE
ACGTGATAGCTTGACC-1	MZ286102_1_ORF2	0	0	1	1	FALSE	TRUE
ACGTGATAGCTTGAGG-1	OZ258728_1_ORF2	0	0	1	1	FALSE	TRUE
ACGTGATAGTAGAGGA-1	MZ286188_1_ORF1	1	0	6	7	TRUE	TRUE
ACGTGCAAGAATGCTA-1	MZ286188_1_ORF1	0	0	1	1	FALSE	FALSE
ACGTGCAAGAGGTTAC-1	MZ286197_1_ORF1	0	0	1	1	FALSE	TRUE
ACGTGCAAGCGCAGTA-1	OZ258728_1_ORF2	2	1	43	49	TRUE	TRUE
ACGTGCAAGCTCTAGC-1	OP549859_1_ORF2	0	0	3	4	TRUE	TRUE
ACGTGCAAGGCTTGCT-1	MZ286102_1_ORF1	0	0	1	1	FALSE	TRUE
ACGTGCAAGGGCATCA-1	meGFP	2	1	16	26	FALSE	TRUE
ACGTGCAAGTGCCTGT-1	OP549859_1_ORF1	0	0	1	1	FALSE	FALSE
ACGTTCGGTAATGGGC-1	MZ286188_1_ORF1	0	0	1	1	FALSE	FALSE
ACGTTCGGTAATGTCC-1	OP549859_1_ORF1	0	0	1	1	FALSE	TRUE
ACGTTCGGTCAGCCAC-1	OZ258728_1_ORF1	1	1	30	30	TRUE	TRUE
ACGTTCGGTCCAACCA-1	OZ258728_1_ORF1	0	0	1	1	FALSE	TRUE
ACGTTCGGTGGCTTGC-1	MZ286258_1_ORF2	1	1	10	10	TRUE	TRUE
ACGTTCGGTTAACCAC-1	OZ258728_1_ORF2	1	1	86	86	TRUE	TRUE
ACGTTCGGTTATGCAC-1	MZ286258_1_ORF2	0	0	3	3	TRUE	TRUE
ACGTTCTCAAGCGCCA-1	meGFP	0	0	1	1	FALSE	TRUE
ACGTTCTCACGGTTCC-1	meGFP	1	1	26	26	TRUE	TRUE
ACGTTCTCAGGTAGCT-1	MZ286258_1_ORF2	1	0	8	9	TRUE	TRUE
ACGTTCTCAGTACGGT-1	meGFP	0	0	1	1	FALSE	FALSE
ACGTTCTCAGTTCGCC-1	MZ286188_1_ORF1	1	0	8	9	TRUE	TRUE
ACGTTCTCATGGAGAG-1	MZ286188_1_ORF1	0	0	1	1	FALSE	FALSE
ACGTTGGAGCCTTCCC-1	OP549859_1_ORF2	1	0	8	8	TRUE	TRUE
ACGTTGGAGGTTCATT-1	MZ286102_1_ORF1	0	0	1	1	FALSE	FALSE
ACGTTGGAGGTTCGGA-1	OP549859_1_ORF2	0	0	1	1	FALSE	TRUE
ACGTTGGAGTGGAGCC-1	MZ286258_1_ORF2	0	0	1	1	FALSE	FALSE
ACGTTTCCAAACGGCT-1	OP549859_1_ORF1	0	0	1	1	FALSE	FALSE
ACGTTTCCAATCGTTC-1	OZ258728_1_ORF2	0	0	1	1	FALSE	FALSE
ACGTTTCCAATCTCAC-1	OZ258728_1_ORF2	0	0	1	1	FALSE	TRUE
ACGTTTCCACACACTT-1	MZ286258_1_ORF2	1	0	7	7	TRUE	TRUE
ACGTTTCCACAGATCA-1	MZ286102_1_ORF2	1	0	4	4	TRUE	TRUE
ACGTTTCCACCTGCAC-1	OP549859_1_ORF1	1	1	19	19	TRUE	TRUE
ACGTTTCCAGCTCAGG-1	MZ286188_1_ORF1	1	1	24	24	TRUE	TRUE
ACGTTTCCATAAGCCA-1	MZ286258_1_ORF2	1	1	31	32	TRUE	TRUE
ACGTTTCCATCAGAGC-1	meGFP	1	1	33	33	TRUE	TRUE
ACGTTTCCATGTCGAA-1	meGFP	0	0	1	1	FALSE	FALSE
ACTAAGATCCACCAGT-1	meGFP	0	0	1	1	FALSE	FALSE
ACTAAGATCCCTCTAT-1	meGFP	1	0	6	7	TRUE	TRUE
ACTAAGATCGCCTGCA-1	meGFP	0	0	1	1	FALSE	FALSE
ACTAAGATCTCTATCC-1	meGFP	1	0	5	6	TRUE	TRUE
ACTAATGAGAACTTAG-1	MZ286188_1_ORF2	1	0	6	6	TRUE	TRUE
ACTAATGAGCGGAACC-1	OZ258728_1_ORF2	0	0	1	1	FALSE	FALSE
ACTAATGAGGGCCGAT-1	meGFP	1	1	14	14	TRUE	FALSE
ACTAATGAGGGGCAAG-1	MZ286258_1_ORF2	0	0	1	1	FALSE	TRUE
ACTAATGAGGTAGGAA-1	MZ286102_1_ORF1	0	0	1	1	FALSE	TRUE
ACTAATGAGTGGGTTG-1	OP549859_1_ORF1	0	0	1	1	FALSE	FALSE
ACTAATGAGTTGCACC-1	MZ286188_1_ORF1	1	1	48	48	TRUE	TRUE
ACTACAGCAAACTAAC-1	OP549859_1_ORF2	0	0	1	1	FALSE	TRUE
ACTACAGCAACTTCGT-1	meGFP	0	0	1	1	FALSE	TRUE
ACTACAGCAAGCCATA-1	meGFP	1	1	26	26	TRUE	TRUE
ACTACAGCAATGTAGT-1	OZ258728_1_ORF2	1	1	42	43	TRUE	TRUE
ACTACAGCACAGTATG-1	MZ286188_1_ORF1	1	1	13	14	TRUE	TRUE
ACTACAGCACCCTGAC-1	MZ286197_1_ORF2	0	0	3	3	TRUE	TRUE
ACTACAGCACGATCCC-1	OP549859_1_ORF1	1	0	4	5	TRUE	TRUE
ACTACAGCAGACCGCA-1	meGFP	0	0	1	1	FALSE	FALSE
ACTACAGCAGAGCCTG-1	OZ258728_1_ORF2	0	0	1	1	FALSE	TRUE
ACTACAGCAGCATCAA-1	meGFP	0	0	1	2	FALSE	TRUE
ACTACAGCATCCCGGT-1	OZ258728_1_ORF2	0	0	1	1	FALSE	FALSE
ACTACGACAATACCCT-1	MZ286102_1_ORF2	1	0	5	5	TRUE	TRUE
ACTACGACATAGACCA-1	MZ286188_1_ORF2	0	0	3	3	TRUE	TRUE
ACTACGACATTACCCG-1	OP549859_1_ORF2	1	1	13	14	TRUE	TRUE
ACTACGGAGACTTGCC-1	OZ258728_1_ORF2	0	0	1	1	FALSE	FALSE
ACTACGGAGAGCTGGC-1	MZ286102_1_ORF2	0	0	1	1	FALSE	TRUE
ACTACGGAGAGGACTT-1	MZ286102_1_ORF2	0	0	1	1	FALSE	TRUE
ACTACGGAGCCTGTGT-1	MZ286102_1_ORF2	0	0	2	5	FALSE	TRUE
ACTACGGAGCGAACTG-1	OZ258728_1_ORF2	0	0	1	1	FALSE	FALSE
ACTACGGAGCGCTTAC-1	OZ258728_1_ORF2	1	1	134	135	TRUE	TRUE
ACTACGGAGCGTGCAA-1	OP549859_1_ORF1	0	0	1	1	FALSE	TRUE
ACTACGGAGCTAGAGT-1	OP549859_1_ORF1	0	0	1	1	FALSE	FALSE
ACTACGGAGGACACCA-1	MZ286258_1_ORF1	0	0	1	1	FALSE	FALSE
ACTACGGAGGAGTGAA-1	MZ286197_1_ORF1	0	0	1	1	FALSE	FALSE
ACTACGGAGGCGTAAT-1	MZ286188_1_ORF2	0	0	1	1	FALSE	FALSE
ACTACGGAGGGGACAG-1	OZ258728_1_ORF2	0	0	1	1	FALSE	TRUE
ACTACGGAGTATACCT-1	OZ258728_1_ORF2	0	0	1	1	FALSE	FALSE
ACTACGGAGTATGTCT-1	OP549859_1_ORF2	1	1	11	11	TRUE	TRUE
ACTACGGAGTCAACCC-1	MZ286197_1_ORF1	0	0	1	1	FALSE	FALSE
ACTACGGAGTGCTGCT-1	MZ286102_1_ORF2	0	0	1	1	FALSE	FALSE
ACTATCAGTACGACTT-1	OP549859_1_ORF1	0	0	1	1	FALSE	FALSE
ACTATCAGTGGATGAC-1	MZ286258_1_ORF1	1	1	56	56	TRUE	TRUE
ACTATCAGTGGCCAGA-1	OZ258728_1_ORF2	0	0	1	1	FALSE	FALSE
ACTATCCCAACGTGCG-1	MZ286188_1_ORF1	1	0	4	4	TRUE	TRUE
ACTATCCCAAGCGTTA-1	MZ286197_1_ORF1	0	0	1	1	FALSE	TRUE
ACTATCCCACCCTATG-1	MZ286102_1_ORF1	0	0	1	1	FALSE	FALSE
ACTATCCCACGGTTCC-1	OZ258728_1_ORF2	1	1	26	26	TRUE	TRUE
ACTATCCCAGAACTAT-1	MZ286258_1_ORF2	0	0	2	2	TRUE	TRUE
ACTATCCCAGTTGGTA-1	OZ258728_1_ORF2	0	0	1	1	FALSE	FALSE
ACTATCCCATGCAGAC-1	meGFP	1	1	46	46	TRUE	TRUE
ACTATCTAGACGCAAT-1	OP549859_1_ORF2	0	0	3	3	TRUE	TRUE
ACTATCTAGCGGGCAT-1	OZ258728_1_ORF1	1	1	12	12	TRUE	TRUE
ACTATCTAGGCGTAAT-1	OP549859_1_ORF2	1	1	16	16	TRUE	TRUE
ACTATCTAGGCTCTGT-1	meGFP	1	1	21	22	TRUE	TRUE
ACTATCTAGGGGCTTA-1	OP549859_1_ORF1	0	0	1	1	FALSE	TRUE
ACTATGGCAAACGGCT-1	OZ258728_1_ORF2	0	0	1	1	FALSE	FALSE
ACTATGGCAAACGGGA-1	MZ286188_1_ORF1	1	0	9	9	TRUE	TRUE
ACTATGGCAACACCAA-1	OP549859_1_ORF1	1	1	12	12	TRUE	TRUE
ACTATGGCACGTTACT-1	MZ286102_1_ORF2	0	0	1	1	FALSE	FALSE
ACTATGGCACTGAGGT-1	MZ286102_1_ORF1	0	0	1	1	FALSE	TRUE
ACTATGTTCACGGTAG-1	MZ286258_1_ORF1	0	0	1	1	FALSE	FALSE
ACTATGTTCATCCGAC-1	MZ286197_1_ORF1	1	0	5	5	TRUE	FALSE
ACTATGTTCGGCTCCA-1	MZ286102_1_ORF2	1	1	11	11	TRUE	TRUE
ACTCAGGAGACACTAA-1	MZ286258_1_ORF2	1	1	10	10	TRUE	TRUE
ACTCAGGAGCAGCCTT-1	MZ286258_1_ORF1	0	0	1	1	FALSE	TRUE
ACTCAGGAGCGGGAAG-1	MZ286197_1_ORF2	0	0	2	3	FALSE	TRUE
ACTCAGGAGCGGGACT-1	MZ286258_1_ORF1	0	0	1	1	FALSE	FALSE
ACTCAGGAGGTTCATT-1	MZ286102_1_ORF2	0	0	1	1	FALSE	FALSE
ACTCATTAGCGACGGT-1	OP549859_1_ORF1	0	0	1	3	FALSE	TRUE
ACTCATTAGCGTGCTT-1	MZ286102_1_ORF2	0	0	1	1	FALSE	FALSE
ACTCATTAGCTTGATT-1	MZ286102_1_ORF2	0	0	1	1	FALSE	FALSE
ACTCATTAGTAATCCT-1	MZ286258_1_ORF1	1	0	4	4	TRUE	TRUE
ACTCATTAGTCCTCAA-1	OZ258728_1_ORF2	0	0	1	1	FALSE	FALSE
ACTCTATAGACCCATC-1	MZ286188_1_ORF2	0	0	2	2	TRUE	TRUE
ACTCTATAGGGATGGG-1	MZ286188_1_ORF1	0	0	1	2	FALSE	TRUE
ACTCTATAGGGGTAGG-1	OP549859_1_ORF2	1	0	4	4	TRUE	TRUE
ACTCTATAGTATCGAA-1	OZ258728_1_ORF2	0	0	1	1	FALSE	FALSE
ACTCTCAAGAATCAGC-1	OZ258728_1_ORF2	2	1	31	37	TRUE	TRUE
ACTCTCAAGACTTACT-1	OZ258728_1_ORF2	0	0	1	1	FALSE	FALSE
ACTCTCAAGGAATGAG-1	MZ286102_1_ORF2	1	1	26	26	TRUE	TRUE
ACTCTCAAGGATCGCA-1	MZ286188_1_ORF2	0	0	1	1	FALSE	TRUE
ACTCTCAAGTCCGCTG-1	MZ286258_1_ORF1	1	1	10	12	TRUE	TRUE
ACTCTCAAGTTAACCT-1	MZ286197_1_ORF2	0	0	2	2	TRUE	TRUE
ACTCTCAAGTTGCAGG-1	OP549859_1_ORF1	0	0	1	2	FALSE	FALSE
ACTGAAGGTAATCCGT-1	MZ286197_1_ORF1	0	0	1	1	FALSE	TRUE
ACTGAAGGTATTGCGT-1	OP549859_1_ORF2	0	0	1	1	FALSE	FALSE
ACTGAAGGTCAGTCGC-1	MZ286258_1_ORF2	1	1	11	11	TRUE	TRUE
ACTGAAGGTCTTACCC-1	MZ286258_1_ORF2	1	0	8	9	TRUE	TRUE
ACTGAAGGTGCCTAAT-1	MZ286102_1_ORF2	0	0	1	1	FALSE	TRUE
ACTGAAGGTGGGTAAC-1	OP549859_1_ORF1	1	1	12	13	TRUE	TRUE
ACTGAGAGTAAGTTGG-1	MZ286258_1_ORF2	0	0	1	1	FALSE	TRUE
ACTGAGAGTCACTAAC-1	meGFP	0	0	1	1	FALSE	FALSE
ACTGAGAGTGAGATAT-1	MZ286197_1_ORF1	1	0	5	6	TRUE	TRUE
ACTGAGAGTGATCAAG-1	OZ258728_1_ORF2	0	0	1	1	FALSE	FALSE
ACTGAGAGTGCAAGCG-1	OP549859_1_ORF1	0	0	1	1	FALSE	TRUE
ACTGAGAGTGTACCAT-1	MZ286188_1_ORF1	0	0	1	1	FALSE	FALSE
ACTGAGAGTGTCTGTG-1	MZ286188_1_ORF2	1	1	15	16	TRUE	TRUE
ACTGAGAGTTGGACCC-1	MZ286258_1_ORF2	0	0	1	1	FALSE	FALSE
ACTGAGAGTTGGTGAA-1	OZ258728_1_ORF1	1	0	4	4	TRUE	FALSE
ACTGCATGTAGCTCGC-1	MZ286188_1_ORF1	0	0	1	1	FALSE	FALSE
ACTGCATGTCTTACCC-1	OZ258728_1_ORF2	0	0	1	1	FALSE	FALSE
ACTGCATGTGACCTCA-1	OZ258728_1_ORF2	0	0	1	1	FALSE	TRUE
ACTGCATGTGCTTAAC-1	MZ286197_1_ORF1	0	0	1	1	FALSE	FALSE
ACTGCATGTGGAAGCT-1	OZ258728_1_ORF2	0	0	1	1	FALSE	TRUE
ACTGCATGTTAGCTTA-1	OZ258728_1_ORF2	1	1	87	87	TRUE	TRUE
ACTGCATGTTCCACTC-1	MZ286102_1_ORF2	0	0	1	1	FALSE	FALSE
ACTGCATGTTCGTCTC-1	MZ286102_1_ORF2	0	0	3	3	TRUE	TRUE
ACTGCCCCACGCCTGT-1	meGFP	0	0	1	1	FALSE	TRUE
ACTGCCCCACGGGTAT-1	OP549859_1_ORF2	0	0	1	1	FALSE	TRUE
ACTGCCCCACTAGTCT-1	OZ258728_1_ORF1	0	0	1	1	FALSE	FALSE
ACTGCCCCAGGACGAA-1	MZ286102_1_ORF2	1	0	4	5	TRUE	TRUE
ACTGGCAAGACACGCA-1	MZ286102_1_ORF2	0	0	2	2	TRUE	TRUE
ACTGGCAAGACCGATG-1	OZ258728_1_ORF2	0	0	1	1	FALSE	FALSE
ACTGGCAAGAGATTGC-1	OP549859_1_ORF1	0	0	1	1	FALSE	FALSE
ACTGGGATCAAGCGTG-1	OZ258728_1_ORF2	0	0	1	2	FALSE	TRUE
ACTGGGATCGCTTAAT-1	OZ258728_1_ORF1	0	0	2	3	FALSE	TRUE
ACTGGGATCTGGTGTC-1	MZ286102_1_ORF2	0	0	1	1	FALSE	FALSE
ACTGGTACACAAGCCG-1	MZ286197_1_ORF1	0	0	1	1	FALSE	TRUE
ACTGGTACACGATTGA-1	OZ258728_1_ORF2	0	0	1	1	FALSE	FALSE
ACTGGTACACGCTACC-1	meGFP	1	1	14	15	TRUE	TRUE
ACTGGTACACGTTACT-1	OP549859_1_ORF1	0	0	2	2	TRUE	FALSE
ACTGGTACACTCGTCA-1	OP549859_1_ORF1	1	1	37	37	TRUE	TRUE
ACTGGTACATAGGATT-1	MZ286102_1_ORF1	0	0	1	1	FALSE	FALSE
ACTGGTACATGAAGGG-1	MZ286197_1_ORF1	0	0	1	1	FALSE	FALSE
ACTGTTAGTAATCGCT-1	meGFP	0	0	1	3	FALSE	TRUE
ACTGTTAGTACGAATG-1	MZ286102_1_ORF2	1	1	29	29	TRUE	TRUE
ACTGTTAGTTACCTAA-1	MZ286102_1_ORF2	0	0	1	1	FALSE	TRUE
ACTGTTAGTTAGATGG-1	MZ286258_1_ORF2	0	0	1	2	FALSE	TRUE
ACTGTTAGTTGCGGAG-1	OZ258728_1_ORF2	1	1	43	44	TRUE	TRUE
ACTGTTAGTTTGAACC-1	OP549859_1_ORF1	0	0	1	3	FALSE	TRUE
ACTGTTAGTTTGGGTT-1	OZ258728_1_ORF2	1	0	4	4	TRUE	TRUE
ACTTACCCAATCCGGG-1	meGFP	0	0	1	1	FALSE	TRUE
ACTTACCCACTACGGG-1	MZ286197_1_ORF1	0	0	2	2	TRUE	TRUE
ACTTACCCAGCCTCGT-1	MZ286102_1_ORF2	1	1	11	11	TRUE	TRUE
ACTTACCCAGTCTCAT-1	MZ286102_1_ORF1	1	0	8	8	TRUE	TRUE
ACTTACCCATTGAAGT-1	MZ286102_1_ORF2	0	0	1	1	FALSE	TRUE
ACTTATCAGCACGTAG-1	OP549859_1_ORF1	0	0	1	1	FALSE	FALSE
ACTTATCAGCAGCATG-1	OP549859_1_ORF2	0	0	1	2	FALSE	TRUE
ACTTATCAGTTAAGTG-1	OZ258728_1_ORF2	0	0	1	1	FALSE	FALSE
ACTTATCAGTTACCGC-1	OZ258728_1_ORF2	0	0	1	1	FALSE	TRUE
ACTTATCAGTTGCGTC-1	MZ286197_1_ORF1	1	0	5	6	TRUE	TRUE
ACTTCCAAGACGCCTT-1	MZ286258_1_ORF2	0	0	1	1	FALSE	FALSE
ACTTCCAAGATGGCGC-1	meGFP	0	0	2	2	TRUE	TRUE
ACTTCCAAGCCTAATT-1	OP549859_1_ORF1	0	0	1	1	FALSE	FALSE
ACTTCCAAGCGAGAGG-1	MZ286258_1_ORF2	1	0	6	6	TRUE	TRUE
ACTTCCAAGGGCAATT-1	MZ286258_1_ORF2	1	0	8	9	TRUE	TRUE
ACTTCCAAGTCTCACA-1	MZ286188_1_ORF2	0	0	1	1	FALSE	TRUE
ACTTCCAAGTGCGGAC-1	meGFP	1	1	46	47	TRUE	TRUE
ACTTCCAAGTTACCGC-1	OP549859_1_ORF2	0	0	2	3	FALSE	TRUE
ACTTGAAAGACATCCC-1	OZ258728_1_ORF2	1	1	28	28	TRUE	TRUE
ACTTGAAAGACGCCTT-1	MZ286102_1_ORF1	0	0	1	1	FALSE	FALSE
ACTTGAAAGAGAGGTA-1	MZ286102_1_ORF2	1	1	17	18	TRUE	TRUE
ACTTGAAAGCCTGTAC-1	OZ258728_1_ORF2	1	1	27	27	TRUE	TRUE
ACTTGAAAGCGGTAGC-1	MZ286197_1_ORF1	0	0	1	1	FALSE	FALSE
ACTTGAAAGGATCGCA-1	MZ286102_1_ORF2	1	1	14	14	TRUE	TRUE
ACTTGAAAGGGCTTGA-1	MZ286258_1_ORF2	0	0	2	2	TRUE	TRUE
ACTTGAAAGTTAACCT-1	OP549859_1_ORF1	2	2	44	59	FALSE	TRUE
ACTTGAAAGTTCGAGG-1	MZ286197_1_ORF1	1	1	62	63	TRUE	TRUE
ACTTGAGCAACTGGTA-1	OP549859_1_ORF2	1	0	8	8	TRUE	TRUE
ACTTGAGCAGACACAC-1	OP549859_1_ORF2	0	0	1	1	FALSE	TRUE
ACTTGAGCAGTCCAGG-1	meGFP	1	1	32	32	TRUE	TRUE
ACTTGAGCATCAAGTG-1	MZ286197_1_ORF1	0	0	1	1	FALSE	FALSE
ACTTGCCAGAACCCAG-1	meGFP	1	1	61	61	TRUE	TRUE
ACTTGCCAGACTTGGG-1	OZ258728_1_ORF2	0	0	1	1	FALSE	TRUE
ACTTGCCAGATAGACC-1	OZ258728_1_ORF2	0	0	1	1	FALSE	FALSE
ACTTGCCAGCAATCCC-1	meGFP	0	0	1	1	FALSE	FALSE
ACTTGCCAGGTAATTG-1	OZ258728_1_ORF2	0	0	1	1	FALSE	FALSE
ACTTGCCAGTGTGATA-1	meGFP	0	0	1	1	FALSE	TRUE
ACTTGGACACATAGTG-1	MZ286102_1_ORF2	0	0	2	3	FALSE	TRUE
ACTTGGACACCAATGA-1	OZ258728_1_ORF2	0	0	1	1	FALSE	TRUE
ACTTGGACAGCCTCGT-1	OZ258728_1_ORF2	1	0	9	9	TRUE	TRUE
ACTTGGACATCCATAC-1	meGFP	0	0	1	1	FALSE	FALSE
ACTTGGACATCGTAAG-1	OP549859_1_ORF1	1	1	12	17	TRUE	TRUE
ACTTGGACATTGAAGT-1	OZ258728_1_ORF2	0	0	1	1	FALSE	FALSE
ACTTGGGAGCGGATCA-1	MZ286197_1_ORF1	1	0	4	4	TRUE	TRUE
ACTTGGGAGGAGTATC-1	meGFP	2	1	20	27	FALSE	TRUE
ACTTGGGAGGATCCCT-1	MZ286197_1_ORF1	1	1	14	15	TRUE	TRUE
ACTTGGGAGGGGTTCA-1	meGFP	1	1	16	16	TRUE	TRUE
ACTTGGGAGTTGGAAC-1	OP549859_1_ORF1	0	0	1	1	FALSE	TRUE
ACTTGGTGTAACTTGC-1	MZ286102_1_ORF2	0	0	1	1	FALSE	TRUE
ACTTGGTGTAGAGGCT-1	OP549859_1_ORF1	1	1	28	29	TRUE	TRUE
ACTTGGTGTAGCACTT-1	OZ258728_1_ORF1	0	0	2	2	TRUE	TRUE
ACTTGGTGTCCATCCT-1	MZ286188_1_ORF1	0	0	1	1	FALSE	TRUE
ACTTGGTGTGGCAACG-1	MZ286102_1_ORF1	1	1	23	23	TRUE	TRUE
ACTTGGTGTTCGTCTC-1	OP549859_1_ORF2	0	0	3	3	TRUE	TRUE
ACTTGGTGTTCTGGCA-1	MZ286258_1_ORF1	1	1	13	13	TRUE	TRUE
ACTTGGTGTTTCAGTA-1	MZ286197_1_ORF2	1	0	5	5	TRUE	TRUE
ACTTTAGGTACACTAC-1	OP549859_1_ORF2	1	1	24	24	TRUE	TRUE
ACTTTAGGTACAGCAA-1	meGFP	1	1	43	43	TRUE	TRUE
ACTTTAGGTATGAGTG-1	OZ258728_1_ORF2	0	0	1	2	FALSE	TRUE
ACTTTAGGTCCACATG-1	MZ286102_1_ORF2	0	0	1	1	FALSE	FALSE
ACTTTAGGTCGAGAGT-1	MZ286258_1_ORF2	0	0	1	1	FALSE	FALSE
ACTTTAGGTCTATCCC-1	MZ286102_1_ORF2	0	0	1	1	FALSE	TRUE
ACTTTAGGTGCGCGAA-1	MZ286258_1_ORF2	1	1	16	16	TRUE	TRUE
ACTTTAGGTGCTTAAC-1	OZ258728_1_ORF2	0	0	1	1	FALSE	TRUE
ACTTTAGGTGGTTCAT-1	OZ258728_1_ORF2	0	0	1	1	FALSE	FALSE
ACTTTAGGTTACGGAA-1	MZ286258_1_ORF1	1	0	8	8	TRUE	TRUE
ACTTTAGGTTTCCGTC-1	meGFP	1	0	7	7	TRUE	TRUE
ACTTTCGAGAAGGACA-1	MZ286102_1_ORF1	0	0	1	1	FALSE	FALSE
ACTTTCGAGCTACTTG-1	OZ258728_1_ORF2	0	0	2	3	FALSE	TRUE
ACTTTCGAGGAATCTA-1	MZ286188_1_ORF1	0	0	1	1	FALSE	TRUE
ACTTTCGAGGACACCA-1	meGFP	1	1	65	65	TRUE	TRUE
ACTTTCGAGGGTATGT-1	OP549859_1_ORF1	1	1	25	26	TRUE	TRUE
ACTTTCGAGTACTAAG-1	meGFP	0	0	1	1	FALSE	FALSE
AGAAGCCGTCAGCCAC-1	MZ286197_1_ORF2	2	0	4	8	FALSE	TRUE
AGAAGCCGTCATACTA-1	OP549859_1_ORF2	1	1	11	11	TRUE	TRUE
AGAAGCCGTCTTGACG-1	MZ286258_1_ORF2	2	2	20	34	FALSE	TRUE
AGAAGCCGTGCAACCC-1	OP549859_1_ORF2	1	0	5	5	TRUE	TRUE
AGAAGCCGTGTCCTTC-1	MZ286102_1_ORF2	1	0	4	4	TRUE	TRUE
AGAAGCCGTGTCGAGG-1	MZ286188_1_ORF1	0	0	1	1	FALSE	TRUE
AGAAGCCGTTTCAAGC-1	OZ258728_1_ORF2	0	0	1	1	FALSE	FALSE
AGAAGGATCCGCATGT-1	OZ258728_1_ORF1	1	1	22	22	TRUE	TRUE
AGAAGGATCCTATACG-1	OZ258728_1_ORF2	0	0	1	1	FALSE	TRUE
AGAAGGATCCTCCTGC-1	OZ258728_1_ORF2	0	0	1	1	FALSE	TRUE
AGAAGGATCGAGGCGT-1	OZ258728_1_ORF2	1	0	9	11	TRUE	TRUE
AGAAGGATCGCTTGGT-1	MZ286188_1_ORF1	0	0	1	1	FALSE	TRUE
AGAAGGATCGGATGCA-1	OZ258728_1_ORF2	0	0	1	1	FALSE	FALSE
AGAAGGATCGGCTGAA-1	meGFP	0	0	1	1	FALSE	FALSE
AGAAGGATCGGGATCA-1	OZ258728_1_ORF1	1	1	12	12	TRUE	TRUE
AGAAGGATCGTGAGGC-1	MZ286188_1_ORF2	0	0	2	2	TRUE	TRUE
AGAAGGATCTAGGTAA-1	MZ286188_1_ORF2	0	0	1	1	FALSE	TRUE
AGAAGGATCTGGATGG-1	MZ286188_1_ORF1	1	1	21	22	TRUE	TRUE
AGAAGGATCTTAAGCT-1	meGFP	1	1	20	20	TRUE	TRUE
AGAAGGCAGACACTAA-1	OZ258728_1_ORF2	0	0	1	1	FALSE	FALSE
AGAAGGCAGATGCCTC-1	OZ258728_1_ORF2	0	0	1	1	FALSE	TRUE
AGAAGGCAGCGGGCAT-1	meGFP	3	2	29	43	FALSE	TRUE
AGAAGGCAGCTGTCGT-1	meGFP	0	0	1	1	FALSE	FALSE
AGAAGGCAGTATAGGC-1	meGFP	0	0	1	2	FALSE	TRUE
AGAAGGGGTAGGATAT-1	MZ286258_1_ORF1	2	2	14	24	FALSE	TRUE
AGAAGGGGTGTTGCGC-1	OZ258728_1_ORF2	1	1	117	117	TRUE	TRUE
AGAAGGGGTTGCGGTC-1	OZ258728_1_ORF2	0	0	1	1	FALSE	FALSE
AGAAGGGGTTTCGGGC-1	MZ286102_1_ORF2	1	0	5	5	TRUE	TRUE
AGAAGTGAGGCGAAGG-1	OP549859_1_ORF1	0	0	1	1	FALSE	TRUE
AGAAGTGAGGTAGACT-1	OZ258728_1_ORF2	0	0	3	3	TRUE	TRUE
AGAAGTTGTAACCCTG-1	MZ286258_1_ORF2	1	1	11	11	TRUE	TRUE
AGAAGTTGTCTTGACG-1	meGFP	0	0	1	1	FALSE	TRUE
AGAAGTTGTGATTACC-1	OZ258728_1_ORF2	0	0	1	1	FALSE	TRUE
AGAATCATCAGCTTCA-1	MZ286188_1_ORF1	0	0	1	1	FALSE	TRUE
AGAATCATCCAAGTCC-1	OP549859_1_ORF1	0	0	1	1	FALSE	FALSE
AGAATCATCGAACTAA-1	MZ286258_1_ORF2	0	0	1	1	FALSE	TRUE
AGAATCATCGCTGGAA-1	MZ286102_1_ORF1	1	1	12	12	TRUE	TRUE
AGAATCATCGGCTTCG-1	OZ258728_1_ORF2	0	0	1	1	FALSE	FALSE
AGAATCCAGCCTCACG-1	MZ286258_1_ORF1	1	1	91	92	TRUE	TRUE
AGAATCCAGGCATGTG-1	OP549859_1_ORF1	1	0	5	5	TRUE	TRUE
AGAATCCAGGCGAACC-1	MZ286102_1_ORF2	0	0	1	1	FALSE	TRUE
AGAATCCAGGCGTGAC-1	OZ258728_1_ORF2	0	0	1	1	FALSE	TRUE
AGAATCCAGTCGCTCG-1	OZ258728_1_ORF1	0	0	2	2	TRUE	TRUE
AGAATCCAGTGGCTTC-1	OZ258728_1_ORF2	0	0	1	1	FALSE	TRUE
AGAATCGGTAACCCTG-1	OP549859_1_ORF1	0	0	1	1	FALSE	FALSE
AGAATCGGTCATTCGG-1	OP549859_1_ORF2	0	0	1	2	FALSE	TRUE
AGAATCGGTCCACATG-1	OP549859_1_ORF1	0	0	1	1	FALSE	FALSE
AGAATCGGTCTAGTGT-1	OZ258728_1_ORF2	0	0	1	1	FALSE	FALSE
AGAATCGGTCTGTAAC-1	MZ286197_1_ORF1	0	0	1	1	FALSE	TRUE
AGAATCGGTGAACCAA-1	MZ286258_1_ORF2	1	0	4	4	TRUE	TRUE
AGAATCGGTGATCCCA-1	MZ286102_1_ORF1	0	0	3	4	TRUE	TRUE
AGAATCGGTGGCAACG-1	MZ286258_1_ORF2	0	0	2	2	TRUE	TRUE
AGAATCGGTGGCCGTT-1	MZ286102_1_ORF2	0	0	2	4	FALSE	TRUE
AGAATCGGTGGTTCAT-1	OZ258728_1_ORF2	0	0	1	1	FALSE	FALSE
AGAATCGGTGTTGACT-1	OZ258728_1_ORF2	0	0	1	1	FALSE	TRUE
AGAATCGGTGTTGCAT-1	MZ286188_1_ORF1	1	0	4	4	TRUE	TRUE
AGAATCGGTTTACGAC-1	OZ258728_1_ORF2	0	0	2	2	TRUE	FALSE
AGAATGACATGGAGAG-1	OZ258728_1_ORF1	1	1	69	69	TRUE	TRUE
AGAATGACATGGTGTA-1	MZ286258_1_ORF1	0	0	1	1	FALSE	FALSE
AGACAACTCCGACATC-1	OZ258728_1_ORF2	1	1	62	62	TRUE	TRUE
AGACAACTCCTACGGT-1	MZ286197_1_ORF1	0	0	1	1	FALSE	FALSE
AGACAACTCTAATTGC-1	OP549859_1_ORF2	0	0	1	1	FALSE	TRUE
AGACAACTCTAGAGGT-1	MZ286197_1_ORF1	1	0	9	9	TRUE	TRUE
AGACAACTCTAGCCCG-1	MZ286188_1_ORF1	0	0	1	3	FALSE	TRUE
AGACAACTCTGGGTAG-1	meGFP	0	0	1	1	FALSE	TRUE
AGACAACTCTGGTGTC-1	OP549859_1_ORF2	1	0	4	4	TRUE	TRUE
AGACAACTCTTAGTAC-1	MZ286258_1_ORF1	0	0	1	1	FALSE	TRUE
AGACAAGAGAAGCAAG-1	meGFP	0	0	1	1	FALSE	FALSE
AGACAAGAGCTATACT-1	OP549859_1_ORF1	1	1	32	33	TRUE	TRUE
AGACAAGAGCTCTAGC-1	MZ286102_1_ORF2	1	1	16	16	TRUE	TRUE
AGACAAGAGCTTGGTC-1	MZ286102_1_ORF1	0	0	1	1	FALSE	TRUE
AGACAAGAGGAATGTC-1	OP549859_1_ORF1	0	0	1	1	FALSE	TRUE
AGACAAGAGGCCAGGT-1	MZ286258_1_ORF2	0	0	1	1	FALSE	TRUE
AGACAAGAGGCTTCAC-1	MZ286188_1_ORF1	0	0	1	1	FALSE	TRUE
AGACAAGAGGGATACT-1	OP549859_1_ORF2	1	1	25	25	TRUE	TRUE
AGACAAGAGGTCGTCT-1	MZ286102_1_ORF1	1	1	25	28	TRUE	TRUE
AGACAAGAGGTTGGGC-1	MZ286197_1_ORF1	0	0	1	1	FALSE	FALSE
AGACAAGAGTATCGTT-1	OZ258728_1_ORF2	0	0	1	1	FALSE	FALSE
AGACAAGAGTTGAATG-1	MZ286102_1_ORF2	0	0	3	3	TRUE	TRUE
AGACACAGTAATCGCT-1	OZ258728_1_ORF2	2	2	31	43	FALSE	TRUE
AGACACAGTCCACATG-1	MZ286188_1_ORF1	0	0	3	3	TRUE	TRUE
AGACACAGTTTCATCT-1	OZ258728_1_ORF2	0	0	1	2	FALSE	TRUE
AGACACCCAAAGTCAT-1	OP549859_1_ORF1	0	0	1	1	FALSE	FALSE
AGACACCCAAATCCGA-1	OZ258728_1_ORF1	0	0	1	1	FALSE	FALSE
AGACACCCACTTGGAA-1	MZ286102_1_ORF1	1	0	8	8	TRUE	TRUE
AGACACCCAGAACGCT-1	MZ286197_1_ORF2	0	0	3	3	TRUE	TRUE
AGACACCCAGGAAGTG-1	OP549859_1_ORF2	0	0	1	1	FALSE	FALSE
AGACACCCATGAGGAG-1	MZ286102_1_ORF2	0	0	3	3	TRUE	TRUE
AGACACCCATGGTAAT-1	OZ258728_1_ORF2	0	0	1	1	FALSE	FALSE
AGACACCCATTACAGG-1	MZ286102_1_ORF1	0	0	1	1	FALSE	TRUE
AGACACTAGAATGCTA-1	OZ258728_1_ORF2	0	0	2	2	TRUE	TRUE
AGACACTAGACATCGG-1	OP549859_1_ORF2	0	0	1	1	FALSE	FALSE
AGACACTAGCCAGTTC-1	OP549859_1_ORF1	0	0	1	1	FALSE	FALSE
AGACACTAGCGGTAGC-1	OP549859_1_ORF1	1	1	109	110	TRUE	TRUE
AGACACTAGCTCTAGC-1	MZ286197_1_ORF1	0	0	1	1	FALSE	TRUE
AGACACTAGCTGAGAT-1	OP549859_1_ORF1	1	1	19	22	TRUE	TRUE
AGACACTAGGAGTCTG-1	meGFP	0	0	1	1	FALSE	FALSE
AGACACTAGTTGACTT-1	MZ286258_1_ORF1	0	0	1	1	FALSE	TRUE
AGACATATCACCCAGT-1	MZ286258_1_ORF2	0	0	1	1	FALSE	FALSE
AGACATATCATGATCT-1	MZ286258_1_ORF2	0	0	1	1	FALSE	FALSE
AGACATATCCGTAGAG-1	OP549859_1_ORF1	0	0	2	2	TRUE	TRUE
AGACATATCCGTGGTT-1	OZ258728_1_ORF2	0	0	1	2	FALSE	FALSE
AGACATATCGAGTGAT-1	OZ258728_1_ORF1	0	0	1	1	FALSE	TRUE
AGACATATCGCTATGC-1	OZ258728_1_ORF2	1	1	38	39	TRUE	TRUE
AGACATATCTCACGTA-1	meGFP	0	0	1	1	FALSE	TRUE
AGACATATCTGTGCGT-1	OZ258728_1_ORF2	0	0	1	1	FALSE	FALSE
AGACATTCAACTATGG-1	MZ286197_1_ORF2	0	0	2	2	TRUE	TRUE
AGACATTCAAGATGGG-1	meGFP	0	0	1	1	FALSE	TRUE
AGACATTCACAATCCT-1	MZ286188_1_ORF2	1	0	5	6	TRUE	TRUE
AGACATTCACGCCATC-1	MZ286102_1_ORF2	1	0	5	5	TRUE	TRUE
AGACATTCAGTAGGAG-1	MZ286102_1_ORF2	0	0	1	1	FALSE	FALSE
AGACATTCATAGACCA-1	MZ286258_1_ORF2	1	1	12	12	TRUE	TRUE
AGACGATTCAATGCTT-1	MZ286258_1_ORF1	0	0	1	1	FALSE	FALSE
AGACGATTCACGTTCA-1	meGFP	0	0	1	1	FALSE	TRUE
AGACGATTCAGGCTAG-1	OZ258728_1_ORF1	1	0	9	11	TRUE	TRUE
AGACGATTCATGGAAC-1	MZ286197_1_ORF1	0	0	1	1	FALSE	TRUE
AGACGATTCCAATGAA-1	MZ286188_1_ORF2	0	0	1	1	FALSE	TRUE
AGACGATTCCAGACTC-1	MZ286258_1_ORF2	1	1	25	25	TRUE	TRUE
AGACGATTCCATTCCT-1	MZ286102_1_ORF2	1	0	5	5	TRUE	TRUE
AGACGATTCCCAACCG-1	OZ258728_1_ORF2	0	0	1	1	FALSE	TRUE
AGACGATTCCCTCTAT-1	OP549859_1_ORF1	0	0	1	1	FALSE	TRUE
AGACGATTCGACCCAT-1	OP549859_1_ORF1	0	0	1	1	FALSE	FALSE
AGACGATTCGATGTCC-1	OZ258728_1_ORF2	0	0	1	1	FALSE	FALSE
AGACGATTCGCTTGAC-1	MZ286197_1_ORF2	1	0	4	4	TRUE	TRUE
AGACGATTCTGCACCG-1	OZ258728_1_ORF2	0	0	1	1	FALSE	TRUE
AGACGATTCTGCACTA-1	OZ258728_1_ORF2	0	0	1	1	FALSE	FALSE
AGACGCATCACGAAGT-1	OZ258728_1_ORF2	1	1	33	33	TRUE	TRUE
AGACGCATCATTAACC-1	OZ258728_1_ORF1	0	0	1	1	FALSE	TRUE
AGACGCATCCAACCTA-1	OZ258728_1_ORF2	0	0	1	1	FALSE	FALSE
AGACGCATCCTACGGT-1	meGFP	1	1	16	16	TRUE	TRUE
AGACGCATCTCTGGCG-1	meGFP	0	0	2	4	FALSE	TRUE
AGACGCCAGATCAGTA-1	MZ286188_1_ORF1	0	0	1	1	FALSE	FALSE
AGACGCCAGATTCGTT-1	OZ258728_1_ORF2	1	1	40	40	TRUE	TRUE
AGACGCCAGCAACTAA-1	MZ286258_1_ORF2	0	0	1	1	FALSE	TRUE
AGACGCCAGCGGTAAT-1	OZ258728_1_ORF2	0	0	1	1	FALSE	FALSE
AGACGCCAGGAATGAG-1	OP549859_1_ORF2	0	0	1	1	FALSE	TRUE
AGACGCCAGGGGTAGG-1	OZ258728_1_ORF2	0	0	1	2	FALSE	TRUE
AGACGCCAGGTCGGTA-1	MZ286258_1_ORF2	0	0	1	1	FALSE	TRUE
AGACGCCAGTTAAGTG-1	MZ286188_1_ORF1	1	1	14	14	TRUE	TRUE
AGACTCACAACAGATT-1	MZ286102_1_ORF2	1	1	13	14	TRUE	TRUE
AGACTCACAACCAGCG-1	OP549859_1_ORF1	1	1	18	19	TRUE	TRUE
AGACTCACAATGTAGT-1	MZ286258_1_ORF2	1	0	6	6	TRUE	TRUE
AGACTCACACAGGTGT-1	MZ286197_1_ORF2	1	0	5	5	TRUE	TRUE
AGACTCACACAGTTAG-1	meGFP	0	0	1	1	FALSE	TRUE
AGACTCACACGTGAGT-1	MZ286102_1_ORF2	0	0	1	1	FALSE	FALSE
AGACTCACAGACATTG-1	meGFP	0	0	3	3	TRUE	TRUE
AGACTCACAGCATCAA-1	MZ286188_1_ORF1	1	0	8	9	TRUE	TRUE
AGACTCACAGGTCGAT-1	OP549859_1_ORF2	1	0	8	9	TRUE	TRUE
AGACTCACAGGTCTCC-1	MZ286258_1_ORF2	1	0	4	6	TRUE	TRUE
AGACTCACAGTTCGTT-1	MZ286197_1_ORF1	0	0	1	1	FALSE	TRUE
AGACTCACATATGCTC-1	MZ286102_1_ORF2	1	1	32	33	TRUE	TRUE
AGACTCCTCACAGATA-1	MZ286197_1_ORF1	0	0	1	1	FALSE	FALSE
AGACTCCTCACGGAAT-1	MZ286188_1_ORF2	1	0	4	5	TRUE	TRUE
AGACTCCTCCCTGCGA-1	MZ286258_1_ORF2	1	0	5	5	TRUE	TRUE
AGACTCCTCCGTGGAA-1	OZ258728_1_ORF2	0	0	1	1	FALSE	FALSE
AGACTCCTCTATACCG-1	MZ286102_1_ORF2	0	0	1	2	FALSE	TRUE
AGACTCCTCTGGAAGT-1	OZ258728_1_ORF2	0	0	1	1	FALSE	FALSE
AGACTCCTCTGGCTTA-1	MZ286197_1_ORF1	0	0	1	1	FALSE	TRUE
AGACTGCCAAATCCGA-1	MZ286258_1_ORF2	0	0	1	1	FALSE	TRUE
AGACTGCCACCAATGA-1	MZ286102_1_ORF1	1	1	10	10	TRUE	TRUE
AGACTGCCACTTCCAG-1	OP549859_1_ORF2	1	1	16	19	TRUE	TRUE
AGACTGCCAGGTACAC-1	OP549859_1_ORF2	0	0	1	1	FALSE	FALSE
AGACTGCCAGTGAATT-1	MZ286102_1_ORF2	1	0	9	10	TRUE	TRUE
AGACTTAAGAGGTTAC-1	MZ286102_1_ORF2	1	0	7	7	TRUE	TRUE
AGACTTAAGAGTTAGC-1	MZ286197_1_ORF1	2	1	12	20	FALSE	TRUE
AGACTTAAGCTGGTGA-1	MZ286258_1_ORF2	1	0	6	10	TRUE	TRUE
AGACTTAAGGATCCCT-1	OZ258728_1_ORF1	1	0	9	9	TRUE	TRUE
AGACTTAAGGGTAACT-1	OP549859_1_ORF1	0	0	1	1	FALSE	TRUE
AGACTTAAGTGCGGAC-1	OZ258728_1_ORF1	0	0	1	1	FALSE	TRUE
AGACTTAAGTTAGGTA-1	MZ286258_1_ORF2	1	0	8	8	TRUE	TRUE
AGACTTCGTCCCATCT-1	OZ258728_1_ORF2	0	0	1	1	FALSE	TRUE
AGACTTCGTCTAAGCT-1	OZ258728_1_ORF2	0	0	1	1	FALSE	TRUE
AGACTTCGTCTTGGGC-1	MZ286258_1_ORF2	0	0	3	3	TRUE	TRUE
AGACTTCGTGCTTAAC-1	MZ286102_1_ORF1	0	0	1	1	FALSE	FALSE
AGACTTCGTTCCGCAA-1	MZ286102_1_ORF2	1	1	11	11	TRUE	TRUE
AGACTTCGTTCGTGCA-1	OZ258728_1_ORF1	0	0	1	1	FALSE	FALSE
AGACTTGCAGCTCAGG-1	meGFP	0	0	1	1	FALSE	FALSE
AGACTTGCATGGCTGG-1	OP549859_1_ORF1	0	0	1	1	FALSE	FALSE
AGAGAACCAAGATGGG-1	MZ286102_1_ORF1	0	0	1	1	FALSE	FALSE
AGAGAACCACAATCCT-1	OZ258728_1_ORF1	0	0	1	1	FALSE	FALSE
AGAGAACCACCCAGCT-1	MZ286197_1_ORF2	0	0	1	1	FALSE	FALSE
AGAGAACCACCCTATG-1	MZ286102_1_ORF1	0	0	1	1	FALSE	TRUE
AGAGAACCAGCCCTGT-1	MZ286188_1_ORF1	1	1	10	10	TRUE	TRUE
AGAGAACCAGGTAGAG-1	OZ258728_1_ORF1	0	0	1	1	FALSE	FALSE
AGAGAACCAGGTCTAA-1	OP549859_1_ORF2	0	0	1	2	FALSE	TRUE
AGAGAACCAGTAAGGG-1	OZ258728_1_ORF1	1	1	39	39	TRUE	TRUE
AGAGATACAAATCAGT-1	meGFP	0	0	2	3	FALSE	TRUE
AGAGATACAACTTAGG-1	OZ258728_1_ORF2	1	1	14	14	TRUE	TRUE
AGAGATACACACACTT-1	meGFP	0	0	1	1	FALSE	TRUE
AGAGATACACCGGATG-1	OZ258728_1_ORF2	0	0	1	1	FALSE	TRUE
AGAGATACACCGTACC-1	OZ258728_1_ORF2	0	0	1	1	FALSE	FALSE
AGAGATACACCTGCAC-1	meGFP	0	0	1	1	FALSE	FALSE
AGAGATACACTACGGG-1	meGFP	1	1	17	17	TRUE	TRUE
AGAGATACACTCGCTA-1	OZ258728_1_ORF2	0	0	1	2	FALSE	FALSE
AGAGATACAGGCATTA-1	OZ258728_1_ORF2	2	1	31	37	TRUE	TRUE
AGAGATACAGTCTCAT-1	OP549859_1_ORF2	1	0	6	6	TRUE	TRUE
AGAGATACATGCCCTA-1	OP549859_1_ORF1	0	0	1	1	FALSE	TRUE
AGAGGATCAACATCCT-1	MZ286102_1_ORF1	0	0	1	1	FALSE	FALSE
AGAGGATCAAGATTAC-1	OP549859_1_ORF1	0	0	2	2	TRUE	TRUE
AGAGGATCAATCGTTC-1	MZ286258_1_ORF2	1	0	5	5	TRUE	FALSE
AGAGGATCAATGTCCT-1	meGFP	0	0	1	1	FALSE	TRUE
AGAGGATCACATTCGT-1	MZ286258_1_ORF2	0	0	1	1	FALSE	TRUE
AGAGGATCAGGATTGC-1	OZ258728_1_ORF2	0	0	1	1	FALSE	TRUE
AGAGGATCATATGCAG-1	MZ286258_1_ORF1	0	0	2	2	TRUE	TRUE
AGAGGATCATGCATCT-1	MZ286258_1_ORF2	0	0	1	2	FALSE	TRUE
AGAGGATCATTAACGG-1	MZ286258_1_ORF2	1	1	12	14	TRUE	TRUE
AGAGGGAGTAGTCGGG-1	OP549859_1_ORF1	1	1	12	12	TRUE	TRUE
AGAGGGAGTCTCCTTA-1	OP549859_1_ORF1	0	0	1	1	FALSE	FALSE
AGAGGGAGTCTGTAAC-1	MZ286197_1_ORF1	1	0	8	8	TRUE	TRUE
AGAGGGAGTGGGTAGT-1	MZ286102_1_ORF2	1	0	7	7	TRUE	TRUE
AGAGGGAGTTATGGAG-1	OP549859_1_ORF1	0	0	1	1	FALSE	FALSE
AGAGGGAGTTGTGTGT-1	MZ286258_1_ORF2	0	0	2	4	FALSE	TRUE
AGAGGGCCAAAGTCAT-1	meGFP	1	1	91	91	TRUE	TRUE
AGAGGGCCAACTATGG-1	OZ258728_1_ORF2	0	0	1	1	FALSE	FALSE
AGAGGGCCAATACCCT-1	OZ258728_1_ORF2	0	0	1	1	FALSE	FALSE
AGAGGGCCACTCATAC-1	MZ286197_1_ORF1	0	0	1	1	FALSE	TRUE
AGAGGGCCAGGTAGAG-1	MZ286188_1_ORF2	1	0	9	9	TRUE	TRUE
AGAGGGCCATGGTCCC-1	OZ258728_1_ORF2	0	0	1	1	FALSE	TRUE
AGAGGGTAGACGATAC-1	MZ286258_1_ORF2	1	1	10	11	TRUE	TRUE
AGAGGGTAGCAACTAA-1	MZ286258_1_ORF1	1	1	13	13	TRUE	TRUE
AGAGGGTAGCTTAGTT-1	MZ286197_1_ORF1	1	1	11	15	TRUE	TRUE
AGAGGGTAGGGTGTCA-1	OZ258728_1_ORF2	0	0	1	1	FALSE	FALSE
AGAGGGTAGTAACGCG-1	MZ286258_1_ORF1	0	0	1	1	FALSE	FALSE
AGAGGGTAGTCTAGGG-1	OZ258728_1_ORF2	1	1	145	145	TRUE	TRUE
AGAGGTCGTGGCCGTT-1	OZ258728_1_ORF1	0	0	1	3	FALSE	TRUE
AGAGGTCGTTCTATGA-1	MZ286197_1_ORF1	0	0	1	1	FALSE	TRUE
AGAGGTGCATACTCCG-1	OP549859_1_ORF2	0	0	1	2	FALSE	TRUE
AGAGGTGCATAGTAGT-1	meGFP	1	0	5	5	TRUE	TRUE
AGAGGTGCATTGAAGT-1	OZ258728_1_ORF1	0	0	1	1	FALSE	FALSE
AGAGTTATCACATGCC-1	MZ286102_1_ORF2	1	0	8	9	TRUE	TRUE
AGAGTTATCGACCTCG-1	MZ286258_1_ORF2	1	1	12	13	TRUE	TRUE
AGAGTTATCTCTATGG-1	OZ258728_1_ORF1	1	0	9	9	TRUE	TRUE
AGAGTTATCTGAGTGG-1	meGFP	0	0	1	1	FALSE	FALSE
AGAGTTATCTGGAAGT-1	OP549859_1_ORF1	0	0	2	2	TRUE	TRUE
AGCAAGCGTCCCATCT-1	MZ286258_1_ORF2	1	0	6	6	TRUE	TRUE
AGCAAGCGTCCGCGAT-1	MZ286258_1_ORF1	0	0	1	1	FALSE	FALSE
AGCAAGCGTGGAGAGA-1	OZ258728_1_ORF1	0	0	1	1	FALSE	FALSE
AGCAAGCGTTCGCTTC-1	MZ286102_1_ORF2	1	0	7	8	TRUE	TRUE
AGCAAGGCAAACTAAC-1	OP549859_1_ORF1	0	0	1	1	FALSE	FALSE
AGCAAGGCAAAGGATA-1	MZ286102_1_ORF2	0	0	1	1	FALSE	TRUE
AGCAAGGCAACACCGG-1	meGFP	1	1	23	23	TRUE	TRUE
AGCAAGGCAACCCGTC-1	meGFP	0	0	1	1	FALSE	FALSE
AGCAAGGCAACCGTGG-1	MZ286102_1_ORF2	0	0	1	1	FALSE	FALSE
AGCAAGGCAACCTCAT-1	MZ286102_1_ORF2	1	1	13	15	TRUE	TRUE
AGCAAGGCAACTGGTA-1	OZ258728_1_ORF2	0	0	1	1	FALSE	TRUE
AGCAAGGCACAGATCA-1	MZ286258_1_ORF2	0	0	1	1	FALSE	FALSE
AGCAAGGCAGCCCTGT-1	meGFP	1	1	143	143	TRUE	TRUE
AGCAAGGCAGCTGGCA-1	MZ286102_1_ORF2	0	0	1	1	FALSE	TRUE
AGCAAGGCAGGTAGCT-1	meGFP	0	0	1	1	FALSE	FALSE
AGCAAGGCATTACAGG-1	MZ286102_1_ORF2	0	0	1	1	FALSE	FALSE
AGCAAGGCATTCCGTG-1	OP549859_1_ORF2	1	1	12	14	TRUE	TRUE
AGCAATATCATTCACG-1	OP549859_1_ORF1	0	0	1	1	FALSE	TRUE
AGCAATATCCATTCCT-1	OP549859_1_ORF2	0	0	1	1	FALSE	TRUE
AGCAATATCGTTCACA-1	MZ286102_1_ORF2	0	0	3	3	TRUE	TRUE
AGCAATATCTTGAGTT-1	MZ286188_1_ORF2	1	0	4	6	TRUE	TRUE
AGCAATTCACAGCCAG-1	MZ286102_1_ORF1	0	0	1	1	FALSE	FALSE
AGCAATTCACATACAG-1	MZ286258_1_ORF2	0	0	1	1	FALSE	TRUE
AGCAATTCACGAAGGA-1	MZ286102_1_ORF2	0	0	1	1	FALSE	TRUE
AGCAATTCATTGGATG-1	OP549859_1_ORF2	1	0	4	4	TRUE	TRUE
AGCACCTTCACAGGCA-1	OZ258728_1_ORF2	0	0	1	1	FALSE	FALSE
AGCACCTTCACGGGAC-1	OZ258728_1_ORF2	1	1	30	30	TRUE	TRUE
AGCACCTTCGATCGCT-1	MZ286197_1_ORF1	1	0	5	6	TRUE	TRUE
AGCACCTTCGCAGGGT-1	MZ286258_1_ORF1	2	1	21	29	FALSE	TRUE
AGCACCTTCGCGGAGT-1	OP549859_1_ORF1	1	0	5	5	TRUE	TRUE
AGCACCTTCTCCCAGG-1	MZ286197_1_ORF1	1	0	9	9	TRUE	TRUE
AGCACCTTCTCGAAGG-1	MZ286102_1_ORF2	1	0	7	7	TRUE	TRUE
AGCACCTTCTCTCAAG-1	meGFP	1	1	30	33	TRUE	TRUE
AGCACGATCCCGTAAC-1	MZ286102_1_ORF1	1	1	10	13	TRUE	TRUE
AGCACGATCCGGATGA-1	MZ286102_1_ORF2	0	0	1	1	FALSE	TRUE
AGCACGATCGTTCCGG-1	MZ286197_1_ORF1	0	0	1	1	FALSE	FALSE
AGCACTACAACCCAGG-1	MZ286188_1_ORF1	1	1	17	19	TRUE	TRUE
AGCACTACACGCGAAT-1	MZ286197_1_ORF1	0	0	1	1	FALSE	TRUE
AGCACTACACGTATAG-1	OZ258728_1_ORF2	1	1	72	72	TRUE	TRUE
AGCACTACAGATTAAC-1	OZ258728_1_ORF2	0	0	1	1	FALSE	TRUE
AGCACTACATCGCATT-1	MZ286188_1_ORF1	0	0	1	1	FALSE	FALSE
AGCACTACATGCTGAA-1	MZ286197_1_ORF2	0	0	3	4	TRUE	TRUE
AGCACTACATTGAAGT-1	OZ258728_1_ORF2	0	0	1	3	FALSE	TRUE
AGCACTGAGAACGAAG-1	MZ286188_1_ORF1	0	0	1	1	FALSE	FALSE
AGCACTGAGAAGCGCC-1	MZ286102_1_ORF2	0	0	3	3	TRUE	TRUE
AGCACTGAGACCCATC-1	MZ286197_1_ORF1	0	0	1	1	FALSE	TRUE
AGCACTGAGATACTGA-1	MZ286102_1_ORF2	1	0	6	6	TRUE	TRUE
AGCACTGAGATCCTGC-1	meGFP	0	0	1	1	FALSE	TRUE
AGCACTGAGCGCTAGA-1	MZ286197_1_ORF2	0	0	1	1	FALSE	TRUE
AGCACTGAGCGGATTG-1	OP549859_1_ORF1	0	0	1	1	FALSE	FALSE
AGCACTGAGGGCGTAC-1	OP549859_1_ORF1	0	0	2	2	TRUE	TRUE
AGCACTGAGGGTTAGT-1	meGFP	1	0	4	4	TRUE	TRUE
AGCACTGAGTGCGGAC-1	OP549859_1_ORF1	1	1	27	27	TRUE	TRUE
AGCAGGCTCAATCGCC-1	OP549859_1_ORF1	0	0	1	1	FALSE	TRUE
AGCAGGCTCACAGGCA-1	meGFP	0	0	1	1	FALSE	FALSE
AGCAGGCTCACATGAA-1	OP549859_1_ORF1	0	0	1	1	FALSE	TRUE
AGCAGGCTCAGGCTAG-1	MZ286258_1_ORF2	0	0	1	1	FALSE	TRUE
AGCAGGCTCATCAATC-1	OZ258728_1_ORF2	0	0	1	1	FALSE	TRUE
AGCAGGCTCCTACTGA-1	OZ258728_1_ORF2	1	1	52	52	TRUE	TRUE
AGCAGGCTCGAAGTTA-1	OZ258728_1_ORF1	0	0	2	2	TRUE	TRUE
AGCAGGCTCGATACTT-1	MZ286258_1_ORF1	1	1	42	42	TRUE	TRUE
AGCAGGCTCTTGAGCC-1	meGFP	0	0	1	1	FALSE	FALSE
AGCATAATCCGTCGCA-1	meGFP	0	0	1	1	FALSE	TRUE
AGCATAATCGAGGCGT-1	OP549859_1_ORF1	0	0	1	1	FALSE	FALSE
AGCATAATCGCTATGC-1	OP549859_1_ORF1	1	1	66	68	TRUE	TRUE
AGCATAATCGGGATTG-1	OP549859_1_ORF1	0	0	1	1	FALSE	FALSE
AGCCACAAGCCACACT-1	MZ286197_1_ORF1	0	0	1	3	FALSE	TRUE
AGCCACAAGGAGGAGT-1	MZ286258_1_ORF2	0	0	1	1	FALSE	FALSE
AGCCACAAGGCTTCAC-1	OZ258728_1_ORF2	0	0	1	2	FALSE	TRUE
AGCCACAAGGGTGTCA-1	OP549859_1_ORF1	0	0	1	1	FALSE	FALSE
AGCCACAAGGTCGTCT-1	MZ286258_1_ORF2	0	0	1	1	FALSE	TRUE
AGCCAGCAGAACGGCC-1	MZ286258_1_ORF2	0	0	1	1	FALSE	FALSE
AGCCAGCAGACGATAC-1	MZ286258_1_ORF2	0	0	1	1	FALSE	FALSE
AGCCAGCAGTAATGTG-1	OP549859_1_ORF1	0	0	1	1	FALSE	FALSE
AGCCAGCAGTAGTGTA-1	MZ286258_1_ORF2	0	0	2	2	TRUE	FALSE
AGCCAGCAGTATCGTT-1	OZ258728_1_ORF2	0	0	1	1	FALSE	FALSE
AGCCCCATCATTAACC-1	MZ286102_1_ORF2	1	0	6	6	TRUE	TRUE
AGCCCCATCCAACCTA-1	OZ258728_1_ORF2	1	1	12	12	TRUE	TRUE
AGCCCCATCCCGTAGT-1	OZ258728_1_ORF2	0	0	1	1	FALSE	TRUE
AGCCCCATCCTGAGAG-1	meGFP	0	0	1	2	FALSE	TRUE
AGCCCCATCGGCGTAA-1	MZ286258_1_ORF1	1	1	15	15	TRUE	TRUE
AGCCCGCTCACCGCAT-1	MZ286258_1_ORF1	0	0	1	2	FALSE	TRUE
AGCCCGCTCATCCGGT-1	MZ286197_1_ORF1	0	0	1	1	FALSE	TRUE
AGCCCGTGTAACCTAC-1	MZ286258_1_ORF2	0	0	2	2	TRUE	TRUE
AGCCCGTGTAGAGGCT-1	meGFP	1	0	7	7	TRUE	FALSE
AGCCCGTGTCATTCGG-1	MZ286188_1_ORF2	0	0	3	5	FALSE	TRUE
AGCCCGTGTCCACGGT-1	MZ286197_1_ORF2	0	0	2	2	TRUE	TRUE
AGCCCGTGTCTTGCAG-1	meGFP	1	0	5	5	TRUE	TRUE
AGCCCGTGTGCGCGAA-1	OP549859_1_ORF1	0	0	1	1	FALSE	TRUE
AGCCCGTGTTGGTTAC-1	OZ258728_1_ORF1	0	0	1	1	FALSE	TRUE
AGCCTCGTCAAGCCAG-1	OP549859_1_ORF1	0	0	1	1	FALSE	TRUE
AGCCTCGTCAATTACC-1	OZ258728_1_ORF2	1	1	19	20	TRUE	TRUE
AGCCTCGTCATTCACG-1	meGFP	0	0	1	1	FALSE	TRUE
AGCCTCGTCCCCGGTA-1	MZ286197_1_ORF2	0	0	2	2	TRUE	TRUE
AGCCTCGTCCGTAGAG-1	MZ286188_1_ORF1	0	0	1	2	FALSE	TRUE
AGCCTCGTCGACTCTA-1	MZ286197_1_ORF1	0	0	1	1	FALSE	FALSE
AGCCTCGTCTACTCCT-1	OP549859_1_ORF1	0	0	1	1	FALSE	FALSE
AGCCTCTAGAAGCATC-1	OZ258728_1_ORF2	0	0	1	1	FALSE	FALSE
AGCCTCTAGAAGCCTG-1	OP549859_1_ORF1	1	1	132	132	TRUE	TRUE
AGCCTCTAGACTTGGG-1	MZ286102_1_ORF2	1	1	14	15	TRUE	TRUE
AGCCTCTAGCATTGGG-1	OP549859_1_ORF2	0	0	1	1	FALSE	TRUE
AGCCTCTAGCCAACCT-1	OP549859_1_ORF1	0	0	1	1	FALSE	TRUE
AGCCTCTAGCCTGTGT-1	OP549859_1_ORF1	0	0	1	1	FALSE	FALSE
AGCCTCTAGGGTATGT-1	OP549859_1_ORF1	0	0	1	1	FALSE	FALSE
AGCCTCTAGTCAACCC-1	OZ258728_1_ORF2	1	1	137	137	TRUE	TRUE
AGCCTCTAGTCTAGTT-1	MZ286102_1_ORF2	1	1	10	10	TRUE	TRUE
AGCCTCTAGTGCGGAC-1	MZ286102_1_ORF2	1	0	6	8	TRUE	TRUE
AGCCTCTAGTGCTGCT-1	OZ258728_1_ORF2	0	0	1	1	FALSE	FALSE
AGCCTTTCAACCATTC-1	MZ286258_1_ORF2	0	0	1	1	FALSE	TRUE
AGCCTTTCACCAAGCG-1	MZ286197_1_ORF1	0	0	1	1	FALSE	FALSE
AGCGCCCTCACCAATT-1	MZ286197_1_ORF2	0	0	2	3	FALSE	TRUE
AGCGCCCTCCGCGCTA-1	MZ286197_1_ORF1	0	0	1	1	FALSE	FALSE
AGCGCCCTCCTCTCCA-1	MZ286102_1_ORF2	1	1	10	10	TRUE	TRUE
AGCGCCCTCGCCTATA-1	MZ286102_1_ORF2	1	0	4	4	TRUE	TRUE
AGCGCCCTCGGCTGAA-1	MZ286258_1_ORF2	1	1	12	13	TRUE	TRUE
AGCGCCCTCGTCACCG-1	meGFP	0	0	1	1	FALSE	TRUE
AGCGCCCTCGTTACCA-1	OZ258728_1_ORF2	0	0	1	1	FALSE	FALSE
AGCGCCCTCTGGTTGC-1	OZ258728_1_ORF2	0	0	1	2	FALSE	TRUE
AGCGCCTGTACCCAAT-1	MZ286188_1_ORF2	0	0	1	1	FALSE	FALSE
AGCGCCTGTAGGCTCC-1	MZ286197_1_ORF1	0	0	1	1	FALSE	TRUE
AGCGCCTGTAGTCGGG-1	OP549859_1_ORF1	0	0	1	1	FALSE	TRUE
AGCGCCTGTATGTGGA-1	OP549859_1_ORF1	0	0	1	1	FALSE	FALSE
AGCGCCTGTCTCCAAG-1	MZ286258_1_ORF1	0	0	1	1	FALSE	FALSE
AGCGCCTGTGATCGTT-1	OZ258728_1_ORF1	1	1	28	28	TRUE	TRUE
AGCGCCTGTGGGACCA-1	MZ286258_1_ORF2	0	0	2	3	FALSE	TRUE
AGCGCCTGTTTCATCT-1	MZ286102_1_ORF2	1	0	5	5	TRUE	TRUE
AGCGGGTTCCATAGGG-1	meGFP	0	0	2	2	TRUE	FALSE
AGCGGGTTCCATGACC-1	MZ286188_1_ORF1	0	0	1	1	FALSE	FALSE
AGCGGGTTCCCCAGAT-1	MZ286258_1_ORF1	0	0	1	1	FALSE	FALSE
AGCGGGTTCCCTCGCT-1	OZ258728_1_ORF2	1	1	17	18	TRUE	TRUE
AGCGGGTTCGGCTGAA-1	OZ258728_1_ORF2	0	0	1	1	FALSE	TRUE
AGCGGGTTCTGTGCGT-1	meGFP	0	0	1	1	FALSE	TRUE
AGCGTTACAAATCTGG-1	OZ258728_1_ORF2	0	0	1	1	FALSE	FALSE
AGCGTTACAGCCCGAA-1	MZ286197_1_ORF1	0	0	1	1	FALSE	TRUE
AGCGTTACATAGATAC-1	meGFP	0	0	1	1	FALSE	FALSE
AGCGTTACATCGGGCA-1	OZ258728_1_ORF2	1	1	76	76	TRUE	TRUE
AGCGTTACATGAAGGG-1	OP549859_1_ORF2	0	0	1	1	FALSE	FALSE
AGCGTTACATGTCGAA-1	meGFP	1	1	61	62	TRUE	TRUE
AGCTGACCAACGGCCA-1	OZ258728_1_ORF2	1	1	102	102	TRUE	TRUE
AGCTGACCAATGGACC-1	MZ286102_1_ORF2	1	0	6	6	TRUE	TRUE
AGCTGACCACATAGTG-1	meGFP	0	0	3	3	TRUE	TRUE
AGCTGACCACGGTCAG-1	MZ286197_1_ORF1	1	0	7	8	TRUE	TRUE
AGCTGACCACTAGTCT-1	MZ286258_1_ORF2	0	0	2	2	TRUE	TRUE
AGCTGACCAGAACTAT-1	OZ258728_1_ORF2	0	0	1	1	FALSE	FALSE
AGCTGACCATATGCAG-1	MZ286258_1_ORF1	1	1	22	24	TRUE	TRUE
AGCTGACCATCACTGT-1	meGFP	0	0	1	1	FALSE	FALSE
AGCTGACCATCCCGGT-1	meGFP	0	0	2	2	TRUE	TRUE
AGCTGTGAGCATTGGG-1	OZ258728_1_ORF1	0	0	1	1	FALSE	FALSE
AGCTTCCAGCATCACC-1	meGFP	0	0	1	1	FALSE	FALSE
AGCTTCCAGCCTGTAC-1	MZ286188_1_ORF1	1	1	46	46	TRUE	TRUE
AGCTTCCAGCGATTCC-1	MZ286197_1_ORF2	1	0	6	6	TRUE	TRUE
AGCTTCCAGCGGTAAT-1	OP549859_1_ORF1	1	1	18	18	TRUE	TRUE
AGCTTCCAGGGGCTTA-1	MZ286197_1_ORF1	2	1	16	20	TRUE	TRUE
AGCTTCCAGGTTGCGA-1	OZ258728_1_ORF2	0	0	1	1	FALSE	FALSE
AGCTTCCAGTAACCAA-1	meGFP	0	0	1	1	FALSE	FALSE
AGCTTGTGTAACCATC-1	meGFP	0	0	1	1	FALSE	FALSE
AGCTTGTGTAGGATAT-1	OP549859_1_ORF1	0	0	1	1	FALSE	TRUE
AGCTTGTGTAGTGGCG-1	OP549859_1_ORF2	0	0	1	1	FALSE	FALSE
AGCTTGTGTATTGGCT-1	MZ286102_1_ORF2	0	0	1	1	FALSE	FALSE
AGCTTGTGTCCATTAA-1	OZ258728_1_ORF1	1	0	7	7	TRUE	TRUE
AGCTTGTGTCTTGCTC-1	OZ258728_1_ORF1	3	1	11	20	FALSE	TRUE
AGCTTGTGTGCGCGTT-1	MZ286197_1_ORF2	0	0	3	3	TRUE	TRUE
AGCTTGTGTGTGGATA-1	MZ286188_1_ORF1	0	0	1	1	FALSE	TRUE
AGCTTGTGTGTGTCAT-1	OZ258728_1_ORF2	0	0	1	1	FALSE	FALSE
AGCTTGTGTTAGGCAA-1	OZ258728_1_ORF1	0	0	2	2	TRUE	TRUE
AGCTTGTGTTTCAAGC-1	OZ258728_1_ORF2	0	0	1	1	FALSE	FALSE
AGCTTGTGTTTCCTGC-1	MZ286258_1_ORF2	1	1	11	11	TRUE	TRUE
AGCTTGTGTTTGCCCT-1	OP549859_1_ORF2	0	0	1	1	FALSE	FALSE
AGGAAACCAACTGCCC-1	OP549859_1_ORF1	0	0	1	1	FALSE	FALSE
AGGAAACCAATTCGGA-1	MZ286258_1_ORF2	0	0	1	1	FALSE	TRUE
AGGAAACCACATTCGT-1	OP549859_1_ORF1	1	1	16	16	TRUE	TRUE
AGGAAACCACTACTAC-1	OZ258728_1_ORF2	0	0	1	1	FALSE	TRUE
AGGAAACCAGATAGGG-1	OZ258728_1_ORF1	1	1	11	11	TRUE	TRUE
AGGAAACCAGTGTCCC-1	MZ286258_1_ORF2	0	0	1	2	FALSE	TRUE
AGGAAACCATGCTCGC-1	OZ258728_1_ORF2	0	0	1	1	FALSE	FALSE
AGGAATCTCACAGATA-1	MZ286102_1_ORF2	0	0	1	1	FALSE	FALSE
AGGAATCTCCAAGTAA-1	MZ286258_1_ORF2	1	0	4	4	TRUE	TRUE
AGGAATCTCCCTCTAT-1	MZ286188_1_ORF1	0	0	1	1	FALSE	FALSE
AGGAATCTCTAGGCTC-1	MZ286258_1_ORF2	0	0	1	1	FALSE	TRUE
AGGAATCTCTTAGGCC-1	OZ258728_1_ORF2	0	0	1	1	FALSE	FALSE
AGGACAGCAATAGCAT-1	MZ286258_1_ORF2	0	0	1	1	FALSE	FALSE
AGGACAGCAATCTGTC-1	MZ286188_1_ORF1	0	0	1	1	FALSE	FALSE
AGGACAGCACAACCAA-1	meGFP	0	0	1	2	FALSE	FALSE
AGGACAGCACTTGCTG-1	meGFP	0	0	1	1	FALSE	FALSE
AGGACAGCAGAACGGA-1	meGFP	0	0	1	1	FALSE	FALSE
AGGACAGCAGATAGGG-1	OP549859_1_ORF2	1	0	4	4	TRUE	TRUE
AGGACAGCAGCCGATG-1	OZ258728_1_ORF2	0	0	1	1	FALSE	TRUE
AGGACAGCAGGTCTAA-1	OZ258728_1_ORF2	0	0	1	1	FALSE	FALSE
AGGACAGCATCCACAT-1	OZ258728_1_ORF2	0	0	1	1	FALSE	FALSE
AGGACAGCATCTATCA-1	MZ286258_1_ORF1	0	0	1	1	FALSE	TRUE
AGGACAGCATTGGTTC-1	OZ258728_1_ORF2	0	0	2	2	TRUE	TRUE
AGGACATTCGACTCTA-1	OZ258728_1_ORF2	0	0	1	1	FALSE	FALSE
AGGACATTCGATAGTA-1	OZ258728_1_ORF2	0	0	3	3	TRUE	FALSE
AGGACATTCGGCTTCG-1	meGFP	0	0	1	1	FALSE	TRUE
AGGACATTCTACGCCG-1	OZ258728_1_ORF1	1	1	13	16	TRUE	TRUE
AGGACATTCTCTGTGA-1	OP549859_1_ORF2	1	1	26	26	TRUE	TRUE
AGGACGGAGACTAGCG-1	OZ258728_1_ORF2	1	1	44	44	TRUE	TRUE
AGGACGGAGACTCAGG-1	OZ258728_1_ORF1	1	0	9	9	TRUE	TRUE
AGGACGGAGAGTCATA-1	OP549859_1_ORF1	0	0	1	1	FALSE	FALSE
AGGACGGAGCCGGATA-1	MZ286188_1_ORF2	0	0	1	1	FALSE	FALSE
AGGACGGAGTCCGCTG-1	MZ286188_1_ORF1	0	0	1	1	FALSE	FALSE
AGGACTTAGATACTGA-1	MZ286258_1_ORF1	0	0	1	1	FALSE	TRUE
AGGACTTAGGACGTTG-1	meGFP	0	0	1	1	FALSE	FALSE
AGGACTTAGGGTCAGC-1	OZ258728_1_ORF2	0	0	1	1	FALSE	TRUE
AGGACTTAGTGCGGAC-1	MZ286102_1_ORF2	0	0	1	1	FALSE	FALSE
AGGAGGCCAAAGTCAT-1	OP549859_1_ORF1	0	0	1	1	FALSE	FALSE
AGGAGGCCAACCTCAT-1	meGFP	0	0	1	1	FALSE	FALSE
AGGAGGCCAATAGAGA-1	OP549859_1_ORF2	0	0	3	3	TRUE	TRUE
AGGAGGCCAGGGTCTG-1	OZ258728_1_ORF2	1	1	67	68	TRUE	TRUE
AGGAGGCCAGTTCGTT-1	meGFP	0	0	1	2	FALSE	TRUE
AGGAGGCCATGACGGT-1	MZ286197_1_ORF1	0	0	1	1	FALSE	TRUE
AGGAGGCCATGAGGAG-1	MZ286102_1_ORF2	1	1	10	11	TRUE	TRUE
AGGAGGCCATGGACGT-1	OZ258728_1_ORF2	1	1	38	39	TRUE	TRUE
AGGAGGTAGCGATTCC-1	OZ258728_1_ORF2	0	0	1	3	FALSE	TRUE
AGGAGGTAGCTATCCA-1	meGFP	0	0	1	1	FALSE	FALSE
AGGAGGTAGCTTGATT-1	MZ286188_1_ORF1	1	1	61	62	TRUE	TRUE
AGGAGGTAGGACACCA-1	MZ286258_1_ORF2	1	0	4	4	TRUE	TRUE
AGGAGGTAGGAGACCC-1	OZ258728_1_ORF1	0	0	1	2	FALSE	TRUE
AGGAGGTAGGCAGGGA-1	meGFP	0	0	1	1	FALSE	FALSE
AGGAGGTAGGGCACTA-1	OP549859_1_ORF2	1	0	5	5	TRUE	TRUE
AGGAGGTAGTAATCCT-1	meGFP	1	1	36	36	TRUE	TRUE
AGGAGGTAGTTGCATT-1	OP549859_1_ORF1	0	0	2	2	TRUE	TRUE
AGGAGTCGTAGTATCC-1	MZ286188_1_ORF1	0	0	1	1	FALSE	FALSE
AGGAGTCGTATACTGC-1	OZ258728_1_ORF2	0	0	1	1	FALSE	FALSE
AGGAGTCGTATCTCAA-1	OZ258728_1_ORF2	0	0	1	2	FALSE	TRUE
AGGAGTCGTCCACGGT-1	MZ286188_1_ORF2	0	0	2	2	TRUE	TRUE
AGGAGTCGTTCACGAT-1	OZ258728_1_ORF2	1	1	37	41	TRUE	TRUE
AGGAGTCGTTCGTCTC-1	OZ258728_1_ORF2	0	0	1	1	FALSE	FALSE
AGGAGTCGTTGGACTT-1	MZ286188_1_ORF2	0	0	3	3	TRUE	TRUE
AGGAGTCGTTGTACGT-1	OP549859_1_ORF1	1	1	10	17	TRUE	TRUE
AGGAGTCGTTGTCCGA-1	OZ258728_1_ORF2	0	0	1	1	FALSE	FALSE
AGGATAACAACCTCGC-1	MZ286258_1_ORF2	0	0	2	3	FALSE	TRUE
AGGATAACAACTGGCG-1	OP549859_1_ORF1	0	0	1	1	FALSE	TRUE
AGGATAACACCTCAAT-1	OP549859_1_ORF2	0	0	1	3	FALSE	TRUE
AGGATAACAGGCAACT-1	OP549859_1_ORF1	1	0	8	8	TRUE	TRUE
AGGATAACATCCCAAT-1	OZ258728_1_ORF2	0	0	1	1	FALSE	FALSE
AGGATAACATCGCTCA-1	OP549859_1_ORF1	0	0	1	1	FALSE	FALSE
AGGCAATTCAAGGGTT-1	OZ258728_1_ORF2	2	0	6	10	FALSE	TRUE
AGGCAATTCGCCTGTG-1	meGFP	1	1	16	21	TRUE	TRUE
AGGCAATTCTAGATGA-1	MZ286258_1_ORF2	1	0	7	7	TRUE	TRUE
AGGCACGGTTCACGAT-1	meGFP	0	0	1	1	FALSE	FALSE
AGGCAGGAGACACTAA-1	OP549859_1_ORF1	0	0	2	2	TRUE	TRUE
AGGCAGGAGCACGTTC-1	OZ258728_1_ORF1	0	0	2	4	FALSE	TRUE
AGGCAGGAGCCTTCCC-1	MZ286258_1_ORF2	0	0	1	1	FALSE	FALSE
AGGCAGGAGGGGTAGG-1	MZ286188_1_ORF1	0	0	1	1	FALSE	TRUE
AGGCAGGAGTACCTGC-1	OZ258728_1_ORF2	1	1	31	31	TRUE	TRUE
AGGCAGGAGTCCTCAA-1	MZ286258_1_ORF2	0	0	1	1	FALSE	TRUE
AGGCAGGAGTGGGTTG-1	MZ286197_1_ORF2	0	0	2	2	TRUE	FALSE
AGGCCAGGTACCCAGC-1	OZ258728_1_ORF1	0	0	1	1	FALSE	FALSE
AGGCCAGGTGAAGCCG-1	meGFP	0	0	3	4	TRUE	TRUE
AGGCCAGGTGGAAGGA-1	meGFP	0	0	1	1	FALSE	FALSE
AGGCCAGGTTTCGGGC-1	OZ258728_1_ORF1	1	1	10	10	TRUE	TRUE
AGGCCATCACTCCGTA-1	OZ258728_1_ORF2	0	0	1	1	FALSE	FALSE
AGGCCTGCAAACGGCT-1	MZ286197_1_ORF2	0	0	2	3	FALSE	TRUE
AGGCCTGCAAGATGAA-1	meGFP	0	0	1	1	FALSE	FALSE
AGGCCTGCAATCCGGG-1	meGFP	1	0	6	6	TRUE	TRUE
AGGCCTGCACCCAACC-1	MZ286102_1_ORF1	1	1	27	27	TRUE	TRUE
AGGCCTGCACTTCCTC-1	MZ286102_1_ORF2	1	0	4	5	TRUE	TRUE
AGGCCTGCATAACTGG-1	MZ286197_1_ORF2	2	1	10	19	FALSE	TRUE
AGGCGAGAGAAGGATG-1	MZ286102_1_ORF1	0	0	1	1	FALSE	FALSE
AGGCGAGAGACTTGCC-1	MZ286102_1_ORF2	0	0	1	1	FALSE	TRUE
AGGCGAGAGAGAGCTT-1	MZ286197_1_ORF2	0	0	3	3	TRUE	TRUE
AGGCGAGAGATGCCAG-1	OP549859_1_ORF1	0	0	1	2	FALSE	TRUE
AGGCGAGAGCTTACGC-1	MZ286188_1_ORF2	0	0	1	1	FALSE	FALSE
AGGCGAGAGGGCGTGT-1	MZ286258_1_ORF2	1	1	10	10	TRUE	TRUE
AGGCGTGGTAAGCCAA-1	MZ286258_1_ORF2	1	1	24	24	TRUE	TRUE
AGGCGTGGTATTGGCT-1	MZ286102_1_ORF2	0	0	1	1	FALSE	FALSE
AGGCGTGGTCCAACTG-1	OZ258728_1_ORF1	0	0	1	1	FALSE	FALSE
AGGCGTGGTCGATGCC-1	OZ258728_1_ORF2	0	0	1	1	FALSE	FALSE
AGGCGTGGTGATCCCA-1	MZ286188_1_ORF1	0	0	1	1	FALSE	TRUE
AGGCGTGGTGCGTACC-1	MZ286258_1_ORF1	0	0	1	1	FALSE	TRUE
AGGCGTGGTGGATGAC-1	meGFP	0	0	1	2	FALSE	TRUE
AGGCGTGGTTATGGAG-1	OZ258728_1_ORF1	1	1	22	22	TRUE	TRUE
AGGCTGTCACAGATCA-1	OZ258728_1_ORF2	0	0	1	1	FALSE	FALSE
AGGCTGTCACCACAGG-1	meGFP	1	1	11	12	TRUE	TRUE
AGGCTGTCACGAACCG-1	MZ286197_1_ORF1	0	0	1	2	FALSE	TRUE
AGGCTGTCAGCCTCGT-1	OZ258728_1_ORF2	0	0	1	1	FALSE	TRUE
AGGCTGTCATAGGATT-1	MZ286197_1_ORF2	0	0	1	1	FALSE	TRUE
AGGCTGTCATGTCCAT-1	meGFP	0	0	1	1	FALSE	FALSE
AGGCTTACAAGATTAC-1	MZ286197_1_ORF2	0	0	1	1	FALSE	TRUE
AGGCTTACACCAAGCG-1	meGFP	1	1	13	13	TRUE	TRUE
AGGCTTACAGGTACAC-1	MZ286102_1_ORF2	1	1	10	10	TRUE	TRUE
AGGCTTACATGTCGGG-1	MZ286102_1_ORF2	1	1	11	11	TRUE	TRUE
AGGGATCGTATGGTTC-1	MZ286102_1_ORF1	0	0	1	1	FALSE	FALSE
AGGGATCGTCCGAATT-1	meGFP	0	0	1	1	FALSE	FALSE
AGGGATCGTCTTAATG-1	MZ286197_1_ORF2	0	0	3	3	TRUE	TRUE
AGGGATCGTTCACGAT-1	OZ258728_1_ORF1	0	0	3	3	TRUE	FALSE
AGGGATCGTTCTGGCA-1	meGFP	1	1	65	65	TRUE	TRUE
AGGGATCGTTGACCGC-1	MZ286188_1_ORF1	0	0	1	1	FALSE	FALSE
AGGGATCGTTGCGGAG-1	OZ258728_1_ORF2	0	0	1	1	FALSE	FALSE
AGGGATCGTTGGTGAA-1	MZ286102_1_ORF1	1	1	26	27	TRUE	TRUE
AGGGATGCAGGCAACT-1	MZ286102_1_ORF2	0	0	1	1	FALSE	FALSE
AGGGATGCATAATCCC-1	MZ286197_1_ORF2	0	0	3	3	TRUE	TRUE
AGGGATGCATGCCCTA-1	MZ286197_1_ORF2	0	0	1	1	FALSE	FALSE
AGGGATGCATGGTGTA-1	OP549859_1_ORF1	0	0	1	1	FALSE	FALSE
AGGGATGCATTACTTG-1	OZ258728_1_ORF1	1	1	30	30	TRUE	TRUE
AGGGGAAGTATGGCCC-1	OP549859_1_ORF1	0	0	1	2	FALSE	TRUE
AGGGGAAGTCAATCTA-1	MZ286102_1_ORF2	1	0	7	7	TRUE	TRUE
AGGGGAAGTCGCATAT-1	MZ286197_1_ORF1	0	0	1	1	FALSE	TRUE
AGGGGAAGTGAGTTAG-1	MZ286102_1_ORF1	1	1	14	15	TRUE	TRUE
AGGGGAAGTGATCAAG-1	MZ286188_1_ORF1	0	0	1	1	FALSE	FALSE
AGGGGAAGTGGAAGGA-1	meGFP	0	0	1	1	FALSE	FALSE
AGGGGAAGTGGCCATC-1	OZ258728_1_ORF2	0	0	1	1	FALSE	TRUE
AGGGGAAGTTGGTGAA-1	MZ286102_1_ORF1	0	0	1	1	FALSE	FALSE
AGGGGATAGATCCTGC-1	MZ286188_1_ORF1	0	0	1	2	FALSE	TRUE
AGGGGATAGCAATCGG-1	meGFP	1	0	6	6	TRUE	TRUE
AGGGGATAGCATCCGT-1	MZ286258_1_ORF1	0	0	1	1	FALSE	TRUE
AGGGGATAGCGGGAAG-1	MZ286102_1_ORF2	0	0	1	1	FALSE	TRUE
AGGGGATAGGATAGAG-1	MZ286102_1_ORF2	1	0	6	6	TRUE	TRUE
AGGGGATAGGATGGAA-1	MZ286102_1_ORF2	1	1	11	12	TRUE	TRUE
AGGGGATAGGCATGTG-1	MZ286258_1_ORF1	0	0	2	2	TRUE	TRUE
AGGGGATAGTAATCCT-1	MZ286197_1_ORF1	1	1	15	16	TRUE	TRUE
AGGGGATAGTCTCACA-1	MZ286188_1_ORF2	1	0	5	5	TRUE	TRUE
AGGGGTCTCACCAGGA-1	MZ286258_1_ORF1	0	0	1	1	FALSE	FALSE
AGGGGTCTCACGGTAG-1	OP549859_1_ORF1	1	1	59	59	TRUE	TRUE
AGGGGTCTCCGTAGAG-1	OP549859_1_ORF2	0	0	1	1	FALSE	TRUE
AGGGGTCTCGCTATGC-1	MZ286258_1_ORF2	1	1	12	12	TRUE	TRUE
AGGGGTCTCTATAGGA-1	MZ286197_1_ORF2	0	0	2	3	FALSE	TRUE
AGGGTACGTAATGGGC-1	OZ258728_1_ORF2	1	0	5	6	TRUE	TRUE
AGGGTACGTACTTACA-1	MZ286197_1_ORF2	1	0	6	6	TRUE	TRUE
AGGGTACGTATACGTC-1	OP549859_1_ORF1	0	0	1	1	FALSE	TRUE
AGGGTACGTGCGACAG-1	OP549859_1_ORF1	0	0	1	1	FALSE	FALSE
AGGGTACGTGTCTATA-1	MZ286258_1_ORF2	0	0	2	2	TRUE	TRUE
AGGGTACGTTGGTTAC-1	OP549859_1_ORF1	0	0	1	1	FALSE	FALSE
AGGGTCGGTCAGTCGC-1	MZ286102_1_ORF2	1	0	6	8	TRUE	TRUE
AGGGTCGGTGGAGAGA-1	MZ286197_1_ORF2	0	0	1	1	FALSE	TRUE
AGGGTCGGTGGGACCA-1	MZ286197_1_ORF1	0	0	2	4	FALSE	TRUE
AGGGTCGGTGGGTAAC-1	MZ286197_1_ORF1	0	0	3	3	TRUE	TRUE
AGGGTCGGTTGGACTT-1	MZ286102_1_ORF1	0	0	3	3	TRUE	TRUE
AGGGTCGGTTGTCCTC-1	MZ286258_1_ORF2	1	1	14	14	TRUE	TRUE
AGGGTCTCACTCCGTA-1	meGFP	0	0	1	1	FALSE	TRUE
AGGGTCTCATAAGGTT-1	OP549859_1_ORF2	0	0	1	1	FALSE	TRUE
AGGGTTGTCACCCAGT-1	MZ286188_1_ORF1	0	0	1	1	FALSE	TRUE
AGGGTTGTCACTTACG-1	MZ286102_1_ORF2	0	0	1	1	FALSE	FALSE
AGGGTTGTCGAACTAA-1	OZ258728_1_ORF2	0	0	3	4	TRUE	FALSE
AGGGTTGTCGACACCT-1	OZ258728_1_ORF2	0	0	1	1	FALSE	FALSE
AGGGTTGTCGCGCCTA-1	OP549859_1_ORF1	0	0	1	1	FALSE	TRUE
AGGGTTGTCGGCTTCG-1	OZ258728_1_ORF2	1	1	63	63	TRUE	TRUE
AGGGTTGTCTAAGCAA-1	OZ258728_1_ORF2	0	0	1	1	FALSE	FALSE
AGGGTTTAGAACGGCC-1	MZ286197_1_ORF1	0	0	1	1	FALSE	FALSE
AGGGTTTAGCGACGGT-1	OZ258728_1_ORF2	0	0	1	1	FALSE	TRUE
AGGGTTTAGCGCAAGC-1	meGFP	0	0	1	1	FALSE	TRUE
AGGGTTTAGCTGGTTC-1	MZ286197_1_ORF1	1	1	12	13	TRUE	TRUE
AGGGTTTAGGGTTCGA-1	MZ286102_1_ORF2	1	0	4	4	TRUE	TRUE
AGGGTTTAGTATCGAA-1	MZ286197_1_ORF2	0	0	2	2	TRUE	TRUE
AGGGTTTAGTGGAGCC-1	OP549859_1_ORF1	1	0	6	6	TRUE	TRUE
AGGTAGAAGACTCAGG-1	meGFP	1	1	67	67	TRUE	TRUE
AGGTAGAAGAGGACTT-1	meGFP	0	0	1	1	FALSE	FALSE
AGGTAGAAGCAATCCC-1	OZ258728_1_ORF2	1	1	44	44	TRUE	TRUE
AGGTAGAAGCGGTAGC-1	meGFP	0	0	1	1	FALSE	FALSE
AGGTAGAAGCGTGCTT-1	OZ258728_1_ORF2	0	0	1	1	FALSE	FALSE
AGGTAGAAGTCATCCA-1	OZ258728_1_ORF2	1	1	42	43	TRUE	TRUE
AGGTAGGCAAACGTAT-1	MZ286258_1_ORF1	0	0	1	3	FALSE	TRUE
AGGTAGGCAAATGAGA-1	MZ286258_1_ORF2	0	0	1	1	FALSE	TRUE
AGGTAGGCACAATCCT-1	MZ286197_1_ORF1	0	0	1	1	FALSE	TRUE
AGGTAGGCACCTCTAG-1	OP549859_1_ORF1	0	0	1	1	FALSE	FALSE
AGGTAGGCACTCGTCA-1	OZ258728_1_ORF2	0	0	1	1	FALSE	TRUE
AGGTAGGCAGTAAGGG-1	OZ258728_1_ORF1	0	0	1	1	FALSE	FALSE
AGGTAGGCATGAATCG-1	MZ286102_1_ORF2	1	1	16	16	TRUE	TRUE
AGGTAGGCATTAGAGT-1	MZ286102_1_ORF2	0	0	1	1	FALSE	TRUE
AGGTTCACAACCTCAT-1	MZ286197_1_ORF1	0	0	2	2	TRUE	TRUE
AGGTTCACAACGTCCC-1	MZ286258_1_ORF2	1	0	5	5	TRUE	TRUE
AGGTTCACAATCTGTC-1	meGFP	0	0	1	1	FALSE	FALSE
AGGTTCACACAAGCCG-1	MZ286258_1_ORF2	0	0	1	1	FALSE	TRUE
AGGTTCACACAAGGCT-1	OP549859_1_ORF1	0	0	1	2	FALSE	TRUE
AGGTTCACACCCTATG-1	MZ286102_1_ORF1	0	0	1	1	FALSE	FALSE
AGGTTCACATAGTAGT-1	OZ258728_1_ORF2	0	0	1	1	FALSE	FALSE
AGGTTCACATCAGTCT-1	MZ286102_1_ORF2	0	0	1	1	FALSE	FALSE
AGGTTCGAGACTTACT-1	meGFP	1	1	61	61	TRUE	TRUE
AGGTTCGAGATATGCA-1	meGFP	0	0	1	1	FALSE	TRUE
AGGTTCGAGCGGATCA-1	OZ258728_1_ORF2	0	0	1	1	FALSE	FALSE
AGGTTCGAGCTGGGTA-1	MZ286258_1_ORF2	1	1	10	10	TRUE	TRUE
AGGTTCGAGGCAGGCT-1	OP549859_1_ORF2	1	0	5	5	TRUE	TRUE
AGGTTCGAGGCATCCT-1	MZ286188_1_ORF1	0	0	1	2	FALSE	TRUE
AGGTTCGAGGGACATT-1	OZ258728_1_ORF2	0	0	1	1	FALSE	TRUE
AGGTTCGAGGGACTCA-1	OZ258728_1_ORF1	0	0	1	1	FALSE	FALSE
AGGTTCGAGTCTCACA-1	MZ286102_1_ORF2	1	0	8	9	TRUE	TRUE
AGGTTCGAGTTGACTT-1	OZ258728_1_ORF1	0	0	1	2	FALSE	TRUE
AGTAACATCGCCCTGA-1	OP549859_1_ORF1	0	0	1	1	FALSE	FALSE
AGTAACATCGGGAACC-1	MZ286197_1_ORF1	0	0	1	2	FALSE	TRUE
AGTAACATCTGGACGA-1	MZ286258_1_ORF1	0	0	3	4	TRUE	TRUE
AGTAAGTGTAGACCAA-1	OZ258728_1_ORF2	0	0	1	1	FALSE	FALSE
AGTAAGTGTAGGCTCC-1	MZ286102_1_ORF2	1	0	6	8	TRUE	TRUE
AGTAAGTGTATAGACG-1	OZ258728_1_ORF2	1	1	43	44	TRUE	TRUE
AGTAAGTGTCATTCGG-1	MZ286197_1_ORF1	1	0	9	9	TRUE	TRUE
AGTAAGTGTGCGACAG-1	MZ286102_1_ORF2	0	0	1	1	FALSE	TRUE
AGTAAGTGTGCTTCGA-1	MZ286188_1_ORF1	0	0	2	2	TRUE	TRUE
AGTAAGTGTGGAGAGA-1	OZ258728_1_ORF2	0	0	1	1	FALSE	FALSE
AGTAAGTGTGTGTCAT-1	MZ286102_1_ORF1	1	0	5	5	TRUE	TRUE
AGTAAGTGTTTCCTAT-1	MZ286258_1_ORF2	0	0	1	1	FALSE	TRUE
AGTAATTAGACTCCGT-1	OP549859_1_ORF2	0	0	0	0	FALSE	FALSE
AGTAATTAGACTCGCT-1	MZ286197_1_ORF1	0	0	1	1	FALSE	TRUE
AGTAATTAGAGGCGTC-1	OP549859_1_ORF2	1	0	5	5	TRUE	TRUE
AGTAATTAGATATGCA-1	OP549859_1_ORF1	2	2	18	29	FALSE	TRUE
AGTAATTAGCGGATTG-1	OP549859_1_ORF1	0	0	1	1	FALSE	FALSE
AGTAATTAGGAGACCC-1	OZ258728_1_ORF2	1	1	28	28	TRUE	TRUE
AGTAATTAGGGTTGCA-1	MZ286102_1_ORF2	0	0	1	1	FALSE	TRUE
AGTAATTAGTAGTTGA-1	OP549859_1_ORF2	0	0	3	3	TRUE	TRUE
AGTAATTAGTTCGGCT-1	MZ286102_1_ORF1	1	1	13	13	TRUE	TRUE
AGTACCTGTCAGCCGT-1	MZ286258_1_ORF1	1	1	11	11	TRUE	TRUE
AGTACCTGTCAGGGAT-1	OZ258728_1_ORF2	0	0	1	1	FALSE	FALSE
AGTACCTGTGAGTAAT-1	MZ286258_1_ORF1	0	0	1	1	FALSE	FALSE
AGTACCTGTGTGTCAT-1	OZ258728_1_ORF2	0	0	1	2	FALSE	TRUE
AGTACCTGTTCATCGG-1	OZ258728_1_ORF2	0	0	1	1	FALSE	FALSE
AGTACCTGTTCGCTGA-1	OP549859_1_ORF1	0	0	1	1	FALSE	FALSE
AGTACCTGTTCGTCTC-1	OP549859_1_ORF1	0	0	3	4	TRUE	TRUE
AGTACCTGTTTCGATA-1	OZ258728_1_ORF2	0	0	1	1	FALSE	FALSE
AGTACCTGTTTGGGTT-1	MZ286102_1_ORF1	0	0	3	3	TRUE	TRUE
AGTACCTGTTTGGTAC-1	OZ258728_1_ORF2	0	0	1	1	FALSE	FALSE
AGTACGGTCCCCTTCA-1	MZ286258_1_ORF2	0	0	1	1	FALSE	FALSE
AGTACGGTCGCAAGGC-1	MZ286258_1_ORF2	1	0	6	6	TRUE	TRUE
AGTACGGTCGCCCAAT-1	MZ286102_1_ORF2	0	0	3	4	TRUE	TRUE
AGTACGGTCGTTCCGG-1	OZ258728_1_ORF2	0	0	1	1	FALSE	TRUE
AGTACGGTCTATCGTG-1	MZ286197_1_ORF1	0	0	2	2	TRUE	TRUE
AGTACGGTCTTAGGCC-1	MZ286258_1_ORF1	1	0	9	10	TRUE	FALSE
AGTATCCGTAATGTCC-1	OZ258728_1_ORF1	0	0	1	1	FALSE	FALSE
AGTATCCGTACACCTG-1	OZ258728_1_ORF2	0	0	1	1	FALSE	FALSE
AGTATCCGTGGCATGG-1	OZ258728_1_ORF2	0	0	1	1	FALSE	FALSE
AGTATCCGTGTGTGAA-1	OZ258728_1_ORF1	0	0	1	2	FALSE	TRUE
AGTATCCGTTAATTCG-1	OZ258728_1_ORF2	0	0	1	1	FALSE	FALSE
AGTATCCGTTTAGGAG-1	MZ286102_1_ORF2	0	0	1	1	FALSE	TRUE
AGTATCCGTTTGGCGC-1	OZ258728_1_ORF2	1	1	21	22	TRUE	TRUE
AGTCCAACACGAAGGA-1	meGFP	1	1	62	62	TRUE	TRUE
AGTCCAACACGAATGC-1	MZ286188_1_ORF2	1	0	6	6	TRUE	TRUE
AGTCCAACACGGCTCT-1	meGFP	0	0	1	1	FALSE	FALSE
AGTCCAACATGTCGAA-1	MZ286258_1_ORF2	1	1	15	15	TRUE	TRUE
AGTCCCAGTACCGACC-1	OZ258728_1_ORF2	0	0	1	2	FALSE	TRUE
AGTCCCAGTAGTCGTT-1	OZ258728_1_ORF2	1	1	18	18	TRUE	TRUE
AGTCCCAGTGGGTCGA-1	OZ258728_1_ORF1	0	0	1	1	FALSE	TRUE
AGTCCCAGTGTACCAT-1	MZ286197_1_ORF1	0	0	1	1	FALSE	TRUE
AGTCCCAGTGTCGAGG-1	OP549859_1_ORF2	1	0	8	9	TRUE	TRUE
AGTCCCAGTTTAGGCT-1	OZ258728_1_ORF1	0	0	1	1	FALSE	TRUE
AGTCCGGCAAACTTCC-1	MZ286197_1_ORF1	0	0	1	1	FALSE	TRUE
AGTCCGGCAAAGTGCC-1	OZ258728_1_ORF2	2	2	141	156	TRUE	TRUE
AGTCCGGCAACACCGG-1	MZ286188_1_ORF1	1	1	31	32	TRUE	TRUE
AGTCCGGCACAGTATG-1	MZ286188_1_ORF1	0	0	1	2	FALSE	TRUE
AGTCCGGCACTTGCTG-1	OZ258728_1_ORF2	0	0	1	1	FALSE	FALSE
AGTCCGGCAGCAAGTC-1	OZ258728_1_ORF1	0	0	3	3	TRUE	TRUE
AGTCCGGCAGCGCTTC-1	MZ286188_1_ORF1	0	0	1	2	FALSE	TRUE
AGTCCGGCAGTCGAGT-1	MZ286102_1_ORF1	1	1	38	39	TRUE	TRUE
AGTCCGGCAGTTGCTT-1	MZ286102_1_ORF1	0	0	1	2	FALSE	TRUE
AGTCCGGCATACCGTT-1	MZ286258_1_ORF1	1	1	23	23	TRUE	TRUE
AGTCCGGCATAGACCA-1	OZ258728_1_ORF2	0	0	1	1	FALSE	TRUE
AGTCCGGCATAGTTGG-1	MZ286258_1_ORF2	0	0	2	2	TRUE	TRUE
AGTCCGGCATGGAGCT-1	MZ286258_1_ORF2	0	0	2	2	TRUE	TRUE
AGTCGCGCAAACGTAT-1	MZ286188_1_ORF1	0	0	1	1	FALSE	TRUE
AGTCGCGCAACCTCAT-1	MZ286188_1_ORF2	0	0	1	1	FALSE	FALSE
AGTCGCGCACAAGGCT-1	MZ286188_1_ORF1	0	0	1	2	FALSE	TRUE
AGTCGCGCACAGTATG-1	OZ258728_1_ORF2	0	0	1	1	FALSE	FALSE
AGTCGCGCACAGTTAG-1	MZ286258_1_ORF2	0	0	1	1	FALSE	TRUE
AGTCGCGCACCCAGCT-1	OZ258728_1_ORF2	0	0	1	1	FALSE	TRUE
AGTCGCGCAGCTGCGA-1	MZ286197_1_ORF1	0	0	1	1	FALSE	FALSE
AGTCGCGCATGAACCA-1	MZ286258_1_ORF1	0	0	1	1	FALSE	TRUE
AGTCGGATCAACCGTC-1	OZ258728_1_ORF2	0	0	1	1	FALSE	FALSE
AGTCGGATCACCGCAT-1	OP549859_1_ORF1	0	0	3	3	TRUE	TRUE
AGTCGGATCCCTTCCA-1	OP549859_1_ORF1	1	1	17	17	TRUE	FALSE
AGTCGTCTCACAGGCA-1	MZ286188_1_ORF1	0	0	1	2	FALSE	FALSE
AGTCGTCTCACGGTAG-1	OZ258728_1_ORF2	0	0	1	1	FALSE	FALSE
AGTCGTCTCGATCGCT-1	OP549859_1_ORF1	1	1	14	15	TRUE	TRUE
AGTCGTCTCTAGGCTC-1	MZ286258_1_ORF2	0	0	1	1	FALSE	TRUE
AGTGACGTCAGTATGA-1	MZ286258_1_ORF1	0	0	1	1	FALSE	TRUE
AGTGACGTCCTAATGT-1	OZ258728_1_ORF2	1	1	17	17	TRUE	TRUE
AGTGACGTCGAATGGT-1	MZ286102_1_ORF2	1	1	15	15	TRUE	TRUE
AGTGACGTCTGCCTGG-1	meGFP	0	0	1	1	FALSE	TRUE
AGTGAGAAGACACGCA-1	meGFP	0	0	1	1	FALSE	TRUE
AGTGAGAAGATATCCT-1	OZ258728_1_ORF2	0	0	1	1	FALSE	FALSE
AGTGAGAAGATGCCTC-1	OZ258728_1_ORF2	1	1	10	10	TRUE	TRUE
AGTGAGAAGCGCCTAT-1	MZ286102_1_ORF2	0	0	1	1	FALSE	TRUE
AGTGAGAAGGGCCGAT-1	MZ286197_1_ORF2	1	0	5	5	TRUE	TRUE
AGTGAGAAGGGGCTTA-1	OP549859_1_ORF1	1	0	4	4	TRUE	TRUE
AGTGAGAAGGTGTGGC-1	OZ258728_1_ORF2	0	0	1	1	FALSE	TRUE
AGTGAGAAGGTTCCCG-1	meGFP	0	0	1	1	FALSE	FALSE
AGTGCAAGTAAGCTAG-1	MZ286102_1_ORF2	0	0	3	4	TRUE	TRUE
AGTGCAAGTACACCTG-1	MZ286258_1_ORF1	1	1	53	54	TRUE	TRUE
AGTGCAAGTCGGGACA-1	MZ286188_1_ORF1	0	0	1	1	FALSE	FALSE
AGTGCAAGTCTGCACA-1	MZ286197_1_ORF1	0	0	2	2	TRUE	TRUE
AGTGCAAGTGCGCATC-1	MZ286102_1_ORF1	1	0	4	4	TRUE	FALSE
AGTGCAAGTGGGATTA-1	meGFP	0	0	1	1	FALSE	FALSE
AGTGCAGTCCACAGGA-1	OP549859_1_ORF1	0	0	2	2	TRUE	FALSE
AGTGCAGTCCAGAGAT-1	OZ258728_1_ORF2	1	0	5	5	TRUE	TRUE
AGTGCAGTCCGGATTC-1	OP549859_1_ORF1	0	0	1	1	FALSE	FALSE
AGTGCAGTCTAATTGC-1	OZ258728_1_ORF2	0	0	1	1	FALSE	FALSE
AGTGCAGTCTATACCG-1	OZ258728_1_ORF2	0	0	1	1	FALSE	FALSE
AGTGCAGTCTCTCAAG-1	MZ286102_1_ORF2	0	0	3	3	TRUE	TRUE
AGTGCAGTCTGGGTAG-1	meGFP	0	0	1	1	FALSE	FALSE
AGTGCAGTCTGGTGTC-1	meGFP	2	1	26	32	TRUE	TRUE
AGTGCAGTCTGTCGGT-1	MZ286188_1_ORF2	0	0	1	1	FALSE	FALSE
AGTGCCTTCAAGGGTT-1	meGFP	0	0	1	1	FALSE	FALSE
AGTGCCTTCACCAGGA-1	MZ286197_1_ORF2	0	0	1	1	FALSE	FALSE
AGTGCCTTCACCCAGT-1	MZ286188_1_ORF2	0	0	3	3	TRUE	TRUE
AGTGCCTTCAGGCTAG-1	MZ286197_1_ORF2	1	0	6	7	TRUE	TRUE
AGTGCCTTCCTCATAG-1	OZ258728_1_ORF2	0	0	2	2	TRUE	TRUE
AGTGCCTTCGGTATGG-1	OZ258728_1_ORF2	1	1	39	39	TRUE	TRUE
AGTGGACGTACGGGCA-1	OZ258728_1_ORF2	1	0	4	5	TRUE	TRUE
AGTGGACGTCCCTTCG-1	OZ258728_1_ORF2	0	0	1	1	FALSE	FALSE
AGTGGACGTCTGGTCA-1	MZ286258_1_ORF2	1	0	8	11	TRUE	TRUE
AGTGGACGTGCGACAG-1	MZ286188_1_ORF2	0	0	1	1	FALSE	FALSE
AGTGGCGGTCTCCAAG-1	MZ286197_1_ORF1	1	1	23	23	TRUE	TRUE
AGTGGCGGTGAGGAGA-1	MZ286197_1_ORF1	1	1	17	18	TRUE	TRUE
AGTGGCGGTTCCACTC-1	MZ286188_1_ORF1	0	0	1	1	FALSE	TRUE
AGTGTTCGTAACGGAC-1	OZ258728_1_ORF2	0	0	1	2	FALSE	TRUE
AGTGTTCGTAGGTCAA-1	OZ258728_1_ORF2	0	0	1	1	FALSE	TRUE
AGTGTTCGTCGACCGT-1	MZ286258_1_ORF2	0	0	3	3	TRUE	TRUE
AGTGTTCGTCTGGCGT-1	meGFP	0	0	1	1	FALSE	TRUE
AGTGTTCGTGGTGCGA-1	OZ258728_1_ORF2	0	0	1	1	FALSE	TRUE
AGTGTTCGTGTTGCAT-1	MZ286102_1_ORF2	0	0	1	1	FALSE	FALSE
AGTGTTCGTTACGTTA-1	OZ258728_1_ORF2	0	0	2	3	FALSE	TRUE
AGTTAAGTCAATGCTT-1	MZ286102_1_ORF2	0	0	1	2	FALSE	TRUE
AGTTAAGTCAGTAGTA-1	MZ286258_1_ORF1	0	0	2	2	TRUE	TRUE
AGTTAAGTCGAACCCT-1	OZ258728_1_ORF2	1	1	29	29	TRUE	TRUE
AGTTAAGTCGAATGGT-1	OZ258728_1_ORF2	0	0	1	1	FALSE	TRUE
AGTTAAGTCTCTCGCC-1	OP549859_1_ORF2	0	0	1	1	FALSE	FALSE
AGTTACAAGATACAGC-1	OZ258728_1_ORF2	0	0	1	1	FALSE	FALSE
AGTTACAAGATGCCTC-1	MZ286197_1_ORF2	0	0	1	1	FALSE	TRUE
AGTTACAAGATTGGTA-1	OZ258728_1_ORF2	0	0	1	1	FALSE	FALSE
AGTTACAAGCCGAGTA-1	OP549859_1_ORF1	1	1	21	21	TRUE	TRUE
AGTTACAAGCCTAGTC-1	OP549859_1_ORF1	0	0	1	1	FALSE	TRUE
AGTTACAAGCGATTAA-1	MZ286258_1_ORF1	1	0	4	6	TRUE	TRUE
AGTTACAAGGGGTAGG-1	OP549859_1_ORF2	0	0	1	1	FALSE	TRUE
AGTTACAAGTCAACTT-1	OZ258728_1_ORF2	0	0	1	1	FALSE	TRUE
AGTTACCGTACCCAGC-1	MZ286258_1_ORF1	0	0	1	1	FALSE	FALSE
AGTTACCGTAGGTCAA-1	OZ258728_1_ORF2	0	0	1	1	FALSE	TRUE
AGTTACCGTCGGGCTT-1	meGFP	0	0	1	1	FALSE	FALSE
AGTTACCGTCTAGTGT-1	OZ258728_1_ORF2	0	0	1	1	FALSE	FALSE
AGTTACCGTGCTGACC-1	MZ286102_1_ORF2	0	0	1	1	FALSE	TRUE
AGTTACCGTGTTGCAT-1	MZ286188_1_ORF1	0	0	1	1	FALSE	FALSE
AGTTACGCAACGTCCC-1	OP549859_1_ORF2	1	1	13	13	TRUE	TRUE
AGTTACGCAAGCGAAG-1	OP549859_1_ORF1	0	0	1	1	FALSE	TRUE
AGTTACGCAATGTAAC-1	OP549859_1_ORF2	0	0	1	1	FALSE	TRUE
AGTTACGCACCATAGA-1	MZ286197_1_ORF1	0	0	1	1	FALSE	TRUE
AGTTACGCACTACTAC-1	MZ286258_1_ORF2	0	0	3	3	TRUE	TRUE
AGTTACGCAGCTCTAT-1	meGFP	0	0	1	1	FALSE	FALSE
AGTTACGCAGGCCAAT-1	meGFP	0	0	1	1	FALSE	FALSE
AGTTACGCATGGCCTC-1	MZ286197_1_ORF2	0	0	3	3	TRUE	TRUE
AGTTAGCAGCATATCT-1	meGFP	2	1	11	20	FALSE	TRUE
AGTTAGCAGCCATGAG-1	OP549859_1_ORF2	1	0	8	8	TRUE	TRUE
AGTTAGCAGCCCGATT-1	meGFP	0	0	1	1	FALSE	TRUE
AGTTAGCAGCCTAATT-1	MZ286258_1_ORF2	0	0	1	1	FALSE	FALSE
AGTTAGCAGCTCATGC-1	OP549859_1_ORF1	0	0	1	1	FALSE	FALSE
AGTTAGTCAACTGGCG-1	MZ286258_1_ORF2	0	0	1	1	FALSE	TRUE
AGTTAGTCAAGTCAAT-1	OZ258728_1_ORF1	0	0	1	1	FALSE	TRUE
AGTTAGTCACACTAAG-1	OZ258728_1_ORF2	1	1	11	11	TRUE	TRUE
AGTTAGTCACTCGCTA-1	MZ286258_1_ORF1	0	0	1	1	FALSE	FALSE
AGTTAGTCAGAATGGG-1	OP549859_1_ORF2	0	0	2	2	TRUE	TRUE
AGTTAGTCAGGTCGAT-1	OP549859_1_ORF1	0	0	2	3	FALSE	TRUE
AGTTAGTCATACCGTT-1	OZ258728_1_ORF2	0	0	1	1	FALSE	TRUE
AGTTAGTCATACTCCG-1	OZ258728_1_ORF2	0	0	3	3	TRUE	TRUE
AGTTAGTCATAGATAC-1	MZ286102_1_ORF2	0	0	2	2	TRUE	TRUE
AGTTGAATCACCCTAA-1	MZ286188_1_ORF1	1	0	6	7	TRUE	TRUE
AGTTGAATCCCTGGTG-1	meGFP	1	1	23	23	TRUE	TRUE
AGTTGAATCGCGCATT-1	OP549859_1_ORF2	1	0	5	5	TRUE	TRUE
AGTTGAATCGCGTTAC-1	OZ258728_1_ORF2	1	0	8	8	TRUE	TRUE
AGTTGGGTCAGTGTGG-1	MZ286258_1_ORF2	0	0	1	1	FALSE	FALSE
AGTTGGGTCCAGAGGC-1	MZ286102_1_ORF2	1	0	8	9	TRUE	TRUE
AGTTGGGTCGCCCAAT-1	MZ286258_1_ORF2	1	1	24	25	TRUE	TRUE
AGTTGGGTCGCTTGAC-1	MZ286258_1_ORF2	1	1	12	13	TRUE	TRUE
AGTTGGGTCGGATGCA-1	MZ286102_1_ORF1	0	0	2	2	TRUE	TRUE
AGTTGGGTCTGTAATC-1	MZ286188_1_ORF2	0	0	1	1	FALSE	FALSE
AGTTGGGTCTTACCTC-1	MZ286102_1_ORF2	0	0	2	4	FALSE	TRUE
AGTTGTAAGCAGCATG-1	MZ286258_1_ORF1	0	0	1	1	FALSE	TRUE
AGTTGTAAGCTCATAT-1	meGFP	0	0	1	1	FALSE	TRUE
AGTTGTAAGGAGTCTG-1	MZ286197_1_ORF1	0	0	1	1	FALSE	FALSE
AGTTGTAAGGGAGACG-1	OP549859_1_ORF1	1	1	19	21	TRUE	TRUE
AGTTGTAAGTAAGGTC-1	meGFP	0	0	1	1	FALSE	TRUE
AGTTGTAAGTTGCGTC-1	MZ286102_1_ORF2	1	1	10	10	TRUE	TRUE
AGTTGTGCACACTAAG-1	OZ258728_1_ORF2	0	0	1	1	FALSE	FALSE
AGTTGTGCACGCGAAT-1	MZ286258_1_ORF2	0	0	1	1	FALSE	FALSE
AGTTGTGCACGTTAAG-1	MZ286188_1_ORF2	1	0	6	6	TRUE	TRUE
AGTTGTGCAGATCCTT-1	OZ258728_1_ORF2	0	0	1	1	FALSE	TRUE
AGTTGTGCAGATTAGT-1	OZ258728_1_ORF2	0	0	1	2	FALSE	TRUE
AGTTGTGCAGGCTATA-1	OP549859_1_ORF1	0	0	1	1	FALSE	FALSE
AGTTGTGCATGGAGCT-1	OZ258728_1_ORF2	0	0	1	1	FALSE	TRUE
AGTTGTGCATTGCCCA-1	meGFP	1	1	161	161	TRUE	TRUE
AGTTTACTCACCCTGG-1	OZ258728_1_ORF1	0	0	2	3	FALSE	TRUE
AGTTTACTCCACCAGT-1	OZ258728_1_ORF1	0	0	1	1	FALSE	FALSE
AGTTTACTCCAGAGGC-1	meGFP	1	0	6	6	TRUE	TRUE
AGTTTACTCCGACATC-1	OZ258728_1_ORF2	1	1	95	95	TRUE	TRUE
AGTTTACTCGACTCCG-1	MZ286188_1_ORF1	0	0	1	1	FALSE	TRUE
AGTTTACTCGCTAGTC-1	MZ286102_1_ORF1	1	1	34	35	TRUE	TRUE
AGTTTACTCGTACGTC-1	MZ286258_1_ORF1	0	0	1	1	FALSE	FALSE
AGTTTACTCTTAGTAC-1	OP549859_1_ORF1	1	0	7	7	TRUE	TRUE
AGTTTACTCTTGCGGT-1	MZ286102_1_ORF1	0	0	1	1	FALSE	TRUE
AGTTTACTCTTGGTGC-1	MZ286102_1_ORF2	0	0	1	2	FALSE	FALSE
AGTTTCGTCGAGTTGG-1	MZ286258_1_ORF1	1	0	5	6	TRUE	TRUE
AGTTTCGTCTAAGCAA-1	meGFP	0	0	1	1	FALSE	TRUE
AGTTTCGTCTAGCCCG-1	OP549859_1_ORF1	1	0	4	5	TRUE	TRUE
AGTTTCGTCTTCGGCG-1	MZ286102_1_ORF2	0	0	2	3	FALSE	TRUE
ATAACACCAACCTCAT-1	OP549859_1_ORF1	0	0	2	4	FALSE	TRUE
ATAACACCACTTCCTC-1	meGFP	0	0	1	1	FALSE	TRUE
ATAACACCAGCCGATG-1	OZ258728_1_ORF2	0	0	1	1	FALSE	FALSE
ATAACACCAGGCTATA-1	meGFP	0	0	1	1	FALSE	FALSE
ATAACACCATCGTAAG-1	MZ286197_1_ORF1	0	0	1	1	FALSE	FALSE
ATAACAGTCACCCTAA-1	MZ286188_1_ORF1	0	0	1	1	FALSE	FALSE
ATAACAGTCACGGTAG-1	OP549859_1_ORF1	1	0	4	4	TRUE	TRUE
ATAACAGTCAGGCTAG-1	meGFP	1	1	51	51	TRUE	TRUE
ATAACAGTCCCAGTGT-1	OZ258728_1_ORF1	0	0	1	1	FALSE	TRUE
ATAACAGTCGCAACTC-1	OP549859_1_ORF1	0	0	1	1	FALSE	TRUE
ATAACAGTCTAAGCGG-1	MZ286102_1_ORF2	1	0	6	6	TRUE	TRUE
ATAACAGTCTTAAGCT-1	OZ258728_1_ORF1	0	0	1	1	FALSE	FALSE
ATAACCAAGACATTAG-1	meGFP	1	1	63	65	TRUE	TRUE
ATAACCAAGCCTGCCA-1	OP549859_1_ORF2	0	0	1	1	FALSE	TRUE
ATAACCAAGCGCTTAC-1	MZ286258_1_ORF2	0	0	1	1	FALSE	FALSE
ATAACCAAGGACATAC-1	MZ286197_1_ORF2	0	0	1	1	FALSE	FALSE
ATAACCAAGGCCATTC-1	OZ258728_1_ORF1	0	0	1	1	FALSE	FALSE
ATAACCAAGGGACTCA-1	MZ286188_1_ORF1	0	0	1	1	FALSE	FALSE
ATAACCAAGTACTGGG-1	MZ286102_1_ORF2	0	0	1	1	FALSE	FALSE
ATAACCAAGTGCCTGT-1	MZ286102_1_ORF1	1	1	13	13	TRUE	TRUE
ATAACGATCAATCGCC-1	MZ286102_1_ORF2	1	0	8	8	TRUE	TRUE
ATAACGATCACATGAA-1	MZ286197_1_ORF1	1	1	14	14	TRUE	TRUE
ATAACGATCGTACGTC-1	MZ286188_1_ORF2	0	0	1	1	FALSE	TRUE
ATAACGATCTGAGTCC-1	meGFP	0	0	2	2	TRUE	FALSE
ATAACGATCTGCACTA-1	OZ258728_1_ORF2	0	0	2	2	TRUE	TRUE
ATAACGATCTTGCCTT-1	MZ286197_1_ORF1	1	1	11	11	TRUE	TRUE
ATAAGCATCAGCGGAC-1	meGFP	1	0	4	4	TRUE	TRUE
ATAAGCATCCCTTACT-1	meGFP	0	0	1	1	FALSE	FALSE
ATAAGCATCTATAGGA-1	MZ286102_1_ORF1	1	0	8	8	TRUE	TRUE
ATAAGCATCTTAGTAC-1	MZ286197_1_ORF1	0	0	2	2	TRUE	TRUE
ATAAGCATCTTCGCAA-1	meGFP	1	0	9	11	TRUE	TRUE
ATAAGCCAGACATCGG-1	MZ286188_1_ORF2	1	0	5	5	TRUE	TRUE
ATAAGCCAGAGAGGTA-1	OZ258728_1_ORF2	0	0	1	1	FALSE	FALSE
ATAAGCCAGCGTAAGT-1	meGFP	0	0	2	2	TRUE	TRUE
ATAAGCCAGGACTCTC-1	MZ286258_1_ORF2	0	0	1	2	FALSE	TRUE
ATAAGCCAGTCCACGT-1	MZ286197_1_ORF1	0	0	3	3	TRUE	TRUE
ATAAGCCAGTTCGGCT-1	OP549859_1_ORF2	1	0	9	9	TRUE	TRUE
ATAAGCTCACAAGGCT-1	MZ286102_1_ORF2	0	0	1	1	FALSE	TRUE
ATAAGCTCACTGATGA-1	OZ258728_1_ORF2	0	0	1	1	FALSE	TRUE
ATAAGCTCATAACGAT-1	OP549859_1_ORF2	0	0	1	1	FALSE	FALSE
ATAAGTAGTAAGTAAC-1	OZ258728_1_ORF2	0	0	1	1	FALSE	FALSE
ATAAGTAGTCAAGCCC-1	meGFP	0	0	1	1	FALSE	TRUE
ATAAGTAGTGCTTAAC-1	OZ258728_1_ORF2	0	0	1	1	FALSE	TRUE
ATAAGTAGTGCTTCGA-1	OZ258728_1_ORF2	0	0	1	1	FALSE	FALSE
ATAAGTAGTGGCTTGC-1	MZ286258_1_ORF2	0	0	1	1	FALSE	FALSE
ATAAGTAGTGTGTCAT-1	MZ286258_1_ORF2	1	1	26	26	TRUE	TRUE
ATAAGTAGTTTCAAGC-1	OZ258728_1_ORF2	1	1	54	54	TRUE	TRUE
ATAAGTCCAAAGCCCG-1	meGFP	1	1	34	34	TRUE	TRUE
ATAAGTCCACGTTGGG-1	meGFP	0	0	1	1	FALSE	FALSE
ATAAGTCCATATGCTC-1	MZ286102_1_ORF2	0	0	1	1	FALSE	FALSE
ATAAGTCCATCGGGCA-1	meGFP	0	0	1	1	FALSE	FALSE
ATAAGTGTCAATCACT-1	OP549859_1_ORF2	0	0	2	2	TRUE	TRUE
ATAAGTGTCAATTCGT-1	MZ286188_1_ORF2	1	0	4	5	TRUE	TRUE
ATAAGTGTCACCAGGA-1	OZ258728_1_ORF2	1	1	16	19	TRUE	TRUE
ATAAGTGTCATCCGGT-1	meGFP	0	0	1	1	FALSE	TRUE
ATAAGTGTCCCTCTAT-1	MZ286258_1_ORF2	1	0	6	6	TRUE	TRUE
ATAAGTGTCGCGCATT-1	OZ258728_1_ORF2	1	1	22	22	TRUE	TRUE
ATAAGTGTCGGTATGG-1	OZ258728_1_ORF2	0	0	1	1	FALSE	FALSE
ATAAGTGTCTAGCTTG-1	MZ286188_1_ORF2	0	0	3	3	TRUE	TRUE
ATAAGTGTCTCCTAAG-1	meGFP	1	0	5	5	TRUE	TRUE
ATAAGTGTCTCTGTGA-1	OP549859_1_ORF1	0	0	1	2	FALSE	FALSE
ATAAGTGTCTGTCGGT-1	OZ258728_1_ORF2	0	0	1	1	FALSE	FALSE
ATAAGTGTCTTCGCAA-1	MZ286258_1_ORF1	1	0	9	9	TRUE	TRUE
ATAAGTGTCTTGAGTT-1	OP549859_1_ORF1	0	0	1	1	FALSE	FALSE
ATAATCACAAACTAAC-1	MZ286258_1_ORF1	1	1	18	19	TRUE	TRUE
ATAATCACACACAGCG-1	MZ286188_1_ORF2	0	0	3	8	FALSE	TRUE
ATAATCACACGAATGC-1	OZ258728_1_ORF1	0	0	2	2	TRUE	TRUE
ATAATCACACTACGGG-1	OP549859_1_ORF1	0	0	1	1	FALSE	FALSE
ATAATCACACTCGCTA-1	OP549859_1_ORF1	0	0	1	1	FALSE	FALSE
ATAATCACACTTCAAC-1	MZ286197_1_ORF2	1	0	7	7	TRUE	TRUE
ATAATGAGTAACCGAA-1	meGFP	0	0	1	1	FALSE	FALSE
ATAATGAGTAAGTAAC-1	MZ286102_1_ORF2	1	1	13	15	TRUE	TRUE
ATAATGAGTAGTCCCA-1	MZ286102_1_ORF1	0	0	2	5	FALSE	TRUE
ATAATGAGTCGGGCTT-1	OZ258728_1_ORF1	0	0	1	1	FALSE	FALSE
ATAATGAGTCTTACCC-1	meGFP	0	0	1	1	FALSE	FALSE
ATAATGAGTGAGATAT-1	OP549859_1_ORF2	0	0	1	1	FALSE	FALSE
ATAATGAGTGGGTAAC-1	OP549859_1_ORF2	0	0	1	1	FALSE	TRUE
ATAATGAGTGGTTAAG-1	OZ258728_1_ORF2	1	1	43	43	TRUE	TRUE
ATAATGAGTTAGATGG-1	MZ286258_1_ORF1	0	0	1	1	FALSE	TRUE
ATAATGAGTTTGGGTT-1	OZ258728_1_ORF2	0	0	1	1	FALSE	FALSE
ATAATGCCAAACCATG-1	MZ286102_1_ORF2	1	1	21	21	TRUE	TRUE
ATAATGCCAAGCCATA-1	MZ286258_1_ORF1	0	0	1	1	FALSE	FALSE
ATAATGCCAATGTCCT-1	OZ258728_1_ORF2	1	1	56	56	TRUE	TRUE
ATAATGCCACTTCGGC-1	OP549859_1_ORF1	1	1	33	33	TRUE	TRUE
ATAATGCCAGACCGCA-1	OZ258728_1_ORF2	0	0	1	1	FALSE	FALSE
ATAATGCCAGATTAAC-1	MZ286258_1_ORF2	0	0	2	2	TRUE	TRUE
ATAATGCCAGCTCTAT-1	meGFP	1	1	19	19	TRUE	TRUE
ATAATGCCATATCGAG-1	meGFP	0	0	1	1	FALSE	FALSE
ATAATGCCATGGTAAT-1	MZ286197_1_ORF1	1	0	5	5	TRUE	TRUE
ATAATGCCATGTCCAT-1	OZ258728_1_ORF2	0	0	1	1	FALSE	FALSE
ATAATGGTCACTAATC-1	MZ286197_1_ORF1	0	0	1	1	FALSE	TRUE
ATAATGGTCCAGAGAT-1	OP549859_1_ORF1	0	0	1	1	FALSE	TRUE
ATAATGGTCGGTAGCA-1	OP549859_1_ORF2	0	0	3	3	TRUE	TRUE
ATAATGGTCGTCCATA-1	MZ286102_1_ORF2	1	0	5	6	TRUE	TRUE
ATAATGGTCTCGATTG-1	MZ286197_1_ORF1	1	0	9	9	TRUE	TRUE
ATAATGGTCTGGAAGT-1	MZ286258_1_ORF2	0	0	2	2	TRUE	TRUE
ATAATGGTCTGTGGCT-1	OZ258728_1_ORF1	0	0	1	1	FALSE	FALSE
ATACAACCAATCTCAC-1	MZ286258_1_ORF1	0	0	1	1	FALSE	FALSE
ATACAACCACCAAGTA-1	OP549859_1_ORF1	1	1	54	55	TRUE	TRUE
ATACAACCAGTGAATT-1	OP549859_1_ORF2	1	0	8	8	TRUE	TRUE
ATACAACCATGAGGAG-1	MZ286188_1_ORF1	0	0	1	1	FALSE	TRUE
ATACAACCATGAGTAT-1	OZ258728_1_ORF2	1	1	23	23	TRUE	TRUE
ATACAACCATGCTCGC-1	OP549859_1_ORF2	1	1	10	10	TRUE	TRUE
ATACAATAGAATCCGG-1	OP549859_1_ORF1	1	1	115	117	TRUE	TRUE
ATACAATAGACACCTC-1	MZ286188_1_ORF1	0	0	1	1	FALSE	TRUE
ATACAATAGAGTCCCT-1	meGFP	1	1	12	13	TRUE	TRUE
ATACAATAGCGATTCC-1	OZ258728_1_ORF2	1	1	33	34	TRUE	TRUE
ATACAATAGCGGATTG-1	MZ286197_1_ORF2	1	0	4	5	TRUE	TRUE
ATACAATAGGCGTGAC-1	OZ258728_1_ORF2	1	1	86	86	TRUE	TRUE
ATACAATAGTAGACAC-1	MZ286197_1_ORF1	0	0	1	1	FALSE	TRUE
ATACAGCAGACATCGG-1	OZ258728_1_ORF2	0	0	1	1	FALSE	FALSE
ATACAGCAGACATTAG-1	MZ286258_1_ORF2	0	0	1	1	FALSE	TRUE
ATACAGCAGCTATACT-1	MZ286102_1_ORF2	0	0	1	2	FALSE	TRUE
ATACAGCAGGTAGGTT-1	MZ286258_1_ORF2	0	0	1	1	FALSE	FALSE
ATACAGCAGTAATCCT-1	OZ258728_1_ORF2	0	0	1	1	FALSE	TRUE
ATACAGCAGTTCGAGG-1	OZ258728_1_ORF1	0	0	1	1	FALSE	FALSE
ATACCCCAGACACCTC-1	MZ286258_1_ORF1	0	0	1	1	FALSE	FALSE
ATACCCCAGACGATAC-1	MZ286258_1_ORF2	0	0	2	2	TRUE	TRUE
ATACCCCAGAGGAAGC-1	OP549859_1_ORF1	0	0	1	1	FALSE	TRUE
ATACCCCAGGAGGAGT-1	meGFP	1	1	25	25	TRUE	TRUE
ATACCCCAGGGGTAGG-1	meGFP	0	0	1	2	FALSE	FALSE
ATACCCCAGTATCGGG-1	OZ258728_1_ORF2	0	0	1	1	FALSE	FALSE
ATACCCCAGTATGTCT-1	OZ258728_1_ORF1	0	0	1	1	FALSE	FALSE
ATACCCTCACCTCAAT-1	OP549859_1_ORF1	0	0	1	1	FALSE	FALSE
ATACCCTCAGGCTATA-1	MZ286102_1_ORF2	1	0	5	6	TRUE	TRUE
ATACCCTCAGTTCGGG-1	OP549859_1_ORF1	0	0	1	1	FALSE	FALSE
ATACCGACAACACCGG-1	OZ258728_1_ORF2	1	1	20	20	TRUE	TRUE
ATACCGACAACGAGCT-1	MZ286258_1_ORF1	0	0	1	1	FALSE	TRUE
ATACCGACAACTGGCG-1	meGFP	0	0	1	1	FALSE	FALSE
ATACCGACAATATAGC-1	OP549859_1_ORF2	0	0	1	2	FALSE	TRUE
ATACCGACAATTGCCT-1	MZ286258_1_ORF2	1	0	4	5	TRUE	TRUE
ATACCGACACAGTTAG-1	meGFP	0	0	1	1	FALSE	FALSE
ATACCGACACGTTAAG-1	OP549859_1_ORF1	0	0	1	1	FALSE	FALSE
ATACCGACAGCCCGAA-1	OZ258728_1_ORF1	0	0	1	1	FALSE	FALSE
ATACCGACATTGAAGT-1	MZ286188_1_ORF2	0	0	1	1	FALSE	TRUE
ATACCGCTCACGGTAG-1	OP549859_1_ORF1	0	0	1	1	FALSE	FALSE
ATACCGCTCCACCAGT-1	OZ258728_1_ORF1	0	0	1	1	FALSE	TRUE
ATACCGCTCCTCATAG-1	OP549859_1_ORF1	0	0	1	2	FALSE	TRUE
ATACCGCTCGTTCACA-1	meGFP	0	0	1	1	FALSE	FALSE
ATACCGCTCTGTGGCT-1	OZ258728_1_ORF2	0	0	1	1	FALSE	FALSE
ATACCGTGTCATTCAA-1	OZ258728_1_ORF1	0	0	1	1	FALSE	TRUE
ATACCGTGTCCACGGT-1	MZ286197_1_ORF1	0	0	1	1	FALSE	FALSE
ATACCGTGTCTCCTCG-1	OZ258728_1_ORF2	0	0	1	1	FALSE	TRUE
ATACCGTGTGACCTTG-1	MZ286197_1_ORF2	0	0	1	1	FALSE	FALSE
ATACCGTGTGCTATGT-1	OP549859_1_ORF2	1	1	19	21	TRUE	TRUE
ATACCGTGTGGAAGGA-1	meGFP	0	0	1	1	FALSE	FALSE
ATACCGTGTTGGACTT-1	OP549859_1_ORF1	0	0	1	2	FALSE	TRUE
ATACCGTGTTTCGGGC-1	meGFP	1	1	19	19	TRUE	TRUE
ATACTACTCAATTAGG-1	MZ286197_1_ORF2	0	0	1	1	FALSE	TRUE
ATACTACTCAGGACGC-1	MZ286258_1_ORF2	0	0	1	1	FALSE	TRUE
ATACTACTCCAGAGAT-1	MZ286197_1_ORF2	1	0	5	6	TRUE	TRUE
ATACTACTCCCCAGAT-1	OZ258728_1_ORF2	0	0	1	1	FALSE	TRUE
ATACTACTCCCGATGT-1	MZ286258_1_ORF2	0	0	1	1	FALSE	TRUE
ATACTACTCTCCATCT-1	OZ258728_1_ORF2	2	1	67	72	TRUE	TRUE
ATACTACTCTGCATCA-1	MZ286102_1_ORF2	0	0	3	3	TRUE	TRUE
ATACTTTCAAGATCCA-1	OZ258728_1_ORF1	0	0	3	3	TRUE	TRUE
ATACTTTCAGATCCTT-1	MZ286258_1_ORF2	0	0	2	2	TRUE	TRUE
ATACTTTCATGTCCAT-1	OP549859_1_ORF2	0	0	1	1	FALSE	TRUE
ATACTTTCATGTGCAA-1	MZ286197_1_ORF1	0	0	1	1	FALSE	FALSE
ATAGCAGGTCTTGACG-1	meGFP	0	0	1	2	FALSE	TRUE
ATAGCAGGTGATCGTT-1	meGFP	0	0	1	1	FALSE	FALSE
ATAGCAGGTTTAATCG-1	OP549859_1_ORF1	0	0	2	3	FALSE	TRUE
ATAGCAGGTTTAGGCT-1	MZ286258_1_ORF1	0	0	2	4	FALSE	TRUE
ATAGCAGGTTTCCAGG-1	MZ286102_1_ORF1	0	0	1	1	FALSE	FALSE
ATAGCATCACAACCAA-1	MZ286258_1_ORF2	1	0	4	4	TRUE	TRUE
ATAGCATCAGGAAGTG-1	MZ286258_1_ORF2	1	0	8	8	TRUE	TRUE
ATAGCATCAGGCATTA-1	meGFP	0	0	1	1	FALSE	TRUE
ATAGCATCAGGCGCTA-1	OZ258728_1_ORF2	0	0	1	2	FALSE	TRUE
ATAGCGCCAAATGACT-1	MZ286102_1_ORF2	1	1	11	12	TRUE	TRUE
ATAGCGCCACCGGTAG-1	OZ258728_1_ORF2	0	0	1	1	FALSE	TRUE
ATAGCGCCACTACGGG-1	MZ286258_1_ORF2	0	0	1	1	FALSE	FALSE
ATAGCGCCACTGAAGC-1	OP549859_1_ORF1	1	0	4	5	TRUE	TRUE
ATAGCGCCAGGGTCCA-1	MZ286258_1_ORF2	0	0	1	2	FALSE	TRUE
ATAGCGCCAGTACCTT-1	OP549859_1_ORF2	0	0	1	1	FALSE	FALSE
ATAGCGCCATCTATCA-1	OZ258728_1_ORF1	1	1	15	16	TRUE	TRUE
ATAGCGCCATGCCCTA-1	OZ258728_1_ORF2	0	0	1	1	FALSE	FALSE
ATAGCGTAGAACTGCG-1	MZ286197_1_ORF2	0	0	2	3	FALSE	TRUE
ATAGCGTAGAGGCGAG-1	MZ286102_1_ORF1	0	0	1	2	FALSE	TRUE
ATAGCGTAGCAGGGCT-1	MZ286197_1_ORF2	0	0	1	1	FALSE	TRUE
ATAGCGTAGCTAACGG-1	OZ258728_1_ORF2	0	0	1	1	FALSE	TRUE
ATAGCGTAGCTGGGTA-1	OP549859_1_ORF1	0	0	1	1	FALSE	FALSE
ATAGCGTAGGAGTATC-1	MZ286188_1_ORF1	2	1	50	56	TRUE	TRUE
ATAGCGTAGGTACCCT-1	MZ286102_1_ORF2	0	0	1	1	FALSE	FALSE
ATAGGCAGTATCTGGT-1	MZ286258_1_ORF1	0	0	1	1	FALSE	FALSE
ATAGGCAGTGAACGGT-1	meGFP	0	0	1	1	FALSE	FALSE
ATAGGCAGTGATCCCA-1	MZ286102_1_ORF2	0	0	1	1	FALSE	FALSE
ATAGGCAGTTGAAGCA-1	OP549859_1_ORF1	0	0	1	1	FALSE	FALSE
ATAGGCCCAATACCCT-1	MZ286102_1_ORF2	0	0	1	1	FALSE	FALSE
ATAGGCCCAATGGTTG-1	meGFP	0	0	1	1	FALSE	FALSE
ATAGGCCCACGTTAAG-1	OP549859_1_ORF1	0	0	3	3	TRUE	TRUE
ATAGGCCCATACTGAG-1	OZ258728_1_ORF2	0	0	1	2	FALSE	TRUE
ATAGGCCCATGCATCT-1	meGFP	0	0	1	1	FALSE	FALSE
ATAGGCCCATTACTTG-1	OZ258728_1_ORF2	0	0	1	1	FALSE	FALSE
ATAGGGTTCAATCCAT-1	MZ286188_1_ORF1	1	0	7	7	TRUE	TRUE
ATAGGGTTCACTTACG-1	MZ286102_1_ORF1	0	0	1	1	FALSE	TRUE
ATAGGGTTCGCCCGTA-1	MZ286258_1_ORF1	1	0	4	4	TRUE	TRUE
ATAGGGTTCTAGGCTC-1	OZ258728_1_ORF2	0	0	2	3	FALSE	TRUE
ATAGGGTTCTCGACCG-1	OZ258728_1_ORF1	0	0	1	1	FALSE	FALSE
ATAGTACCAAAGCGGA-1	MZ286102_1_ORF1	0	0	1	1	FALSE	FALSE
ATAGTACCAACTGGCG-1	OP549859_1_ORF1	0	0	2	2	TRUE	TRUE
ATAGTACCACCACAGG-1	OZ258728_1_ORF2	0	0	1	1	FALSE	FALSE
ATAGTACCACTAGTCT-1	OZ258728_1_ORF1	0	0	1	1	FALSE	FALSE
ATAGTACCATCAAGTG-1	meGFP	1	1	20	20	TRUE	TRUE
ATAGTACCATCCAGCC-1	MZ286258_1_ORF1	0	0	2	3	FALSE	TRUE
ATAGTCCGTCCAACCA-1	OZ258728_1_ORF2	1	1	99	99	TRUE	TRUE
ATAGTCCGTGGTTCGC-1	MZ286188_1_ORF2	0	0	2	3	FALSE	TRUE
ATAGTCCGTTTAGGCT-1	OP549859_1_ORF2	0	0	3	3	TRUE	FALSE
ATAGTCGCACTAGTCT-1	OP549859_1_ORF2	0	0	1	1	FALSE	FALSE
ATAGTCGCAGCTTGCC-1	meGFP	0	0	2	2	TRUE	FALSE
ATAGTCGCAGCTTGGG-1	OZ258728_1_ORF2	0	0	1	1	FALSE	TRUE
ATAGTCGCATCAGAGC-1	meGFP	0	0	1	1	FALSE	TRUE
ATATCCGTCAATGCGG-1	OZ258728_1_ORF2	0	0	1	1	FALSE	FALSE
ATATCCGTCACCCAGT-1	MZ286102_1_ORF1	0	0	1	2	FALSE	TRUE
ATATCCGTCACCGTTA-1	MZ286258_1_ORF2	0	0	1	1	FALSE	FALSE
ATATCCGTCACGAAGT-1	OZ258728_1_ORF1	0	0	1	1	FALSE	FALSE
ATATCCGTCACTAATC-1	OZ258728_1_ORF2	0	0	1	1	FALSE	FALSE
ATATCCGTCAGGATGT-1	OP549859_1_ORF1	0	0	1	1	FALSE	FALSE
ATATCCGTCGATCGCT-1	MZ286258_1_ORF2	1	1	13	13	TRUE	TRUE
ATATCCGTCGCACTTA-1	MZ286102_1_ORF2	0	0	1	1	FALSE	TRUE
ATATCCGTCGCGAGGT-1	OZ258728_1_ORF2	2	2	71	111	FALSE	TRUE
ATATCCGTCTAATGGA-1	OP549859_1_ORF1	1	1	56	56	TRUE	TRUE
ATATCCGTCTGGTTGC-1	OZ258728_1_ORF2	0	0	1	1	FALSE	FALSE
ATATCCGTCTGTGGAG-1	meGFP	0	0	1	1	FALSE	FALSE
ATATCTATCCCTGGTG-1	MZ286258_1_ORF2	1	1	23	23	TRUE	TRUE
ATATCTATCCGTTGCG-1	OZ258728_1_ORF2	0	0	1	1	FALSE	FALSE
ATATCTATCGATACTT-1	OP549859_1_ORF1	1	0	8	9	TRUE	TRUE
ATATCTATCGCGCATT-1	OZ258728_1_ORF2	1	1	23	23	TRUE	TRUE
ATATCTATCGTGCTAC-1	meGFP	0	0	1	1	FALSE	TRUE
ATATCTATCGTTACCA-1	MZ286258_1_ORF1	0	0	1	1	FALSE	TRUE
ATATCTATCTAGGCAG-1	OZ258728_1_ORF2	0	0	1	1	FALSE	TRUE
ATATCTATCTCGACCG-1	OZ258728_1_ORF2	1	1	17	17	TRUE	TRUE
ATATCTATCTTCGTCT-1	MZ286258_1_ORF2	0	0	1	1	FALSE	FALSE
ATATCTTCACCTCAAT-1	MZ286102_1_ORF2	1	1	23	24	TRUE	TRUE
ATATCTTCACGGGTAT-1	MZ286102_1_ORF1	0	0	1	1	FALSE	TRUE
ATATCTTCACGTTAAG-1	MZ286258_1_ORF2	1	1	14	17	TRUE	TRUE
ATATCTTCATGCTGAA-1	OZ258728_1_ORF2	1	1	36	37	TRUE	TRUE
ATATGACCACCCAGCT-1	MZ286188_1_ORF2	1	1	11	11	TRUE	TRUE
ATATGACCACTTCAAC-1	OP549859_1_ORF1	0	0	2	2	TRUE	TRUE
ATATGACCAGCTCTAT-1	OP549859_1_ORF1	0	0	2	2	TRUE	TRUE
ATATGACCAGGGTCCA-1	OP549859_1_ORF1	0	0	1	1	FALSE	FALSE
ATATGACCAGGTACGT-1	OZ258728_1_ORF2	0	0	1	1	FALSE	FALSE
ATATGACCATGGTAAT-1	OP549859_1_ORF1	0	0	1	2	FALSE	FALSE
ATATGCTTCACCGCAT-1	OP549859_1_ORF1	0	0	1	1	FALSE	TRUE
ATATGCTTCACTTGCA-1	OZ258728_1_ORF2	0	0	1	2	FALSE	TRUE
ATATGCTTCCGTGATC-1	OZ258728_1_ORF2	1	1	10	10	TRUE	TRUE
ATATGCTTCGACCTTA-1	OZ258728_1_ORF2	0	0	1	1	FALSE	TRUE
ATATGCTTCGCGGAGT-1	OP549859_1_ORF1	1	0	4	4	TRUE	TRUE
ATATGCTTCTAAGCAA-1	MZ286258_1_ORF1	0	0	1	1	FALSE	FALSE
ATATTACGTAATGGGC-1	OP549859_1_ORF2	1	0	8	8	TRUE	TRUE
ATATTACGTAGCTCGC-1	MZ286102_1_ORF2	0	0	1	1	FALSE	FALSE
ATATTACGTCGGGCTT-1	OZ258728_1_ORF1	1	0	8	8	TRUE	TRUE
ATATTACGTTCTGGCA-1	OP549859_1_ORF1	1	1	19	19	TRUE	TRUE
ATATTCGGTAAGTTGG-1	meGFP	0	0	1	1	FALSE	TRUE
ATATTCGGTAGGCTCC-1	OP549859_1_ORF1	1	1	11	12	TRUE	TRUE
ATATTCGGTCCCATCT-1	MZ286258_1_ORF2	0	0	1	1	FALSE	FALSE
ATATTCGGTCTTGGGC-1	OZ258728_1_ORF2	1	1	19	19	TRUE	TRUE
ATATTCGGTTGGTTAC-1	MZ286102_1_ORF2	1	1	17	19	TRUE	TRUE
ATATTCGGTTTGAGTC-1	OZ258728_1_ORF2	1	0	5	6	TRUE	FALSE
ATATTGGAGACCAGTG-1	OZ258728_1_ORF1	0	0	1	1	FALSE	FALSE
ATATTGGAGAGGCATT-1	OZ258728_1_ORF2	0	0	1	1	FALSE	FALSE
ATATTGGAGCATATCT-1	MZ286188_1_ORF1	1	0	4	6	TRUE	TRUE
ATATTGGAGCATTGGG-1	OP549859_1_ORF1	1	1	15	15	TRUE	TRUE
ATATTGGAGCCAGACA-1	MZ286258_1_ORF2	0	0	3	4	TRUE	TRUE
ATATTGGAGGAATGTC-1	OZ258728_1_ORF2	1	1	27	27	TRUE	TRUE
ATATTGGAGGAGTGCC-1	MZ286258_1_ORF2	1	0	4	4	TRUE	FALSE
ATATTGGAGGGACATT-1	meGFP	0	0	1	1	FALSE	TRUE
ATATTGGAGGGTAACT-1	MZ286102_1_ORF2	1	0	8	9	TRUE	TRUE
ATATTGGAGTATACCT-1	MZ286197_1_ORF2	1	1	10	11	TRUE	TRUE
ATATTGGAGTGAGAGA-1	OZ258728_1_ORF2	0	0	1	1	FALSE	FALSE
ATATTGGAGTGCAACG-1	OP549859_1_ORF1	0	0	1	1	FALSE	TRUE
ATATTGGAGTGGGTTG-1	OP549859_1_ORF1	0	0	1	1	FALSE	FALSE
ATATTGGAGTTCGGCT-1	meGFP	1	1	13	13	TRUE	TRUE
ATCAATTGTAGGCTCC-1	MZ286188_1_ORF1	2	1	74	79	TRUE	TRUE
ATCAATTGTAGGTAGC-1	OP549859_1_ORF2	1	0	9	9	TRUE	TRUE
ATCAATTGTCGCATAT-1	meGFP	0	0	1	1	FALSE	FALSE
ATCAATTGTCTAAGCT-1	OZ258728_1_ORF2	1	1	90	90	TRUE	TRUE
ATCAATTGTTGCAATC-1	MZ286188_1_ORF1	1	1	16	16	TRUE	TRUE
ATCAATTGTTGGAGCG-1	MZ286102_1_ORF2	0	0	1	1	FALSE	TRUE
ATCACATTCATCAATC-1	MZ286197_1_ORF2	1	0	4	4	TRUE	TRUE
ATCACATTCCTCCGTC-1	MZ286102_1_ORF1	0	0	1	1	FALSE	FALSE
ATCACATTCCTGTCAA-1	meGFP	0	0	1	1	FALSE	FALSE
ATCACATTCTGATAGA-1	MZ286258_1_ORF1	0	0	2	3	FALSE	TRUE
ATCACATTCTGATTAC-1	meGFP	0	0	1	1	FALSE	FALSE
ATCAGGGTCAAGCTAA-1	MZ286197_1_ORF1	0	0	1	1	FALSE	TRUE
ATCAGGGTCACGCTTA-1	OZ258728_1_ORF2	0	0	1	1	FALSE	FALSE
ATCAGGGTCATGGCAG-1	MZ286258_1_ORF2	1	0	6	7	TRUE	TRUE
ATCAGGGTCCGACATC-1	OP549859_1_ORF1	1	0	9	9	TRUE	TRUE
ATCAGGGTCGACCCAT-1	OZ258728_1_ORF1	0	0	1	1	FALSE	FALSE
ATCAGGGTCGACCTTA-1	OZ258728_1_ORF2	0	0	1	1	FALSE	TRUE
ATCAGGGTCGACGGGT-1	MZ286102_1_ORF2	1	0	6	6	TRUE	TRUE
ATCAGTAAGCCTGCCA-1	OZ258728_1_ORF2	0	0	1	1	FALSE	FALSE
ATCAGTAAGCGGTAGC-1	MZ286258_1_ORF2	1	1	18	18	TRUE	TRUE
ATCAGTAAGGCCTAAG-1	OP549859_1_ORF1	0	0	1	3	FALSE	TRUE
ATCAGTAAGTAATGTG-1	OZ258728_1_ORF1	1	0	7	7	TRUE	TRUE
ATCATGAAGCTATACT-1	MZ286197_1_ORF2	0	0	1	1	FALSE	TRUE
ATCATGAAGCTGGACA-1	MZ286258_1_ORF2	1	0	6	8	TRUE	TRUE
ATCATGCGTACAGGGT-1	MZ286197_1_ORF1	1	1	11	12	TRUE	TRUE
ATCATGCGTACCTGGC-1	MZ286188_1_ORF1	1	0	4	4	TRUE	TRUE
ATCATGCGTATACTGC-1	MZ286188_1_ORF2	1	0	5	5	TRUE	TRUE
ATCATGCGTATTGGGA-1	MZ286102_1_ORF2	0	0	1	1	FALSE	FALSE
ATCATGCGTCAAGCCC-1	MZ286258_1_ORF2	0	0	1	1	FALSE	FALSE
ATCATGCGTCATGAGA-1	MZ286258_1_ORF2	1	0	9	9	TRUE	TRUE
ATCATGCGTCTCCAAG-1	meGFP	0	0	1	1	FALSE	TRUE
ATCATGCGTTACGCCA-1	OZ258728_1_ORF2	0	0	1	1	FALSE	FALSE
ATCATGCGTTCAAGTC-1	OP549859_1_ORF2	0	0	1	1	FALSE	TRUE
ATCCAATTCAGTATCT-1	MZ286188_1_ORF2	0	0	1	2	FALSE	FALSE
ATCCAATTCCAATGAA-1	MZ286197_1_ORF1	0	0	1	1	FALSE	FALSE
ATCCCAATCCAGACTC-1	OP549859_1_ORF1	0	0	1	1	FALSE	TRUE
ATCCCAATCCGGATGA-1	MZ286102_1_ORF2	1	0	7	7	TRUE	TRUE
ATCCCAATCGTTACCA-1	OP549859_1_ORF1	0	0	1	1	FALSE	FALSE
ATCCCAATCTCCATCT-1	meGFP	0	0	1	1	FALSE	FALSE
ATCCCAATCTCTCACT-1	MZ286197_1_ORF1	1	1	63	64	TRUE	TRUE
ATCCCAATCTGAGTGG-1	OP549859_1_ORF1	0	0	1	1	FALSE	TRUE
ATCCCAATCTTCGTAG-1	OP549859_1_ORF2	0	0	1	1	FALSE	TRUE
ATCCCTTTCACCAGGA-1	MZ286197_1_ORF1	0	0	1	1	FALSE	TRUE
ATCCCTTTCCCATCGG-1	MZ286258_1_ORF2	1	1	18	19	TRUE	TRUE
ATCCCTTTCGATACTT-1	MZ286258_1_ORF1	0	0	1	1	FALSE	FALSE
ATCCCTTTCGCAGGGT-1	OZ258728_1_ORF1	0	0	1	1	FALSE	FALSE
ATCCCTTTCTGCACTA-1	OZ258728_1_ORF2	0	0	1	1	FALSE	TRUE
ATCCCTTTCTGCCACG-1	OZ258728_1_ORF2	0	0	1	1	FALSE	FALSE
ATCCGACTCACCCTAA-1	OZ258728_1_ORF2	0	0	1	1	FALSE	TRUE
ATCCGACTCCGCCACA-1	OZ258728_1_ORF2	0	0	1	1	FALSE	TRUE
ATCCGACTCCGCTCGA-1	OP549859_1_ORF1	0	0	1	1	FALSE	TRUE
ATCCGACTCGCCCTGA-1	MZ286102_1_ORF2	1	1	21	21	TRUE	TRUE
ATCCGCAGTATCCTAA-1	MZ286197_1_ORF2	0	0	1	1	FALSE	TRUE
ATCCGCAGTCAATCTA-1	MZ286197_1_ORF1	0	0	3	3	TRUE	TRUE
ATCCGCAGTCGATGAA-1	MZ286102_1_ORF2	0	0	1	2	FALSE	TRUE
ATCCGCAGTGGGACCA-1	OZ258728_1_ORF1	0	0	1	1	FALSE	TRUE
ATCCGCAGTTGTAGCT-1	OZ258728_1_ORF2	0	0	1	1	FALSE	FALSE
ATCCGGGCAAAGGGCA-1	MZ286102_1_ORF2	1	1	34	35	TRUE	TRUE
ATCCGGGCACCTCAAT-1	MZ286197_1_ORF1	0	0	1	1	FALSE	FALSE
ATCCGGGCACGGGTAT-1	MZ286197_1_ORF2	0	0	3	3	TRUE	TRUE
ATCCGGGCAGGACGAA-1	MZ286197_1_ORF1	2	1	17	22	TRUE	TRUE
ATCCGGGCATAGTAAC-1	MZ286102_1_ORF2	1	0	6	6	TRUE	TRUE
ATCCGGTTCAGGCAAT-1	OZ258728_1_ORF2	0	0	3	3	TRUE	FALSE
ATCCGGTTCATTAACC-1	OZ258728_1_ORF2	0	0	1	1	FALSE	TRUE
ATCCGGTTCCATAGGG-1	OP549859_1_ORF1	0	0	1	1	FALSE	TRUE
ATCCGGTTCGAATGGT-1	MZ286258_1_ORF2	0	0	3	4	TRUE	TRUE
ATCCGGTTCTCTCACT-1	MZ286258_1_ORF2	2	0	5	10	FALSE	TRUE
ATCCTAAGTGAGGAGA-1	MZ286258_1_ORF2	0	0	1	1	FALSE	TRUE
ATCCTAAGTGGCCGTT-1	MZ286102_1_ORF2	1	1	12	12	TRUE	TRUE
ATCCTAAGTTACGCCA-1	meGFP	0	0	1	1	FALSE	FALSE
ATCCTAAGTTCACGAT-1	OP549859_1_ORF1	0	0	1	1	FALSE	FALSE
ATCCTAAGTTCCCAGA-1	OP549859_1_ORF1	0	0	1	1	FALSE	FALSE
ATCCTAAGTTTACTTC-1	OZ258728_1_ORF2	0	0	1	1	FALSE	TRUE
ATCCTCAAGAACTGCG-1	meGFP	0	0	1	2	FALSE	TRUE
ATCCTCAAGAATCGTA-1	MZ286102_1_ORF2	2	1	13	18	FALSE	TRUE
ATCCTCAAGACTTACT-1	MZ286258_1_ORF1	0	0	1	1	FALSE	TRUE
ATCCTCAAGCTGGGTA-1	meGFP	0	0	2	2	TRUE	TRUE
ATCCTCAAGCTTAGTT-1	MZ286188_1_ORF1	1	1	19	19	TRUE	TRUE
ATCCTCAAGGCACGGT-1	OP549859_1_ORF1	1	1	51	51	TRUE	TRUE
ATCCTCAAGGCTACAG-1	meGFP	0	0	3	4	TRUE	TRUE
ATCCTCAAGTGTAATG-1	MZ286188_1_ORF1	1	0	9	10	TRUE	TRUE
ATCGAGGTCACCAATT-1	OP549859_1_ORF2	0	0	1	1	FALSE	FALSE
ATCGAGGTCACGTTCA-1	OP549859_1_ORF1	1	1	65	65	TRUE	TRUE
ATCGAGGTCCGTGGTT-1	OZ258728_1_ORF1	0	0	1	1	FALSE	FALSE
ATCGAGGTCGACGGGT-1	MZ286197_1_ORF2	1	0	5	5	TRUE	TRUE
ATCGAGGTCGATACTT-1	MZ286258_1_ORF1	0	0	1	1	FALSE	FALSE
ATCGAGGTCGGCTCCA-1	MZ286188_1_ORF2	0	0	2	2	TRUE	TRUE
ATCGAGGTCTCTCACT-1	MZ286258_1_ORF2	0	0	1	1	FALSE	FALSE
ATCGAGGTCTGCCACG-1	OP549859_1_ORF1	0	0	1	1	FALSE	FALSE
ATCGAGGTCTGGTGTC-1	meGFP	0	0	1	1	FALSE	FALSE
ATCGAGGTCTTGGTGC-1	meGFP	1	1	48	49	TRUE	TRUE
ATCGCATGTAGCGTGG-1	OP549859_1_ORF1	0	0	1	1	FALSE	TRUE
ATCGCATGTATCTCAA-1	MZ286102_1_ORF2	1	1	15	15	TRUE	TRUE
ATCGCATGTGAGGTAC-1	MZ286102_1_ORF2	1	1	10	10	TRUE	TRUE
ATCGCATGTTCCACTC-1	meGFP	1	1	26	27	TRUE	TRUE
ATCGCATGTTGTAAGG-1	MZ286102_1_ORF2	0	0	2	3	FALSE	TRUE
ATCGCGCGTATTGACC-1	MZ286258_1_ORF1	1	1	52	52	TRUE	TRUE
ATCGCGCGTGACCTTG-1	MZ286258_1_ORF2	0	0	1	1	FALSE	FALSE
ATCGCGCGTGGAAGCT-1	MZ286258_1_ORF2	0	0	1	1	FALSE	FALSE
ATCGCGCGTGGCGTGA-1	OZ258728_1_ORF2	0	0	1	1	FALSE	FALSE
ATCGCGCGTTAATTCG-1	OZ258728_1_ORF2	0	0	1	2	FALSE	TRUE
ATCGCGCGTTGTACGT-1	meGFP	0	0	1	1	FALSE	FALSE
ATCGCGCGTTTGAAGG-1	MZ286197_1_ORF2	0	0	2	2	TRUE	TRUE
ATCGCGGCAAACGGGA-1	MZ286258_1_ORF1	0	0	1	2	FALSE	FALSE
ATCGCGGCAACTGCCC-1	OP549859_1_ORF1	1	1	16	18	TRUE	TRUE
ATCGCGGCAGGACGAA-1	OP549859_1_ORF2	0	0	2	3	FALSE	TRUE
ATCGCGGCATCAGTCT-1	MZ286102_1_ORF2	0	0	1	1	FALSE	TRUE
ATCGCGGCATGCTCGC-1	meGFP	1	0	4	7	TRUE	TRUE
ATCGCGGCATGTGGCG-1	OZ258728_1_ORF2	0	0	1	1	FALSE	TRUE
ATCGGCGCAAACTAAC-1	OZ258728_1_ORF2	2	2	65	86	TRUE	TRUE
ATCGGCGCAACCCAGG-1	meGFP	0	0	1	1	FALSE	FALSE
ATCGGCGCAAGTGTCA-1	MZ286102_1_ORF2	0	0	1	1	FALSE	FALSE
ATCGGCGCAATCTCAC-1	meGFP	1	1	91	91	TRUE	TRUE
ATCGGCGCAGCTCTAT-1	OP549859_1_ORF1	0	0	1	1	FALSE	FALSE
ATCGGCGCAGCTGGCA-1	MZ286197_1_ORF1	1	1	18	19	TRUE	TRUE
ATCGGCGCAGTAAGGG-1	OP549859_1_ORF2	0	0	1	1	FALSE	TRUE
ATCGGCGCAGTGTGAC-1	MZ286102_1_ORF2	1	0	4	4	TRUE	TRUE
ATCGGTTGTAATGGAT-1	meGFP	1	1	39	39	TRUE	TRUE
ATCGGTTGTACTGCCA-1	MZ286102_1_ORF2	0	0	1	1	FALSE	FALSE
ATCGGTTGTCTGGATT-1	OZ258728_1_ORF2	0	0	1	1	FALSE	FALSE
ATCGGTTGTGAGTTAG-1	MZ286258_1_ORF1	0	0	1	1	FALSE	FALSE
ATCGGTTGTGGCAACG-1	MZ286102_1_ORF2	0	0	2	2	TRUE	TRUE
ATCGGTTGTGTACCAT-1	OP549859_1_ORF1	1	0	4	4	TRUE	FALSE
ATCGGTTGTTCATCGG-1	MZ286258_1_ORF1	0	0	1	1	FALSE	FALSE
ATCGGTTGTTCGCTTC-1	MZ286188_1_ORF2	2	0	9	15	FALSE	TRUE
ATCGGTTGTTTAGCAC-1	MZ286197_1_ORF1	0	0	1	1	FALSE	TRUE
ATCGGTTGTTTCAAGC-1	OZ258728_1_ORF2	0	0	1	1	FALSE	FALSE
ATCTAGCGTACGAATG-1	OZ258728_1_ORF2	0	0	1	1	FALSE	FALSE
ATCTAGCGTAGGATAT-1	meGFP	2	1	12	22	FALSE	TRUE
ATCTAGCGTCAGCATT-1	MZ286188_1_ORF2	1	0	8	10	TRUE	TRUE
ATCTAGCGTCAGCCAC-1	OZ258728_1_ORF2	1	1	61	61	TRUE	TRUE
ATCTAGCGTCTGGCGT-1	OP549859_1_ORF1	0	0	1	1	FALSE	FALSE
ATCTAGCGTGGATGAC-1	OZ258728_1_ORF2	0	0	1	1	FALSE	FALSE
ATCTAGCGTTGGGATA-1	OP549859_1_ORF1	0	0	1	1	FALSE	FALSE
ATCTAGCGTTTAGGCT-1	OP549859_1_ORF1	0	0	1	1	FALSE	FALSE
ATCTATATCCCATTGA-1	MZ286188_1_ORF1	2	1	12	21	FALSE	TRUE
ATCTATATCCTCTAAG-1	OP549859_1_ORF2	1	1	11	11	TRUE	TRUE
ATCTATATCGCTAGAG-1	MZ286188_1_ORF2	0	0	1	1	FALSE	TRUE
ATCTATATCGTCAATT-1	MZ286258_1_ORF2	1	1	32	32	TRUE	TRUE
ATCTCTCTCAATCGAA-1	MZ286258_1_ORF1	0	0	1	1	FALSE	FALSE
ATCTCTCTCACTCGCG-1	MZ286102_1_ORF2	0	0	1	1	FALSE	FALSE
ATCTCTCTCCCTGCGA-1	meGFP	1	0	7	7	TRUE	TRUE
ATCTCTCTCCTCGACG-1	OZ258728_1_ORF2	1	1	155	155	TRUE	TRUE
ATCTCTCTCGAAGCGC-1	MZ286102_1_ORF2	0	0	1	1	FALSE	FALSE
ATCTCTCTCGACTCTA-1	meGFP	0	0	1	1	FALSE	FALSE
ATCTCTCTCGAGGCGT-1	OZ258728_1_ORF2	0	0	1	1	FALSE	FALSE
ATCTCTCTCGATCGCT-1	MZ286258_1_ORF2	0	0	1	1	FALSE	FALSE
ATCTCTCTCGTACGGA-1	MZ286102_1_ORF2	0	0	1	1	FALSE	FALSE
ATCTCTCTCTCCTTCG-1	OZ258728_1_ORF2	0	0	1	1	FALSE	FALSE
ATCTCTCTCTCGACCG-1	MZ286258_1_ORF2	1	0	5	5	TRUE	TRUE
ATCTGGTGTAAGGTGC-1	OZ258728_1_ORF2	0	0	1	1	FALSE	TRUE
ATCTGGTGTAATGCAG-1	MZ286188_1_ORF2	0	0	2	3	FALSE	TRUE
ATCTGGTGTCTCCAAG-1	MZ286188_1_ORF2	1	0	4	6	TRUE	TRUE
ATCTGGTGTCTGGATT-1	MZ286197_1_ORF1	1	0	9	9	TRUE	TRUE
ATCTGGTGTGTTGAGA-1	MZ286188_1_ORF1	1	0	6	6	TRUE	TRUE
ATCTGGTGTTGTAGCT-1	MZ286102_1_ORF1	0	0	1	1	FALSE	FALSE
ATCTGTAGTAAGTCTC-1	meGFP	0	0	1	1	FALSE	FALSE
ATCTGTAGTACACCTG-1	MZ286102_1_ORF1	0	0	1	1	FALSE	FALSE
ATCTGTAGTCAGGGAT-1	OZ258728_1_ORF2	0	0	1	1	FALSE	TRUE
ATCTGTAGTCGACCGT-1	MZ286197_1_ORF2	0	0	2	2	TRUE	TRUE
ATCTGTAGTCGAGAGT-1	OZ258728_1_ORF2	0	0	1	1	FALSE	TRUE
ATCTGTAGTCGCTACA-1	OZ258728_1_ORF2	0	0	2	2	TRUE	FALSE
ATCTGTAGTGGGAATC-1	MZ286258_1_ORF2	0	0	1	1	FALSE	FALSE
ATCTGTAGTTATCCGG-1	MZ286258_1_ORF1	1	1	10	10	TRUE	TRUE
ATCTGTAGTTCTGGCA-1	MZ286102_1_ORF2	0	0	2	3	FALSE	TRUE
ATCTGTGTCGCCTCTC-1	OP549859_1_ORF1	0	0	1	1	FALSE	FALSE
ATCTGTGTCGCTTGAC-1	meGFP	0	0	1	2	FALSE	TRUE
ATCTGTTAGCCTACTA-1	OZ258728_1_ORF2	0	0	1	1	FALSE	TRUE
ATCTGTTAGCCTTCCC-1	OP549859_1_ORF1	1	0	7	7	TRUE	TRUE
ATCTGTTAGGACATAC-1	MZ286258_1_ORF2	1	1	13	13	TRUE	TRUE
ATCTGTTAGGGAGTAA-1	OZ258728_1_ORF1	0	0	2	2	TRUE	FALSE
ATCTGTTAGGTACCCT-1	MZ286102_1_ORF2	0	0	1	1	FALSE	FALSE
ATCTGTTAGTATACCT-1	meGFP	0	0	1	1	FALSE	TRUE
ATCTTGAGTAACCGAA-1	OP549859_1_ORF2	1	0	8	8	TRUE	TRUE
ATCTTGAGTAAGTAAC-1	MZ286258_1_ORF2	0	0	1	1	FALSE	TRUE
ATCTTGAGTAGCGTGG-1	MZ286188_1_ORF2	1	1	18	18	TRUE	TRUE
ATCTTGAGTATAGACG-1	OZ258728_1_ORF2	0	0	1	1	FALSE	FALSE
ATCTTGAGTATGGTTC-1	MZ286102_1_ORF1	0	0	1	1	FALSE	FALSE
ATCTTGAGTCCACATG-1	OZ258728_1_ORF2	1	1	20	20	TRUE	TRUE
ATCTTGAGTGGAAGCT-1	meGFP	0	0	1	1	FALSE	TRUE
ATCTTGAGTGGGTTCC-1	MZ286258_1_ORF2	1	0	6	8	TRUE	TRUE
ATCTTGAGTTACGTTA-1	OP549859_1_ORF1	0	0	2	2	TRUE	TRUE
ATCTTGCCAAGCGAAG-1	OZ258728_1_ORF2	0	0	1	1	FALSE	TRUE
ATCTTGCCAAGTCAAT-1	OZ258728_1_ORF2	0	0	1	1	FALSE	FALSE
ATCTTGCCACCTCTAG-1	MZ286197_1_ORF2	0	0	3	5	FALSE	TRUE
ATCTTGCCACGTGAAC-1	MZ286102_1_ORF2	1	1	15	15	TRUE	TRUE
ATCTTGCCAGGACGAA-1	MZ286102_1_ORF2	0	0	1	1	FALSE	FALSE
ATGAAGCTCAGGCTAG-1	meGFP	0	0	1	1	FALSE	TRUE
ATGAAGCTCCACAGGA-1	meGFP	0	0	1	1	FALSE	FALSE
ATGAAGCTCGGCTCCA-1	MZ286102_1_ORF2	0	0	2	2	TRUE	TRUE
ATGAAGCTCTCCTAAG-1	MZ286188_1_ORF1	1	0	8	8	TRUE	TRUE
ATGAAGCTCTCTCACT-1	OP549859_1_ORF2	1	0	5	5	TRUE	TRUE
ATGAAGTGTCATCGTG-1	OZ258728_1_ORF2	0	0	2	2	TRUE	TRUE
ATGAAGTGTCCAACCA-1	OZ258728_1_ORF2	0	0	1	1	FALSE	TRUE
ATGAAGTGTCGATGAA-1	OZ258728_1_ORF2	1	1	45	45	TRUE	TRUE
ATGAAGTGTCTATCGG-1	OP549859_1_ORF1	1	0	9	9	TRUE	TRUE
ATGAAGTGTGCTGACC-1	MZ286188_1_ORF1	1	0	7	7	TRUE	TRUE
ATGAAGTGTTAACGAG-1	MZ286197_1_ORF1	0	0	2	2	TRUE	TRUE
ATGAAGTGTTATCTAG-1	MZ286197_1_ORF1	1	1	14	15	TRUE	TRUE
ATGAAGTGTTTACGGT-1	meGFP	1	1	14	14	TRUE	TRUE
ATGAAGTGTTTCAGTA-1	OZ258728_1_ORF1	1	1	19	19	TRUE	TRUE
ATGAATCCAAACGTAT-1	OZ258728_1_ORF1	1	1	44	47	TRUE	TRUE
ATGAATCCAAAGGCGA-1	OZ258728_1_ORF1	0	0	1	1	FALSE	TRUE
ATGAATCCAAAGGTCC-1	MZ286258_1_ORF1	0	0	1	1	FALSE	FALSE
ATGAATCCAACGTAAT-1	OZ258728_1_ORF1	0	0	1	1	FALSE	FALSE
ATGAATCCAATACCCT-1	OP549859_1_ORF1	0	0	1	1	FALSE	TRUE
ATGAATCCAATGGCTA-1	OP549859_1_ORF1	0	0	1	1	FALSE	FALSE
ATGAATCCACCGTACC-1	MZ286197_1_ORF2	1	0	8	9	TRUE	TRUE
ATGAATCCACTAGACA-1	OZ258728_1_ORF1	0	0	1	1	FALSE	FALSE
ATGAATCCAGCAGGAA-1	MZ286188_1_ORF1	0	0	1	1	FALSE	FALSE
ATGAATCCAGGCCAAT-1	meGFP	0	0	1	1	FALSE	TRUE
ATGAATCCATATGAAC-1	OP549859_1_ORF2	1	0	5	6	TRUE	TRUE
ATGACAATCAAGCTAA-1	meGFP	0	0	1	1	FALSE	FALSE
ATGACAATCAATTAGG-1	MZ286258_1_ORF2	1	1	10	10	TRUE	TRUE
ATGACAATCACTTACG-1	MZ286188_1_ORF1	0	0	1	2	FALSE	TRUE
ATGACAATCCAATCAT-1	OZ258728_1_ORF2	0	0	1	1	FALSE	FALSE
ATGACAATCGACTCCG-1	meGFP	0	0	1	1	FALSE	FALSE
ATGACAATCGCCCTGA-1	MZ286102_1_ORF2	0	0	1	2	FALSE	TRUE
ATGACAATCGGCTCTG-1	MZ286188_1_ORF1	0	0	2	2	TRUE	TRUE
ATGACAATCTAAGCGG-1	OZ258728_1_ORF2	1	1	10	10	TRUE	TRUE
ATGACAATCTAATTGC-1	OZ258728_1_ORF1	0	0	1	1	FALSE	TRUE
ATGACAATCTGTAATC-1	MZ286197_1_ORF1	1	0	7	7	TRUE	TRUE
ATGAGGGCACGCCATC-1	OP549859_1_ORF2	0	0	1	1	FALSE	FALSE
ATGAGGGCACTTCCTC-1	OP549859_1_ORF1	0	0	1	1	FALSE	FALSE
ATGAGGGCAGCCGATG-1	OZ258728_1_ORF2	0	0	1	1	FALSE	TRUE
ATGAGGGCATCAAGTG-1	MZ286197_1_ORF1	1	1	58	58	TRUE	TRUE
ATGAGGGCATCTATCA-1	MZ286258_1_ORF1	0	0	1	1	FALSE	TRUE
ATGAGGTTCCGCCTGA-1	OZ258728_1_ORF1	1	1	46	47	TRUE	TRUE
ATGAGGTTCCTAATGT-1	OZ258728_1_ORF2	0	0	1	1	FALSE	FALSE
ATGAGGTTCGACTCCG-1	MZ286258_1_ORF2	0	0	3	3	TRUE	FALSE
ATGAGGTTCGCCAGTT-1	OZ258728_1_ORF2	1	0	6	6	TRUE	TRUE
ATGAGGTTCGTGCGAA-1	OZ258728_1_ORF1	1	1	22	22	TRUE	TRUE
ATGAGTATCAACCGGA-1	MZ286197_1_ORF1	0	0	1	1	FALSE	TRUE
ATGAGTATCCAATGAA-1	MZ286102_1_ORF1	0	0	1	1	FALSE	FALSE
ATGAGTATCCATCGCG-1	MZ286258_1_ORF2	1	0	5	5	TRUE	TRUE
ATGAGTATCCCGATAC-1	MZ286102_1_ORF2	0	0	3	3	TRUE	TRUE
ATGAGTATCTATCGTG-1	OZ258728_1_ORF1	0	0	1	1	FALSE	FALSE
ATGCAAATCAAGCTAA-1	MZ286258_1_ORF2	1	1	18	20	TRUE	TRUE
ATGCAAATCCGAAGCA-1	OZ258728_1_ORF1	0	0	2	2	TRUE	FALSE
ATGCAAATCCGTGGTT-1	OZ258728_1_ORF2	0	0	1	1	FALSE	FALSE
ATGCAAATCCTAATGT-1	OZ258728_1_ORF2	1	1	38	38	TRUE	TRUE
ATGCAAATCCTCTCCA-1	MZ286102_1_ORF2	0	0	2	2	TRUE	TRUE
ATGCAAATCCTGTCCC-1	OP549859_1_ORF2	0	0	3	3	TRUE	TRUE
ATGCAAATCGAAGCGC-1	meGFP	0	0	2	2	TRUE	TRUE
ATGCAAATCGCCAGTT-1	MZ286258_1_ORF1	0	0	1	1	FALSE	FALSE
ATGCAAATCGTCAATT-1	OZ258728_1_ORF1	1	1	14	14	TRUE	TRUE
ATGCAAATCGTGCTGT-1	MZ286258_1_ORF1	0	0	1	1	FALSE	TRUE
ATGCAAATCTATCGTG-1	OZ258728_1_ORF1	0	0	1	1	FALSE	TRUE
ATGCAAATCTCGCTCC-1	MZ286258_1_ORF2	0	0	1	1	FALSE	TRUE
ATGCAACAGATGCGGC-1	OZ258728_1_ORF1	1	0	4	4	TRUE	TRUE
ATGCAACAGATTCGTT-1	OZ258728_1_ORF1	1	1	14	14	TRUE	TRUE
ATGCAACAGCGCAGTA-1	meGFP	0	0	1	1	FALSE	FALSE
ATGCAACAGCGTAAGT-1	meGFP	1	1	16	16	TRUE	TRUE
ATGCAACAGCTCCGCA-1	MZ286102_1_ORF2	1	0	5	6	TRUE	TRUE
ATGCAACAGCTTGAGG-1	MZ286197_1_ORF2	0	0	3	4	TRUE	TRUE
ATGCAAGGTACTTACA-1	OP549859_1_ORF2	0	0	3	3	TRUE	TRUE
ATGCAAGGTCCAACCA-1	meGFP	0	0	1	1	FALSE	TRUE
ATGCAAGGTCCGAATT-1	MZ286258_1_ORF1	0	0	1	1	FALSE	FALSE
ATGCAAGGTCGACTCA-1	OP549859_1_ORF2	1	0	5	5	TRUE	TRUE
ATGCAAGGTCTATCCC-1	OP549859_1_ORF1	0	0	1	1	FALSE	FALSE
ATGCAAGGTCTTGACG-1	OZ258728_1_ORF1	1	1	11	11	TRUE	TRUE
ATGCAAGGTGAACCAA-1	OZ258728_1_ORF2	1	1	19	19	TRUE	TRUE
ATGCAAGGTGGCGTCT-1	MZ286258_1_ORF2	0	0	3	3	TRUE	TRUE
ATGCAAGGTTAGAGAT-1	OZ258728_1_ORF2	1	0	7	7	TRUE	TRUE
ATGCACTGTCTAATCA-1	MZ286102_1_ORF2	0	0	3	3	TRUE	TRUE
ATGCACTGTGCAACCC-1	MZ286197_1_ORF2	0	0	1	1	FALSE	FALSE
ATGCACTGTGCGTAGG-1	OP549859_1_ORF1	1	1	12	14	TRUE	TRUE
ATGCCCAGTCCACATG-1	OP549859_1_ORF2	0	0	1	1	FALSE	TRUE
ATGCCCAGTGGGTTCC-1	MZ286102_1_ORF1	0	0	1	2	FALSE	TRUE
ATGCCCAGTGTTCGGC-1	OP549859_1_ORF1	0	0	1	1	FALSE	FALSE
ATGCGCAAGCAGGCAC-1	OZ258728_1_ORF2	0	0	1	1	FALSE	FALSE
ATGCGCAAGCGTTCGT-1	OP549859_1_ORF2	1	1	13	14	TRUE	TRUE
ATGCGCAAGGAGGAGT-1	OZ258728_1_ORF2	0	0	1	1	FALSE	FALSE
ATGCGCAAGGCGGTGT-1	OZ258728_1_ORF2	0	0	1	1	FALSE	FALSE
ATGCGCAAGGGTATGT-1	OZ258728_1_ORF2	0	0	1	2	FALSE	TRUE
ATGCGCAAGGTAGGAA-1	MZ286188_1_ORF1	1	1	16	16	TRUE	TRUE
ATGCGTCTCCCTCTAT-1	OZ258728_1_ORF1	0	0	1	1	FALSE	TRUE
ATGCGTCTCTCCTAAG-1	OZ258728_1_ORF2	0	0	2	3	FALSE	TRUE
ATGCGTCTCTGGAAGT-1	MZ286102_1_ORF2	0	0	1	1	FALSE	TRUE
ATGCTAAAGGAATGTC-1	MZ286258_1_ORF2	0	0	1	1	FALSE	FALSE
ATGCTAAAGGCCAGGT-1	MZ286188_1_ORF1	1	1	24	24	TRUE	TRUE
ATGCTAAAGGGAGTAA-1	MZ286102_1_ORF1	0	0	1	1	FALSE	FALSE
ATGCTGACAAACCACA-1	OZ258728_1_ORF2	2	1	24	30	TRUE	TRUE
ATGCTGACAATTGCAG-1	OZ258728_1_ORF1	0	0	1	1	FALSE	FALSE
ATGCTGACACTATCGT-1	OZ258728_1_ORF2	0	0	1	1	FALSE	TRUE
ATGCTGACATAGCGCG-1	OZ258728_1_ORF1	1	1	37	37	TRUE	TRUE
ATGCTGACATCCTTCC-1	OZ258728_1_ORF2	0	0	1	1	FALSE	FALSE
ATGCTGACATTCCGTG-1	OP549859_1_ORF2	1	0	7	8	TRUE	TRUE
ATGGACAGTCAAGCCC-1	OP549859_1_ORF1	0	0	1	2	FALSE	TRUE
ATGGACAGTCATACTA-1	MZ286258_1_ORF2	0	0	3	5	FALSE	TRUE
ATGGACAGTCTTGACG-1	OZ258728_1_ORF2	1	1	21	21	TRUE	TRUE
ATGGACAGTGGTTCGC-1	MZ286258_1_ORF2	0	0	2	2	TRUE	FALSE
ATGGACAGTTAGTTGC-1	MZ286258_1_ORF2	1	1	10	10	TRUE	TRUE
ATGGACCCAAACTGTG-1	MZ286102_1_ORF2	1	1	11	11	TRUE	FALSE
ATGGACCCAAGCCACG-1	MZ286188_1_ORF2	1	0	8	8	TRUE	TRUE
ATGGACCCAAGGGTAG-1	OZ258728_1_ORF2	0	0	2	4	FALSE	TRUE
ATGGACCCACTTCAAC-1	MZ286102_1_ORF2	0	0	1	1	FALSE	FALSE
ATGGACCCATCAGAGC-1	OZ258728_1_ORF1	0	0	1	1	FALSE	TRUE
ATGGACCCATCAGCAA-1	meGFP	0	0	1	2	FALSE	TRUE
ATGGACGTCAAGCTAA-1	MZ286102_1_ORF2	0	0	1	1	FALSE	FALSE
ATGGACGTCATCAATC-1	OZ258728_1_ORF2	1	0	5	7	TRUE	TRUE
ATGGACGTCCTGATAT-1	MZ286197_1_ORF1	1	1	37	37	TRUE	TRUE
ATGGACGTCGCTGGAA-1	meGFP	0	0	1	1	FALSE	FALSE
ATGGACGTCGTCCGTG-1	MZ286197_1_ORF1	0	0	1	1	FALSE	FALSE
ATGGACGTCTAGGCTC-1	OZ258728_1_ORF2	0	0	1	1	FALSE	TRUE
ATGGACGTCTTGCATG-1	OP549859_1_ORF1	2	1	17	21	TRUE	TRUE
ATGGAGGCAACTGCCC-1	MZ286197_1_ORF1	0	0	1	1	FALSE	TRUE
ATGGAGGCAACTTCGT-1	meGFP	0	0	1	1	FALSE	FALSE
ATGGAGGCAAGCCACG-1	MZ286258_1_ORF1	1	1	15	15	TRUE	TRUE
ATGGAGGCACACACTT-1	meGFP	0	0	1	1	FALSE	FALSE
ATGGAGGCACGGATTA-1	MZ286102_1_ORF2	1	1	16	17	TRUE	TRUE
ATGGAGGCACGGGTAT-1	MZ286102_1_ORF2	0	0	1	1	FALSE	FALSE
ATGGAGGCACGGTTCC-1	meGFP	1	1	17	17	TRUE	TRUE
ATGGAGGCAGTACCAA-1	meGFP	0	0	1	1	FALSE	FALSE
ATGGAGGCATCGCATT-1	OP549859_1_ORF2	0	0	1	1	FALSE	FALSE
ATGGAGGCATGAGGAG-1	OZ258728_1_ORF1	1	0	6	6	TRUE	TRUE
ATGGATATCACATGAA-1	OZ258728_1_ORF1	0	0	1	1	FALSE	TRUE
ATGGATATCCAACCTA-1	OP549859_1_ORF1	1	0	8	9	TRUE	TRUE
ATGGATATCGCCTATA-1	OZ258728_1_ORF2	0	0	1	2	FALSE	TRUE
ATGGCAAGTACAGGGT-1	OZ258728_1_ORF2	1	1	34	34	TRUE	TRUE
ATGGCAAGTCTGGTCA-1	OZ258728_1_ORF2	0	0	1	2	FALSE	TRUE
ATGGCAAGTGTGGACG-1	OP549859_1_ORF1	0	0	1	1	FALSE	FALSE
ATGGCAAGTTGCCTAG-1	OP549859_1_ORF1	0	0	1	1	FALSE	FALSE
ATGGCCGCACCCTATG-1	MZ286102_1_ORF1	0	0	1	1	FALSE	FALSE
ATGGCCGCAGCTTGCC-1	MZ286102_1_ORF2	1	1	15	16	TRUE	TRUE
ATGGCTACAAACGTAT-1	MZ286197_1_ORF1	0	0	1	1	FALSE	FALSE
ATGGCTACAAACTAAC-1	MZ286188_1_ORF2	0	0	3	3	TRUE	TRUE
ATGGCTACAAGCGAAG-1	MZ286197_1_ORF1	1	1	23	23	TRUE	TRUE
ATGGCTACAAGTCAAT-1	MZ286258_1_ORF1	1	0	9	10	TRUE	TRUE
ATGGCTACAGACCGCA-1	OZ258728_1_ORF1	0	0	1	1	FALSE	TRUE
ATGGCTACAGGAAGTG-1	OZ258728_1_ORF1	0	0	1	1	FALSE	FALSE
ATGGCTACATGAATCG-1	OP549859_1_ORF1	0	0	1	2	FALSE	TRUE
ATGGCTTGTCCATGAT-1	MZ286102_1_ORF2	1	1	10	12	TRUE	TRUE
ATGGCTTGTCGCGTGT-1	OZ258728_1_ORF2	0	0	1	1	FALSE	TRUE
ATGGCTTGTGATGTCT-1	OZ258728_1_ORF2	0	0	1	1	FALSE	TRUE
ATGGCTTGTGGAAGGA-1	MZ286188_1_ORF1	0	0	1	1	FALSE	TRUE
ATGGGACGTAATCGCT-1	MZ286102_1_ORF2	0	0	2	2	TRUE	TRUE
ATGGGACGTACCTCGA-1	MZ286102_1_ORF2	0	0	1	1	FALSE	TRUE
ATGGGACGTATTGGGA-1	OZ258728_1_ORF2	1	1	18	18	TRUE	TRUE
ATGGGACGTCGTTGGC-1	MZ286102_1_ORF2	0	0	2	2	TRUE	FALSE
ATGGGACGTGCACTCA-1	meGFP	2	1	50	54	TRUE	TRUE
ATGGGACGTTACGCCA-1	MZ286197_1_ORF1	0	0	1	2	FALSE	FALSE
ATGGGACGTTAGATGG-1	MZ286258_1_ORF1	1	1	67	68	TRUE	TRUE
ATGGGACGTTGCCTAG-1	OP549859_1_ORF1	0	0	1	1	FALSE	TRUE
ATGGGTAGTAAGCCAA-1	MZ286197_1_ORF1	0	0	2	3	FALSE	TRUE
ATGGGTAGTACCTCGA-1	MZ286197_1_ORF1	1	1	33	33	TRUE	TRUE
ATGGGTAGTAGCTGAA-1	OP549859_1_ORF1	1	1	25	27	TRUE	TRUE
ATGGGTAGTCTCCTCG-1	MZ286102_1_ORF2	0	0	1	1	FALSE	FALSE
ATGGGTAGTGTTGAGA-1	meGFP	0	0	1	1	FALSE	TRUE
ATGGGTAGTTATAGGG-1	MZ286197_1_ORF2	0	0	1	1	FALSE	FALSE
ATGGGTGTCACATGAA-1	OZ258728_1_ORF2	1	1	37	37	TRUE	TRUE
ATGGGTGTCACTCGCG-1	MZ286102_1_ORF2	0	0	3	6	FALSE	TRUE
ATGGGTGTCACTTACG-1	OP549859_1_ORF2	1	0	5	5	TRUE	TRUE
ATGGGTGTCTCCTTCG-1	OZ258728_1_ORF2	1	1	58	60	TRUE	TRUE
ATGGGTGTCTCGATTG-1	OZ258728_1_ORF2	1	1	26	26	TRUE	TRUE
ATGGGTGTCTGGACCT-1	OZ258728_1_ORF2	0	0	2	2	TRUE	TRUE
ATGGGTGTCTTGCCTT-1	OZ258728_1_ORF2	1	1	10	10	TRUE	TRUE
ATGGTAATCCAATGCC-1	OZ258728_1_ORF2	0	0	1	1	FALSE	FALSE
ATGGTAATCCCCTTCA-1	MZ286102_1_ORF2	0	0	1	1	FALSE	TRUE
ATGGTAATCCCGATGT-1	MZ286258_1_ORF1	0	0	1	1	FALSE	FALSE
ATGGTAATCGAAGCGC-1	MZ286102_1_ORF2	0	0	1	1	FALSE	TRUE
ATGGTAATCGGTAAGT-1	OZ258728_1_ORF2	0	0	1	1	FALSE	TRUE
ATGGTCACACCATAGA-1	MZ286197_1_ORF1	1	1	65	66	TRUE	TRUE
ATGGTCACACCGGTAG-1	OP549859_1_ORF1	0	0	1	1	FALSE	FALSE
ATGGTCACACCTCAAT-1	MZ286197_1_ORF1	1	0	4	4	TRUE	TRUE
ATGGTCACACGCCATC-1	OZ258728_1_ORF2	0	0	1	1	FALSE	FALSE
ATGGTCACACTAATGG-1	OZ258728_1_ORF2	0	0	1	1	FALSE	FALSE
ATGGTCACAGACATTG-1	meGFP	0	0	1	1	FALSE	FALSE
ATGGTCACAGATTCGA-1	OP549859_1_ORF2	0	0	1	1	FALSE	FALSE
ATGGTCACATAACTGG-1	MZ286102_1_ORF2	1	0	7	7	TRUE	TRUE
ATGGTCACATTGCCCA-1	OZ258728_1_ORF2	0	0	1	1	FALSE	TRUE
ATGGTCTGTAATCACC-1	MZ286258_1_ORF2	0	0	1	1	FALSE	FALSE
ATGGTCTGTAGGTCAA-1	MZ286102_1_ORF2	0	0	1	1	FALSE	FALSE
ATGGTCTGTGAGGTGT-1	MZ286102_1_ORF2	1	0	9	9	TRUE	TRUE
ATGGTCTGTTAACGAG-1	OP549859_1_ORF1	0	0	1	1	FALSE	FALSE
ATGGTCTGTTACGCCA-1	OP549859_1_ORF2	1	0	7	8	TRUE	TRUE
ATGTAAAGTACACCTG-1	MZ286102_1_ORF2	0	0	1	1	FALSE	TRUE
ATGTAAAGTCACTAAC-1	meGFP	0	0	1	1	FALSE	FALSE
ATGTAAAGTGAACGAC-1	MZ286102_1_ORF2	0	0	2	2	TRUE	TRUE
ATGTAAAGTGTCCGGT-1	meGFP	0	0	1	1	FALSE	FALSE
ATGTAAAGTGTGGATA-1	MZ286102_1_ORF1	0	0	1	1	FALSE	FALSE
ATGTAAAGTTAACGTC-1	MZ286258_1_ORF2	0	0	1	1	FALSE	TRUE
ATGTAACCAAAGCCCG-1	OZ258728_1_ORF2	1	1	89	89	TRUE	TRUE
ATGTAACCACAGATCA-1	MZ286102_1_ORF2	0	0	1	1	FALSE	TRUE
ATGTAACCACGATGTA-1	OZ258728_1_ORF2	0	0	1	1	FALSE	FALSE
ATGTAACCAGAGCCTG-1	OP549859_1_ORF1	1	1	124	125	TRUE	TRUE
ATGTAACCATCGGGCA-1	OZ258728_1_ORF2	1	1	16	19	TRUE	TRUE
ATGTAAGTCCAATCAT-1	OZ258728_1_ORF1	1	0	5	5	TRUE	TRUE
ATGTAAGTCCGGATTC-1	MZ286188_1_ORF2	0	0	3	3	TRUE	TRUE
ATGTAAGTCTGCATCA-1	MZ286197_1_ORF2	0	0	1	1	FALSE	TRUE
ATGTAGCAGACATCGG-1	MZ286197_1_ORF2	0	0	1	1	FALSE	FALSE
ATGTAGCAGAGAGGTA-1	OP549859_1_ORF1	1	0	4	4	TRUE	TRUE
ATGTAGCAGGACTAAC-1	OZ258728_1_ORF2	1	1	32	32	TRUE	TRUE
ATGTAGCAGGATCCCT-1	meGFP	1	0	6	7	TRUE	TRUE
ATGTAGCAGGGTTAGT-1	meGFP	0	0	1	1	FALSE	TRUE
ATGTATGAGACACGCA-1	OZ258728_1_ORF2	0	0	1	1	FALSE	FALSE
ATGTATGAGCACCAGA-1	OZ258728_1_ORF2	2	2	44	67	FALSE	TRUE
ATGTATGAGCCCGATT-1	MZ286188_1_ORF2	0	0	1	1	FALSE	TRUE
ATGTATGAGCGATTCC-1	MZ286188_1_ORF2	0	0	1	1	FALSE	TRUE
ATGTATGAGCTGGGTA-1	MZ286188_1_ORF1	0	0	1	1	FALSE	FALSE
ATGTATGAGTTGGCCT-1	MZ286258_1_ORF2	0	0	2	2	TRUE	TRUE
ATGTCAAAGAAGCGTT-1	MZ286258_1_ORF1	1	0	5	5	TRUE	TRUE
ATGTCAAAGACATTAG-1	MZ286258_1_ORF2	1	1	21	21	TRUE	TRUE
ATGTCAAAGACCGATG-1	OZ258728_1_ORF2	0	0	3	3	TRUE	TRUE
ATGTCAAAGACTTGAA-1	MZ286188_1_ORF1	0	0	1	1	FALSE	FALSE
ATGTCAAAGCTAACGG-1	MZ286188_1_ORF1	0	0	0	0	FALSE	FALSE
ATGTCAAAGCTATACT-1	MZ286258_1_ORF2	0	0	1	1	FALSE	TRUE
ATGTCAAAGTTACCGC-1	MZ286258_1_ORF2	0	0	1	1	FALSE	FALSE
ATGTCCATCAAGGTAC-1	OZ258728_1_ORF2	1	1	71	72	TRUE	TRUE
ATGTCCATCAATCCAT-1	meGFP	0	0	1	1	FALSE	FALSE
ATGTCCATCAGTGTGG-1	OZ258728_1_ORF2	0	0	1	1	FALSE	TRUE
ATGTCCATCATGGCAG-1	MZ286197_1_ORF2	0	0	1	1	FALSE	TRUE
ATGTCCATCCAGAGGC-1	OZ258728_1_ORF2	1	1	12	12	TRUE	TRUE
ATGTCCATCCCCAAGT-1	meGFP	1	1	20	20	TRUE	TRUE
ATGTCCATCGCGCTCA-1	MZ286102_1_ORF2	1	1	10	10	TRUE	TRUE
ATGTCCATCGGTCTAC-1	meGFP	1	0	9	12	TRUE	TRUE
ATGTCCATCTAACTGT-1	MZ286197_1_ORF2	0	0	3	3	TRUE	TRUE
ATGTCCATCTGGACGA-1	OZ258728_1_ORF2	0	0	2	3	FALSE	TRUE
ATGTCCCAGAGATAGG-1	MZ286258_1_ORF2	0	0	1	1	FALSE	TRUE
ATGTCCCAGGCTCTGT-1	OP549859_1_ORF1	0	0	1	1	FALSE	FALSE
ATGTCCCAGTCTAGGG-1	MZ286197_1_ORF2	0	0	1	1	FALSE	TRUE
ATGTCCGGTACACCTG-1	OZ258728_1_ORF2	1	1	16	18	TRUE	TRUE
ATGTCCGGTCATTCAA-1	MZ286102_1_ORF2	0	0	1	1	FALSE	TRUE
ATGTCCGGTCGCTACA-1	MZ286102_1_ORF1	0	0	3	3	TRUE	FALSE
ATGTCCGGTTATCCGG-1	meGFP	1	0	6	6	TRUE	TRUE
ATGTCCGGTTTCGATA-1	OZ258728_1_ORF2	1	1	29	29	TRUE	TRUE
ATGTCCTCAACATCCT-1	OP549859_1_ORF2	1	0	9	9	TRUE	TRUE
ATGTCCTCAACCTTAC-1	MZ286102_1_ORF2	1	1	11	12	TRUE	TRUE
ATGTCCTCAAGTGTCA-1	MZ286102_1_ORF2	1	0	5	6	TRUE	TRUE
ATGTCCTCAATGGACC-1	OZ258728_1_ORF2	0	0	1	1	FALSE	TRUE
ATGTCCTCACCGGTAG-1	OP549859_1_ORF2	0	0	2	2	TRUE	TRUE
ATGTCCTCACCTCAAT-1	OP549859_1_ORF1	0	0	1	1	FALSE	TRUE
ATGTCCTCACGCTACC-1	OZ258728_1_ORF2	0	0	1	3	FALSE	TRUE
ATGTCCTCACTGATGA-1	OZ258728_1_ORF2	0	0	1	1	FALSE	TRUE
ATGTCCTCAGACACAC-1	MZ286102_1_ORF1	1	0	5	5	TRUE	TRUE
ATGTCCTCATAATCCC-1	OZ258728_1_ORF1	0	0	1	1	FALSE	FALSE
ATGTCCTCATCGCATT-1	OZ258728_1_ORF2	0	0	1	1	FALSE	TRUE
ATGTCCTCATGCAGGT-1	OP549859_1_ORF1	1	0	8	8	TRUE	TRUE
ATGTGCGAGAGTCGCA-1	MZ286258_1_ORF2	0	0	1	1	FALSE	FALSE
ATGTGCGAGCAAGTAC-1	OP549859_1_ORF2	0	0	1	1	FALSE	FALSE
ATGTGCGAGCACGTTC-1	MZ286188_1_ORF1	0	0	1	1	FALSE	FALSE
ATGTGCGAGCAGCATG-1	MZ286197_1_ORF1	1	0	4	4	TRUE	TRUE
ATGTGCGAGGACTAAC-1	OP549859_1_ORF2	0	0	3	3	TRUE	TRUE
ATGTGCGAGTGAGAGA-1	MZ286102_1_ORF1	0	0	1	1	FALSE	TRUE
ATGTTCCCACGTATAG-1	MZ286258_1_ORF1	0	0	1	1	FALSE	FALSE
ATGTTCCCATCAGTCT-1	meGFP	0	0	1	1	FALSE	TRUE
ATGTTCCCATGGAGCT-1	MZ286188_1_ORF1	0	0	3	4	TRUE	TRUE
ATGTTCCCATGGTAAT-1	OP549859_1_ORF2	1	0	9	9	TRUE	TRUE
ATGTTCCCATTAGAGT-1	OZ258728_1_ORF2	0	0	1	1	FALSE	TRUE
ATGTTCGTCAATCCAT-1	MZ286102_1_ORF2	0	0	1	1	FALSE	TRUE
ATGTTCGTCACAGGCA-1	MZ286102_1_ORF2	0	0	3	3	TRUE	TRUE
ATGTTCGTCACCCTGG-1	MZ286102_1_ORF2	0	0	1	1	FALSE	FALSE
ATGTTCGTCACGGTCT-1	MZ286258_1_ORF2	1	0	4	4	TRUE	TRUE
ATGTTCGTCCCCTTCA-1	MZ286102_1_ORF2	1	0	6	7	TRUE	TRUE
ATGTTCGTCCCGTGCA-1	meGFP	0	0	2	2	TRUE	FALSE
ATGTTCGTCGCGGAGT-1	OZ258728_1_ORF1	0	0	1	1	FALSE	FALSE
ATGTTCGTCGCTGGAA-1	meGFP	1	0	5	5	TRUE	TRUE
ATGTTCGTCTAACCAT-1	OZ258728_1_ORF2	0	0	1	1	FALSE	FALSE
ATGTTCGTCTCCTTCG-1	OP549859_1_ORF2	0	0	2	3	FALSE	TRUE
ATGTTGAAGACTAGCG-1	OZ258728_1_ORF2	0	0	1	1	FALSE	TRUE
ATGTTGAAGCTCGTTA-1	MZ286197_1_ORF1	2	2	43	82	FALSE	TRUE
ATGTTGAAGGATGGTT-1	MZ286258_1_ORF2	0	0	1	1	FALSE	FALSE
ATGTTGAAGGCGAACC-1	OP549859_1_ORF2	0	0	3	3	TRUE	TRUE
ATTAACGAGAATGGTC-1	meGFP	1	1	39	40	TRUE	TRUE
ATTAACGAGACTTACT-1	MZ286102_1_ORF2	1	0	4	4	TRUE	TRUE
ATTAACGAGCCTAGTC-1	MZ286102_1_ORF1	0	0	3	5	FALSE	TRUE
ATTAACGAGCGAGAGG-1	OZ258728_1_ORF2	0	0	1	1	FALSE	FALSE
ATTAACGAGCGTGCTT-1	OZ258728_1_ORF2	0	0	1	1	FALSE	FALSE
ATTAACGAGGGCATCA-1	OZ258728_1_ORF2	0	0	1	1	FALSE	TRUE
ATTAAGCCAAACTTCC-1	MZ286197_1_ORF1	0	0	1	3	FALSE	TRUE
ATTAAGCCAATTGCCT-1	OZ258728_1_ORF2	1	1	35	36	TRUE	TRUE
ATTAAGCCACCACACC-1	OP549859_1_ORF1	0	0	1	2	FALSE	FALSE
ATTAAGCCAGCAGGAA-1	MZ286258_1_ORF1	0	0	2	2	TRUE	TRUE
ATTAAGCCAGGGTCCA-1	MZ286188_1_ORF2	0	0	1	1	FALSE	FALSE
ATTAAGCCAGGGTCTG-1	MZ286188_1_ORF1	0	0	1	1	FALSE	FALSE
ATTAAGTAGGCGTGAC-1	OZ258728_1_ORF2	0	0	1	2	FALSE	TRUE
ATTAAGTAGGGGTTCA-1	meGFP	0	0	3	3	TRUE	TRUE
ATTAAGTAGGTACCCT-1	meGFP	0	0	1	1	FALSE	FALSE
ATTAATGCAACGAGCT-1	meGFP	0	0	1	1	FALSE	TRUE
ATTAATGCAATCTCAC-1	OZ258728_1_ORF2	1	1	91	92	TRUE	TRUE
ATTAATGCAATTAGAC-1	OZ258728_1_ORF2	0	0	1	2	FALSE	TRUE
ATTAATGCACAACGGT-1	meGFP	0	0	1	1	FALSE	TRUE
ATTAATGCACGTGCCT-1	OP549859_1_ORF2	0	0	1	2	FALSE	FALSE
ATTAATGCAGACACAC-1	meGFP	0	0	1	1	FALSE	TRUE
ATTAATGCAGTACCAA-1	MZ286102_1_ORF1	2	0	7	11	FALSE	TRUE
ATTAATGCATAGACCA-1	OP549859_1_ORF1	1	0	4	4	TRUE	TRUE
ATTAATGCATATCACC-1	OZ258728_1_ORF2	0	0	2	2	TRUE	FALSE
ATTAATGCATGCAATG-1	OZ258728_1_ORF2	0	0	1	1	FALSE	FALSE
ATTACAACAAGCCACG-1	MZ286102_1_ORF2	0	0	1	1	FALSE	TRUE
ATTACAACAGCAACCG-1	MZ286102_1_ORF2	1	0	4	4	TRUE	TRUE
ATTACAACAGCCTCGT-1	MZ286258_1_ORF1	1	1	14	14	TRUE	TRUE
ATTACAGAGCCCGATT-1	OZ258728_1_ORF2	0	0	1	3	FALSE	TRUE
ATTACAGAGCGGGAAG-1	MZ286258_1_ORF2	1	0	6	6	TRUE	TRUE
ATTACAGAGCTATGAA-1	meGFP	0	0	1	1	FALSE	FALSE
ATTACAGAGGAATGAG-1	OP549859_1_ORF1	0	0	1	1	FALSE	FALSE
ATTACAGAGGCCAGGT-1	OZ258728_1_ORF2	1	1	115	115	TRUE	TRUE
ATTACAGAGGGGTAGG-1	MZ286188_1_ORF1	0	0	3	9	FALSE	TRUE
ATTACAGAGTTGGAAC-1	OZ258728_1_ORF1	0	0	1	1	FALSE	TRUE
ATTACCAGTCACACCA-1	OZ258728_1_ORF2	0	0	1	1	FALSE	FALSE
ATTACCAGTCACTAAC-1	MZ286188_1_ORF1	0	0	1	1	FALSE	FALSE
ATTACCAGTCATTCGG-1	OZ258728_1_ORF1	0	0	2	2	TRUE	TRUE
ATTACCAGTGAGTTAG-1	MZ286258_1_ORF1	0	0	1	1	FALSE	FALSE
ATTACCAGTGTACCGC-1	MZ286197_1_ORF1	1	0	6	7	TRUE	TRUE
ATTACCAGTGTGTGAA-1	OZ258728_1_ORF2	0	0	1	4	FALSE	TRUE
ATTACCAGTTAACGAG-1	OZ258728_1_ORF1	0	0	1	1	FALSE	TRUE
ATTACCCCAACCTCGC-1	MZ286197_1_ORF2	0	0	3	3	TRUE	TRUE
ATTACCCCAACGTAAT-1	OZ258728_1_ORF2	1	1	27	33	TRUE	TRUE
ATTACCCCACACTGGG-1	OZ258728_1_ORF2	0	0	1	1	FALSE	TRUE
ATTACCCCAGAACCCG-1	MZ286197_1_ORF1	0	0	2	3	FALSE	TRUE
ATTACCCCATGAGTAT-1	meGFP	0	0	1	1	FALSE	TRUE
ATTACCGTCACAGATA-1	MZ286197_1_ORF1	0	0	1	1	FALSE	FALSE
ATTACCGTCCAGCGAA-1	MZ286197_1_ORF1	1	0	9	9	TRUE	TRUE
ATTACCGTCGACACAG-1	OZ258728_1_ORF2	0	0	1	1	FALSE	FALSE
ATTACCGTCGACGGGT-1	OP549859_1_ORF1	0	0	1	2	FALSE	FALSE
ATTACCGTCTAGAGGT-1	OZ258728_1_ORF2	0	0	1	1	FALSE	FALSE
ATTACCGTCTGATTAC-1	OZ258728_1_ORF2	0	0	1	1	FALSE	FALSE
ATTACGAAGAGAGCTT-1	meGFP	1	1	14	14	TRUE	TRUE
ATTACGAAGATGCCAG-1	MZ286102_1_ORF2	1	1	10	11	TRUE	TRUE
ATTACGAAGATGCGGC-1	MZ286258_1_ORF2	0	0	1	2	FALSE	TRUE
ATTACGAAGCTAACCC-1	OZ258728_1_ORF1	1	0	5	5	TRUE	TRUE
ATTACGAAGGAGGAGT-1	OZ258728_1_ORF2	0	0	1	2	FALSE	TRUE
ATTACTATCCATAGCC-1	MZ286102_1_ORF1	0	0	2	2	TRUE	TRUE
ATTACTATCTCGACCG-1	meGFP	2	1	10	16	FALSE	TRUE
ATTACTATCTGAGTAA-1	meGFP	2	1	19	25	TRUE	TRUE
ATTACTGGTAGCCCTA-1	MZ286197_1_ORF1	0	0	1	1	FALSE	TRUE
ATTACTGGTGATCCTG-1	meGFP	0	0	1	1	FALSE	FALSE
ATTACTGGTGGACATA-1	MZ286258_1_ORF2	1	0	8	10	TRUE	TRUE
ATTACTGGTTTCAAGC-1	OZ258728_1_ORF2	0	0	1	1	FALSE	FALSE
ATTACTGGTTTCCTAT-1	MZ286258_1_ORF2	0	0	1	1	FALSE	FALSE
ATTACTGGTTTCCTGC-1	OZ258728_1_ORF1	0	0	1	1	FALSE	TRUE
ATTATCGGTAGTGTCT-1	OZ258728_1_ORF2	0	0	1	1	FALSE	FALSE
ATTATCGGTATTGACC-1	MZ286258_1_ORF2	1	0	7	7	TRUE	TRUE
ATTATCGGTCGGGCTT-1	MZ286258_1_ORF2	1	0	9	10	TRUE	TRUE
ATTATCTCAAACCACA-1	MZ286102_1_ORF2	0	0	1	1	FALSE	FALSE
ATTATCTCAACTGGCG-1	OZ258728_1_ORF2	1	1	15	15	TRUE	TRUE
ATTATCTCAGAACTAT-1	meGFP	0	0	1	1	FALSE	TRUE
ATTATCTCATAACTGG-1	OZ258728_1_ORF2	0	0	1	1	FALSE	FALSE
ATTATCTCATTCGCTG-1	OP549859_1_ORF1	1	1	65	66	TRUE	TRUE
ATTATGGAGAAGCAAG-1	OP549859_1_ORF1	1	1	14	15	TRUE	TRUE
ATTATGGAGAATCAGC-1	MZ286102_1_ORF1	1	0	5	5	TRUE	TRUE
ATTATGGAGACGCGAC-1	MZ286197_1_ORF1	1	1	12	12	TRUE	TRUE
ATTATGGAGCGGGTTA-1	OP549859_1_ORF2	1	0	7	8	TRUE	TRUE
ATTATGGAGGCTACAG-1	MZ286102_1_ORF1	1	0	5	5	TRUE	TRUE
ATTCAAGAGATCAAGC-1	OP549859_1_ORF1	1	0	8	8	TRUE	TRUE
ATTCAAGAGCCAGGGT-1	meGFP	2	2	78	113	FALSE	TRUE
ATTCAAGAGCGCAGTA-1	OZ258728_1_ORF2	0	0	1	1	FALSE	FALSE
ATTCAAGAGCGGTAGC-1	MZ286258_1_ORF1	0	0	1	2	FALSE	FALSE
ATTCAAGAGCTATGAA-1	MZ286188_1_ORF2	1	0	8	8	TRUE	TRUE
ATTCAAGAGGAATGAG-1	OP549859_1_ORF2	0	0	2	2	TRUE	FALSE
ATTCAAGAGGAGACCC-1	MZ286258_1_ORF2	0	0	1	2	FALSE	TRUE
ATTCAAGAGGATAGAG-1	MZ286188_1_ORF1	0	0	1	1	FALSE	TRUE
ATTCAAGAGGGCAACC-1	meGFP	0	0	1	1	FALSE	TRUE
ATTCAAGAGTAATCCT-1	OZ258728_1_ORF2	1	1	54	54	TRUE	TRUE
ATTCAAGAGTGGAGCC-1	meGFP	1	0	9	9	TRUE	TRUE
ATTCAAGAGTGTGATA-1	OZ258728_1_ORF2	0	0	1	2	FALSE	TRUE
ATTCAAGAGTTGGCCT-1	MZ286197_1_ORF2	0	0	1	1	FALSE	TRUE
ATTCACCCAAACTGTG-1	MZ286188_1_ORF1	0	0	1	1	FALSE	TRUE
ATTCACCCAACGTGCG-1	MZ286102_1_ORF2	0	0	2	2	TRUE	TRUE
ATTCACCCAAGTGTCA-1	OZ258728_1_ORF2	0	0	1	1	FALSE	FALSE
ATTCACCCACAACGGT-1	meGFP	0	0	1	1	FALSE	FALSE
ATTCACCCACCGGATG-1	meGFP	1	1	52	52	TRUE	TRUE
ATTCACCCACGATCCC-1	MZ286188_1_ORF2	0	0	1	1	FALSE	FALSE
ATTCACCCACGGTTCC-1	OZ258728_1_ORF1	1	1	18	19	TRUE	TRUE
ATTCACCCACTTGGAA-1	MZ286258_1_ORF2	1	1	20	20	TRUE	TRUE
ATTCACCCAGATATAC-1	MZ286258_1_ORF2	0	0	1	1	FALSE	FALSE
ATTCACCCAGCCCGAA-1	meGFP	0	0	1	1	FALSE	FALSE
ATTCACCCAGCCGATG-1	OZ258728_1_ORF1	0	0	1	1	FALSE	TRUE
ATTCACCCAGGGTCTG-1	MZ286258_1_ORF2	1	0	6	6	TRUE	TRUE
ATTCATATCACTTGCA-1	OZ258728_1_ORF2	0	0	3	4	TRUE	FALSE
ATTCATATCCAGCGAA-1	OP549859_1_ORF2	0	0	1	1	FALSE	TRUE
ATTCATATCGAATCAA-1	MZ286258_1_ORF2	1	1	26	26	TRUE	TRUE
ATTCATATCTAGGTAA-1	OP549859_1_ORF2	0	0	1	1	FALSE	FALSE
ATTCATATCTTCGTAG-1	MZ286197_1_ORF2	0	0	3	3	TRUE	TRUE
ATTCATGGTAATGGGC-1	MZ286188_1_ORF2	0	0	1	1	FALSE	FALSE
ATTCATGGTCGACTCA-1	MZ286188_1_ORF1	0	0	1	1	FALSE	FALSE
ATTCATGGTTGCCTAG-1	OP549859_1_ORF1	1	1	67	67	TRUE	TRUE
ATTCATTCAAGCGCCA-1	meGFP	0	0	1	1	FALSE	FALSE
ATTCATTCACCGGTAG-1	MZ286102_1_ORF2	0	0	1	1	FALSE	FALSE
ATTCATTCACCTGCAC-1	MZ286188_1_ORF1	0	0	1	1	FALSE	TRUE
ATTCATTCAGGTCGAT-1	OP549859_1_ORF1	0	0	1	1	FALSE	FALSE
ATTCATTCATGAGCCG-1	OZ258728_1_ORF2	0	0	1	1	FALSE	FALSE
ATTCATTCATGCAATG-1	OZ258728_1_ORF2	0	0	1	1	FALSE	FALSE
ATTCCCAAGACTCGCT-1	OP549859_1_ORF1	0	0	1	2	FALSE	TRUE
ATTCCCAAGAGCCAAT-1	OZ258728_1_ORF1	0	0	1	1	FALSE	TRUE
ATTCCCAAGATACTGA-1	OP549859_1_ORF1	0	0	1	1	FALSE	FALSE
ATTCCCAAGGGAGACG-1	MZ286197_1_ORF1	0	0	3	3	TRUE	TRUE
ATTCCCAAGTAGTTGA-1	MZ286188_1_ORF2	0	0	1	1	FALSE	FALSE
ATTCCCAAGTGCCCAT-1	MZ286258_1_ORF1	0	0	3	3	TRUE	TRUE
ATTCCCCGTAACGATG-1	MZ286188_1_ORF1	0	0	1	1	FALSE	FALSE
ATTCCCCGTAACTTGC-1	OZ258728_1_ORF2	1	1	143	143	TRUE	TRUE
ATTCCCCGTAAGTTGG-1	MZ286102_1_ORF2	0	0	2	3	FALSE	TRUE
ATTCCCCGTCGTTGGC-1	OZ258728_1_ORF1	0	0	1	1	FALSE	FALSE
ATTCCCCGTGGCCATC-1	MZ286102_1_ORF2	1	1	12	12	TRUE	TRUE
ATTCCCCGTTATCTCT-1	MZ286102_1_ORF2	1	0	4	4	TRUE	TRUE
ATTCCCCGTTGTGCGC-1	MZ286258_1_ORF1	0	0	1	1	FALSE	FALSE
ATTCCGCAGAGGCATT-1	OZ258728_1_ORF2	0	0	1	1	FALSE	FALSE
ATTCCGCAGAGGCCAC-1	OZ258728_1_ORF2	1	1	135	135	TRUE	TRUE
ATTCCGCAGATCAAGC-1	OZ258728_1_ORF2	1	1	108	108	TRUE	TRUE
ATTCCGCAGCAAGCTG-1	OZ258728_1_ORF2	0	0	1	1	FALSE	FALSE
ATTCCGCAGCGTGCAA-1	meGFP	0	0	1	1	FALSE	FALSE
ATTCCGCAGGGCAGGA-1	meGFP	0	0	1	1	FALSE	FALSE
ATTCCGCAGTCCACGT-1	MZ286197_1_ORF1	0	0	1	1	FALSE	TRUE
ATTCCGCAGTTACGAA-1	meGFP	1	1	80	82	TRUE	TRUE
ATTCGCCAGAGCTGGC-1	MZ286197_1_ORF1	1	1	19	19	TRUE	TRUE
ATTCGCCAGATGCCTC-1	MZ286102_1_ORF2	0	0	1	2	FALSE	TRUE
ATTCGCCAGGAGCATT-1	MZ286258_1_ORF2	0	0	1	1	FALSE	FALSE
ATTCGCCAGGCATCCT-1	MZ286102_1_ORF2	0	0	1	1	FALSE	FALSE
ATTCGCCAGGGTTGCA-1	OP549859_1_ORF1	0	0	1	1	FALSE	FALSE
ATTCGCCAGGTGGACC-1	OZ258728_1_ORF2	1	1	92	92	TRUE	TRUE
ATTCGCCAGGTTCCCG-1	MZ286102_1_ORF1	0	0	1	1	FALSE	FALSE
ATTCGGACACCAATGA-1	OZ258728_1_ORF2	0	0	1	1	FALSE	FALSE
ATTCGGACAGCCGATG-1	MZ286102_1_ORF2	1	1	18	18	TRUE	TRUE
ATTCGGACAGGCGCTA-1	MZ286102_1_ORF1	0	0	1	1	FALSE	TRUE
ATTCGTAGTCTTACCC-1	MZ286102_1_ORF1	0	0	1	1	FALSE	FALSE
ATTCGTAGTGCGTACC-1	MZ286258_1_ORF2	1	0	6	7	TRUE	TRUE
ATTCGTAGTTCCAACG-1	MZ286102_1_ORF2	0	0	1	1	FALSE	TRUE
ATTCGTCCAACGTGCG-1	OZ258728_1_ORF2	0	0	1	1	FALSE	TRUE
ATTCGTCCAGGTCTCC-1	OZ258728_1_ORF2	1	0	5	5	TRUE	TRUE
ATTCGTCCAGTCGAGT-1	OP549859_1_ORF1	0	0	1	2	FALSE	TRUE
ATTCGTCCATAACTGG-1	MZ286102_1_ORF2	0	0	1	1	FALSE	FALSE
ATTCGTCCATCAAGTG-1	MZ286258_1_ORF2	1	1	13	13	TRUE	TRUE
ATTCGTCCATTGCCCA-1	meGFP	0	0	1	2	FALSE	TRUE
ATTCGTCCATTGGTTC-1	MZ286188_1_ORF2	0	0	1	1	FALSE	TRUE
ATTCGTTAGAACCACG-1	OP549859_1_ORF1	1	1	17	18	TRUE	TRUE
ATTCGTTAGCTCTAGC-1	meGFP	1	0	8	8	TRUE	TRUE
ATTCGTTAGGGAGTAA-1	MZ286258_1_ORF2	0	0	1	1	FALSE	FALSE
ATTCTAATCAAGGGTT-1	meGFP	0	0	1	1	FALSE	TRUE
ATTCTAATCATCTAGT-1	OZ258728_1_ORF2	1	1	46	46	TRUE	TRUE
ATTCTAATCATGATCT-1	meGFP	0	0	1	1	FALSE	FALSE
ATTCTAATCCCGTGCA-1	MZ286102_1_ORF2	1	1	16	16	TRUE	TRUE
ATTCTAATCGAGTTGG-1	OZ258728_1_ORF2	1	0	9	12	TRUE	TRUE
ATTCTAATCGCCTGTG-1	OP549859_1_ORF2	0	0	1	1	FALSE	TRUE
ATTCTAATCGCTAGTC-1	OP549859_1_ORF1	0	0	1	1	FALSE	TRUE
ATTCTAATCTCACGCG-1	MZ286197_1_ORF1	0	0	1	2	FALSE	TRUE
ATTCTAATCTTAGGCC-1	OP549859_1_ORF1	0	0	1	1	FALSE	TRUE
ATTCTATCAAGCGCCA-1	MZ286188_1_ORF2	0	0	0	0	FALSE	FALSE
ATTCTATCACTACCCA-1	MZ286197_1_ORF2	1	0	5	5	TRUE	TRUE
ATTCTATCACTCCGTA-1	OZ258728_1_ORF1	0	0	1	2	FALSE	TRUE
ATTCTATCACTTCGGC-1	OP549859_1_ORF2	1	1	17	17	TRUE	TRUE
ATTCTATCAGAATGGG-1	OZ258728_1_ORF2	0	0	1	1	FALSE	FALSE
ATTCTATCAGGCTATA-1	MZ286188_1_ORF2	0	0	2	2	TRUE	TRUE
ATTCTATCATGAGCCG-1	OZ258728_1_ORF1	1	0	7	7	TRUE	TRUE
ATTCTGGTCAATCGAA-1	MZ286102_1_ORF1	0	0	1	1	FALSE	FALSE
ATTCTGGTCACAGATA-1	OZ258728_1_ORF2	0	0	1	1	FALSE	FALSE
ATTGAAAGTAACTTGC-1	MZ286258_1_ORF2	1	1	11	11	TRUE	TRUE
ATTGAAAGTACCTAGT-1	meGFP	0	0	1	1	FALSE	TRUE
ATTGAAAGTATGTGGA-1	MZ286258_1_ORF2	0	0	2	3	FALSE	TRUE
ATTGAAAGTCCACATG-1	MZ286197_1_ORF2	0	0	1	1	FALSE	TRUE
ATTGAAAGTCGAGAGT-1	MZ286102_1_ORF2	0	0	2	3	FALSE	TRUE
ATTGAAAGTCGGGCTT-1	OZ258728_1_ORF2	0	0	1	1	FALSE	FALSE
ATTGAAAGTGATTACC-1	meGFP	0	0	1	1	FALSE	FALSE
ATTGAAAGTGGTGCGA-1	OZ258728_1_ORF2	2	2	52	71	FALSE	TRUE
ATTGAAAGTTACGCCA-1	OZ258728_1_ORF2	2	1	29	34	TRUE	TRUE
ATTGAAAGTTTGCGGC-1	MZ286188_1_ORF1	1	1	32	32	TRUE	TRUE
ATTGACTTCAATTCGT-1	MZ286258_1_ORF2	0	0	3	3	TRUE	TRUE
ATTGACTTCCAGAGAT-1	meGFP	0	0	1	1	FALSE	FALSE
ATTGACTTCGAGTGAT-1	MZ286188_1_ORF1	0	0	2	2	TRUE	FALSE
ATTGACTTCGCGAGGT-1	OP549859_1_ORF2	0	0	1	1	FALSE	FALSE
ATTGACTTCGGCTTCG-1	meGFP	0	0	1	1	FALSE	TRUE
ATTGACTTCTGCAATT-1	meGFP	0	0	1	2	FALSE	TRUE
ATTGAGCAGAAGCCTG-1	MZ286197_1_ORF1	1	0	4	4	TRUE	TRUE
ATTGAGCAGACCCATC-1	MZ286258_1_ORF2	0	0	1	1	FALSE	FALSE
ATTGAGCAGCGGAACC-1	meGFP	0	0	1	2	FALSE	TRUE
ATTGAGCAGCTTGGTC-1	MZ286102_1_ORF2	1	1	12	13	TRUE	TRUE
ATTGAGCAGGATAGAG-1	OP549859_1_ORF1	0	0	1	1	FALSE	FALSE
ATTGAGCAGGATCCCT-1	OZ258728_1_ORF1	1	0	5	6	TRUE	TRUE
ATTGAGCAGGGCAACC-1	OP549859_1_ORF1	0	0	1	1	FALSE	FALSE
ATTGATGAGAAGCAAG-1	MZ286197_1_ORF1	0	0	1	1	FALSE	FALSE
ATTGATGAGCTTGACC-1	OZ258728_1_ORF2	0	0	1	2	FALSE	TRUE
ATTGATGAGTCGCTCG-1	MZ286102_1_ORF2	0	0	3	3	TRUE	TRUE
ATTGATGAGTGGCTTC-1	OZ258728_1_ORF1	0	0	1	1	FALSE	TRUE
ATTGATGAGTTGGCGA-1	OZ258728_1_ORF2	1	1	43	43	TRUE	TRUE
ATTGATTGTCCCTTCG-1	MZ286258_1_ORF2	0	0	1	2	FALSE	TRUE
ATTGATTGTCGCGTGT-1	MZ286258_1_ORF1	0	0	1	1	FALSE	FALSE
ATTGATTGTGACGAAC-1	OZ258728_1_ORF2	1	1	33	33	TRUE	TRUE
ATTGATTGTTATGGAG-1	OP549859_1_ORF1	1	1	97	97	TRUE	TRUE
ATTGATTGTTCCCAGA-1	MZ286258_1_ORF1	1	1	57	57	TRUE	TRUE
ATTGATTGTTTCAAGC-1	OZ258728_1_ORF2	0	0	1	1	FALSE	FALSE
ATTGATTGTTTGAAGG-1	OP549859_1_ORF1	0	0	1	1	FALSE	FALSE
ATTGCAAAGAGGTCTG-1	OZ258728_1_ORF2	0	0	1	1	FALSE	FALSE
ATTGCAAAGCCACTCG-1	OP549859_1_ORF1	0	0	1	1	FALSE	TRUE
ATTGCAAAGCGCCTAT-1	OZ258728_1_ORF2	1	1	31	31	TRUE	TRUE
ATTGCAAAGGCTCTGT-1	MZ286188_1_ORF1	2	2	33	43	TRUE	TRUE
ATTGCAAAGGTCGAAT-1	OZ258728_1_ORF2	1	1	58	58	TRUE	TRUE
ATTGCAAAGTTACCGC-1	MZ286197_1_ORF1	1	1	14	15	TRUE	TRUE
ATTGCACGTACACCTG-1	OZ258728_1_ORF2	0	0	1	1	FALSE	FALSE
ATTGCACGTCGAGAGT-1	meGFP	0	0	1	1	FALSE	FALSE
ATTGCACGTCGATGCC-1	OP549859_1_ORF2	0	0	1	1	FALSE	FALSE
ATTGCACGTCTTAATG-1	meGFP	0	0	2	3	FALSE	TRUE
ATTGCACGTGGAAGGA-1	OP549859_1_ORF1	2	2	21	41	FALSE	TRUE
ATTGCACGTGTAAGTG-1	meGFP	0	0	1	1	FALSE	TRUE
ATTGCACGTGTGGATA-1	OZ258728_1_ORF2	1	1	42	42	TRUE	TRUE
ATTGCACGTTCCCAGA-1	MZ286258_1_ORF2	0	0	1	1	FALSE	FALSE
ATTGCATTCCCAGTGT-1	MZ286197_1_ORF2	0	0	1	1	FALSE	TRUE
ATTGCATTCCGTAATT-1	MZ286258_1_ORF2	0	0	1	1	FALSE	TRUE
ATTGCATTCGAATCAA-1	meGFP	0	0	1	1	FALSE	TRUE
ATTGCATTCGCAGGGT-1	OZ258728_1_ORF2	0	0	1	1	FALSE	TRUE
ATTGCATTCGCCCGTA-1	meGFP	1	1	49	49	TRUE	TRUE
ATTGCATTCGCGTCCA-1	MZ286258_1_ORF2	1	0	5	6	TRUE	TRUE
ATTGCATTCGGTCTAC-1	MZ286258_1_ORF2	0	0	1	1	FALSE	FALSE
ATTGCATTCGTGAAGT-1	OZ258728_1_ORF1	1	1	10	10	TRUE	TRUE
ATTGCATTCTGCAATT-1	MZ286258_1_ORF1	0	0	1	1	FALSE	TRUE
ATTGCATTCTGGCTTA-1	OP549859_1_ORF2	0	0	2	2	TRUE	TRUE
ATTGCCCAGACTTGGG-1	MZ286197_1_ORF1	1	1	11	11	TRUE	TRUE
ATTGCCCAGCAAGGTT-1	MZ286102_1_ORF2	1	1	26	26	TRUE	TRUE
ATTGCCCAGCCTAGTC-1	meGFP	1	1	38	39	TRUE	TRUE
ATTGCCCAGCTACTTG-1	MZ286102_1_ORF2	0	0	1	1	FALSE	TRUE
ATTGCCCAGGGATACT-1	MZ286258_1_ORF1	1	1	16	16	TRUE	TRUE
ATTGCCCAGGGCCAGT-1	meGFP	0	0	1	1	FALSE	TRUE
ATTGCCCAGGGGTCTA-1	MZ286258_1_ORF2	0	0	2	2	TRUE	TRUE
ATTGCCCAGGTAGGTT-1	MZ286197_1_ORF1	1	1	24	24	TRUE	TRUE
ATTGCGCTCGACCTCG-1	meGFP	1	1	29	29	TRUE	TRUE
ATTGCGCTCTCCATCT-1	MZ286102_1_ORF2	0	0	1	1	FALSE	TRUE
ATTGCGCTCTTGCGAC-1	MZ286258_1_ORF2	1	1	10	10	TRUE	TRUE
ATTGCGCTCTTGCGGT-1	meGFP	0	0	1	1	FALSE	TRUE
ATTGCGGAGATAGACC-1	OZ258728_1_ORF2	0	0	1	1	FALSE	FALSE
ATTGCGGAGCCAGACA-1	meGFP	0	0	1	1	FALSE	TRUE
ATTGCGGAGCCATGAG-1	MZ286188_1_ORF1	1	1	13	13	TRUE	TRUE
ATTGCGGAGGTGTGGC-1	OZ258728_1_ORF2	0	0	1	1	FALSE	FALSE
ATTGCGGAGTAGACAC-1	OZ258728_1_ORF2	0	0	1	1	FALSE	TRUE
ATTGCGTGTAATGGAT-1	MZ286102_1_ORF1	0	0	1	1	FALSE	TRUE
ATTGCGTGTCTTGCTC-1	OP549859_1_ORF2	0	0	3	4	TRUE	TRUE
ATTGCGTGTGAAGCCG-1	OZ258728_1_ORF1	0	0	1	1	FALSE	FALSE
ATTGCGTGTGGAAGGA-1	meGFP	0	0	1	1	FALSE	FALSE
ATTGCGTGTGGGATTA-1	MZ286258_1_ORF2	1	1	24	24	TRUE	TRUE
ATTGCGTGTGGGTAGT-1	meGFP	1	0	8	10	TRUE	TRUE
ATTGCGTGTTGAAGTG-1	meGFP	0	0	1	2	FALSE	TRUE
ATTGCGTGTTTGGTAC-1	MZ286197_1_ORF2	1	0	4	4	TRUE	TRUE
ATTGCTTAGAACCGTG-1	MZ286197_1_ORF1	0	0	1	1	FALSE	TRUE
ATTGCTTAGACATTAG-1	OZ258728_1_ORF2	0	0	1	1	FALSE	TRUE
ATTGCTTAGCACGTAG-1	MZ286197_1_ORF1	1	1	71	71	TRUE	TRUE
ATTGCTTAGCATATCT-1	OZ258728_1_ORF2	1	0	8	9	TRUE	TRUE
ATTGCTTAGCTGGTGA-1	meGFP	0	0	1	1	FALSE	FALSE
ATTGCTTAGGGATGAA-1	OZ258728_1_ORF2	1	1	20	20	TRUE	TRUE
ATTGCTTAGGGTCAGC-1	OZ258728_1_ORF2	0	0	1	1	FALSE	FALSE
ATTGCTTAGTGGAGCC-1	MZ286197_1_ORF2	1	0	5	5	TRUE	TRUE
ATTGGACAGCCTAATT-1	MZ286258_1_ORF2	0	0	1	1	FALSE	FALSE
ATTGGACAGCCTGTAC-1	MZ286197_1_ORF1	0	0	1	1	FALSE	FALSE
ATTGGACAGCGGATTG-1	MZ286197_1_ORF1	0	0	1	1	FALSE	FALSE
ATTGGACAGCTTAATC-1	MZ286258_1_ORF2	1	0	7	7	TRUE	TRUE
ATTGGACAGCTTGACC-1	MZ286102_1_ORF2	0	0	1	1	FALSE	FALSE
ATTGGACAGGAGTGAA-1	MZ286197_1_ORF1	1	1	30	30	TRUE	TRUE
ATTGGACAGGATCGCA-1	MZ286197_1_ORF1	0	0	1	1	FALSE	FALSE
ATTGGACAGGCTTAGG-1	MZ286102_1_ORF2	1	0	5	5	TRUE	TRUE
ATTGGACAGTCATCCA-1	OP549859_1_ORF1	0	0	1	1	FALSE	TRUE
ATTGGACAGTCTCACA-1	MZ286197_1_ORF2	1	1	11	12	TRUE	TRUE
ATTGGGAGTACCTGGC-1	MZ286188_1_ORF2	0	0	1	1	FALSE	FALSE
ATTGGGAGTCGCAGGA-1	MZ286258_1_ORF2	1	1	12	12	TRUE	TRUE
ATTGGGAGTGCGTAGG-1	OP549859_1_ORF1	2	2	49	63	TRUE	TRUE
ATTGGGAGTGGGATTA-1	OZ258728_1_ORF2	0	0	2	2	TRUE	FALSE
ATTGGGAGTGTGATTC-1	OZ258728_1_ORF2	0	0	1	1	FALSE	FALSE
ATTGGGAGTTATCCAA-1	meGFP	0	0	1	1	FALSE	TRUE
ATTGGGAGTTGTACGT-1	meGFP	0	0	1	1	FALSE	FALSE
ATTGGGAGTTTGAACC-1	meGFP	1	1	29	29	TRUE	TRUE
ATTGGGGTCACCCTAA-1	OZ258728_1_ORF2	0	0	1	1	FALSE	TRUE
ATTGGGGTCCCAACCG-1	meGFP	0	0	1	2	FALSE	TRUE
ATTGGGGTCCCGTGCA-1	OZ258728_1_ORF2	0	0	1	1	FALSE	TRUE
ATTGGGGTCGACACCT-1	MZ286188_1_ORF1	0	0	1	1	FALSE	FALSE
ATTGGGGTCGTTACTG-1	OZ258728_1_ORF1	0	0	1	1	FALSE	FALSE
ATTGGGGTCTCTCAAG-1	MZ286188_1_ORF1	0	0	3	4	TRUE	TRUE
ATTGGGTAGAGGCGAG-1	MZ286258_1_ORF1	1	0	4	4	TRUE	TRUE
ATTGGGTAGGTGTGGC-1	OZ258728_1_ORF2	1	1	15	15	TRUE	TRUE
ATTGGTGCAAAGGGCA-1	OZ258728_1_ORF1	1	1	57	58	TRUE	TRUE
ATTGGTGCAACTTAGG-1	meGFP	1	1	25	25	TRUE	TRUE
ATTGGTGCAAGCCATA-1	MZ286102_1_ORF2	1	0	5	5	TRUE	TRUE
ATTGGTGCAATATAGC-1	MZ286258_1_ORF1	1	1	11	11	TRUE	TRUE
ATTGGTGCACGCACGA-1	meGFP	1	1	11	11	TRUE	TRUE
ATTGGTGCATAACCTC-1	MZ286258_1_ORF2	0	0	1	1	FALSE	FALSE
ATTGGTGCATCTATCA-1	OZ258728_1_ORF2	1	1	14	18	TRUE	TRUE
ATTGGTGCATGATTCC-1	OZ258728_1_ORF2	0	0	1	1	FALSE	TRUE
ATTGGTTTCCGGTTAC-1	MZ286102_1_ORF1	1	1	19	19	TRUE	TRUE
ATTGGTTTCGACCTTA-1	OZ258728_1_ORF2	0	0	1	2	FALSE	TRUE
ATTGGTTTCGCCCTGA-1	meGFP	1	1	25	25	TRUE	TRUE
ATTGGTTTCGGTATGG-1	meGFP	1	1	15	15	TRUE	TRUE
ATTGGTTTCGGTTAGG-1	MZ286102_1_ORF1	0	0	1	1	FALSE	FALSE
ATTGGTTTCGTGCTGT-1	meGFP	0	0	1	1	FALSE	TRUE
ATTGGTTTCTACCAGC-1	MZ286102_1_ORF1	0	0	1	1	FALSE	FALSE
ATTGGTTTCTCTGGTA-1	MZ286258_1_ORF2	1	1	10	10	TRUE	TRUE
ATTGGTTTCTGATTAC-1	MZ286102_1_ORF1	1	0	8	8	TRUE	TRUE
ATTGTATGTACTTCCC-1	MZ286258_1_ORF2	1	0	7	9	TRUE	TRUE
ATTGTATGTCAAGTAG-1	OP549859_1_ORF2	1	0	6	9	TRUE	TRUE
ATTGTATGTGAACCAA-1	MZ286258_1_ORF1	0	0	1	1	FALSE	FALSE
ATTGTATGTGCAATTC-1	MZ286102_1_ORF2	0	0	3	3	TRUE	TRUE
ATTGTATGTTCTATGA-1	MZ286197_1_ORF2	1	0	6	7	TRUE	TRUE
ATTGTCAGTAATCCGT-1	OZ258728_1_ORF2	0	0	3	4	TRUE	TRUE
ATTGTCAGTGGACATA-1	meGFP	0	0	1	1	FALSE	FALSE
ATTGTCAGTTTCAAGC-1	MZ286197_1_ORF1	1	0	5	6	TRUE	TRUE
ATTGTCAGTTTGAGTC-1	OZ258728_1_ORF2	1	1	12	12	TRUE	TRUE
ATTGTCCCAACCGAAC-1	OZ258728_1_ORF2	0	0	1	1	FALSE	TRUE
ATTGTCCCACGCCTGT-1	MZ286197_1_ORF2	0	0	1	1	FALSE	TRUE
ATTGTCCCAGAATGAA-1	OZ258728_1_ORF2	0	0	1	1	FALSE	FALSE
ATTGTCCCAGGTAGAG-1	MZ286197_1_ORF2	0	0	1	1	FALSE	TRUE
ATTGTCGTCACCGTTA-1	OZ258728_1_ORF2	0	0	1	1	FALSE	FALSE
ATTGTCGTCCATAGCC-1	OZ258728_1_ORF2	0	0	1	1	FALSE	FALSE
ATTGTCGTCCCCGGTA-1	OZ258728_1_ORF1	0	0	1	1	FALSE	FALSE
ATTGTCGTCCTCATAG-1	meGFP	2	0	6	10	FALSE	TRUE
ATTGTCGTCTAAGTCT-1	MZ286258_1_ORF2	0	0	1	1	FALSE	FALSE
ATTGTCGTCTCTGTGA-1	MZ286258_1_ORF1	0	0	1	1	FALSE	FALSE
ATTGTCGTCTTAGTAC-1	MZ286188_1_ORF2	0	0	1	1	FALSE	TRUE
ATTGTCTAGACGACTG-1	MZ286102_1_ORF2	0	0	2	4	FALSE	TRUE
ATTGTCTAGCGGATCA-1	MZ286197_1_ORF2	0	0	1	1	FALSE	TRUE
ATTGTCTAGGATCGCA-1	meGFP	1	1	19	19	TRUE	TRUE
ATTGTCTAGGTTGGGC-1	MZ286258_1_ORF1	1	1	19	23	TRUE	TRUE
ATTGTGAAGCACCATC-1	MZ286102_1_ORF1	0	0	3	7	FALSE	TRUE
ATTGTGAAGCCACACT-1	MZ286258_1_ORF2	2	0	8	18	FALSE	TRUE
ATTGTGAAGCCACAGA-1	MZ286102_1_ORF2	0	0	1	1	FALSE	FALSE
ATTGTGAAGTACCCGT-1	MZ286102_1_ORF1	1	0	8	9	TRUE	TRUE
ATTGTGAAGTCCGTTA-1	MZ286258_1_ORF2	1	0	6	6	TRUE	TRUE
ATTGTGAAGTGCTGCT-1	MZ286188_1_ORF1	0	0	3	4	TRUE	TRUE
ATTGTGCGTAAGGTAT-1	MZ286188_1_ORF1	0	0	2	3	FALSE	TRUE
ATTGTGCGTACGCCTA-1	meGFP	0	0	1	1	FALSE	FALSE
ATTGTGCGTCTAAGCT-1	MZ286258_1_ORF1	0	0	1	1	FALSE	TRUE
ATTGTGCGTGATGTCT-1	MZ286258_1_ORF1	0	0	1	1	FALSE	FALSE
ATTGTGCGTGGCAACG-1	meGFP	0	0	1	1	FALSE	FALSE
ATTGTGCGTGGCCTAC-1	OP549859_1_ORF2	0	0	2	2	TRUE	TRUE
ATTGTGCGTGGTTCGC-1	meGFP	0	0	1	1	FALSE	FALSE
ATTGTGCGTGTAACTC-1	MZ286258_1_ORF2	0	0	1	1	FALSE	FALSE
ATTGTGCGTTAACGTC-1	OZ258728_1_ORF2	0	0	2	2	TRUE	TRUE
ATTGTGCGTTCTATCT-1	MZ286197_1_ORF2	1	0	4	4	TRUE	TRUE
ATTGTGGCACGCCATC-1	MZ286102_1_ORF2	0	0	1	1	FALSE	FALSE
ATTGTGGCACGCCTGT-1	MZ286197_1_ORF2	1	1	11	13	TRUE	TRUE
ATTGTGGCACTAGGCG-1	OZ258728_1_ORF1	0	0	1	1	FALSE	FALSE
ATTGTGGCAGACACAC-1	OZ258728_1_ORF1	2	1	48	57	TRUE	TRUE
ATTGTGGCAGGTCTCC-1	OZ258728_1_ORF1	2	2	32	48	FALSE	TRUE
ATTGTGGCATCCGCAC-1	MZ286102_1_ORF2	1	1	11	11	TRUE	TRUE
ATTGTGTTCCAGAGAT-1	meGFP	0	0	1	1	FALSE	FALSE
ATTGTGTTCCGGATGA-1	OZ258728_1_ORF2	0	0	1	1	FALSE	FALSE
ATTGTGTTCCTACGGT-1	meGFP	0	0	1	1	FALSE	TRUE
ATTGTGTTCGCGCTCA-1	OP549859_1_ORF2	0	0	3	3	TRUE	TRUE
ATTGTGTTCGTTACCA-1	OP549859_1_ORF1	1	0	4	4	TRUE	FALSE
CAAACCACAACGGCCA-1	MZ286197_1_ORF2	0	0	1	1	FALSE	TRUE
CAAACCACACGTGCCT-1	OZ258728_1_ORF2	0	0	1	1	FALSE	FALSE
CAAACCACAGAACTAT-1	meGFP	1	1	20	21	TRUE	TRUE
CAAACCACAGTCGAGT-1	OZ258728_1_ORF1	0	0	1	1	FALSE	FALSE
CAAACCACAGTTGGTA-1	OP549859_1_ORF1	0	0	3	4	TRUE	TRUE
CAAACCACATTGCGAA-1	OZ258728_1_ORF2	1	1	45	45	TRUE	TRUE
CAAACGAGTACAGCCC-1	MZ286258_1_ORF1	0	0	2	2	TRUE	TRUE
CAAACGAGTGCTGACC-1	MZ286258_1_ORF2	0	0	1	2	FALSE	TRUE
CAAACGAGTTAACTGC-1	OP549859_1_ORF2	1	0	8	8	TRUE	TRUE
CAAACGCCAAAGTAAG-1	MZ286102_1_ORF1	0	0	1	1	FALSE	FALSE
CAAACGCCAAGCCACG-1	meGFP	0	0	1	2	FALSE	TRUE
CAAACGCCAATCTCAC-1	MZ286197_1_ORF1	0	0	2	2	TRUE	TRUE
CAAACGCCACCACACC-1	OP549859_1_ORF2	0	0	1	1	FALSE	FALSE
CAAACGCCACTAATGG-1	OP549859_1_ORF1	1	1	68	68	TRUE	TRUE
CAAACGCCAGATTAGT-1	MZ286258_1_ORF2	0	0	1	1	FALSE	FALSE
CAAACGCCAGCGCTTC-1	MZ286102_1_ORF2	2	0	8	14	FALSE	TRUE
CAAACGCCAGTACCTT-1	OP549859_1_ORF2	1	1	14	16	TRUE	TRUE
CAAACGCCATATCACC-1	OZ258728_1_ORF2	1	1	52	52	TRUE	TRUE
CAAACGGTCAATTACC-1	MZ286258_1_ORF2	1	0	4	4	TRUE	TRUE
CAAACGGTCACCAATT-1	OP549859_1_ORF1	0	0	1	1	FALSE	TRUE
CAAACGGTCCCCGACA-1	OP549859_1_ORF2	0	0	1	1	FALSE	FALSE
CAAACGGTCCCGCTGA-1	MZ286258_1_ORF2	1	1	13	13	TRUE	TRUE
CAAACGGTCCCTTCCA-1	OZ258728_1_ORF2	0	0	1	3	FALSE	TRUE
CAAACGGTCGCTACTA-1	OP549859_1_ORF1	0	0	1	1	FALSE	TRUE
CAAACGGTCGGACCAA-1	meGFP	0	0	1	1	FALSE	TRUE
CAAACGGTCTAGCTTG-1	OZ258728_1_ORF1	0	0	1	1	FALSE	FALSE
CAAACTAAGACATCCC-1	meGFP	0	0	1	1	FALSE	FALSE
CAAACTAAGACGCCTT-1	MZ286258_1_ORF2	0	0	2	2	TRUE	TRUE
CAAACTAAGATCCTGC-1	MZ286102_1_ORF1	1	0	5	5	TRUE	FALSE
CAAACTAAGATTGATG-1	MZ286102_1_ORF2	0	0	1	1	FALSE	FALSE
CAAACTAAGCGATTCC-1	meGFP	1	0	9	9	TRUE	TRUE
CAAACTAAGCTAGAGT-1	OZ258728_1_ORF2	0	0	1	1	FALSE	TRUE
CAAACTAAGCTGGTTC-1	MZ286102_1_ORF2	1	0	8	9	TRUE	TRUE
CAAACTAAGGCACTTC-1	OZ258728_1_ORF1	0	0	1	1	FALSE	FALSE
CAAACTAAGGCGAACC-1	OP549859_1_ORF1	1	1	18	18	TRUE	TRUE
CAAACTAAGGGTATGT-1	OZ258728_1_ORF1	1	0	4	4	TRUE	TRUE
CAAACTCGTCAGCATT-1	OZ258728_1_ORF1	1	1	48	48	TRUE	TRUE
CAAACTCGTCCATGAT-1	OP549859_1_ORF1	0	0	1	1	FALSE	TRUE
CAAACTCGTCGATGCC-1	meGFP	1	1	80	80	TRUE	TRUE
CAAACTCGTGATCGTT-1	meGFP	0	0	1	1	FALSE	FALSE
CAAACTCGTGGAGAGA-1	OZ258728_1_ORF2	0	0	1	1	FALSE	FALSE
CAAACTCGTGGTTCAT-1	OZ258728_1_ORF1	0	0	1	1	FALSE	FALSE
CAAACTCGTTCCGTTC-1	MZ286102_1_ORF2	1	1	15	15	TRUE	TRUE
CAAACTCGTTGTGTGT-1	OP549859_1_ORF2	0	0	2	5	FALSE	TRUE
CAAACTCGTTTAGGAG-1	MZ286102_1_ORF2	0	0	3	3	TRUE	TRUE
CAAAGGCGTAATGCAG-1	OP549859_1_ORF2	0	0	1	1	FALSE	FALSE
CAAAGGCGTACCGATT-1	OZ258728_1_ORF2	0	0	2	2	TRUE	FALSE
CAAAGGCGTCATTCAA-1	MZ286102_1_ORF2	1	0	9	9	TRUE	TRUE
CAAAGGCGTCCACGGT-1	OZ258728_1_ORF2	0	0	1	1	FALSE	FALSE
CAAAGGCGTCCCATCT-1	MZ286197_1_ORF1	0	0	1	1	FALSE	FALSE
CAAAGGCGTCCTGACA-1	MZ286197_1_ORF1	0	0	1	1	FALSE	TRUE
CAAAGGCGTGCGACAG-1	MZ286197_1_ORF1	2	1	40	46	TRUE	TRUE
CAAAGGCGTGCGCGTT-1	OZ258728_1_ORF2	1	1	67	69	TRUE	TRUE
CAAAGGCGTGGCAACG-1	OZ258728_1_ORF2	0	0	1	1	FALSE	TRUE
CAAAGGCGTGGGTAAC-1	OZ258728_1_ORF2	0	0	1	1	FALSE	FALSE
CAAAGGCGTGTACCGC-1	OZ258728_1_ORF1	0	0	1	1	FALSE	TRUE
CAAAGGCGTTTACGGT-1	meGFP	0	0	1	1	FALSE	TRUE
CAAAGGCGTTTACTTC-1	MZ286102_1_ORF2	0	0	2	2	TRUE	TRUE
CAAATCCGTCTGGATT-1	OP549859_1_ORF1	0	0	1	1	FALSE	FALSE
CAAATCCGTGTACCAT-1	MZ286197_1_ORF2	0	0	1	1	FALSE	FALSE
CAAATCCGTTCTATCT-1	meGFP	1	0	4	4	TRUE	TRUE
CAAATCTTCAGTGTGG-1	OP549859_1_ORF2	1	1	37	37	TRUE	TRUE
CAAATCTTCATGGCAG-1	meGFP	0	0	1	1	FALSE	TRUE
CAAATCTTCCCTCGCT-1	MZ286258_1_ORF2	1	0	7	8	TRUE	TRUE
CAAATCTTCTACCAGC-1	MZ286188_1_ORF2	1	0	6	6	TRUE	TRUE
CAAATGTCACAAGGGA-1	MZ286102_1_ORF1	1	1	15	15	TRUE	TRUE
CAAATGTCACGTGAAC-1	OZ258728_1_ORF2	0	0	1	1	FALSE	FALSE
CAAATGTCACTGACTT-1	meGFP	0	0	1	1	FALSE	FALSE
CAAATGTCAGGACGAA-1	MZ286197_1_ORF1	1	0	6	7	TRUE	TRUE
CAAATGTCAGTCCAGG-1	OZ258728_1_ORF2	1	1	29	29	TRUE	TRUE
CAAATGTCATATCACC-1	MZ286102_1_ORF2	0	0	1	1	FALSE	FALSE
CAACACACACGCCTGT-1	MZ286102_1_ORF2	1	1	10	11	TRUE	TRUE
CAACACACAGAGAGAT-1	MZ286102_1_ORF2	0	0	1	1	FALSE	FALSE
CAACACACAGATCCTT-1	OZ258728_1_ORF2	0	0	1	1	FALSE	FALSE
CAACACCTCACCACGT-1	OP549859_1_ORF1	1	1	30	30	TRUE	TRUE
CAACACCTCCAATCAT-1	OZ258728_1_ORF2	0	0	1	1	FALSE	FALSE
CAACACCTCCGCGCTA-1	MZ286102_1_ORF2	0	0	2	2	TRUE	TRUE
CAACACCTCGACCTTA-1	OZ258728_1_ORF2	0	0	1	1	FALSE	TRUE
CAACACCTCGATACTT-1	meGFP	0	0	1	1	FALSE	TRUE
CAACACCTCGCCAGTT-1	OP549859_1_ORF2	0	0	1	1	FALSE	TRUE
CAACACCTCGCCTGTG-1	MZ286102_1_ORF1	0	0	1	1	FALSE	FALSE
CAACACCTCGCTATGC-1	MZ286102_1_ORF2	0	0	1	1	FALSE	FALSE
CAACACCTCGGCCATT-1	OP549859_1_ORF1	1	0	8	8	TRUE	TRUE
CAACACCTCTAGCCCG-1	MZ286258_1_ORF2	0	0	3	3	TRUE	TRUE
CAACACCTCTGTCGGT-1	OP549859_1_ORF2	0	0	1	1	FALSE	TRUE
CAACAGGTCACGCTTA-1	MZ286258_1_ORF2	1	1	15	15	TRUE	TRUE
CAACAGGTCGTCCATA-1	OZ258728_1_ORF1	0	0	1	1	FALSE	FALSE
CAACAGGTCGTTCACA-1	MZ286258_1_ORF2	1	0	4	7	TRUE	TRUE
CAACAGGTCTCTATCC-1	MZ286102_1_ORF2	0	0	2	2	TRUE	TRUE
CAACAGGTCTGCACCG-1	OZ258728_1_ORF2	0	0	1	1	FALSE	TRUE
CAACATCGTATGGTTC-1	MZ286188_1_ORF1	0	0	1	1	FALSE	FALSE
CAACATCGTATTGACC-1	MZ286188_1_ORF2	0	0	3	3	TRUE	TRUE
CAACATCGTCCCTTCG-1	OP549859_1_ORF1	0	0	1	1	FALSE	FALSE
CAACATCGTGAATGTG-1	MZ286197_1_ORF1	0	0	1	1	FALSE	TRUE
CAACATCGTGAGTTAG-1	OZ258728_1_ORF1	0	0	1	1	FALSE	FALSE
CAACATCGTGGCTTGC-1	MZ286258_1_ORF2	0	0	3	4	TRUE	TRUE
CAACATCGTGGGAATC-1	MZ286258_1_ORF2	0	0	1	1	FALSE	FALSE
CAACATCGTGTACCGC-1	OZ258728_1_ORF1	0	0	1	1	FALSE	FALSE
CAACATCGTTGCAATC-1	OZ258728_1_ORF2	0	0	3	3	TRUE	FALSE
CAACCAACAAAGGATA-1	OP549859_1_ORF1	0	0	1	1	FALSE	TRUE
CAACCAACAAGCGCCA-1	meGFP	1	1	107	107	TRUE	TRUE
CAACCAACACAATCCT-1	MZ286197_1_ORF1	1	1	32	32	TRUE	TRUE
CAACCAACACAGCATA-1	MZ286188_1_ORF2	1	0	4	4	TRUE	TRUE
CAACCAACACCCAACC-1	MZ286188_1_ORF2	2	0	9	15	FALSE	TRUE
CAACCAACAGCAACCG-1	MZ286258_1_ORF1	0	0	1	1	FALSE	FALSE
CAACCAACAGCTTGGG-1	MZ286102_1_ORF1	2	1	45	55	TRUE	TRUE
CAACCAACATGACGAC-1	MZ286197_1_ORF2	1	0	6	6	TRUE	TRUE
CAACCAGAGAAGCGCC-1	MZ286197_1_ORF2	0	0	1	1	FALSE	TRUE
CAACCAGAGATGCGGC-1	meGFP	1	1	46	47	TRUE	TRUE
CAACCAGAGCAGCCTT-1	MZ286188_1_ORF1	0	0	1	1	FALSE	FALSE
CAACCAGAGCTATCCA-1	OP549859_1_ORF1	0	0	1	1	FALSE	TRUE
CAACCAGAGGACACCA-1	meGFP	1	1	28	28	TRUE	TRUE
CAACCAGAGGCAGGGA-1	OP549859_1_ORF1	1	1	12	12	TRUE	TRUE
CAACCAGAGTAACCAA-1	MZ286188_1_ORF1	1	1	105	106	TRUE	TRUE
CAACCAGAGTCAACTT-1	OZ258728_1_ORF2	1	1	56	57	TRUE	TRUE
CAACCAGAGTCCAATT-1	MZ286102_1_ORF2	1	1	12	12	TRUE	TRUE
CAACGAGTCAATTCGT-1	MZ286197_1_ORF1	0	0	1	1	FALSE	TRUE
CAACGAGTCACCCTAA-1	MZ286102_1_ORF2	1	0	9	9	TRUE	TRUE
CAACGAGTCATATGTC-1	meGFP	0	0	1	1	FALSE	TRUE
CAACGAGTCCCGATAC-1	OZ258728_1_ORF2	2	2	38	49	TRUE	TRUE
CAACGAGTCGCACTTA-1	OP549859_1_ORF2	1	0	4	4	TRUE	TRUE
CAACGAGTCTTGGATT-1	MZ286102_1_ORF2	0	0	1	1	FALSE	FALSE
CAACGGATCCCTTACT-1	MZ286197_1_ORF2	1	0	6	8	TRUE	TRUE
CAACGGATCCGCCTGA-1	MZ286258_1_ORF1	0	0	1	1	FALSE	TRUE
CAACGGATCCTCCTGC-1	MZ286102_1_ORF2	1	1	16	16	TRUE	TRUE
CAACGGATCGCCAGTT-1	meGFP	0	0	1	1	FALSE	TRUE
CAACGGATCGGTAGCA-1	OZ258728_1_ORF2	0	0	1	1	FALSE	FALSE
CAACGGATCGGTTAGG-1	MZ286102_1_ORF2	1	1	17	17	TRUE	TRUE
CAACGGATCTCTCGCC-1	OZ258728_1_ORF2	0	0	1	1	FALSE	TRUE
CAACGGGGTAATGAAC-1	MZ286102_1_ORF2	1	1	21	22	TRUE	TRUE
CAACGGGGTACAGCCC-1	meGFP	1	1	45	45	TRUE	TRUE
CAACGGGGTACCTCGA-1	MZ286102_1_ORF2	0	0	1	1	FALSE	TRUE
CAACGGGGTGAGGTGT-1	OZ258728_1_ORF2	1	1	49	49	TRUE	TRUE
CAACGGGGTGATCGTT-1	meGFP	0	0	1	1	FALSE	TRUE
CAACGGGGTGGTGTGG-1	OZ258728_1_ORF2	0	0	1	1	FALSE	FALSE
CAACGGGGTGTGTCAT-1	MZ286102_1_ORF2	0	0	1	1	FALSE	FALSE
CAACGGGGTTATCTAG-1	OP549859_1_ORF2	1	0	7	9	TRUE	TRUE
CAACGGGGTTCGCTGA-1	OP549859_1_ORF1	1	1	55	56	TRUE	TRUE
CAACGGGGTTGTGTGT-1	OZ258728_1_ORF2	0	0	1	1	FALSE	TRUE
CAACGGGGTTTCAAGC-1	OZ258728_1_ORF2	0	0	1	1	FALSE	FALSE
CAACGGTCAATCTGTC-1	MZ286102_1_ORF1	0	0	1	1	FALSE	FALSE
CAACGGTCAGAGCCTG-1	MZ286188_1_ORF1	1	1	18	18	TRUE	FALSE
CAACGGTCAGGCGCTA-1	meGFP	1	1	24	24	TRUE	TRUE
CAACGGTCAGGTAGAG-1	MZ286188_1_ORF1	1	1	85	85	TRUE	TRUE
CAACGGTCATCACTGT-1	OP549859_1_ORF2	1	0	9	9	TRUE	TRUE
CAACGGTCATCCCAAT-1	OP549859_1_ORF1	0	0	2	2	TRUE	FALSE
CAACGTACAAATCTGG-1	OP549859_1_ORF1	2	2	71	96	FALSE	TRUE
CAACGTACAACGAGCT-1	OP549859_1_ORF1	0	0	1	1	FALSE	FALSE
CAACGTACAATCCGGG-1	OP549859_1_ORF1	0	0	1	1	FALSE	FALSE
CAACGTACACGCACGA-1	OZ258728_1_ORF2	0	0	2	2	TRUE	TRUE
CAACGTACAGCCGATG-1	MZ286188_1_ORF1	0	0	1	1	FALSE	TRUE
CAACGTACAGCTCAGG-1	MZ286188_1_ORF1	0	0	1	1	FALSE	FALSE
CAACGTACATCCTTCC-1	OZ258728_1_ORF1	1	1	15	15	TRUE	TRUE
CAACTATTCAACCGGA-1	MZ286197_1_ORF1	0	0	1	1	FALSE	FALSE
CAACTATTCATTCACG-1	OZ258728_1_ORF2	1	1	29	29	TRUE	TRUE
CAACTATTCCCCAGAT-1	OP549859_1_ORF1	0	0	1	1	FALSE	TRUE
CAACTATTCCTGATAT-1	OP549859_1_ORF1	0	0	1	1	FALSE	TRUE
CAACTATTCTACCGAC-1	OP549859_1_ORF1	0	0	1	1	FALSE	FALSE
CAACTATTCTCAGCAC-1	MZ286102_1_ORF2	1	0	4	4	TRUE	TRUE
CAACTATTCTGGGACA-1	OZ258728_1_ORF2	0	0	1	1	FALSE	TRUE
CAACTATTCTGTGGAG-1	meGFP	1	1	21	21	TRUE	TRUE
CAACTCATCCTACTGA-1	MZ286188_1_ORF2	0	0	3	3	TRUE	TRUE
CAACTCATCGAGCAGC-1	MZ286258_1_ORF1	0	0	1	1	FALSE	TRUE
CAACTCATCGAGCGGT-1	OZ258728_1_ORF1	0	0	2	2	TRUE	TRUE
CAACTCATCGGGATCA-1	OP549859_1_ORF1	1	1	24	24	TRUE	TRUE
CAACTCATCTAATTGC-1	OZ258728_1_ORF2	0	0	1	1	FALSE	FALSE
CAACTCATCTAGCTTG-1	OZ258728_1_ORF2	0	0	1	1	FALSE	FALSE
CAACTCATCTGATAGA-1	meGFP	0	0	1	1	FALSE	FALSE
CAACTCATCTGTGCGT-1	MZ286102_1_ORF2	0	0	1	1	FALSE	FALSE
CAACTGTGTAGTGTCT-1	meGFP	0	0	2	2	TRUE	FALSE
CAACTGTGTCACACCA-1	meGFP	0	0	1	1	FALSE	TRUE
CAACTGTGTCGAAGGT-1	OZ258728_1_ORF2	0	0	1	2	FALSE	TRUE
CAACTGTGTGTCAGTT-1	MZ286258_1_ORF1	0	0	1	1	FALSE	FALSE
CAACTGTGTGTCTGTG-1	MZ286102_1_ORF2	1	1	19	20	TRUE	TRUE
CAACTGTGTTGTAAGG-1	MZ286197_1_ORF2	0	0	3	3	TRUE	TRUE
CAACTGTGTTTCCGTC-1	MZ286197_1_ORF1	0	0	2	2	TRUE	TRUE
CAAGCGATCCCGTTGG-1	MZ286102_1_ORF2	1	0	8	9	TRUE	TRUE
CAAGCGATCCTCCGTC-1	MZ286102_1_ORF2	0	0	1	1	FALSE	TRUE
CAAGCGATCCTCCTGC-1	OP549859_1_ORF1	1	0	4	4	TRUE	TRUE
CAAGCGCAGACACGCA-1	meGFP	2	2	19	34	FALSE	TRUE
CAAGCGCAGCGGATCA-1	OZ258728_1_ORF1	1	0	4	4	TRUE	FALSE
CAAGCGCAGCTCTCAA-1	OZ258728_1_ORF1	0	0	1	1	FALSE	FALSE
CAAGCGCAGGTTAATG-1	OZ258728_1_ORF2	0	0	1	1	FALSE	FALSE
CAAGCGCAGGTTCATT-1	OZ258728_1_ORF1	0	0	1	1	FALSE	FALSE
CAAGCGCAGTGGATTA-1	MZ286258_1_ORF2	2	1	14	22	FALSE	TRUE
CAAGCTCTCACATGCC-1	OP549859_1_ORF2	1	0	8	8	TRUE	TRUE
CAAGCTCTCATGGAAC-1	MZ286102_1_ORF2	0	0	1	1	FALSE	FALSE
CAAGCTCTCGCAACTC-1	MZ286197_1_ORF2	0	0	2	3	FALSE	TRUE
CAAGCTCTCTAGCCCG-1	MZ286197_1_ORF2	0	0	1	2	FALSE	TRUE
CAAGCTCTCTGTGGCT-1	MZ286258_1_ORF2	1	0	8	9	TRUE	TRUE
CAAGGCGGTAACCGGG-1	meGFP	0	0	1	1	FALSE	FALSE
CAAGGCGGTAATCCGT-1	MZ286102_1_ORF1	1	1	25	26	TRUE	TRUE
CAAGGCGGTACACTAC-1	OZ258728_1_ORF1	0	0	1	1	FALSE	FALSE
CAAGGCGGTAGCAGGT-1	OP549859_1_ORF1	0	0	1	1	FALSE	TRUE
CAAGGCGGTCGAGAGT-1	MZ286258_1_ORF1	0	0	2	3	FALSE	TRUE
CAAGGCGGTGAGAGCT-1	MZ286258_1_ORF2	1	1	12	12	TRUE	TRUE
CAAGGCGGTTAGATGG-1	MZ286258_1_ORF2	0	0	1	1	FALSE	TRUE
CAAGGCGGTTAGGCAA-1	OZ258728_1_ORF1	2	0	5	11	FALSE	TRUE
CAAGGCGGTTATGGAG-1	meGFP	1	1	123	123	TRUE	TRUE
CAAGGCGGTTGACCGC-1	OZ258728_1_ORF2	2	0	8	24	FALSE	TRUE
CAAGTCTGTAACTTGC-1	OP549859_1_ORF2	1	0	8	8	TRUE	TRUE
CAAGTCTGTAAGTAAC-1	OZ258728_1_ORF2	0	0	2	3	FALSE	TRUE
CAAGTCTGTACTTGGT-1	meGFP	0	0	1	1	FALSE	FALSE
CAAGTCTGTATTGCGT-1	MZ286102_1_ORF1	1	1	11	11	TRUE	TRUE
CAAGTCTGTGAGTAAT-1	MZ286188_1_ORF2	0	0	1	1	FALSE	TRUE
CAAGTCTGTGTTGCAT-1	OZ258728_1_ORF1	0	0	1	1	FALSE	FALSE
CAAGTCTGTTACGTTA-1	MZ286258_1_ORF2	0	0	1	1	FALSE	TRUE
CAAGTCTGTTACTTGA-1	MZ286258_1_ORF1	0	0	1	1	FALSE	TRUE
CAAGTCTGTTAGGGTA-1	MZ286258_1_ORF1	0	0	1	1	FALSE	FALSE
CAAGTCTGTTCGCTTC-1	OZ258728_1_ORF1	1	1	30	30	TRUE	TRUE
CAAGTCTGTTGGACCC-1	OP549859_1_ORF1	0	0	1	1	FALSE	TRUE
CAAGTCTGTTTGGTAC-1	MZ286197_1_ORF2	0	0	1	1	FALSE	TRUE
CAAGTTCGTACAGCAA-1	MZ286258_1_ORF2	0	0	2	2	TRUE	TRUE
CAAGTTCGTCACTAAC-1	MZ286188_1_ORF1	0	0	1	1	FALSE	FALSE
CAAGTTCGTCGCAGGA-1	MZ286197_1_ORF1	1	1	23	23	TRUE	TRUE
CAAGTTCGTCGCATAT-1	OZ258728_1_ORF2	3	3	52	108	FALSE	TRUE
CAAGTTCGTTAACCAC-1	MZ286197_1_ORF2	0	0	2	2	TRUE	TRUE
CAATACTTCCCTCTAT-1	OP549859_1_ORF1	1	1	16	16	TRUE	TRUE
CAATACTTCCGTTGCG-1	OZ258728_1_ORF2	0	0	1	1	FALSE	TRUE
CAATACTTCGCTTGAC-1	MZ286197_1_ORF2	0	0	1	1	FALSE	TRUE
CAATACTTCGTCCGTG-1	meGFP	0	0	1	1	FALSE	FALSE
CAATACTTCGTGCTAC-1	OP549859_1_ORF1	0	0	1	1	FALSE	TRUE
CAATAGTCAAAGTGCC-1	MZ286197_1_ORF2	1	0	8	8	TRUE	TRUE
CAATAGTCAACGTCCC-1	OP549859_1_ORF2	0	0	1	1	FALSE	FALSE
CAATAGTCACGATCCC-1	OZ258728_1_ORF2	0	0	1	1	FALSE	TRUE
CAATAGTCACTACCCA-1	OZ258728_1_ORF1	0	0	1	1	FALSE	FALSE
CAATCAAAGGAGCCTA-1	MZ286258_1_ORF2	1	1	14	14	TRUE	TRUE
CAATCAAAGGATCGCA-1	MZ286188_1_ORF2	0	0	1	1	FALSE	TRUE
CAATCAAAGGCGAAGG-1	MZ286197_1_ORF1	0	0	1	1	FALSE	TRUE
CAATCAAAGGGAGACG-1	MZ286102_1_ORF2	0	0	2	2	TRUE	TRUE
CAATCAAAGTAACCAA-1	MZ286197_1_ORF1	1	1	20	20	TRUE	TRUE
CAATCAAAGTAATGTG-1	MZ286258_1_ORF2	0	0	1	1	FALSE	FALSE
CAATCAAAGTACTTCG-1	OZ258728_1_ORF2	0	0	1	1	FALSE	FALSE
CAATCAAAGTCTAGTT-1	MZ286258_1_ORF1	0	0	1	1	FALSE	FALSE
CAATCAAAGTGGGTTG-1	MZ286188_1_ORF2	0	0	1	1	FALSE	FALSE
CAATGCTGTAACCGGG-1	MZ286188_1_ORF1	0	0	1	2	FALSE	TRUE
CAATGCTGTAATGGGC-1	OP549859_1_ORF1	0	0	1	2	FALSE	TRUE
CAATGCTGTATCCTAA-1	MZ286197_1_ORF2	0	0	2	2	TRUE	TRUE
CAATGCTGTATGAGTG-1	OZ258728_1_ORF2	1	1	120	123	TRUE	TRUE
CAATGCTGTATTGGGA-1	OP549859_1_ORF1	0	0	1	1	FALSE	TRUE
CAATGCTGTCGAGAGT-1	OZ258728_1_ORF2	0	0	1	1	FALSE	FALSE
CAATGCTGTGCTTAGT-1	meGFP	0	0	1	1	FALSE	FALSE
CAATGCTGTGTAAGTG-1	MZ286188_1_ORF1	1	0	9	9	TRUE	TRUE
CAATGCTGTGTGGATA-1	OP549859_1_ORF2	0	0	1	2	FALSE	TRUE
CAATGGTAGACACCTC-1	meGFP	0	0	1	3	FALSE	TRUE
CAATGGTAGAGATTGC-1	MZ286258_1_ORF1	0	0	1	1	FALSE	TRUE
CAATGGTAGAGGCATT-1	MZ286188_1_ORF1	0	0	1	2	FALSE	TRUE
CAATGGTAGCAGGGCT-1	MZ286102_1_ORF1	0	0	1	1	FALSE	FALSE
CAATGGTAGCCACTCG-1	MZ286188_1_ORF2	0	0	2	2	TRUE	TRUE
CAATGGTAGCGTGCAA-1	OP549859_1_ORF2	0	0	2	2	TRUE	TRUE
CAATGGTAGCGTTCGT-1	OP549859_1_ORF2	0	0	1	1	FALSE	TRUE
CAATGGTAGCTGGGTA-1	OZ258728_1_ORF2	0	0	1	1	FALSE	TRUE
CAATGGTAGGGATGGG-1	OZ258728_1_ORF2	0	0	1	1	FALSE	TRUE
CAATGGTAGTACCTGC-1	OZ258728_1_ORF2	0	0	1	1	FALSE	FALSE
CAATTACTCACTTGCA-1	OZ258728_1_ORF1	0	0	1	3	FALSE	TRUE
CAATTACTCGAGCGAC-1	MZ286102_1_ORF2	1	0	5	5	TRUE	TRUE
CAATTACTCGCCCTGA-1	MZ286188_1_ORF1	0	0	1	1	FALSE	FALSE
CAATTACTCTAGTCAT-1	OZ258728_1_ORF2	0	0	1	1	FALSE	TRUE
CAATTACTCTATCGTG-1	MZ286102_1_ORF2	1	1	30	30	TRUE	TRUE
CAATTACTCTCGAAGG-1	MZ286258_1_ORF1	1	0	5	5	TRUE	FALSE
CAATTACTCTGCCACG-1	MZ286188_1_ORF1	0	0	1	2	FALSE	TRUE
CAATTATGTAGCCATT-1	MZ286102_1_ORF2	0	0	1	1	FALSE	FALSE
CAATTATGTATCGAGA-1	meGFP	0	0	1	1	FALSE	TRUE
CAATTATGTCGAGAGT-1	MZ286188_1_ORF2	0	0	2	2	TRUE	TRUE
CAATTATGTCTAAGCT-1	MZ286197_1_ORF1	0	0	1	2	FALSE	TRUE
CAATTATGTCTATCGG-1	OP549859_1_ORF1	0	0	1	1	FALSE	FALSE
CAATTATGTTTGGCGC-1	OP549859_1_ORF1	0	0	1	1	FALSE	TRUE
CACAACCTCACCGCAT-1	OZ258728_1_ORF2	0	0	1	1	FALSE	FALSE
CACAACCTCCACCTGG-1	OZ258728_1_ORF2	1	0	6	8	TRUE	TRUE
CACAACCTCGCCAGTT-1	meGFP	1	1	29	29	TRUE	TRUE
CACAACCTCGGATGCA-1	OZ258728_1_ORF2	0	0	1	1	FALSE	TRUE
CACAACCTCGGCTTCG-1	OZ258728_1_ORF2	1	1	173	173	TRUE	TRUE
CACAACCTCGTTCACA-1	OZ258728_1_ORF1	0	0	1	1	FALSE	TRUE
CACAACCTCTACTCCT-1	OP549859_1_ORF2	0	0	1	1	FALSE	TRUE
CACAACCTCTAGTCAT-1	OZ258728_1_ORF2	0	0	1	1	FALSE	FALSE
CACAACCTCTCTCGCC-1	MZ286258_1_ORF2	1	1	22	22	TRUE	TRUE
CACAACCTCTGTGGCT-1	MZ286258_1_ORF2	0	0	3	4	TRUE	TRUE
CACAAGCCAAACGGCT-1	OZ258728_1_ORF2	0	0	1	2	FALSE	TRUE
CACAAGCCAAATCCGA-1	meGFP	1	1	72	72	TRUE	TRUE
CACAAGCCAACGTAAT-1	OP549859_1_ORF2	0	0	3	3	TRUE	TRUE
CACAAGCCACGAATGC-1	MZ286102_1_ORF2	0	0	1	1	FALSE	TRUE
CACAAGCCACTTCGAT-1	MZ286188_1_ORF1	1	1	36	37	TRUE	TRUE
CACAAGCCAGTTCGGG-1	OP549859_1_ORF1	1	0	6	6	TRUE	FALSE
CACAAGCCATCCATAC-1	OP549859_1_ORF2	1	1	14	15	TRUE	TRUE
CACAAGGTCAGCTTCA-1	OP549859_1_ORF1	0	0	1	1	FALSE	FALSE
CACAAGGTCATCCCTT-1	meGFP	1	1	67	67	TRUE	TRUE
CACAAGGTCCGTGGTT-1	MZ286258_1_ORF1	1	1	16	16	TRUE	TRUE
CACAAGGTCCTTACAG-1	OZ258728_1_ORF2	1	1	26	27	TRUE	TRUE
CACAAGGTCGAACTAA-1	MZ286258_1_ORF1	0	0	1	1	FALSE	FALSE
CACAAGGTCTTCGTAG-1	meGFP	0	0	1	1	FALSE	TRUE
CACAATCGTAGTATCC-1	meGFP	0	0	1	2	FALSE	FALSE
CACAATCGTAGTCGGG-1	MZ286102_1_ORF2	0	0	1	1	FALSE	TRUE
CACAATCGTCACTAAC-1	meGFP	0	0	1	1	FALSE	FALSE
CACAATCGTCTCCAAG-1	OZ258728_1_ORF1	1	1	31	32	TRUE	TRUE
CACAATCGTGATCCTG-1	OP549859_1_ORF1	0	0	1	1	FALSE	TRUE
CACAATCGTGGAAGGA-1	meGFP	0	0	1	1	FALSE	FALSE
CACAATTTCAACTATC-1	MZ286258_1_ORF2	1	1	40	40	TRUE	TRUE
CACAATTTCCGCGCTA-1	MZ286258_1_ORF2	1	1	18	18	TRUE	TRUE
CACAATTTCCTACGGT-1	MZ286102_1_ORF2	1	0	5	5	TRUE	TRUE
CACAATTTCGAGGCGT-1	OZ258728_1_ORF2	0	0	1	1	FALSE	FALSE
CACAATTTCTTGCGGT-1	MZ286258_1_ORF2	1	1	11	11	TRUE	TRUE
CACACTATCAGTCGTC-1	OZ258728_1_ORF2	0	0	1	1	FALSE	FALSE
CACACTATCATTGCCA-1	MZ286197_1_ORF2	0	0	3	3	TRUE	TRUE
CACACTATCCAGACTC-1	MZ286258_1_ORF2	1	1	10	10	TRUE	TRUE
CACACTATCCCGTTGG-1	OZ258728_1_ORF2	0	0	1	1	FALSE	TRUE
CACACTATCCTGATAT-1	OP549859_1_ORF1	0	0	1	3	FALSE	TRUE
CACACTATCGGGATCA-1	MZ286188_1_ORF1	1	0	4	4	TRUE	TRUE
CACACTATCGGTAGCA-1	MZ286102_1_ORF2	1	1	15	15	TRUE	TRUE
CACACTATCTATACCG-1	MZ286258_1_ORF2	1	1	22	22	TRUE	TRUE
CACACTATCTGGATGG-1	OZ258728_1_ORF2	0	0	1	1	FALSE	TRUE
CACACTTCAAAGGTCC-1	MZ286102_1_ORF2	0	0	1	1	FALSE	TRUE
CACACTTCAACACCGG-1	meGFP	0	0	1	1	FALSE	FALSE
CACACTTCAAGCCACG-1	meGFP	0	0	1	1	FALSE	FALSE
CACACTTCACAACTAG-1	OZ258728_1_ORF2	0	0	1	1	FALSE	FALSE
CACACTTCACACACTT-1	OP549859_1_ORF2	1	0	5	5	TRUE	TRUE
CACACTTCACCATGCC-1	MZ286188_1_ORF1	1	1	61	61	TRUE	TRUE
CACACTTCATAAGTCG-1	meGFP	0	0	1	1	FALSE	FALSE
CACACTTCATGGTAAT-1	MZ286188_1_ORF1	1	0	9	9	TRUE	TRUE
CACAGCGCACGGTTCC-1	MZ286258_1_ORF2	0	0	2	4	FALSE	TRUE
CACAGCGCATCCGCAC-1	MZ286258_1_ORF1	0	0	1	1	FALSE	FALSE
CACAGCGCATGTCGAA-1	MZ286188_1_ORF1	1	1	29	29	TRUE	TRUE
CACAGTTGTACCGGAG-1	OP549859_1_ORF1	0	0	1	1	FALSE	FALSE
CACAGTTGTAGACCAA-1	MZ286197_1_ORF2	1	0	6	6	TRUE	TRUE
CACAGTTGTCGACTCA-1	MZ286197_1_ORF1	0	0	1	1	FALSE	FALSE
CACAGTTGTGATCCCA-1	meGFP	1	1	41	41	TRUE	TRUE
CACAGTTGTGGTTCGC-1	OP549859_1_ORF1	0	0	1	1	FALSE	FALSE
CACAGTTGTTGCCTAG-1	meGFP	0	0	1	1	FALSE	FALSE
CACATATTCAACTGGG-1	MZ286197_1_ORF1	0	0	1	1	FALSE	TRUE
CACATATTCACCACGT-1	meGFP	0	0	1	1	FALSE	TRUE
CACATATTCCATCGCG-1	OZ258728_1_ORF1	0	0	1	1	FALSE	FALSE
CACATATTCTCCTTCG-1	MZ286188_1_ORF1	0	0	1	1	FALSE	TRUE
CACATATTCTGGTTGC-1	OP549859_1_ORF1	0	0	1	1	FALSE	FALSE
CACATGCTCAGCCGAA-1	MZ286102_1_ORF2	1	1	25	25	TRUE	TRUE
CACATGCTCATCCCTT-1	OZ258728_1_ORF2	1	1	20	24	TRUE	TRUE
CACATGCTCCAATCAT-1	meGFP	0	0	1	1	FALSE	FALSE
CACATGCTCCTATACG-1	OP549859_1_ORF1	1	0	4	4	TRUE	TRUE
CACATGCTCCTGCCTC-1	OZ258728_1_ORF2	0	0	1	1	FALSE	FALSE
CACATGCTCCTTACAG-1	OP549859_1_ORF1	1	1	10	10	TRUE	TRUE
CACATGCTCGAATGGT-1	OZ258728_1_ORF1	1	1	26	27	TRUE	TRUE
CACATGCTCGCTATGC-1	meGFP	0	0	1	1	FALSE	TRUE
CACATGCTCGGTATGG-1	OZ258728_1_ORF2	0	0	1	1	FALSE	FALSE
CACATGCTCTTACCTC-1	OZ258728_1_ORF2	1	1	26	26	TRUE	TRUE
CACATGCTCTTCGTAG-1	OP549859_1_ORF1	0	0	1	1	FALSE	FALSE
CACCAACTCACCGCAT-1	meGFP	0	0	1	1	FALSE	FALSE
CACCAACTCATGGCTC-1	meGFP	0	0	2	2	TRUE	TRUE
CACCAACTCCTAATGT-1	meGFP	0	0	1	1	FALSE	FALSE
CACCAACTCCTACTTC-1	OZ258728_1_ORF1	1	0	5	5	TRUE	FALSE
CACCAACTCGATCCCG-1	OZ258728_1_ORF2	1	0	7	7	TRUE	FALSE
CACCAACTCGTTACTG-1	MZ286258_1_ORF1	0	0	1	1	FALSE	TRUE
CACCAACTCTAGGCTC-1	MZ286258_1_ORF2	0	0	1	1	FALSE	FALSE
CACCAAGAGCAACGAT-1	meGFP	0	0	1	2	FALSE	TRUE
CACCAAGAGCTTGATT-1	MZ286197_1_ORF1	1	1	17	18	TRUE	TRUE
CACCAAGAGGCGTGAC-1	MZ286258_1_ORF2	1	1	11	11	TRUE	TRUE
CACCAATGTAAGCTAG-1	MZ286102_1_ORF1	0	0	1	1	FALSE	FALSE
CACCAATGTAATGGAT-1	meGFP	1	1	38	38	TRUE	TRUE
CACCAATGTAATGTCC-1	OP549859_1_ORF1	1	0	6	7	TRUE	TRUE
CACCAATGTACACTAC-1	OP549859_1_ORF2	1	1	13	13	TRUE	TRUE
CACCAATGTCCACACA-1	OP549859_1_ORF2	1	1	43	45	TRUE	TRUE
CACCAATGTGCTGGCT-1	MZ286258_1_ORF2	0	0	1	2	FALSE	TRUE
CACCAATGTGGAAGCT-1	OP549859_1_ORF1	0	0	1	1	FALSE	FALSE
CACCAATGTTATAGCC-1	MZ286102_1_ORF2	0	0	2	2	TRUE	TRUE
CACCAATGTTTGGCGC-1	MZ286258_1_ORF1	0	0	1	1	FALSE	FALSE
CACCAGGCAAATGACT-1	meGFP	1	1	23	23	TRUE	TRUE
CACCAGGCAACACCAA-1	OP549859_1_ORF2	0	0	2	2	TRUE	TRUE
CACCAGGCAACAGAGG-1	OP549859_1_ORF1	0	0	1	2	FALSE	TRUE
CACCAGGCAAGCCACG-1	MZ286102_1_ORF1	0	0	1	1	FALSE	FALSE
CACCAGGCACGATCCC-1	OZ258728_1_ORF2	0	0	1	1	FALSE	FALSE
CACCAGGCAGATCCTT-1	MZ286258_1_ORF1	0	0	1	1	FALSE	TRUE
CACCAGGCATGGCCTC-1	meGFP	0	0	1	1	FALSE	FALSE
CACCCTCTCAATCGCC-1	meGFP	0	0	1	2	FALSE	TRUE
CACCCTCTCATTGCCA-1	OZ258728_1_ORF2	0	0	1	1	FALSE	FALSE
CACCCTCTCCAAGTCC-1	MZ286258_1_ORF2	0	0	1	1	FALSE	FALSE
CACCCTCTCCCACAGT-1	OZ258728_1_ORF1	1	0	8	8	TRUE	TRUE
CACCCTCTCCCCGTGA-1	MZ286188_1_ORF1	0	0	1	1	FALSE	FALSE
CACCCTCTCGAATGGT-1	OP549859_1_ORF2	1	1	25	29	TRUE	TRUE
CACCCTCTCGACCCAT-1	OZ258728_1_ORF2	2	2	47	62	TRUE	TRUE
CACCCTCTCGATACTT-1	OP549859_1_ORF1	0	0	1	1	FALSE	FALSE
CACCCTCTCGCGCCTA-1	OP549859_1_ORF1	0	0	1	1	FALSE	FALSE
CACCCTCTCGGCGTAA-1	MZ286258_1_ORF2	1	1	25	25	TRUE	TRUE
CACCCTCTCGTCAATT-1	meGFP	0	0	1	3	FALSE	TRUE
CACCCTCTCTCCTTCG-1	OP549859_1_ORF2	0	0	1	1	FALSE	FALSE
CACCCTCTCTTGCATG-1	MZ286258_1_ORF2	1	0	7	8	TRUE	TRUE
CACCGCCAGAGTCATA-1	MZ286102_1_ORF2	1	1	10	10	TRUE	TRUE
CACCGCCAGATGGTGT-1	MZ286102_1_ORF2	0	0	1	1	FALSE	FALSE
CACCGCCAGCGAACTG-1	MZ286197_1_ORF2	1	0	4	4	TRUE	TRUE
CACCGCCAGCGCAGTA-1	OZ258728_1_ORF1	0	0	1	1	FALSE	TRUE
CACCGTTAGACACCTC-1	MZ286102_1_ORF2	0	0	1	1	FALSE	FALSE
CACCGTTAGACTTGGG-1	MZ286188_1_ORF1	0	0	1	1	FALSE	FALSE
CACCGTTAGAGGCGTC-1	MZ286188_1_ORF1	1	1	77	77	TRUE	TRUE
CACCGTTAGCCTGTGT-1	OP549859_1_ORF1	0	0	1	1	FALSE	FALSE
CACCGTTAGCGCCTAT-1	MZ286102_1_ORF1	0	0	1	1	FALSE	TRUE
CACCGTTAGCGGGTTA-1	meGFP	0	0	1	1	FALSE	TRUE
CACCGTTAGCTCCTGG-1	MZ286258_1_ORF2	0	0	1	1	FALSE	TRUE
CACCGTTAGGAGTCTG-1	MZ286197_1_ORF1	0	0	2	3	FALSE	TRUE
CACCGTTAGGGTGATT-1	OZ258728_1_ORF2	0	0	1	1	FALSE	FALSE
CACCGTTAGTGTAATG-1	meGFP	0	0	1	2	FALSE	TRUE
CACCGTTAGTTACACT-1	MZ286197_1_ORF1	1	1	80	82	TRUE	TRUE
CACCTCGAGAACCGTG-1	MZ286197_1_ORF1	0	0	1	1	FALSE	TRUE
CACCTCGAGATACTGA-1	MZ286197_1_ORF2	0	0	3	3	TRUE	TRUE
CACCTCGAGCCACACT-1	OP549859_1_ORF2	0	0	2	2	TRUE	TRUE
CACCTCGAGCGGGACT-1	meGFP	1	1	17	18	TRUE	TRUE
CACCTCGAGCTCGAAG-1	MZ286188_1_ORF1	0	0	1	1	FALSE	FALSE
CACCTCGAGGCATGTG-1	MZ286258_1_ORF1	0	0	2	2	TRUE	FALSE
CACCTCGAGGCTACAG-1	OP549859_1_ORF1	0	0	1	1	FALSE	TRUE
CACCTCGAGGGCTGGT-1	MZ286102_1_ORF2	1	0	4	6	TRUE	TRUE
CACCTCGAGTATGGTA-1	MZ286102_1_ORF2	0	0	2	2	TRUE	TRUE
CACCTGTAGATAGTCA-1	OZ258728_1_ORF2	0	0	1	1	FALSE	FALSE
CACCTGTAGCGGAACC-1	MZ286102_1_ORF2	0	0	1	1	FALSE	TRUE
CACCTGTAGGATCGCA-1	OP549859_1_ORF2	0	0	2	3	FALSE	TRUE
CACCTGTAGGCGAAGG-1	MZ286258_1_ORF1	0	0	1	1	FALSE	TRUE
CACCTGTAGGGCCAGT-1	meGFP	0	0	1	1	FALSE	FALSE
CACCTGTAGGGCGTGT-1	MZ286258_1_ORF2	0	0	1	1	FALSE	FALSE
CACCTGTAGGGTTCGA-1	OP549859_1_ORF1	0	0	1	1	FALSE	TRUE
CACGAATAGAGTCGCA-1	meGFP	0	0	2	2	TRUE	TRUE
CACGAATAGATCCTGC-1	meGFP	1	1	54	55	TRUE	TRUE
CACGAATAGCAATCCC-1	OZ258728_1_ORF2	0	0	1	1	FALSE	TRUE
CACGAATAGGTTCCCG-1	MZ286197_1_ORF1	1	0	9	10	TRUE	FALSE
CACGAATAGTCATTAC-1	OZ258728_1_ORF2	0	0	0	0	FALSE	FALSE
CACGAATAGTTGAATG-1	OZ258728_1_ORF2	0	0	1	1	FALSE	TRUE
CACGAATAGTTGCGTC-1	OZ258728_1_ORF1	0	0	2	2	TRUE	TRUE
CACGCACGTAGCATAG-1	MZ286258_1_ORF1	2	2	54	105	FALSE	TRUE
CACGCACGTCCACGGT-1	MZ286188_1_ORF2	1	0	6	6	TRUE	TRUE
CACGCACGTCGGGCTT-1	OZ258728_1_ORF2	0	0	1	1	FALSE	FALSE
CACGCACGTCTCCTCG-1	OP549859_1_ORF2	1	0	5	5	TRUE	TRUE
CACGCACGTGCCTGGT-1	OP549859_1_ORF1	0	0	1	1	FALSE	FALSE
CACGCACGTTCCCAGA-1	OP549859_1_ORF1	0	0	1	1	FALSE	TRUE
CACGCCCAGAATGCTA-1	MZ286102_1_ORF2	1	0	4	4	TRUE	TRUE
CACGCCCAGACTCGCT-1	MZ286102_1_ORF2	0	0	1	1	FALSE	TRUE
CACGCCCAGCAACTAA-1	meGFP	0	0	1	1	FALSE	TRUE
CACGCCCAGCACCATC-1	OZ258728_1_ORF1	0	0	1	1	FALSE	FALSE
CACGCCCAGCCCGTCA-1	MZ286102_1_ORF2	1	0	7	7	TRUE	TRUE
CACGCCCAGGAGCCTA-1	OP549859_1_ORF1	0	0	1	1	FALSE	FALSE
CACGCCCAGGGTGATT-1	MZ286188_1_ORF1	0	0	2	3	FALSE	TRUE
CACGCCTCACAGTATG-1	MZ286188_1_ORF1	0	0	1	1	FALSE	TRUE
CACGCCTCAGAATGGG-1	MZ286102_1_ORF2	0	0	1	1	FALSE	FALSE
CACGCCTCAGTTCGCC-1	MZ286258_1_ORF2	0	0	1	1	FALSE	FALSE
CACGCCTCATGACGAC-1	meGFP	0	0	1	2	FALSE	TRUE
CACGCTTAGAAGTGAG-1	OP549859_1_ORF1	1	1	22	22	TRUE	TRUE
CACGCTTAGAGTTAGC-1	MZ286102_1_ORF2	0	0	1	1	FALSE	TRUE
CACGCTTAGCGTAAGT-1	MZ286102_1_ORF2	0	0	1	1	FALSE	FALSE
CACGCTTAGGGGCTTA-1	MZ286258_1_ORF2	0	0	1	1	FALSE	TRUE
CACGCTTAGTGCAGAT-1	OP549859_1_ORF2	0	0	1	1	FALSE	FALSE
CACGGAGGTCGACTCA-1	OZ258728_1_ORF2	0	0	1	1	FALSE	FALSE
CACGGAGGTGAGATAT-1	MZ286258_1_ORF1	0	0	1	1	FALSE	FALSE
CACGGAGGTGCAGGCA-1	MZ286188_1_ORF2	1	0	7	8	TRUE	TRUE
CACGGAGGTGGAACCG-1	MZ286197_1_ORF1	0	0	1	1	FALSE	FALSE
CACGGAGGTTATGCAC-1	OZ258728_1_ORF2	0	0	2	2	TRUE	FALSE
CACGGAGGTTCATCGG-1	OP549859_1_ORF1	0	0	1	1	FALSE	FALSE
CACGGAGGTTCGTAAC-1	OZ258728_1_ORF1	0	0	1	1	FALSE	TRUE
CACGGAGGTTTCCTAT-1	MZ286188_1_ORF2	0	0	1	2	FALSE	TRUE
CACGGAGGTTTGCCCT-1	MZ286258_1_ORF2	0	0	1	1	FALSE	FALSE
CACGGAGGTTTGCGGC-1	OZ258728_1_ORF2	0	0	1	1	FALSE	FALSE
CACGGATCAACCTTAC-1	OZ258728_1_ORF1	0	0	1	1	FALSE	FALSE
CACGGATCAACGGCCA-1	MZ286102_1_ORF1	1	1	12	12	TRUE	TRUE
CACGGATCACCACACC-1	MZ286188_1_ORF1	0	0	1	2	FALSE	FALSE
CACGGATCACGCGAAT-1	MZ286197_1_ORF2	1	0	5	6	TRUE	TRUE
CACGGATCACTAATGG-1	MZ286102_1_ORF2	1	0	6	6	TRUE	TRUE
CACGGATCAGACATTG-1	OZ258728_1_ORF1	1	1	20	20	TRUE	TRUE
CACGGATCAGCACTCC-1	OP549859_1_ORF1	0	0	1	1	FALSE	TRUE
CACGGATCAGTGTGAC-1	meGFP	0	0	1	1	FALSE	TRUE
CACGGGTAGACTTACT-1	OZ258728_1_ORF1	0	0	1	2	FALSE	TRUE
CACGGGTAGAGTCGCA-1	OP549859_1_ORF1	1	1	73	75	TRUE	TRUE
CACGGGTAGATCAAGC-1	OZ258728_1_ORF2	0	0	1	2	FALSE	TRUE
CACGGGTAGCAGCCTT-1	MZ286188_1_ORF1	0	0	1	1	FALSE	FALSE
CACGGGTAGCATCACC-1	MZ286188_1_ORF1	0	0	1	1	FALSE	FALSE
CACGGGTAGGGCGTGT-1	MZ286197_1_ORF2	0	0	3	3	TRUE	TRUE
CACGGGTAGGTTGGGC-1	MZ286258_1_ORF2	0	0	1	1	FALSE	TRUE
CACGGTAAGAATGGTC-1	OP549859_1_ORF1	0	0	1	1	FALSE	TRUE
CACGGTAAGACACTAA-1	MZ286188_1_ORF1	0	0	1	1	FALSE	FALSE
CACGGTAAGAGGACTT-1	OP549859_1_ORF2	0	0	1	1	FALSE	FALSE
CACGGTAAGGATCCCT-1	OZ258728_1_ORF2	0	0	1	1	FALSE	FALSE
CACGGTAAGGGCAGGA-1	OP549859_1_ORF2	0	0	1	1	FALSE	TRUE
CACGTAACAAGATTAC-1	MZ286188_1_ORF1	0	0	1	1	FALSE	FALSE
CACGTAACACACTAAG-1	meGFP	1	1	23	23	TRUE	TRUE
CACGTAACAGACATTG-1	MZ286197_1_ORF1	0	0	1	1	FALSE	TRUE
CACGTAACATACCGGG-1	meGFP	0	0	1	1	FALSE	TRUE
CACGTAACATCCGCAC-1	MZ286258_1_ORF1	1	1	36	36	TRUE	TRUE
CACGTGGCAACGTGCG-1	MZ286102_1_ORF2	0	0	1	1	FALSE	FALSE
CACGTGGCAATGTAGT-1	OP549859_1_ORF1	0	0	1	1	FALSE	FALSE
CACGTGGCAATTGCAG-1	MZ286102_1_ORF2	0	0	1	1	FALSE	FALSE
CACGTGGCAGTCCAGG-1	meGFP	0	0	1	2	FALSE	TRUE
CACGTGGCATTGCCCA-1	OZ258728_1_ORF2	1	1	101	101	TRUE	TRUE
CACTAATTCAACCTTG-1	OZ258728_1_ORF1	0	0	1	1	FALSE	FALSE
CACTAATTCCAACCTA-1	OZ258728_1_ORF2	1	1	115	115	TRUE	TRUE
CACTAATTCGCAAGGC-1	OP549859_1_ORF1	0	0	1	1	FALSE	FALSE
CACTAATTCGGCGTAA-1	OP549859_1_ORF1	0	0	1	1	FALSE	FALSE
CACTAATTCGGCTCCA-1	OZ258728_1_ORF2	0	0	3	3	TRUE	FALSE
CACTAATTCTCTGTGA-1	OP549859_1_ORF1	1	1	32	32	TRUE	TRUE
CACTACCAGGAGTGAA-1	OZ258728_1_ORF1	0	0	1	1	FALSE	TRUE
CACTACCAGGCGGTGT-1	MZ286258_1_ORF1	0	0	1	1	FALSE	TRUE
CACTACCAGGTACGCA-1	MZ286197_1_ORF1	0	0	1	1	FALSE	TRUE
CACTACCAGGTTCATT-1	MZ286258_1_ORF1	0	0	1	1	FALSE	FALSE
CACTACGGTAGACATG-1	MZ286188_1_ORF1	0	0	1	1	FALSE	TRUE
CACTACGGTATGGTTC-1	MZ286258_1_ORF2	1	1	17	18	TRUE	TRUE
CACTACGGTGAGAGGA-1	MZ286102_1_ORF1	1	1	27	27	TRUE	TRUE
CACTACGGTGGCGTCT-1	OP549859_1_ORF2	0	0	3	3	TRUE	TRUE
CACTACGGTGGTGCGA-1	OZ258728_1_ORF2	1	1	51	51	TRUE	TRUE
CACTACGGTTAACCAC-1	MZ286188_1_ORF1	1	0	4	4	TRUE	TRUE
CACTACGGTTAGTTGC-1	OZ258728_1_ORF2	1	0	9	9	TRUE	TRUE
CACTACGGTTATCCGG-1	OZ258728_1_ORF1	0	0	2	2	TRUE	TRUE
CACTCATCAACAGACC-1	OZ258728_1_ORF2	1	1	54	54	TRUE	TRUE
CACTCATCAACTGGCG-1	MZ286258_1_ORF2	1	1	10	10	TRUE	TRUE
CACTCATCAACTTCGT-1	meGFP	1	1	49	49	TRUE	TRUE
CACTCATCACAGTTAG-1	OZ258728_1_ORF2	0	0	1	1	FALSE	FALSE
CACTCATCACCTGCAC-1	meGFP	0	0	1	1	FALSE	TRUE
CACTCATCAGTCCCGT-1	MZ286258_1_ORF2	0	0	0	0	FALSE	FALSE
CACTCATCATAGTAAC-1	MZ286258_1_ORF2	0	0	1	2	FALSE	TRUE
CACTCATCATATGAAC-1	meGFP	0	0	1	1	FALSE	FALSE
CACTCATCATGAGGAG-1	meGFP	0	0	1	1	FALSE	TRUE
CACTCATCATGGAGAG-1	OZ258728_1_ORF2	1	1	13	16	TRUE	TRUE
CACTGGTTCAATTAGG-1	meGFP	1	1	29	29	TRUE	TRUE
CACTGGTTCCCATTGA-1	MZ286102_1_ORF2	0	0	1	1	FALSE	FALSE
CACTGGTTCCCGATAC-1	MZ286258_1_ORF2	0	0	1	1	FALSE	FALSE
CACTGGTTCCCGTTGG-1	MZ286188_1_ORF1	0	0	1	1	FALSE	FALSE
CACTGGTTCCTACGGT-1	OZ258728_1_ORF2	0	0	1	1	FALSE	FALSE
CACTGGTTCGACCTCG-1	MZ286102_1_ORF2	0	0	2	3	FALSE	TRUE
CACTGGTTCGCCTCTC-1	meGFP	0	0	1	1	FALSE	FALSE
CACTGGTTCGCGCCTA-1	MZ286188_1_ORF1	1	1	32	32	TRUE	TRUE
CACTGGTTCGCTTAAT-1	MZ286188_1_ORF1	0	0	1	1	FALSE	FALSE
CACTGGTTCGGGAACC-1	OP549859_1_ORF1	0	0	2	2	TRUE	TRUE
CACTGGTTCTCCTTCG-1	meGFP	0	0	1	1	FALSE	FALSE
CACTGGTTCTGTGGAG-1	OP549859_1_ORF1	0	0	1	1	FALSE	FALSE
CACTGTATCACTCGCG-1	MZ286188_1_ORF1	1	1	81	81	TRUE	TRUE
CACTGTATCCAGAGGC-1	MZ286258_1_ORF2	0	0	3	6	FALSE	TRUE
CACTGTATCCCGCAAT-1	OZ258728_1_ORF2	0	0	1	1	FALSE	TRUE
CACTGTATCCTCCGTC-1	OZ258728_1_ORF1	0	0	2	2	TRUE	TRUE
CACTGTATCGAAGTTA-1	meGFP	0	0	1	1	FALSE	FALSE
CACTGTATCGTGCGAA-1	OP549859_1_ORF2	0	0	1	1	FALSE	TRUE
CACTGTATCGTGCTGT-1	meGFP	1	1	10	10	TRUE	TRUE
CACTTCGCAAGATGGG-1	OP549859_1_ORF2	1	1	12	12	TRUE	TRUE
CACTTCGCACAAGGGA-1	OP549859_1_ORF1	0	0	1	1	FALSE	TRUE
CACTTCGCACACACTT-1	MZ286188_1_ORF2	0	0	1	1	FALSE	FALSE
CACTTCGCAGATATAC-1	MZ286197_1_ORF2	2	1	10	19	FALSE	TRUE
CACTTCGCAGGCAACT-1	MZ286258_1_ORF2	1	1	18	18	TRUE	TRUE
CACTTCGCATGACAGC-1	OZ258728_1_ORF2	0	0	1	1	FALSE	FALSE
CACTTGATCAGCTTCA-1	OZ258728_1_ORF2	1	0	7	8	TRUE	FALSE
CACTTGATCCAATGCC-1	MZ286258_1_ORF1	1	1	146	146	TRUE	TRUE
CACTTGATCGTTACTG-1	meGFP	0	0	1	1	FALSE	FALSE
CACTTGATCTAAGTCT-1	MZ286102_1_ORF2	1	1	12	14	TRUE	TRUE
CACTTGATCTCAGCAC-1	MZ286258_1_ORF1	0	0	1	1	FALSE	TRUE
CACTTGATCTCTGGCG-1	OP549859_1_ORF2	1	1	11	12	TRUE	TRUE
CACTTGATCTGCCATA-1	MZ286258_1_ORF2	1	1	18	19	TRUE	TRUE
CACTTGATCTGGTTGC-1	MZ286102_1_ORF2	0	0	1	1	FALSE	FALSE
CACTTTACACCGTACC-1	MZ286102_1_ORF2	1	1	14	16	TRUE	TRUE
CACTTTACACTAGACA-1	MZ286258_1_ORF1	0	0	1	1	FALSE	TRUE
CACTTTACAGAATGGG-1	MZ286102_1_ORF1	1	1	50	51	TRUE	TRUE
CAGCAACCAAGATCCA-1	MZ286188_1_ORF2	1	0	9	9	TRUE	TRUE
CAGCAACCAAGATGGG-1	OZ258728_1_ORF2	1	1	20	20	TRUE	TRUE
CAGCAACCAAGTGACC-1	MZ286102_1_ORF2	0	0	3	3	TRUE	TRUE
CAGCAACCAATGTAGT-1	MZ286102_1_ORF2	0	0	1	1	FALSE	FALSE
CAGCAACCATTCATTG-1	OP549859_1_ORF1	0	0	2	2	TRUE	TRUE
CAGCAATAGCCTAGTC-1	MZ286197_1_ORF1	1	1	27	27	TRUE	TRUE
CAGCAATAGCGACACA-1	MZ286258_1_ORF1	0	0	1	1	FALSE	FALSE
CAGCAATAGCGACGGT-1	MZ286258_1_ORF1	1	1	78	78	TRUE	TRUE
CAGCAATAGCGCAAGC-1	OZ258728_1_ORF2	0	0	1	1	FALSE	TRUE
CAGCAATAGCTGGACA-1	meGFP	1	1	19	21	TRUE	TRUE
CAGCAATAGGGGAACG-1	MZ286258_1_ORF1	1	1	21	21	TRUE	TRUE
CAGCAATAGTACCAGG-1	meGFP	0	0	1	1	FALSE	TRUE
CAGCAATAGTACCTGC-1	MZ286102_1_ORF1	0	0	3	3	TRUE	TRUE
CAGCACCGTATACTGC-1	MZ286188_1_ORF1	0	0	1	1	FALSE	FALSE
CAGCACCGTATCTCAA-1	MZ286102_1_ORF2	0	0	3	3	TRUE	TRUE
CAGCACCGTGCTGGCT-1	OZ258728_1_ORF2	0	0	1	2	FALSE	TRUE
CAGCACCGTGGAAGGA-1	OZ258728_1_ORF2	0	0	1	1	FALSE	TRUE
CAGCACCGTGGAGAGA-1	OZ258728_1_ORF1	0	0	1	1	FALSE	FALSE
CAGCACCGTGTGTCAT-1	MZ286197_1_ORF1	0	0	1	1	FALSE	TRUE
CAGCACCGTTATCTAG-1	MZ286102_1_ORF2	0	0	2	2	TRUE	TRUE
CAGCACCGTTGGAGCG-1	MZ286102_1_ORF2	1	1	10	11	TRUE	TRUE
CAGCACCGTTGTAAGG-1	OZ258728_1_ORF2	0	0	1	1	FALSE	FALSE
CAGCACCGTTTCCTAT-1	OZ258728_1_ORF1	0	0	1	1	FALSE	FALSE
CAGCACGCAACAGGCT-1	MZ286188_1_ORF1	1	1	54	54	TRUE	TRUE
CAGCACGCAAGAGGTG-1	OZ258728_1_ORF2	0	0	1	1	FALSE	TRUE
CAGCACGCAAGCCACG-1	MZ286197_1_ORF1	0	0	1	1	FALSE	FALSE
CAGCACGCAGCCGATG-1	meGFP	0	0	1	1	FALSE	FALSE
CAGCACGCAGCTCAGG-1	OZ258728_1_ORF2	1	1	12	13	TRUE	TRUE
CAGCACGCATGCCCTA-1	OZ258728_1_ORF1	0	0	1	1	FALSE	TRUE
CAGCCACGTAGGCTCC-1	MZ286197_1_ORF1	0	0	1	2	FALSE	TRUE
CAGCCACGTCCGAATT-1	OP549859_1_ORF2	1	1	17	17	TRUE	TRUE
CAGCCACGTCGCAGGA-1	MZ286197_1_ORF2	0	0	1	1	FALSE	FALSE
CAGCCACGTGAGGAGA-1	OZ258728_1_ORF2	2	1	11	17	FALSE	TRUE
CAGCCACGTGGAAGGA-1	meGFP	0	0	1	1	FALSE	FALSE
CAGCCACGTGGTTCAT-1	OZ258728_1_ORF1	1	1	39	40	TRUE	TRUE
CAGCCACGTTTCAAGC-1	OZ258728_1_ORF2	0	0	1	1	FALSE	FALSE
CAGCCCCAGAACCACG-1	OZ258728_1_ORF2	0	0	1	1	FALSE	TRUE
CAGCCCCAGAACCGTG-1	OZ258728_1_ORF2	0	0	1	2	FALSE	TRUE
CAGCCCCAGCAGCCTT-1	MZ286102_1_ORF1	0	0	2	2	TRUE	FALSE
CAGCCCCAGCTATACT-1	OZ258728_1_ORF2	1	1	16	16	TRUE	TRUE
CAGCCCCAGGATCACG-1	OZ258728_1_ORF2	1	1	45	46	TRUE	TRUE
CAGCCCCAGGTAGACT-1	meGFP	0	0	1	1	FALSE	FALSE
CAGCCCCAGGTAGGTT-1	OZ258728_1_ORF1	0	0	1	1	FALSE	FALSE
CAGCGAATCACCGCAT-1	OZ258728_1_ORF2	0	0	1	1	FALSE	TRUE
CAGCGAATCATATGTC-1	MZ286102_1_ORF1	0	0	1	2	FALSE	TRUE
CAGCGAATCCCGATGT-1	MZ286188_1_ORF1	0	0	1	1	FALSE	FALSE
CAGCGAATCCTCATAG-1	OZ258728_1_ORF2	1	1	21	21	TRUE	TRUE
CAGCGAATCCTCCTAT-1	MZ286102_1_ORF2	0	0	1	1	FALSE	FALSE
CAGCGAATCGCGAGGT-1	MZ286102_1_ORF2	0	0	1	1	FALSE	FALSE
CAGCGAATCGCTTGGT-1	OZ258728_1_ORF2	0	0	1	1	FALSE	FALSE
CAGCGAATCGTCTAGC-1	MZ286188_1_ORF1	0	0	1	1	FALSE	TRUE
CAGCGAATCTCTGGTA-1	MZ286197_1_ORF1	0	0	1	1	FALSE	FALSE
CAGCGAATCTGCCACG-1	OZ258728_1_ORF2	1	0	8	8	TRUE	TRUE
CAGCGAGGTCGCGAGA-1	MZ286102_1_ORF2	0	0	2	2	TRUE	FALSE
CAGCGAGGTCTTGCTC-1	OZ258728_1_ORF1	0	0	2	2	TRUE	TRUE
CAGCGAGGTGAGACCG-1	OZ258728_1_ORF1	1	1	14	14	TRUE	TRUE
CAGCGAGGTGCGGTGA-1	MZ286102_1_ORF1	1	0	5	5	TRUE	TRUE
CAGCGCGAGATATGCA-1	OP549859_1_ORF1	0	0	1	1	FALSE	FALSE
CAGCGCGAGATGCCAG-1	MZ286102_1_ORF2	1	0	5	5	TRUE	TRUE
CAGCGCGAGATTAGGC-1	meGFP	0	0	1	1	FALSE	TRUE
CAGCGCGAGATTGATG-1	MZ286197_1_ORF1	0	0	1	1	FALSE	FALSE
CAGCGCGAGCACCATC-1	meGFP	0	0	1	1	FALSE	TRUE
CAGCGCGAGTCCGTTA-1	MZ286188_1_ORF2	0	0	3	3	TRUE	TRUE
CAGCGCGAGTGTCCGT-1	meGFP	0	0	1	1	FALSE	FALSE
CAGCTACTCAATGTGA-1	OP549859_1_ORF2	1	1	16	17	TRUE	TRUE
CAGCTACTCACAGATA-1	MZ286102_1_ORF1	1	1	14	14	TRUE	TRUE
CAGCTACTCCTACTTC-1	MZ286188_1_ORF2	1	0	5	8	TRUE	TRUE
CAGCTACTCGCACGAA-1	meGFP	1	1	48	48	TRUE	TRUE
CAGCTACTCGCCAGTT-1	OZ258728_1_ORF2	0	0	1	1	FALSE	FALSE
CAGCTACTCGCCTATA-1	meGFP	0	0	1	3	FALSE	TRUE
CAGCTGGCACACTAAG-1	meGFP	1	1	10	11	TRUE	TRUE
CAGCTGGCATAAGTCG-1	OZ258728_1_ORF2	1	0	4	7	TRUE	TRUE
CAGCTGGCATGGTGTA-1	OP549859_1_ORF1	0	0	1	1	FALSE	TRUE
CAGCTGGCATTAGGGC-1	MZ286197_1_ORF1	0	0	1	1	FALSE	TRUE
CAGCTGTTCACGTGCT-1	MZ286258_1_ORF2	1	1	10	10	TRUE	TRUE
CAGCTGTTCCCTGCGA-1	OZ258728_1_ORF2	1	1	22	25	TRUE	TRUE
CAGCTGTTCGCGAGGT-1	MZ286102_1_ORF2	0	0	1	1	FALSE	FALSE
CAGCTGTTCTGAGTGG-1	MZ286258_1_ORF2	0	0	1	1	FALSE	FALSE
CAGCTTATCAGCCGAA-1	MZ286102_1_ORF2	0	0	1	1	FALSE	FALSE
CAGCTTATCAGGCAAT-1	meGFP	0	0	1	1	FALSE	FALSE
CAGCTTATCCCTCGCT-1	MZ286258_1_ORF1	0	0	1	1	FALSE	TRUE
CAGCTTATCTAAGCGG-1	OP549859_1_ORF1	0	0	1	1	FALSE	FALSE
CAGGACTCACGTGCCT-1	OP549859_1_ORF1	0	0	1	1	FALSE	TRUE
CAGGACTCAGAGCTTA-1	OP549859_1_ORF1	1	1	21	21	TRUE	TRUE
CAGGACTCATACTTCA-1	MZ286258_1_ORF1	0	0	1	1	FALSE	FALSE
CAGGACTCATGTCGAA-1	MZ286102_1_ORF2	2	0	6	11	FALSE	TRUE
CAGGACTCATTACTCA-1	OZ258728_1_ORF2	0	0	1	1	FALSE	FALSE
CAGGAGCTCATCGTTG-1	OP549859_1_ORF1	0	0	1	1	FALSE	FALSE
CAGGAGCTCCATAGCC-1	meGFP	0	0	1	1	FALSE	FALSE
CAGGAGCTCCCCTTCA-1	meGFP	1	1	12	12	TRUE	TRUE
CAGGAGCTCGAGTGAT-1	OZ258728_1_ORF2	0	0	1	1	FALSE	FALSE
CAGGAGCTCGCCTATA-1	OP549859_1_ORF2	0	0	1	1	FALSE	FALSE
CAGGAGCTCGGACAGC-1	OZ258728_1_ORF2	0	0	1	1	FALSE	FALSE
CAGGATCCAGCTGATA-1	MZ286258_1_ORF2	1	0	4	4	TRUE	TRUE
CAGGATCCATATCACC-1	MZ286258_1_ORF2	1	0	7	8	TRUE	TRUE
CAGGATCCATTGCGAA-1	MZ286258_1_ORF2	1	1	13	13	TRUE	TRUE
CAGGCACAGCAAGGTT-1	MZ286258_1_ORF2	0	0	1	1	FALSE	FALSE
CAGGCACAGGTCTACC-1	OZ258728_1_ORF2	0	0	1	1	FALSE	FALSE
CAGGCACAGTCCACGT-1	MZ286102_1_ORF2	0	0	1	1	FALSE	FALSE
CAGGCACAGTTCGAGG-1	MZ286102_1_ORF2	0	0	1	1	FALSE	TRUE
CAGGGACTCAATGCGG-1	MZ286197_1_ORF1	0	0	3	3	TRUE	TRUE
CAGGGACTCGAGGCGT-1	OZ258728_1_ORF2	0	0	1	1	FALSE	TRUE
CAGGGACTCTCACGCG-1	OZ258728_1_ORF2	0	0	1	1	FALSE	FALSE
CAGGGACTCTCAGGGA-1	OZ258728_1_ORF2	1	1	17	17	TRUE	TRUE
CAGGGACTCTTGAGCC-1	OZ258728_1_ORF2	0	0	3	3	TRUE	TRUE
CAGGTCAAGACTTGAA-1	MZ286188_1_ORF2	1	0	4	4	TRUE	TRUE
CAGGTCAAGAGGACTT-1	MZ286188_1_ORF1	1	1	32	32	TRUE	TRUE
CAGGTCAAGATTCCGC-1	MZ286258_1_ORF2	1	1	14	14	TRUE	TRUE
CAGGTCAAGCCGTGAA-1	MZ286258_1_ORF2	1	1	13	13	TRUE	TRUE
CAGGTCAAGCCTTGCG-1	OP549859_1_ORF2	0	0	1	2	FALSE	TRUE
CAGGTCAAGCGGATTG-1	OZ258728_1_ORF2	1	1	40	40	TRUE	TRUE
CAGGTCAAGGAGTGCC-1	MZ286188_1_ORF2	0	0	1	1	FALSE	FALSE
CAGGTCAAGGGCAACC-1	MZ286258_1_ORF2	0	0	2	3	FALSE	TRUE
CAGGTCAAGTATGGTA-1	MZ286188_1_ORF1	0	0	1	1	FALSE	TRUE
CAGGTGCAGAGGACTT-1	MZ286102_1_ORF2	1	1	20	20	TRUE	TRUE
CAGGTGCAGATGCGGC-1	OZ258728_1_ORF1	0	0	1	1	FALSE	FALSE
CAGGTGCAGATTAGGC-1	MZ286102_1_ORF2	2	1	10	17	FALSE	TRUE
CAGGTGCAGGACGTTG-1	MZ286197_1_ORF2	1	0	8	9	TRUE	TRUE
CAGGTGCAGGAGCATT-1	MZ286197_1_ORF1	1	0	5	5	TRUE	TRUE
CAGGTGCAGGGGTCTA-1	MZ286197_1_ORF2	0	0	2	2	TRUE	TRUE
CAGGTGCAGGGTGTCA-1	MZ286197_1_ORF1	0	0	1	1	FALSE	FALSE
CAGGTGCAGTAAGGTC-1	MZ286188_1_ORF1	1	0	6	6	TRUE	TRUE
CAGGTGCAGTTACCAT-1	OZ258728_1_ORF2	0	0	1	1	FALSE	FALSE
CAGTAACAGACTTGCC-1	OZ258728_1_ORF1	2	2	36	70	FALSE	TRUE
CAGTAACAGATTCGGG-1	meGFP	0	0	1	1	FALSE	TRUE
CAGTAACAGCGACGGT-1	MZ286258_1_ORF2	1	0	9	9	TRUE	TRUE
CAGTAACAGCGGATTG-1	OP549859_1_ORF1	0	0	1	1	FALSE	TRUE
CAGTAACAGGCTTCAC-1	meGFP	1	0	4	6	TRUE	TRUE
CAGTAACAGGTTCGGA-1	MZ286258_1_ORF2	1	1	28	28	TRUE	TRUE
CAGTACCTCATGGCTC-1	OZ258728_1_ORF2	0	0	1	1	FALSE	FALSE
CAGTACCTCCAGAGAT-1	meGFP	0	0	1	1	FALSE	TRUE
CAGTACCTCCAGAGGC-1	OP549859_1_ORF1	0	0	2	2	TRUE	FALSE
CAGTACCTCCATAGCC-1	OZ258728_1_ORF2	0	0	1	1	FALSE	TRUE
CAGTACCTCCTCATAG-1	OP549859_1_ORF1	0	0	1	1	FALSE	TRUE
CAGTACCTCGATGGGC-1	MZ286197_1_ORF2	0	0	1	1	FALSE	FALSE
CAGTACCTCGCGGAGT-1	OP549859_1_ORF1	0	0	1	1	FALSE	TRUE
CAGTACCTCTCTGGTA-1	meGFP	0	0	1	1	FALSE	TRUE
CAGTCCCCAAACCACA-1	MZ286258_1_ORF2	0	0	1	1	FALSE	TRUE
CAGTCCCCAAGCCACG-1	OZ258728_1_ORF2	1	1	75	76	TRUE	TRUE
CAGTCCCCACAATCCT-1	MZ286258_1_ORF2	1	1	11	11	TRUE	TRUE
CAGTCCCCAGATCCTT-1	MZ286188_1_ORF1	2	0	8	16	FALSE	TRUE
CAGTCCCCATTCGCTG-1	MZ286188_1_ORF2	1	0	7	8	TRUE	TRUE
CAGTCTCAGAGGCGAG-1	OP549859_1_ORF1	0	0	1	1	FALSE	FALSE
CAGTCTCAGCCTAATT-1	MZ286102_1_ORF1	0	0	1	1	FALSE	TRUE
CAGTCTCAGCGGAACC-1	OZ258728_1_ORF2	0	0	1	1	FALSE	FALSE
CAGTCTCAGGTAGACT-1	OZ258728_1_ORF2	1	1	22	24	TRUE	TRUE
CAGTCTCAGGTCGTCT-1	MZ286197_1_ORF1	0	0	1	1	FALSE	TRUE
CAGTCTCAGGTGGACC-1	MZ286197_1_ORF1	0	0	2	5	FALSE	TRUE
CAGTTTAGTAGCGAGT-1	MZ286258_1_ORF1	0	0	1	2	FALSE	TRUE
CAGTTTAGTCCATTAA-1	MZ286197_1_ORF1	1	1	13	14	TRUE	TRUE
CAGTTTAGTTCATCGG-1	MZ286197_1_ORF1	0	0	1	1	FALSE	TRUE
CAGTTTAGTTCCAACG-1	OZ258728_1_ORF2	1	1	14	14	TRUE	TRUE
CAGTTTAGTTCCGCAA-1	meGFP	1	1	19	19	TRUE	TRUE
CAGTTTAGTTTAATCG-1	MZ286258_1_ORF2	1	0	6	6	TRUE	TRUE
CAGTTTAGTTTCAAGC-1	OZ258728_1_ORF2	0	0	1	1	FALSE	FALSE
CATAACTTCACGAAGT-1	MZ286197_1_ORF2	1	0	9	12	TRUE	TRUE
CATAACTTCACGCTTA-1	MZ286258_1_ORF2	1	1	11	12	TRUE	TRUE
CATAACTTCAGCCGAA-1	meGFP	0	0	1	1	FALSE	FALSE
CATAACTTCCATTCCT-1	OP549859_1_ORF1	0	0	1	1	FALSE	TRUE
CATAACTTCGCCTGTG-1	OP549859_1_ORF1	0	0	1	1	FALSE	TRUE
CATAACTTCGGATGCA-1	OZ258728_1_ORF2	1	1	37	37	TRUE	TRUE
CATAACTTCTCGCTCC-1	OZ258728_1_ORF2	0	0	1	1	FALSE	FALSE
CATAACTTCTGATAGA-1	MZ286188_1_ORF1	1	1	23	23	TRUE	TRUE
CATAACTTCTGCACTA-1	MZ286258_1_ORF1	1	1	24	25	TRUE	TRUE
CATAAGGGTAGGATAT-1	MZ286258_1_ORF2	1	0	5	6	TRUE	TRUE
CATAAGGGTAGTCGGG-1	OZ258728_1_ORF2	1	1	68	69	TRUE	TRUE
CATAAGGGTATCTGGT-1	OZ258728_1_ORF2	0	0	1	2	FALSE	TRUE
CATAAGGGTCAGGGAT-1	OZ258728_1_ORF2	0	0	1	1	FALSE	FALSE
CATAAGGGTCCAACTG-1	MZ286102_1_ORF2	1	0	8	8	TRUE	TRUE
CATAAGGGTCTTGACG-1	OZ258728_1_ORF2	0	0	1	2	FALSE	FALSE
CATAAGGGTGATGTAG-1	OZ258728_1_ORF2	0	0	1	1	FALSE	TRUE
CATAAGGGTGCTGGCT-1	meGFP	0	0	1	1	FALSE	TRUE
CATAAGGGTTACGCCA-1	MZ286258_1_ORF2	0	0	3	3	TRUE	TRUE
CATAAGGGTTTCGGGC-1	OZ258728_1_ORF2	0	0	1	1	FALSE	FALSE
CATACTTAGACCGATG-1	OZ258728_1_ORF2	0	0	1	1	FALSE	FALSE
CATACTTAGAGGACTT-1	OP549859_1_ORF2	0	0	1	1	FALSE	FALSE
CATACTTAGCGAGAGG-1	OP549859_1_ORF2	1	0	5	5	TRUE	TRUE
CATACTTAGCTGGACA-1	OZ258728_1_ORF2	0	0	1	1	FALSE	FALSE
CATACTTAGGATCGTG-1	OZ258728_1_ORF1	1	0	7	8	TRUE	TRUE
CATAGAATCAGGACGC-1	OP549859_1_ORF1	0	0	1	2	FALSE	TRUE
CATAGAATCATGATCT-1	OP549859_1_ORF2	0	0	1	1	FALSE	TRUE
CATAGAATCATGGAAC-1	OZ258728_1_ORF2	2	1	22	27	TRUE	TRUE
CATAGAATCCGCGCTA-1	OZ258728_1_ORF2	0	0	1	1	FALSE	TRUE
CATAGAATCCTCCGTC-1	MZ286258_1_ORF2	0	0	1	2	FALSE	TRUE
CATAGAATCGGTTAGG-1	OZ258728_1_ORF2	0	0	1	1	FALSE	TRUE
CATAGAATCTGAGTAA-1	OP549859_1_ORF1	0	0	1	1	FALSE	TRUE
CATAGCTGTAACCGGG-1	meGFP	0	0	1	1	FALSE	FALSE
CATAGCTGTAATGCAG-1	OZ258728_1_ORF2	1	1	43	43	TRUE	TRUE
CATAGCTGTACTTACA-1	OZ258728_1_ORF1	1	0	5	5	TRUE	FALSE
CATAGCTGTAGCCATT-1	OP549859_1_ORF1	0	0	1	1	FALSE	FALSE
CATAGCTGTGATAGTG-1	OZ258728_1_ORF2	1	0	6	7	TRUE	TRUE
CATAGCTGTGATCGTT-1	OZ258728_1_ORF2	0	0	1	3	FALSE	TRUE
CATAGCTGTTCACGAT-1	meGFP	1	1	44	45	TRUE	TRUE
CATAGCTGTTGCAGTT-1	meGFP	2	2	22	34	FALSE	TRUE
CATAGTTTCATCAATC-1	MZ286258_1_ORF1	0	0	1	1	FALSE	FALSE
CATAGTTTCCGGATTC-1	OZ258728_1_ORF2	0	0	1	1	FALSE	TRUE
CATAGTTTCTGCACCG-1	OZ258728_1_ORF2	0	0	2	3	FALSE	TRUE
CATCAGTGTATCCCGA-1	OZ258728_1_ORF2	0	0	1	1	FALSE	FALSE
CATCAGTGTCAAGCCC-1	MZ286102_1_ORF2	1	0	6	6	TRUE	TRUE
CATCAGTGTCGATGCC-1	meGFP	0	0	1	1	FALSE	FALSE
CATCAGTGTGGAAGGA-1	meGFP	0	0	1	1	FALSE	FALSE
CATCAGTGTTGGGATA-1	OP549859_1_ORF1	0	0	1	2	FALSE	TRUE
CATCATAGTACACTAC-1	MZ286188_1_ORF2	0	0	3	5	FALSE	TRUE
CATCATAGTAGCATAG-1	OZ258728_1_ORF2	1	1	55	55	TRUE	TRUE
CATCATAGTAGCGAGT-1	OZ258728_1_ORF2	0	0	1	1	FALSE	FALSE
CATCATAGTAGTCCTG-1	MZ286102_1_ORF2	1	1	13	13	TRUE	TRUE
CATCATAGTAGTGGCG-1	OP549859_1_ORF2	0	0	1	2	FALSE	TRUE
CATCATAGTCAGCCGT-1	OZ258728_1_ORF2	0	0	1	1	FALSE	FALSE
CATCATAGTCTGGCGT-1	MZ286258_1_ORF1	0	0	1	1	FALSE	TRUE
CATCATAGTGAGACCG-1	MZ286258_1_ORF2	0	0	2	2	TRUE	TRUE
CATCATAGTTCTATGA-1	OP549859_1_ORF2	1	0	5	5	TRUE	TRUE
CATCATAGTTTCCTAT-1	OZ258728_1_ORF2	0	0	1	1	FALSE	FALSE
CATCATAGTTTCCTGC-1	MZ286188_1_ORF2	1	0	4	4	TRUE	TRUE
CATCCCACACCCAGCT-1	MZ286102_1_ORF2	1	0	6	6	TRUE	TRUE
CATCCCACACGCCATC-1	OZ258728_1_ORF2	0	0	2	2	TRUE	FALSE
CATCCCACACGGATCG-1	MZ286258_1_ORF1	0	0	1	1	FALSE	FALSE
CATCCCACACTGACTT-1	OZ258728_1_ORF1	1	1	16	16	TRUE	TRUE
CATCCCACAGCTTGGG-1	OZ258728_1_ORF2	0	0	1	1	FALSE	FALSE
CATCCCACAGGCAACT-1	meGFP	1	1	30	31	TRUE	TRUE
CATCCCACATGCTCGC-1	OZ258728_1_ORF2	1	1	20	20	TRUE	TRUE
CATCCCTGTACCCAGC-1	MZ286197_1_ORF2	0	0	1	1	FALSE	FALSE
CATCCCTGTCATCGTG-1	OZ258728_1_ORF2	0	0	1	1	FALSE	FALSE
CATCCCTGTCCGCGAT-1	MZ286197_1_ORF2	0	0	2	2	TRUE	TRUE
CATCCCTGTCGCGTGT-1	OP549859_1_ORF2	0	0	1	1	FALSE	FALSE
CATCCCTGTCTTAATG-1	meGFP	0	0	1	1	FALSE	FALSE
CATCCCTGTGGATGAC-1	OP549859_1_ORF1	0	0	1	1	FALSE	TRUE
CATCCCTGTTAATTCG-1	MZ286258_1_ORF1	0	0	1	1	FALSE	FALSE
CATCCCTGTTGCAATC-1	OZ258728_1_ORF2	0	0	1	1	FALSE	FALSE
CATCCCTGTTTCAAGC-1	OZ258728_1_ORF2	0	0	1	1	FALSE	FALSE
CATCCGCCAAACTAAC-1	MZ286258_1_ORF1	1	0	6	6	TRUE	TRUE
CATCCGCCAAGATTAC-1	MZ286102_1_ORF2	1	0	8	8	TRUE	TRUE
CATCCGCCAGAACTAT-1	MZ286188_1_ORF2	0	0	1	1	FALSE	TRUE
CATCCGCCAGCGCACA-1	MZ286258_1_ORF2	0	0	1	1	FALSE	FALSE
CATCCGCCAGGCATTA-1	MZ286197_1_ORF2	0	0	3	4	TRUE	TRUE
CATCCGCCAGGCGCTA-1	MZ286102_1_ORF1	0	0	1	1	FALSE	FALSE
CATCCGCCAGGCTATA-1	OP549859_1_ORF2	1	0	5	5	TRUE	TRUE
CATCCGCCAGTTGCTT-1	OP549859_1_ORF2	0	0	1	1	FALSE	TRUE
CATCCGCCATCAAGTG-1	MZ286188_1_ORF1	0	0	1	1	FALSE	TRUE
CATCCGCCATCCCGAC-1	OZ258728_1_ORF2	0	0	1	2	FALSE	TRUE
CATCCGCCATGAGCCG-1	OZ258728_1_ORF1	0	0	2	2	TRUE	TRUE
CATCCTCGTAGTGACA-1	meGFP	0	0	1	1	FALSE	FALSE
CATCCTCGTATAGACG-1	MZ286102_1_ORF1	0	0	1	1	FALSE	FALSE
CATCCTCGTGAAGGCT-1	meGFP	0	0	1	1	FALSE	FALSE
CATCCTGCACAACCAA-1	MZ286258_1_ORF2	1	0	9	9	TRUE	TRUE
CATCCTGCACTCGCTA-1	MZ286102_1_ORF2	0	0	1	1	FALSE	FALSE
CATCCTGCAGGGTAAG-1	MZ286258_1_ORF1	0	0	3	3	TRUE	TRUE
CATCCTGCATCCATAC-1	MZ286258_1_ORF2	1	1	15	15	TRUE	TRUE
CATCCTGCATCCCAAT-1	OZ258728_1_ORF2	0	0	1	1	FALSE	FALSE
CATCCTGCATTCGCTG-1	MZ286258_1_ORF1	0	0	1	1	FALSE	TRUE
CATCGAGAGCACGTAG-1	OZ258728_1_ORF2	0	0	1	1	FALSE	TRUE
CATCGAGAGCGCTAGA-1	MZ286188_1_ORF2	0	0	1	1	FALSE	TRUE
CATCGAGAGCGGAACC-1	OZ258728_1_ORF2	0	0	1	1	FALSE	FALSE
CATCGAGAGGAAGTAG-1	OP549859_1_ORF2	0	0	1	1	FALSE	TRUE
CATCGAGAGGAGTGCC-1	MZ286188_1_ORF1	1	1	60	60	TRUE	TRUE
CATCGAGAGGGACTCA-1	MZ286258_1_ORF1	0	0	1	1	FALSE	TRUE
CATCGAGAGGGCAGGA-1	MZ286188_1_ORF1	1	1	46	46	TRUE	TRUE
CATCGAGAGGGTTGCA-1	MZ286188_1_ORF1	0	0	1	1	FALSE	FALSE
CATCGAGAGGTTCATT-1	MZ286102_1_ORF2	0	0	3	4	TRUE	FALSE
CATCGAGAGGTTCCCG-1	OP549859_1_ORF2	1	1	23	24	TRUE	TRUE
CATCGAGAGTATCGGG-1	MZ286258_1_ORF2	0	0	1	1	FALSE	FALSE
CATCGAGAGTGCCTGT-1	MZ286188_1_ORF1	1	1	19	19	TRUE	TRUE
CATCGAGAGTTAACCT-1	OP549859_1_ORF2	0	0	1	1	FALSE	FALSE
CATCGTTCAACAGACC-1	MZ286188_1_ORF1	0	0	3	5	FALSE	TRUE
CATCGTTCAATACCCT-1	OZ258728_1_ORF2	1	1	32	35	TRUE	TRUE
CATCGTTCACATGCTT-1	meGFP	0	0	1	1	FALSE	TRUE
CATCGTTCACTACGGG-1	MZ286102_1_ORF2	1	0	8	8	TRUE	TRUE
CATCGTTCACTCGCTA-1	MZ286258_1_ORF1	0	0	1	2	FALSE	TRUE
CATCGTTCAGGTCGAT-1	meGFP	1	1	11	11	TRUE	TRUE
CATCGTTCAGTGAATT-1	OZ258728_1_ORF2	0	0	1	1	FALSE	TRUE
CATCGTTCATACCGGG-1	OP549859_1_ORF2	0	0	1	1	FALSE	FALSE
CATCGTTCATTGGATG-1	MZ286188_1_ORF2	1	0	5	6	TRUE	TRUE
CATCTTACAAGATGGG-1	OZ258728_1_ORF2	1	1	22	22	TRUE	FALSE
CATCTTACAATGGGTC-1	OZ258728_1_ORF2	0	0	1	1	FALSE	FALSE
CATCTTACACGGATTA-1	MZ286102_1_ORF2	0	0	1	1	FALSE	FALSE
CATCTTACACGTGCCT-1	meGFP	0	0	1	1	FALSE	FALSE
CATCTTACAGACATTG-1	MZ286102_1_ORF1	2	1	12	21	FALSE	TRUE
CATCTTACATTAACGG-1	MZ286258_1_ORF1	1	0	5	6	TRUE	TRUE
CATGATTTCAACCTTG-1	MZ286197_1_ORF1	1	1	11	11	TRUE	TRUE
CATGATTTCACATGCC-1	MZ286102_1_ORF2	0	0	1	1	FALSE	FALSE
CATGATTTCATATGTC-1	OP549859_1_ORF1	1	1	47	47	TRUE	TRUE
CATGATTTCCAATGCC-1	meGFP	1	1	12	13	TRUE	TRUE
CATGATTTCCGTGGAA-1	meGFP	1	0	6	6	TRUE	TRUE
CATGATTTCGCAAGGC-1	OZ258728_1_ORF1	1	1	33	33	TRUE	TRUE
CATGATTTCGCGTCCA-1	OZ258728_1_ORF2	0	0	1	1	FALSE	TRUE
CATGATTTCGGCTTCG-1	OP549859_1_ORF1	0	0	1	1	FALSE	FALSE
CATGATTTCGGTTAGG-1	OZ258728_1_ORF1	1	0	9	10	TRUE	TRUE
CATGATTTCTCTGGCG-1	OZ258728_1_ORF2	0	0	2	2	TRUE	FALSE
CATGGCCGTAAGCATG-1	MZ286258_1_ORF2	1	0	5	5	TRUE	TRUE
CATGGCCGTCGACCGT-1	OZ258728_1_ORF2	0	0	1	1	FALSE	FALSE
CATGGCCGTGATAGTG-1	MZ286102_1_ORF1	0	0	1	1	FALSE	FALSE
CATGGCCGTGTCCTTC-1	MZ286258_1_ORF2	1	0	4	4	TRUE	TRUE
CATGGCCGTGTGTCAT-1	OZ258728_1_ORF2	0	0	1	1	FALSE	FALSE
CATTAACTCGGCTCCA-1	MZ286258_1_ORF2	1	0	4	5	TRUE	TRUE
CATTAACTCTAACTAC-1	OZ258728_1_ORF2	1	0	8	11	TRUE	TRUE
CATTAACTCTCGAGCT-1	OZ258728_1_ORF1	0	0	1	3	FALSE	TRUE
CATTAACTCTGGAAGT-1	MZ286102_1_ORF2	2	1	20	29	FALSE	TRUE
CATTAACTCTGGGACA-1	MZ286188_1_ORF1	0	0	1	1	FALSE	TRUE
CATTACTAGACATTAG-1	MZ286188_1_ORF2	0	0	1	1	FALSE	TRUE
CATTACTAGACTCGCT-1	OP549859_1_ORF2	0	0	1	1	FALSE	FALSE
CATTACTAGATATCCT-1	OP549859_1_ORF1	0	0	1	1	FALSE	TRUE
CATTACTAGCGCTAGA-1	meGFP	1	1	26	27	TRUE	TRUE
CATTACTAGCTTGATT-1	meGFP	0	0	1	1	FALSE	TRUE
CATTACTAGGAGGAGT-1	MZ286258_1_ORF2	1	1	10	10	TRUE	TRUE
CATTACTAGGGTTCGA-1	MZ286258_1_ORF1	1	1	40	41	TRUE	TRUE
CATTACTAGTTACCGC-1	OP549859_1_ORF2	0	0	2	4	FALSE	TRUE
CATTAGGCAAGCGAAG-1	OZ258728_1_ORF2	0	0	3	7	FALSE	TRUE
CATTAGGCAAGTGAGG-1	OZ258728_1_ORF1	0	0	1	1	FALSE	FALSE
CATTAGGCACGGTAAC-1	meGFP	0	0	1	1	FALSE	FALSE
CATTAGGCAGAGGTTC-1	MZ286197_1_ORF1	1	0	7	8	TRUE	TRUE
CATTAGGCAGCCCGAA-1	OP549859_1_ORF1	1	1	42	42	TRUE	TRUE
CATTAGGCAGTTCGCC-1	OZ258728_1_ORF2	1	0	7	8	TRUE	TRUE
CATTAGGCATAACGAT-1	MZ286102_1_ORF2	0	0	1	1	FALSE	TRUE
CATTCATAGACATCCC-1	OP549859_1_ORF1	0	0	3	3	TRUE	TRUE
CATTCATAGCGGATCA-1	MZ286258_1_ORF1	0	0	1	1	FALSE	TRUE
CATTCATAGGCCTAAG-1	MZ286102_1_ORF1	0	0	1	1	FALSE	FALSE
CATTCATAGGCTTCAC-1	OP549859_1_ORF1	0	0	1	1	FALSE	TRUE
CATTCATAGGGAGTAA-1	MZ286258_1_ORF1	0	0	1	1	FALSE	TRUE
CATTCATAGTCCGCTG-1	meGFP	0	0	1	1	FALSE	FALSE
CATTCATAGTGGATTA-1	MZ286102_1_ORF1	0	0	1	1	FALSE	FALSE
CATTCTGAGAAGCGCC-1	OP549859_1_ORF1	0	0	3	4	TRUE	TRUE
CATTCTGAGACTCGCT-1	OP549859_1_ORF1	0	0	1	1	FALSE	TRUE
CATTCTGAGCCACAGA-1	MZ286197_1_ORF1	0	0	1	1	FALSE	FALSE
CATTCTGAGCCTCACG-1	OP549859_1_ORF2	0	0	1	1	FALSE	FALSE
CATTCTGAGGTTCGGA-1	OP549859_1_ORF1	1	0	6	6	TRUE	TRUE
CATTCTGAGTGCAACG-1	MZ286102_1_ORF1	0	0	1	1	FALSE	TRUE
CATTGCTCAACAGGCT-1	MZ286258_1_ORF2	1	0	8	8	TRUE	TRUE
CATTGCTCAAGTCGGT-1	MZ286102_1_ORF1	0	0	3	3	TRUE	TRUE
CATTGCTCAATTGGTG-1	MZ286102_1_ORF2	1	1	25	26	TRUE	TRUE
CATTGCTCACGCCTGT-1	OZ258728_1_ORF2	0	0	1	1	FALSE	FALSE
CATTGCTCAGCTGCGA-1	MZ286258_1_ORF2	0	0	1	1	FALSE	TRUE
CATTGCTCAGGGTCCA-1	MZ286102_1_ORF2	1	1	27	28	TRUE	TRUE
CATTGCTCATCAGAGC-1	MZ286188_1_ORF1	0	0	3	3	TRUE	TRUE
CATTTCCTCACCAATT-1	MZ286102_1_ORF2	0	0	1	1	FALSE	FALSE
CATTTCCTCCAACCTA-1	MZ286188_1_ORF1	1	1	19	19	TRUE	TRUE
CATTTCCTCCTGCCTC-1	OP549859_1_ORF1	0	0	1	1	FALSE	FALSE
CATTTCCTCGCCTGCA-1	MZ286102_1_ORF2	1	0	4	4	TRUE	TRUE
CATTTCCTCGGCCATT-1	MZ286188_1_ORF1	1	1	37	37	TRUE	TRUE
CATTTCCTCGGGACTA-1	meGFP	0	0	1	1	FALSE	TRUE
CATTTCCTCGTTCCGG-1	meGFP	0	0	1	1	FALSE	TRUE
CATTTCCTCTAATGGA-1	MZ286197_1_ORF1	1	1	29	29	TRUE	TRUE
CATTTCCTCTCTATCC-1	OP549859_1_ORF1	0	0	1	1	FALSE	FALSE
CCAAAGTAGCCACTCG-1	OZ258728_1_ORF2	0	0	1	1	FALSE	FALSE
CCAAAGTAGCCACTTA-1	MZ286102_1_ORF2	1	1	19	19	TRUE	TRUE
CCAAAGTAGCGATTCC-1	MZ286102_1_ORF1	0	0	1	2	FALSE	TRUE
CCAAAGTAGCGTACCT-1	OZ258728_1_ORF2	0	0	1	1	FALSE	FALSE
CCAAAGTAGGAAGGGT-1	MZ286102_1_ORF2	1	1	10	10	TRUE	TRUE
CCAAAGTAGGATCGTG-1	MZ286102_1_ORF2	0	0	1	1	FALSE	FALSE
CCAAAGTAGGCTACAG-1	meGFP	0	0	1	1	FALSE	FALSE
CCAAAGTAGGGGCAAG-1	MZ286188_1_ORF1	0	0	1	1	FALSE	TRUE
CCAAAGTAGTGTGTCC-1	OZ258728_1_ORF2	0	0	1	1	FALSE	FALSE
CCAACCAGTATGGTTC-1	MZ286258_1_ORF1	1	0	4	4	TRUE	TRUE
CCAACCAGTCCATCCT-1	OZ258728_1_ORF2	0	0	1	1	FALSE	TRUE
CCAACCAGTGAGGAGA-1	OZ258728_1_ORF1	1	1	17	20	TRUE	TRUE
CCAACCCCAATTGCAG-1	MZ286102_1_ORF2	0	0	1	1	FALSE	FALSE
CCAACCCCACAAGGCT-1	MZ286102_1_ORF2	0	0	1	1	FALSE	FALSE
CCAACCCCACCACACC-1	MZ286258_1_ORF2	0	0	1	1	FALSE	TRUE
CCAACCCCACGTATAG-1	OZ258728_1_ORF2	0	0	1	2	FALSE	TRUE
CCAACCCCAGCCGATG-1	MZ286102_1_ORF2	1	0	6	6	TRUE	TRUE
CCAACCCCAGCCTCGT-1	MZ286102_1_ORF2	1	0	6	6	TRUE	TRUE
CCAACCCCATAGCGCG-1	OP549859_1_ORF2	0	0	3	4	TRUE	TRUE
CCAACCGTCATTAACC-1	MZ286258_1_ORF1	0	0	1	1	FALSE	FALSE
CCAACCGTCGCACCAT-1	MZ286197_1_ORF2	1	0	4	5	TRUE	TRUE
CCAACCGTCTCCATCT-1	OZ258728_1_ORF1	0	0	1	1	FALSE	TRUE
CCAACCGTCTGTCGGT-1	MZ286258_1_ORF1	0	0	1	2	FALSE	TRUE
CCAACCTAGATAGTCA-1	meGFP	0	0	1	1	FALSE	FALSE
CCAACCTAGCTAACCC-1	meGFP	1	1	25	25	TRUE	TRUE
CCAACCTAGCTGGTTC-1	meGFP	1	0	9	9	TRUE	TRUE
CCAACCTAGGATGGTT-1	MZ286188_1_ORF1	0	0	1	1	FALSE	FALSE
CCAACCTAGGCAGGGA-1	meGFP	0	0	1	1	FALSE	FALSE
CCAACCTAGGCTCTGT-1	OZ258728_1_ORF1	0	0	1	1	FALSE	TRUE
CCAACCTAGGCTTCAC-1	OZ258728_1_ORF2	0	0	1	1	FALSE	TRUE
CCAACCTAGGGTTGCA-1	OZ258728_1_ORF2	0	0	1	1	FALSE	FALSE
CCAACCTAGTCTCACA-1	meGFP	0	0	1	1	FALSE	FALSE
CCAACGAAGACTCATT-1	OZ258728_1_ORF1	0	0	1	1	FALSE	FALSE
CCAACGAAGAGTCCCT-1	OZ258728_1_ORF2	0	0	1	1	FALSE	TRUE
CCAACGAAGTAACCAA-1	MZ286258_1_ORF2	0	0	1	1	FALSE	FALSE
CCAAGACCAAAGGCGA-1	OZ258728_1_ORF2	1	1	81	81	TRUE	TRUE
CCAAGACCACGGATCG-1	MZ286102_1_ORF1	1	0	9	10	TRUE	TRUE
CCAAGACCAGAGGTTC-1	MZ286102_1_ORF2	0	0	1	1	FALSE	FALSE
CCAAGACCATGCAGGT-1	MZ286188_1_ORF1	1	0	7	7	TRUE	TRUE
CCAAGACCATGTCGAA-1	MZ286188_1_ORF1	1	1	31	32	TRUE	TRUE
CCAAGTGAGAGGCATT-1	MZ286197_1_ORF1	0	0	1	3	FALSE	TRUE
CCAAGTGAGATCAGTA-1	MZ286258_1_ORF1	0	0	1	1	FALSE	FALSE
CCAAGTGAGCAAGCTG-1	MZ286197_1_ORF1	0	0	1	1	FALSE	FALSE
CCAAGTGAGGAATGAG-1	OZ258728_1_ORF2	0	0	1	1	FALSE	FALSE
CCAATCGGTAAGCTAG-1	MZ286197_1_ORF2	0	0	2	3	FALSE	TRUE
CCAATCGGTACTGCCA-1	meGFP	0	0	1	1	FALSE	FALSE
CCAATCGGTAGCTCGC-1	MZ286197_1_ORF1	0	0	1	1	FALSE	TRUE
CCAATCGGTCCGGGTT-1	OP549859_1_ORF2	0	0	1	1	FALSE	TRUE
CCAATCGGTGCTTCCT-1	MZ286258_1_ORF2	1	0	7	7	TRUE	TRUE
CCAATCGGTTGCAATC-1	MZ286102_1_ORF2	0	0	1	2	FALSE	TRUE
CCACACCCAAACGGCT-1	meGFP	1	1	15	16	TRUE	TRUE
CCACACCCAACCTTAC-1	MZ286102_1_ORF2	0	0	1	1	FALSE	TRUE
CCACACCCAATTGAAC-1	meGFP	0	0	1	1	FALSE	FALSE
CCACACCCACTTCCAG-1	OP549859_1_ORF1	0	0	2	2	TRUE	TRUE
CCACACCCAGAACGCT-1	OP549859_1_ORF1	0	0	1	1	FALSE	FALSE
CCACACCCATACTCCG-1	OP549859_1_ORF1	0	0	1	1	FALSE	FALSE
CCACACCCATCCCAAT-1	OZ258728_1_ORF1	0	0	1	1	FALSE	FALSE
CCACCTTGTAATCCGT-1	MZ286197_1_ORF1	0	0	1	1	FALSE	TRUE
CCACCTTGTACCCAAT-1	MZ286102_1_ORF1	0	0	1	1	FALSE	FALSE
CCACCTTGTACGCCTA-1	OP549859_1_ORF1	0	0	3	4	TRUE	TRUE
CCACCTTGTAGCGAGT-1	OZ258728_1_ORF2	0	0	1	1	FALSE	TRUE
CCACCTTGTCCAGCTA-1	OZ258728_1_ORF2	0	0	1	1	FALSE	TRUE
CCACCTTGTCCATGAT-1	MZ286102_1_ORF2	2	2	16	30	FALSE	TRUE
CCACCTTGTCTTGACG-1	MZ286188_1_ORF2	1	0	7	8	TRUE	TRUE
CCACCTTGTGAACGGT-1	OZ258728_1_ORF1	0	0	2	2	TRUE	TRUE
CCACCTTGTGATCCCA-1	OZ258728_1_ORF2	1	1	93	93	TRUE	TRUE
CCACCTTGTGCCTAAT-1	MZ286197_1_ORF2	0	0	3	3	TRUE	TRUE
CCACGCATCCGGCTTG-1	MZ286102_1_ORF2	0	0	1	1	FALSE	TRUE
CCACGCATCCTGGGAA-1	MZ286188_1_ORF1	0	0	1	1	FALSE	FALSE
CCACGCATCGAGCGGT-1	OZ258728_1_ORF2	0	0	1	1	FALSE	FALSE
CCACGCATCGATCCCG-1	MZ286102_1_ORF2	0	0	2	6	FALSE	TRUE
CCACGCATCGCCTCTC-1	MZ286197_1_ORF2	1	0	4	4	TRUE	TRUE
CCACGCATCGCTAGTC-1	MZ286102_1_ORF2	1	1	12	14	TRUE	TRUE
CCACGCATCTTGAGTT-1	MZ286102_1_ORF1	0	0	1	1	FALSE	FALSE
CCACTCCTCAATCCAT-1	OZ258728_1_ORF2	0	0	1	1	FALSE	FALSE
CCACTCCTCAGGCTAG-1	MZ286102_1_ORF2	0	0	1	1	FALSE	TRUE
CCACTCCTCCATAGCC-1	OZ258728_1_ORF2	0	0	1	1	FALSE	FALSE
CCACTCCTCCCATCGG-1	MZ286102_1_ORF2	0	0	1	1	FALSE	FALSE
CCACTCCTCTGATTAC-1	OZ258728_1_ORF1	0	0	1	1	FALSE	FALSE
CCACTCCTCTTGGATT-1	MZ286258_1_ORF2	0	0	1	1	FALSE	FALSE
CCAGCTCCAACAGATT-1	OZ258728_1_ORF1	0	0	1	1	FALSE	FALSE
CCAGCTCCAATTGCAG-1	MZ286197_1_ORF2	0	0	1	1	FALSE	FALSE
CCAGCTCCACAACGGT-1	MZ286258_1_ORF1	1	1	10	10	TRUE	TRUE
CCAGCTCCACATGCGG-1	OZ258728_1_ORF2	0	0	1	2	FALSE	TRUE
CCAGCTCCACGTGGAT-1	OZ258728_1_ORF1	1	1	29	29	TRUE	TRUE
CCAGCTCCATCCTTCC-1	MZ286188_1_ORF1	0	0	1	1	FALSE	TRUE
CCAGCTCCATTGAGGC-1	MZ286258_1_ORF2	0	0	3	4	TRUE	TRUE
CCAGGGAGTACCGATT-1	OP549859_1_ORF2	1	0	5	6	TRUE	TRUE
CCAGGGAGTACGTAAG-1	meGFP	0	0	1	1	FALSE	FALSE
CCAGGGAGTATTGCGT-1	meGFP	0	0	1	1	FALSE	TRUE
CCAGGGAGTCAGCCAC-1	OZ258728_1_ORF2	1	1	63	65	TRUE	TRUE
CCAGGGAGTCCAGCTA-1	MZ286102_1_ORF2	1	0	8	8	TRUE	TRUE
CCAGGGAGTGACCTTG-1	MZ286102_1_ORF2	0	0	1	1	FALSE	TRUE
CCAGGGAGTGTCTGTG-1	OZ258728_1_ORF2	0	0	1	1	FALSE	FALSE
CCAGGGAGTTACTTGA-1	MZ286188_1_ORF2	0	0	1	1	FALSE	TRUE
CCAGTATGTCTAGTGT-1	MZ286258_1_ORF2	1	1	24	26	TRUE	TRUE
CCAGTATGTCTTGGGC-1	meGFP	0	0	1	1	FALSE	FALSE
CCAGTATGTGATCCCA-1	MZ286197_1_ORF1	0	0	1	1	FALSE	TRUE
CCAGTATGTGTCAGTT-1	MZ286197_1_ORF1	0	0	1	1	FALSE	FALSE
CCAGTATGTTACGTTA-1	MZ286102_1_ORF2	0	0	1	1	FALSE	TRUE
CCAGTTTCAACCTCGC-1	meGFP	0	0	1	1	FALSE	FALSE
CCAGTTTCACGGTAAC-1	MZ286258_1_ORF2	1	0	4	4	TRUE	TRUE
CCAGTTTCACTTCGGC-1	OZ258728_1_ORF2	1	1	33	34	TRUE	TRUE
CCAGTTTCAGCGCACA-1	MZ286258_1_ORF2	0	0	2	5	FALSE	TRUE
CCAGTTTCAGTGTGAC-1	meGFP	0	0	1	1	FALSE	FALSE
CCAGTTTCATAGACCA-1	MZ286102_1_ORF2	1	1	14	16	TRUE	TRUE
CCAGTTTCATCCATAC-1	MZ286102_1_ORF1	0	0	1	1	FALSE	TRUE
CCAGTTTCATCGCTCA-1	MZ286258_1_ORF1	0	0	1	1	FALSE	TRUE
CCAGTTTCATGGCCTC-1	MZ286258_1_ORF2	0	0	3	3	TRUE	TRUE
CCAGTTTCATTACTCA-1	MZ286258_1_ORF2	1	1	46	50	TRUE	TRUE
CCATAACGTCTCCAAG-1	meGFP	1	1	11	11	TRUE	TRUE
CCATAACGTGCCCGAT-1	OZ258728_1_ORF2	0	0	1	1	FALSE	TRUE
CCATACATCACCACGT-1	OZ258728_1_ORF2	0	0	1	1	FALSE	TRUE
CCATACATCCAGACTC-1	MZ286258_1_ORF1	0	0	1	1	FALSE	FALSE
CCATACATCCAGAGAT-1	MZ286102_1_ORF2	0	0	1	1	FALSE	TRUE
CCATACATCCCACAGT-1	MZ286258_1_ORF1	0	0	1	2	FALSE	FALSE
CCATACATCCTCATTC-1	MZ286188_1_ORF1	1	1	13	13	TRUE	TRUE
CCATACATCGATCCCG-1	OP549859_1_ORF2	0	0	1	2	FALSE	TRUE
CCATACATCGTGAAGT-1	MZ286102_1_ORF2	1	0	5	7	TRUE	TRUE
CCATACATCGTGAGGC-1	OZ258728_1_ORF2	0	0	1	1	FALSE	FALSE
CCATACATCTAGCCCG-1	OP549859_1_ORF1	0	0	1	1	FALSE	FALSE
CCATACATCTCAGTGC-1	MZ286197_1_ORF1	0	0	1	1	FALSE	TRUE
CCATAGCTCAACTATC-1	OZ258728_1_ORF1	0	0	1	1	FALSE	TRUE
CCATAGCTCACATGAA-1	MZ286197_1_ORF1	1	1	46	46	TRUE	TRUE
CCATAGCTCACCCTGG-1	MZ286102_1_ORF1	0	0	3	5	FALSE	TRUE
CCATAGCTCATGATCT-1	OP549859_1_ORF2	1	1	16	16	TRUE	TRUE
CCATCAATCACGTGCT-1	OZ258728_1_ORF1	1	1	26	27	TRUE	FALSE
CCATCAATCATGATCT-1	meGFP	0	0	1	1	FALSE	FALSE
CCATCAATCCATTCCT-1	MZ286102_1_ORF2	0	0	1	1	FALSE	TRUE
CCATCAATCGAACTAA-1	MZ286188_1_ORF1	1	1	31	32	TRUE	TRUE
CCATCAATCTAAGCGG-1	MZ286258_1_ORF2	1	0	4	4	TRUE	TRUE
CCATCAATCTCAGCAC-1	OP549859_1_ORF1	0	0	1	1	FALSE	FALSE
CCATCCCTCAATTACC-1	MZ286102_1_ORF1	1	1	32	33	TRUE	TRUE
CCATCCCTCACCGCAT-1	meGFP	0	0	2	2	TRUE	FALSE
CCATCCCTCCACGCAT-1	MZ286258_1_ORF2	0	0	1	1	FALSE	FALSE
CCATCCCTCCGTAGCT-1	OP549859_1_ORF1	0	0	1	1	FALSE	FALSE
CCATCCCTCGAGCAGC-1	OP549859_1_ORF2	0	0	1	1	FALSE	TRUE
CCATCCCTCGTCCATA-1	OZ258728_1_ORF2	0	0	1	1	FALSE	TRUE
CCATCCCTCTGAGTCC-1	meGFP	0	0	1	1	FALSE	TRUE
CCATGAACAAACCATG-1	MZ286258_1_ORF1	1	0	9	9	TRUE	TRUE
CCATGAACAACCATTC-1	OZ258728_1_ORF1	1	1	14	14	TRUE	TRUE
CCATGAACACACACTT-1	MZ286197_1_ORF1	0	0	2	2	TRUE	FALSE
CCATGAACACGAAGGA-1	OP549859_1_ORF1	0	0	1	1	FALSE	TRUE
CCATGAACACGTTACT-1	MZ286258_1_ORF1	0	0	1	1	FALSE	FALSE
CCATGAACAGAATGGG-1	MZ286188_1_ORF1	0	0	1	1	FALSE	FALSE
CCATGACTCAAGCTCC-1	OP549859_1_ORF1	0	0	1	1	FALSE	FALSE
CCATGACTCAGTCGTC-1	meGFP	0	0	1	1	FALSE	TRUE
CCATGACTCATTCACG-1	OP549859_1_ORF1	0	0	1	1	FALSE	FALSE
CCATGACTCCAGAGAT-1	MZ286258_1_ORF2	1	0	6	7	TRUE	TRUE
CCATGACTCCCGTTGG-1	MZ286258_1_ORF2	0	0	1	1	FALSE	FALSE
CCATGACTCGATGGAT-1	MZ286102_1_ORF2	1	1	12	13	TRUE	TRUE
CCATGACTCGGTCGAA-1	MZ286258_1_ORF2	0	0	2	2	TRUE	TRUE
CCATGACTCGGTCTAC-1	OZ258728_1_ORF1	0	0	1	1	FALSE	TRUE
CCATGACTCGTACGTC-1	MZ286258_1_ORF2	1	1	13	13	TRUE	TRUE
CCATTCCGTACACTAC-1	meGFP	1	1	21	21	TRUE	TRUE
CCATTCCGTGAGGTAC-1	OZ258728_1_ORF2	0	0	1	1	FALSE	FALSE
CCATTCCGTGTTCGGC-1	OZ258728_1_ORF2	0	0	2	2	TRUE	FALSE
CCATTCCGTTATCCAA-1	OZ258728_1_ORF1	0	0	1	1	FALSE	FALSE
CCATTCCGTTTACCAA-1	MZ286102_1_ORF2	0	0	1	1	FALSE	TRUE
CCCAAGCGTAAGTAAC-1	OZ258728_1_ORF2	2	0	7	11	FALSE	TRUE
CCCAAGCGTACGCCTA-1	OP549859_1_ORF1	0	0	1	2	FALSE	FALSE
CCCAAGCGTAGCAGGT-1	MZ286188_1_ORF1	0	0	1	1	FALSE	TRUE
CCCAAGCGTCTGGCGT-1	MZ286258_1_ORF1	0	0	1	1	FALSE	FALSE
CCCAAGCGTGCTGACC-1	OZ258728_1_ORF2	1	1	51	51	TRUE	TRUE
CCCAAGCGTGGTGCGA-1	OZ258728_1_ORF2	0	0	1	1	FALSE	TRUE
CCCAAGCGTTCCAACG-1	OZ258728_1_ORF2	1	1	15	15	TRUE	TRUE
CCCAAGCGTTCGCAGC-1	MZ286188_1_ORF2	1	0	5	5	TRUE	TRUE
CCCAATATCAAGGCGC-1	OZ258728_1_ORF1	0	0	1	1	FALSE	TRUE
CCCAATATCACGCTTA-1	OZ258728_1_ORF2	0	0	1	1	FALSE	FALSE
CCCAATATCCAAGTAA-1	meGFP	0	0	1	1	FALSE	TRUE
CCCAATATCCCGTAGT-1	MZ286102_1_ORF1	0	0	3	3	TRUE	TRUE
CCCAATATCGATGTCC-1	MZ286197_1_ORF2	0	0	2	2	TRUE	TRUE
CCCAATATCGGGAACC-1	MZ286188_1_ORF2	0	0	1	1	FALSE	FALSE
CCCAATATCTCACGTA-1	OP549859_1_ORF2	1	0	8	8	TRUE	TRUE
CCCAATATCTTCGGCG-1	OZ258728_1_ORF1	2	1	38	49	TRUE	TRUE
CCCACATAGAAGGATG-1	OZ258728_1_ORF2	0	0	2	2	TRUE	FALSE
CCCACATAGAAGTGAG-1	MZ286258_1_ORF2	1	0	6	6	TRUE	TRUE
CCCACATAGACATCAA-1	meGFP	2	2	66	87	TRUE	TRUE
CCCACATAGAGGACTT-1	MZ286102_1_ORF2	1	1	21	21	TRUE	TRUE
CCCACATAGGGCAGGA-1	meGFP	1	1	39	39	TRUE	TRUE
CCCACATAGGTCCAGA-1	OP549859_1_ORF2	0	0	3	3	TRUE	TRUE
CCCACATAGTGCTGCT-1	OZ258728_1_ORF2	1	1	10	11	TRUE	TRUE
CCCACTACAAACGACC-1	MZ286258_1_ORF1	1	1	12	12	TRUE	TRUE
CCCACTACAAAGCGGA-1	OP549859_1_ORF1	1	0	7	7	TRUE	TRUE
CCCACTACAATTAAGC-1	MZ286258_1_ORF1	1	1	61	61	TRUE	TRUE
CCCACTACATATCACC-1	MZ286102_1_ORF2	1	0	4	4	TRUE	TRUE
CCCACTACATATGCTC-1	OZ258728_1_ORF2	0	0	1	1	FALSE	FALSE
CCCAGATTCACACTTG-1	OP549859_1_ORF2	1	0	5	6	TRUE	TRUE
CCCAGATTCATCCGGT-1	OZ258728_1_ORF1	0	0	1	1	FALSE	FALSE
CCCAGATTCCGACAGA-1	MZ286197_1_ORF2	0	0	1	1	FALSE	FALSE
CCCAGATTCCTGGGAA-1	OZ258728_1_ORF2	0	0	1	1	FALSE	FALSE
CCCAGATTCGAGCGGT-1	MZ286102_1_ORF2	1	1	10	11	TRUE	TRUE
CCCAGGCTCAGGATGT-1	meGFP	0	0	1	1	FALSE	FALSE
CCCAGGCTCAGGCAAT-1	OZ258728_1_ORF2	1	1	50	50	TRUE	TRUE
CCCAGGCTCAGGCTAG-1	OZ258728_1_ORF2	0	0	1	1	FALSE	TRUE
CCCAGGCTCATTCGAT-1	OZ258728_1_ORF2	0	0	1	1	FALSE	TRUE
CCCAGGCTCGAGTTGG-1	MZ286197_1_ORF1	0	0	1	1	FALSE	TRUE
CCCAGGCTCGATCGCT-1	OZ258728_1_ORF2	0	0	1	1	FALSE	FALSE
CCCAGGCTCGCCCAAT-1	meGFP	0	0	1	1	FALSE	TRUE
CCCAGGCTCGGATGCA-1	MZ286188_1_ORF1	0	0	1	1	FALSE	TRUE
CCCAGGCTCTAACCAT-1	OP549859_1_ORF2	1	1	13	14	TRUE	TRUE
CCCAGGCTCTCAGCAC-1	MZ286102_1_ORF2	0	0	1	1	FALSE	TRUE
CCCAGGTGTAATCACC-1	OP549859_1_ORF2	1	0	5	5	TRUE	TRUE
CCCAGGTGTACGGGCA-1	MZ286258_1_ORF2	0	0	3	3	TRUE	TRUE
CCCAGGTGTACTTGGT-1	MZ286102_1_ORF2	1	1	19	19	TRUE	TRUE
CCCAGGTGTAGACATG-1	MZ286102_1_ORF1	0	0	1	1	FALSE	TRUE
CCCAGGTGTCCATCCT-1	MZ286258_1_ORF2	0	0	2	3	FALSE	TRUE
CCCAGGTGTCCCATCT-1	MZ286197_1_ORF1	0	0	1	1	FALSE	FALSE
CCCAGGTGTCGTCACA-1	MZ286258_1_ORF2	0	0	1	1	FALSE	FALSE
CCCAGGTGTCTGGTCA-1	OP549859_1_ORF1	0	0	1	1	FALSE	TRUE
CCCAGGTGTGCTTCCT-1	OZ258728_1_ORF2	0	0	1	1	FALSE	FALSE
CCCAGGTGTGGGTAAC-1	MZ286258_1_ORF1	0	0	2	3	FALSE	FALSE
CCCAGTGTCACACTTG-1	OP549859_1_ORF1	1	0	4	5	TRUE	TRUE
CCCAGTGTCGCACGAA-1	MZ286197_1_ORF2	1	1	10	11	TRUE	TRUE
CCCAGTGTCGTCTAGC-1	MZ286102_1_ORF1	1	0	6	7	TRUE	TRUE
CCCAGTGTCTTGCCTT-1	OZ258728_1_ORF2	0	0	1	1	FALSE	FALSE
CCCAGTTAGAATGCTA-1	OZ258728_1_ORF2	1	1	25	25	TRUE	TRUE
CCCAGTTAGATTCGTT-1	MZ286197_1_ORF2	1	1	10	10	TRUE	TRUE
CCCAGTTAGCTTAATC-1	OZ258728_1_ORF2	1	1	45	45	TRUE	TRUE
CCCAGTTAGTATCGAA-1	OZ258728_1_ORF2	0	0	3	3	TRUE	TRUE
CCCAGTTAGTTGGCGA-1	OZ258728_1_ORF1	0	0	1	1	FALSE	FALSE
CCCATCACAACCCTGC-1	MZ286102_1_ORF1	0	0	1	2	FALSE	TRUE
CCCATCACAGATCCTT-1	MZ286102_1_ORF2	1	1	11	11	TRUE	TRUE
CCCATCACAGCTATCT-1	MZ286102_1_ORF2	0	0	3	5	FALSE	TRUE
CCCATCACAGCTGGCA-1	OZ258728_1_ORF2	0	0	1	1	FALSE	FALSE
CCCATCACAGGTACAC-1	OZ258728_1_ORF2	0	0	3	13	FALSE	TRUE
CCCATCACAGTACCTT-1	OP549859_1_ORF1	0	0	1	1	FALSE	FALSE
CCCATCACAGTTGCTT-1	meGFP	0	0	1	1	FALSE	FALSE
CCCATCACAGTTGGTA-1	meGFP	1	1	67	69	TRUE	TRUE
CCCATTAAGATCAAGC-1	OP549859_1_ORF2	0	0	1	1	FALSE	TRUE
CCCATTAAGATGCCAG-1	MZ286197_1_ORF2	1	1	16	16	TRUE	TRUE
CCCATTAAGCATCACC-1	OP549859_1_ORF2	1	1	10	10	TRUE	TRUE
CCCATTAAGCTCTCAA-1	OZ258728_1_ORF2	0	0	1	1	FALSE	TRUE
CCCATTAAGTACTTCG-1	OZ258728_1_ORF2	0	0	1	1	FALSE	FALSE
CCCGACATCAATCGAA-1	OP549859_1_ORF1	2	1	19	24	TRUE	TRUE
CCCGACATCATGGCTC-1	meGFP	0	0	1	1	FALSE	TRUE
CCCGACATCCCCGGTA-1	MZ286102_1_ORF1	0	0	1	1	FALSE	FALSE
CCCGACATCCGGATTC-1	meGFP	0	0	1	1	FALSE	FALSE
CCCGACATCCTACTGA-1	OP549859_1_ORF1	0	0	1	1	FALSE	FALSE
CCCGACATCTGCATCA-1	OZ258728_1_ORF1	0	0	2	3	FALSE	TRUE
CCCGATGTCCGAAGCA-1	OP549859_1_ORF2	0	0	1	1	FALSE	TRUE
CCCGATGTCCGTAGCT-1	meGFP	1	1	83	83	TRUE	TRUE
CCCGATGTCCGTGGAA-1	OP549859_1_ORF1	1	0	9	9	TRUE	TRUE
CCCGATGTCGAGCAGC-1	MZ286188_1_ORF1	0	0	3	3	TRUE	TRUE
CCCGATGTCGCGTTAC-1	MZ286197_1_ORF1	0	0	3	3	TRUE	TRUE
CCCGATGTCGGTAGCA-1	meGFP	0	0	1	1	FALSE	FALSE
CCCGATGTCTGCCACG-1	OP549859_1_ORF1	0	0	1	1	FALSE	FALSE
CCCGATGTCTGCCATA-1	OP549859_1_ORF1	1	1	32	32	TRUE	TRUE
CCCGATGTCTGGTTGC-1	meGFP	0	0	1	1	FALSE	FALSE
CCCGCTTTCAATCGAA-1	OP549859_1_ORF2	0	0	1	2	FALSE	TRUE
CCCGCTTTCCCGTAAC-1	meGFP	0	0	1	1	FALSE	FALSE
CCCGCTTTCCGCCACA-1	MZ286197_1_ORF2	0	0	1	1	FALSE	FALSE
CCCGCTTTCGCACCAT-1	OZ258728_1_ORF2	0	0	1	1	FALSE	TRUE
CCCGCTTTCTCCATCT-1	OZ258728_1_ORF1	1	1	15	16	TRUE	TRUE
CCCGCTTTCTGCACTA-1	OZ258728_1_ORF2	0	0	1	1	FALSE	FALSE
CCCGGTTCACAAGGGA-1	MZ286258_1_ORF2	0	0	2	4	FALSE	TRUE
CCCGGTTCACAGTATG-1	MZ286102_1_ORF2	1	0	9	11	TRUE	TRUE
CCCGGTTCACTAATGG-1	MZ286258_1_ORF2	0	0	3	3	TRUE	TRUE
CCCGGTTCAGCGCTTC-1	MZ286188_1_ORF2	1	0	5	5	TRUE	FALSE
CCCGGTTCATCCGCAC-1	OP549859_1_ORF2	0	0	2	6	FALSE	TRUE
CCCGTAGTCATTCACG-1	OP549859_1_ORF1	0	0	1	1	FALSE	FALSE
CCCGTAGTCCAAGTAA-1	MZ286258_1_ORF2	0	0	1	2	FALSE	TRUE
CCCGTAGTCCCATCAA-1	MZ286188_1_ORF2	0	0	1	2	FALSE	TRUE
CCCGTAGTCCCTTACT-1	OZ258728_1_ORF1	0	0	3	4	TRUE	TRUE
CCCGTAGTCCGAAGCA-1	meGFP	1	0	4	4	TRUE	FALSE
CCCGTAGTCGCCTCTC-1	MZ286188_1_ORF1	0	0	1	1	FALSE	TRUE
CCCGTAGTCGCGAGGT-1	OP549859_1_ORF2	0	0	1	1	FALSE	TRUE
CCCGTTCTCACCCTAA-1	MZ286258_1_ORF1	0	0	1	1	FALSE	FALSE
CCCGTTCTCACTCGCG-1	OZ258728_1_ORF2	0	0	1	1	FALSE	TRUE
CCCGTTCTCAGGCTAG-1	OP549859_1_ORF2	0	0	1	1	FALSE	FALSE
CCCGTTCTCCATTCCT-1	MZ286188_1_ORF1	0	0	1	1	FALSE	FALSE
CCCGTTCTCCCCTTCA-1	meGFP	1	1	19	21	TRUE	TRUE
CCCGTTCTCCGAAGCA-1	MZ286188_1_ORF1	0	0	1	1	FALSE	FALSE
CCCGTTCTCCGTAGCT-1	MZ286102_1_ORF2	1	0	8	8	TRUE	TRUE
CCCGTTCTCGACTCTA-1	OP549859_1_ORF2	0	0	2	2	TRUE	TRUE
CCCGTTCTCGCAACTC-1	MZ286197_1_ORF1	0	0	1	1	FALSE	TRUE
CCCGTTCTCGTCCGTG-1	OZ258728_1_ORF2	0	0	1	1	FALSE	TRUE
CCCGTTCTCTAATTGC-1	meGFP	0	0	2	2	TRUE	TRUE
CCCTAGGTCAGCTTCA-1	meGFP	0	0	1	1	FALSE	FALSE
CCCTAGGTCATCCCTT-1	meGFP	1	0	9	10	TRUE	TRUE
CCCTAGGTCCCCAAGT-1	MZ286188_1_ORF1	0	0	1	1	FALSE	FALSE
CCCTAGGTCCCTCTAT-1	MZ286258_1_ORF1	0	0	1	1	FALSE	TRUE
CCCTAGGTCCGGATGA-1	OZ258728_1_ORF2	0	0	1	1	FALSE	FALSE
CCCTAGGTCGAGGCGT-1	OZ258728_1_ORF2	1	1	61	63	TRUE	TRUE
CCCTAGGTCGCGAGGT-1	MZ286197_1_ORF1	0	0	1	1	FALSE	FALSE
CCCTAGGTCGCTTAAT-1	OP549859_1_ORF1	0	0	1	1	FALSE	FALSE
CCCTAGGTCGGCGTAA-1	OP549859_1_ORF1	1	1	64	64	TRUE	TRUE
CCCTAGGTCTACCCAA-1	meGFP	1	1	10	10	TRUE	TRUE
CCCTAGGTCTCTCAAG-1	meGFP	0	0	1	1	FALSE	FALSE
CCCTAGGTCTGGTTGC-1	OZ258728_1_ORF2	1	0	4	4	TRUE	TRUE
CCCTCACTCACATATC-1	OZ258728_1_ORF1	0	0	1	1	FALSE	FALSE
CCCTCACTCACATGCC-1	OZ258728_1_ORF1	1	1	26	28	TRUE	TRUE
CCCTCACTCAGTATCT-1	OP549859_1_ORF1	0	0	1	1	FALSE	FALSE
CCCTCACTCATACAGA-1	OZ258728_1_ORF2	0	0	2	2	TRUE	FALSE
CCCTCACTCATCCCTT-1	MZ286102_1_ORF2	0	0	1	1	FALSE	FALSE
CCCTCACTCCCCGTGA-1	OP549859_1_ORF2	1	0	4	4	TRUE	TRUE
CCCTCACTCCGACAGA-1	MZ286102_1_ORF2	1	1	10	10	TRUE	TRUE
CCCTCACTCCGTTGCG-1	MZ286102_1_ORF2	0	0	1	1	FALSE	FALSE
CCCTCACTCGAAGCGC-1	MZ286102_1_ORF2	1	0	8	9	TRUE	TRUE
CCCTCACTCGAAGTTA-1	MZ286197_1_ORF1	0	0	1	1	FALSE	FALSE
CCCTCACTCGACCTTA-1	MZ286102_1_ORF2	0	0	2	2	TRUE	FALSE
CCCTCACTCGACTCTA-1	MZ286258_1_ORF2	0	0	1	2	FALSE	FALSE
CCCTCACTCGCCCAAT-1	meGFP	1	1	145	147	TRUE	TRUE
CCCTCACTCGCTATGC-1	meGFP	0	0	1	1	FALSE	FALSE
CCCTCACTCGGCTTCG-1	OP549859_1_ORF1	0	0	1	1	FALSE	FALSE
CCCTCACTCTACCCAA-1	MZ286188_1_ORF1	0	0	1	2	FALSE	FALSE
CCCTCACTCTATACCG-1	OZ258728_1_ORF1	0	0	1	1	FALSE	FALSE
CCCTCACTCTCCCAGG-1	MZ286188_1_ORF1	1	1	11	14	TRUE	TRUE
CCCTCACTCTTGAGCC-1	MZ286188_1_ORF1	1	1	25	26	TRUE	TRUE
CCCTGTTGTACAGCCC-1	MZ286188_1_ORF2	0	0	1	1	FALSE	TRUE
CCCTGTTGTAGTCGGG-1	meGFP	0	0	2	2	TRUE	TRUE
CCCTGTTGTCTGGTCA-1	MZ286102_1_ORF2	0	0	1	2	FALSE	TRUE
CCCTGTTGTCTTACCC-1	MZ286102_1_ORF2	0	0	1	1	FALSE	TRUE
CCCTGTTGTGTTGACT-1	meGFP	2	0	9	14	FALSE	TRUE
CCCTTCGGTCGCGTGT-1	MZ286197_1_ORF1	0	0	1	1	FALSE	FALSE
CCCTTCGGTTTAATCG-1	MZ286258_1_ORF2	0	0	1	1	FALSE	TRUE
CCCTTCGGTTTCCAGG-1	MZ286197_1_ORF1	0	0	1	1	FALSE	FALSE
CCCTTCGGTTTGGTAC-1	MZ286102_1_ORF2	1	1	10	10	TRUE	TRUE
CCCTTCTCAACCAGCG-1	OZ258728_1_ORF2	1	1	114	114	TRUE	TRUE
CCCTTCTCAACCTTAC-1	OZ258728_1_ORF1	1	0	8	8	TRUE	TRUE
CCCTTCTCAACTATGG-1	OZ258728_1_ORF2	0	0	1	1	FALSE	TRUE
CCCTTCTCAACTCTAC-1	MZ286102_1_ORF2	0	0	1	2	FALSE	TRUE
CCCTTCTCACACTAAG-1	OZ258728_1_ORF2	0	0	1	1	FALSE	FALSE
CCCTTCTCACCAATGA-1	MZ286258_1_ORF2	0	0	1	1	FALSE	FALSE
CCCTTCTCACCCAGCT-1	OP549859_1_ORF1	0	0	1	1	FALSE	TRUE
CCCTTCTCACGCTACC-1	MZ286102_1_ORF2	0	0	1	1	FALSE	TRUE
CCCTTCTCACGGCTCT-1	OP549859_1_ORF2	1	1	12	12	TRUE	TRUE
CCCTTCTCACGTGCCT-1	MZ286197_1_ORF1	0	0	1	1	FALSE	FALSE
CCCTTTAGTAAGTAAC-1	MZ286102_1_ORF2	1	1	22	24	TRUE	TRUE
CCCTTTAGTAATGCAG-1	MZ286188_1_ORF1	0	0	1	1	FALSE	FALSE
CCCTTTAGTATCCCGA-1	MZ286102_1_ORF2	0	0	1	1	FALSE	FALSE
CCCTTTAGTCTGGTCA-1	OP549859_1_ORF1	0	0	1	2	FALSE	TRUE
CCCTTTAGTGAATGTG-1	OP549859_1_ORF2	0	0	1	2	FALSE	TRUE
CCCTTTAGTGCGCGAA-1	OZ258728_1_ORF1	0	0	1	1	FALSE	FALSE
CCCTTTAGTTACTTGA-1	OZ258728_1_ORF2	0	0	2	3	FALSE	TRUE
CCGAATGAGAACCGTG-1	OZ258728_1_ORF2	0	0	1	1	FALSE	TRUE
CCGAATGAGATACAGC-1	OP549859_1_ORF1	0	0	1	1	FALSE	FALSE
CCGAATGAGCAATCCC-1	MZ286197_1_ORF2	1	0	5	6	TRUE	TRUE
CCGAATGAGCCTGTAC-1	MZ286188_1_ORF1	0	0	1	1	FALSE	FALSE
CCGAATGAGGGGCAAG-1	MZ286102_1_ORF2	0	0	1	1	FALSE	FALSE
CCGAATGAGTGCAACG-1	MZ286197_1_ORF2	0	0	2	3	FALSE	TRUE
CCGAATGAGTGCCTGT-1	OP549859_1_ORF1	0	0	1	3	FALSE	TRUE
CCGACCCAGACTAGCG-1	MZ286197_1_ORF2	0	0	2	2	TRUE	TRUE
CCGACCCAGAGAGCTT-1	meGFP	0	0	1	1	FALSE	TRUE
CCGACCCAGATCAGTA-1	OP549859_1_ORF2	0	0	3	3	TRUE	TRUE
CCGACCCAGCGTTCGT-1	OZ258728_1_ORF2	1	1	55	55	TRUE	TRUE
CCGACCCAGCTACTTG-1	OZ258728_1_ORF2	0	0	1	1	FALSE	TRUE
CCGACCCAGCTCCTGG-1	MZ286197_1_ORF2	0	0	1	1	FALSE	TRUE
CCGACCCAGCTTACGC-1	MZ286102_1_ORF1	1	1	11	12	TRUE	TRUE
CCGACCCAGGGCCGAT-1	MZ286188_1_ORF2	1	1	12	12	TRUE	TRUE
CCGACCCAGGGGTAGG-1	OZ258728_1_ORF2	0	0	1	1	FALSE	FALSE
CCGACCCAGGTGGCTA-1	meGFP	1	0	8	9	TRUE	TRUE
CCGACCCAGTACCCGT-1	MZ286102_1_ORF1	0	0	1	1	FALSE	FALSE
CCGACCCAGTGTCGCT-1	MZ286258_1_ORF2	1	1	12	12	TRUE	TRUE
CCGACCTCAAAGGGCA-1	MZ286258_1_ORF2	0	0	1	1	FALSE	TRUE
CCGACCTCAACGAGCT-1	OZ258728_1_ORF2	0	0	1	1	FALSE	FALSE
CCGACCTCAATAGAGA-1	MZ286258_1_ORF2	1	0	4	6	TRUE	TRUE
CCGACCTCAATCTGTC-1	MZ286102_1_ORF2	0	0	2	2	TRUE	TRUE
CCGACCTCAATTGCAG-1	MZ286102_1_ORF2	0	0	1	1	FALSE	FALSE
CCGACCTCACAGTATG-1	MZ286197_1_ORF2	0	0	1	1	FALSE	FALSE
CCGACCTCACATACAG-1	MZ286258_1_ORF1	0	0	1	1	FALSE	FALSE
CCGACCTCACCAATGA-1	meGFP	0	0	2	2	TRUE	TRUE
CCGACCTCAGAGAGGC-1	OZ258728_1_ORF2	0	0	1	2	FALSE	TRUE
CCGACCTCAGATTCGA-1	OZ258728_1_ORF2	0	0	3	5	FALSE	TRUE
CCGACCTCAGGCATTA-1	OZ258728_1_ORF1	0	0	1	1	FALSE	FALSE
CCGACCTCATAAGCCA-1	OP549859_1_ORF2	1	0	8	8	TRUE	TRUE
CCGACCTCATGCTGAA-1	OZ258728_1_ORF2	0	0	1	3	FALSE	TRUE
CCGACCTCATGGTCCC-1	OZ258728_1_ORF2	0	0	1	1	FALSE	FALSE
CCGACTAGTAATGCAG-1	OP549859_1_ORF2	0	0	1	1	FALSE	FALSE
CCGACTAGTAGTCGGG-1	OP549859_1_ORF2	0	0	1	1	FALSE	FALSE
CCGACTAGTAGTGACA-1	MZ286258_1_ORF2	0	0	1	1	FALSE	TRUE
CCGACTAGTCTTGCAG-1	OP549859_1_ORF1	0	0	1	1	FALSE	FALSE
CCGACTAGTCTTGGGC-1	OZ258728_1_ORF2	1	1	65	65	TRUE	TRUE
CCGACTAGTGCGCATC-1	MZ286188_1_ORF1	1	0	9	10	TRUE	TRUE
CCGACTAGTTTGAGTC-1	MZ286102_1_ORF2	0	0	1	1	FALSE	TRUE
CCGACTAGTTTGGCGC-1	OZ258728_1_ORF2	0	0	1	1	FALSE	FALSE
CCGATATGTAAGGTGC-1	OZ258728_1_ORF1	1	1	24	25	TRUE	TRUE
CCGATATGTACAGCCC-1	meGFP	0	0	1	1	FALSE	FALSE
CCGATATGTACCCAAT-1	OZ258728_1_ORF2	0	0	1	1	FALSE	FALSE
CCGATATGTACGACTT-1	OP549859_1_ORF1	1	1	61	61	TRUE	TRUE
CCGATATGTGAACGGT-1	OZ258728_1_ORF1	0	0	1	1	FALSE	TRUE
CCGATATGTGAGTTAG-1	MZ286102_1_ORF1	0	0	1	1	FALSE	FALSE
CCGATATGTGATGTCT-1	MZ286258_1_ORF2	1	0	8	9	TRUE	TRUE
CCGATATGTGTCGAGG-1	OZ258728_1_ORF2	0	0	1	1	FALSE	FALSE
CCGATATGTTCTCATT-1	OP549859_1_ORF2	0	0	2	2	TRUE	TRUE
CCGATATGTTCTGGCA-1	OP549859_1_ORF1	0	0	1	1	FALSE	FALSE
CCGATTTCAAACGACC-1	OP549859_1_ORF1	0	0	1	1	FALSE	FALSE
CCGATTTCAACGTGCG-1	MZ286258_1_ORF2	1	1	16	16	TRUE	TRUE
CCGATTTCAAGCGCCA-1	OZ258728_1_ORF2	0	0	1	1	FALSE	TRUE
CCGATTTCACACACTT-1	MZ286102_1_ORF2	0	0	1	1	FALSE	FALSE
CCGATTTCACCGTACC-1	OZ258728_1_ORF2	1	1	112	114	TRUE	TRUE
CCGATTTCACTAGTCT-1	OZ258728_1_ORF1	1	1	37	38	TRUE	TRUE
CCGATTTCAGATTGGC-1	OZ258728_1_ORF2	0	0	1	1	FALSE	FALSE
CCGATTTCATAGTAGT-1	OZ258728_1_ORF2	0	0	2	2	TRUE	TRUE
CCGATTTCATGGAGAG-1	MZ286258_1_ORF1	0	0	1	1	FALSE	FALSE
CCGCAATTCACCCTAA-1	MZ286197_1_ORF1	1	1	17	19	TRUE	TRUE
CCGCAATTCAGTAGTA-1	meGFP	0	0	1	1	FALSE	FALSE
CCGCAATTCAGTATCT-1	OP549859_1_ORF1	0	0	1	1	FALSE	TRUE
CCGCAATTCCATTAGT-1	OZ258728_1_ORF2	2	2	33	45	FALSE	TRUE
CCGCAATTCGTCATGC-1	MZ286197_1_ORF2	0	0	2	2	TRUE	TRUE
CCGCAATTCTGGACCT-1	MZ286258_1_ORF2	1	0	4	5	TRUE	TRUE
CCGCAATTCTGTATGT-1	MZ286102_1_ORF2	0	0	1	1	FALSE	FALSE
CCGCAATTCTTGCGAC-1	MZ286102_1_ORF2	0	0	1	1	FALSE	FALSE
CCGCACCAGCGTGCTT-1	OZ258728_1_ORF2	0	0	1	1	FALSE	FALSE
CCGCACCAGGTGGCTA-1	MZ286188_1_ORF1	0	0	1	2	FALSE	TRUE
CCGCACCAGTAAGCAC-1	meGFP	0	0	1	1	FALSE	TRUE
CCGCACCAGTTGACTT-1	MZ286258_1_ORF1	0	0	1	1	FALSE	FALSE
CCGCACTCAAAGGTCC-1	meGFP	0	0	1	1	FALSE	TRUE
CCGCACTCACGAATGC-1	OZ258728_1_ORF2	0	0	1	1	FALSE	FALSE
CCGCACTCATTGCCCA-1	OZ258728_1_ORF2	1	1	103	103	TRUE	TRUE
CCGCAGCTCCGGATGA-1	OZ258728_1_ORF2	0	0	1	1	FALSE	TRUE
CCGCAGCTCTGCCATA-1	OZ258728_1_ORF2	1	1	19	19	TRUE	TRUE
CCGCATCCAACCGTGG-1	meGFP	1	1	19	19	TRUE	TRUE
CCGCATCCAACGTCCC-1	MZ286197_1_ORF1	1	1	37	37	TRUE	TRUE
CCGCATCCAATCCGGG-1	OZ258728_1_ORF1	1	1	30	31	TRUE	TRUE
CCGCATCCAATTCGGA-1	MZ286102_1_ORF1	0	0	1	1	FALSE	FALSE
CCGCATCCACACCGCT-1	MZ286197_1_ORF1	0	0	1	1	FALSE	TRUE
CCGCATCCACGGTAAC-1	OZ258728_1_ORF2	1	1	38	38	TRUE	TRUE
CCGCATCCACTTCAAC-1	meGFP	0	0	1	1	FALSE	FALSE
CCGCATCCAGAGCCTG-1	OP549859_1_ORF1	0	0	1	2	FALSE	TRUE
CCGCATCCAGAGCTTA-1	MZ286188_1_ORF1	1	1	16	16	TRUE	TRUE
CCGCATCCAGGTAGAG-1	MZ286197_1_ORF2	0	0	1	1	FALSE	TRUE
CCGCATCCATCTATCA-1	meGFP	1	1	14	14	TRUE	TRUE
CCGCATCCATGCCCTA-1	meGFP	1	1	16	19	TRUE	TRUE
CCGCCACAGAACCTAA-1	OP549859_1_ORF1	0	0	1	1	FALSE	FALSE
CCGCCACAGACCAGCA-1	OP549859_1_ORF1	1	0	4	8	TRUE	TRUE
CCGCCACAGATTCCGC-1	MZ286197_1_ORF2	0	0	1	1	FALSE	TRUE
CCGCCACAGCGTTCGT-1	meGFP	0	0	1	1	FALSE	TRUE
CCGCCACAGGCCATTC-1	MZ286258_1_ORF1	0	0	1	1	FALSE	FALSE
CCGCCACAGGGGTCTA-1	MZ286188_1_ORF1	0	0	1	1	FALSE	FALSE
CCGCCACAGTAGCTCC-1	OZ258728_1_ORF2	0	0	3	7	FALSE	TRUE
CCGCCATCAAATGAGA-1	MZ286258_1_ORF2	1	1	23	23	TRUE	TRUE
CCGCCATCAACGTCCC-1	MZ286188_1_ORF1	1	0	9	9	TRUE	TRUE
CCGCCATCACGGGTAT-1	MZ286258_1_ORF2	0	0	1	1	FALSE	FALSE
CCGCCATCACTACGGG-1	OP549859_1_ORF1	1	1	29	29	TRUE	TRUE
CCGCCATCAGTACCTT-1	OZ258728_1_ORF2	0	0	1	1	FALSE	FALSE
CCGCCATCAGTGTGAC-1	meGFP	0	0	2	2	TRUE	TRUE
CCGCCATCATGTGGCG-1	MZ286188_1_ORF2	1	0	4	4	TRUE	TRUE
CCGCCATCATTGCGAA-1	MZ286188_1_ORF1	0	0	1	2	FALSE	FALSE
CCGCTTACAAACGGGA-1	OP549859_1_ORF1	0	0	1	1	FALSE	TRUE
CCGCTTACAAAGTCAT-1	MZ286102_1_ORF2	1	1	15	15	TRUE	TRUE
CCGCTTACAATCTGTC-1	MZ286102_1_ORF1	0	0	1	1	FALSE	FALSE
CCGCTTACAGAACCCG-1	MZ286258_1_ORF2	0	0	3	3	TRUE	TRUE
CCGCTTACAGATTCGA-1	MZ286197_1_ORF2	0	0	2	3	FALSE	TRUE
CCGCTTACAGTTGCTT-1	MZ286188_1_ORF2	0	0	1	1	FALSE	TRUE
CCGCTTACATAACGAT-1	OP549859_1_ORF1	0	0	1	1	FALSE	FALSE
CCGGACCTCGAACCGA-1	OP549859_1_ORF2	0	0	1	1	FALSE	TRUE
CCGGACCTCGAGCGGT-1	MZ286197_1_ORF2	0	0	1	1	FALSE	TRUE
CCGGACCTCTACGCCG-1	meGFP	0	0	1	1	FALSE	FALSE
CCGGTAAAGATCAAGC-1	meGFP	0	0	1	2	FALSE	FALSE
CCGGTAAAGCACGTTC-1	meGFP	0	0	1	1	FALSE	TRUE
CCGGTAAAGCCAGTTC-1	MZ286188_1_ORF1	1	1	43	43	TRUE	TRUE
CCGGTAAAGGGGTCTA-1	OZ258728_1_ORF2	0	0	1	1	FALSE	FALSE
CCGGTAAAGGTTCCCG-1	MZ286258_1_ORF2	1	1	21	21	TRUE	TRUE
CCGGTAAAGGTTCGGA-1	MZ286188_1_ORF1	1	0	7	7	TRUE	TRUE
CCGGTAAAGTATCGAA-1	MZ286102_1_ORF2	0	0	1	2	FALSE	TRUE
CCGGTACGTAACGATG-1	OP549859_1_ORF2	1	0	4	6	TRUE	TRUE
CCGGTACGTAACTTGC-1	OZ258728_1_ORF1	1	1	36	36	TRUE	TRUE
CCGGTACGTCTTACCC-1	OZ258728_1_ORF2	0	0	1	1	FALSE	FALSE
CCGGTTTAGACTTACT-1	MZ286102_1_ORF2	1	1	14	14	TRUE	TRUE
CCGGTTTAGAGGTCTG-1	OZ258728_1_ORF2	0	0	1	1	FALSE	FALSE
CCGGTTTAGCAATCGG-1	MZ286258_1_ORF2	1	0	7	7	TRUE	TRUE
CCGGTTTAGGCAGGGA-1	meGFP	0	0	1	1	FALSE	TRUE
CCGGTTTAGGGAGTAA-1	MZ286258_1_ORF2	1	1	14	15	TRUE	TRUE
CCGTCACCAAAGGGCA-1	meGFP	0	0	1	1	FALSE	TRUE
CCGTCACCAATTGCAG-1	MZ286102_1_ORF2	0	0	1	1	FALSE	FALSE
CCGTCACCAGATACAT-1	OP549859_1_ORF1	0	0	1	1	FALSE	FALSE
CCGTCACCAGCTGGCA-1	OP549859_1_ORF1	1	1	46	48	TRUE	TRUE
CCGTCACCATAGTTGG-1	OZ258728_1_ORF2	0	0	1	1	FALSE	FALSE
CCGTCACCATATGCAG-1	MZ286188_1_ORF2	0	0	2	3	FALSE	TRUE
CCGTCCTTCAGGCTAG-1	MZ286102_1_ORF1	1	1	20	20	TRUE	TRUE
CCGTCCTTCATCAATC-1	MZ286197_1_ORF2	0	0	3	3	TRUE	TRUE
CCGTCCTTCCAGAGAT-1	OZ258728_1_ORF2	0	0	1	1	FALSE	FALSE
CCGTCCTTCGCTTGGT-1	MZ286197_1_ORF2	1	0	4	5	TRUE	TRUE
CCGTGAAAGACATCAA-1	OP549859_1_ORF1	0	0	1	1	FALSE	FALSE
CCGTGAAAGATATGCA-1	OP549859_1_ORF1	1	1	14	15	TRUE	TRUE
CCGTGAAAGATTCCGC-1	OZ258728_1_ORF2	1	1	50	51	TRUE	TRUE
CCGTGAAAGCAATCCC-1	MZ286258_1_ORF2	1	0	9	9	TRUE	TRUE
CCGTGAAAGCGGGAAG-1	OZ258728_1_ORF2	0	0	1	1	FALSE	FALSE
CCGTGAAAGGAAGTAG-1	OP549859_1_ORF1	1	1	28	28	TRUE	TRUE
CCGTGCATCACGCTTA-1	MZ286102_1_ORF2	1	1	15	15	TRUE	TRUE
CCGTGCATCGATGGAT-1	OP549859_1_ORF1	0	0	1	1	FALSE	FALSE
CCGTGCATCGCCTGTG-1	OZ258728_1_ORF2	0	0	1	1	FALSE	FALSE
CCGTGCATCGCTGGAA-1	meGFP	1	1	10	10	TRUE	TRUE
CCGTGGCTCATCTAGT-1	OP549859_1_ORF1	0	0	1	1	FALSE	FALSE
CCGTGGCTCCCAACTA-1	meGFP	0	0	1	1	FALSE	FALSE
CCGTGGCTCGACGGGT-1	MZ286258_1_ORF1	1	1	48	48	TRUE	TRUE
CCGTGGCTCGCCCGTA-1	meGFP	0	0	1	1	FALSE	FALSE
CCGTGGCTCGCTAGAG-1	OZ258728_1_ORF2	2	1	54	58	TRUE	TRUE
CCGTGTCCAAGGGTAG-1	MZ286188_1_ORF1	1	1	78	78	TRUE	TRUE
CCGTGTCCACCTCTCT-1	MZ286197_1_ORF2	0	0	1	1	FALSE	TRUE
CCGTGTCCACCTGCAC-1	OZ258728_1_ORF2	0	0	1	1	FALSE	TRUE
CCGTGTCCACGGTTCC-1	MZ286188_1_ORF1	0	0	1	1	FALSE	FALSE
CCGTGTCCAGGGTAAG-1	MZ286188_1_ORF1	0	0	1	1	FALSE	FALSE
CCGTGTCCATACTTCA-1	MZ286258_1_ORF2	2	1	10	17	FALSE	TRUE
CCGTGTCCATCCGCAC-1	OZ258728_1_ORF2	0	0	1	1	FALSE	FALSE
CCGTGTCCATGGAGAG-1	OZ258728_1_ORF1	0	0	1	2	FALSE	TRUE
CCGTGTTAGACTCAGG-1	MZ286102_1_ORF1	0	0	1	1	FALSE	FALSE
CCGTGTTAGATTGGTA-1	OZ258728_1_ORF2	2	2	25	43	FALSE	TRUE
CCGTGTTAGCCGTGAA-1	meGFP	0	0	1	1	FALSE	FALSE
CCGTGTTAGCGGAACC-1	MZ286258_1_ORF2	1	0	8	9	TRUE	TRUE
CCGTGTTAGGGATACT-1	MZ286188_1_ORF2	0	0	1	1	FALSE	FALSE
CCGTGTTAGGTAATTG-1	OP549859_1_ORF1	0	0	1	1	FALSE	FALSE
CCGTGTTAGGTCCACT-1	MZ286102_1_ORF2	1	0	4	4	TRUE	TRUE
CCGTGTTAGTAACCAA-1	meGFP	1	0	4	4	TRUE	TRUE
CCGTTACAGACTTACT-1	OZ258728_1_ORF1	1	0	5	7	TRUE	TRUE
CCGTTACAGAGCCAAT-1	OZ258728_1_ORF2	0	0	1	1	FALSE	TRUE
CCGTTACAGAGCTGGC-1	MZ286258_1_ORF1	0	0	1	1	FALSE	TRUE
CCGTTACAGAGGCATT-1	MZ286258_1_ORF2	0	0	1	1	FALSE	FALSE
CCGTTACAGCAAGTAC-1	MZ286258_1_ORF2	0	0	2	3	FALSE	TRUE
CCGTTACAGCGATTAA-1	OZ258728_1_ORF1	0	0	3	4	TRUE	TRUE
CCGTTACAGCTCATAT-1	meGFP	1	0	5	7	TRUE	TRUE
CCGTTACAGGATCCCT-1	OP549859_1_ORF1	0	0	1	1	FALSE	FALSE
CCGTTACAGGATGGCC-1	OP549859_1_ORF1	0	0	3	3	TRUE	TRUE
CCGTTACAGTCATCCA-1	OP549859_1_ORF1	0	0	1	2	FALSE	TRUE
CCGTTACAGTTAACCT-1	MZ286102_1_ORF2	1	1	15	16	TRUE	TRUE
CCGTTACAGTTGCAGG-1	OP549859_1_ORF1	1	1	32	32	TRUE	TRUE
CCGTTCGAGAACGGCC-1	MZ286102_1_ORF1	0	0	1	1	FALSE	FALSE
CCGTTCGAGCAGGCAC-1	MZ286258_1_ORF1	1	1	14	14	TRUE	TRUE
CCGTTCGAGGCACTTC-1	OZ258728_1_ORF2	0	0	1	1	FALSE	FALSE
CCGTTCGAGGCGTAAT-1	MZ286188_1_ORF1	0	0	1	1	FALSE	FALSE
CCGTTCGAGGGTTGCA-1	MZ286258_1_ORF2	0	0	1	1	FALSE	FALSE
CCGTTCGAGGTAGGAA-1	OP549859_1_ORF1	0	0	1	1	FALSE	FALSE
CCGTTCGAGTAGTTGA-1	MZ286102_1_ORF2	0	0	1	1	FALSE	TRUE
CCGTTCTGTCTCCAAG-1	OP549859_1_ORF1	0	0	2	4	FALSE	TRUE
CCGTTCTGTGACCAGG-1	OZ258728_1_ORF2	0	0	1	1	FALSE	FALSE
CCGTTCTGTTACGGAA-1	OZ258728_1_ORF2	0	0	1	1	FALSE	TRUE
CCGTTCTGTTCACGAT-1	meGFP	1	1	43	43	TRUE	TRUE
CCTAACATCACTCGCG-1	MZ286102_1_ORF2	1	1	12	13	TRUE	TRUE
CCTAACATCAGGACGC-1	OZ258728_1_ORF1	0	0	1	1	FALSE	FALSE
CCTAACATCCCGCTGA-1	MZ286197_1_ORF2	1	0	4	4	TRUE	TRUE
CCTAACATCTCGACCG-1	OZ258728_1_ORF2	0	0	1	1	FALSE	TRUE
CCTAACATCTCGATCA-1	OZ258728_1_ORF1	1	1	44	45	TRUE	TRUE
CCTAACCAGTAAGGTC-1	OP549859_1_ORF2	0	0	1	2	FALSE	FALSE
CCTAACTCAACACCAA-1	MZ286102_1_ORF1	1	1	51	51	TRUE	TRUE
CCTAACTCAACCATTC-1	OP549859_1_ORF1	0	0	1	1	FALSE	FALSE
CCTAACTCAAGATTAC-1	MZ286258_1_ORF2	1	0	5	5	TRUE	TRUE
CCTAACTCACTCCGTA-1	meGFP	0	0	3	3	TRUE	TRUE
CCTAACTCATTAACGG-1	MZ286188_1_ORF2	0	0	1	1	FALSE	TRUE
CCTAAGACAACAGATT-1	OZ258728_1_ORF1	1	1	34	35	TRUE	TRUE
CCTAAGACACCATAGA-1	MZ286102_1_ORF1	0	0	1	1	FALSE	TRUE
CCTAAGACACCGTTCA-1	MZ286258_1_ORF1	0	0	1	1	FALSE	FALSE
CCTAAGACACGAATGC-1	MZ286188_1_ORF1	0	0	1	1	FALSE	FALSE
CCTAAGACACGTTAAG-1	MZ286258_1_ORF2	0	0	1	1	FALSE	TRUE
CCTAAGACACTCGTCA-1	OP549859_1_ORF2	0	0	1	1	FALSE	FALSE
CCTAAGACAGCCAACG-1	OZ258728_1_ORF1	1	1	33	33	TRUE	TRUE
CCTAAGACAGCCGATG-1	MZ286102_1_ORF1	0	0	2	2	TRUE	TRUE
CCTAAGACAGTCGAGT-1	OZ258728_1_ORF1	1	1	30	30	TRUE	TRUE
CCTACTAAGACGATAC-1	meGFP	0	0	1	1	FALSE	TRUE
CCTACTAAGATTGATG-1	MZ286258_1_ORF2	1	0	4	8	TRUE	TRUE
CCTACTAAGCACCATC-1	MZ286258_1_ORF2	1	0	6	7	TRUE	TRUE
CCTACTAAGCCTCTGG-1	OP549859_1_ORF2	1	0	5	5	TRUE	TRUE
CCTACTAAGCCTTCCC-1	OZ258728_1_ORF2	1	1	62	62	TRUE	TRUE
CCTACTAAGTATCGAA-1	MZ286102_1_ORF2	0	0	1	1	FALSE	FALSE
CCTACTAAGTCATCCA-1	MZ286102_1_ORF2	1	0	7	8	TRUE	TRUE
CCTACTAAGTGTCGCT-1	MZ286197_1_ORF1	1	0	9	9	TRUE	TRUE
CCTAGAACAACCAGCG-1	MZ286258_1_ORF2	1	1	20	20	TRUE	TRUE
CCTAGAACAAGACTAT-1	MZ286102_1_ORF2	0	0	1	3	FALSE	TRUE
CCTAGAACAGTTCGCC-1	MZ286258_1_ORF2	0	0	1	1	FALSE	TRUE
CCTAGAACAGTTCGTT-1	OZ258728_1_ORF2	1	0	9	9	TRUE	TRUE
CCTAGAACATAGGCAC-1	meGFP	0	0	1	1	FALSE	FALSE
CCTAGAACATGGACGT-1	MZ286197_1_ORF1	0	0	1	1	FALSE	TRUE
CCTAGACTCACAGGCA-1	OZ258728_1_ORF2	0	0	1	1	FALSE	TRUE
CCTAGACTCCGTTGCG-1	MZ286258_1_ORF1	1	1	16	16	TRUE	TRUE
CCTAGACTCGAACGTG-1	OZ258728_1_ORF2	0	0	1	1	FALSE	FALSE
CCTAGACTCGCCCGTA-1	OZ258728_1_ORF2	0	0	1	1	FALSE	FALSE
CCTAGACTCGCTTGAC-1	OZ258728_1_ORF1	0	0	1	1	FALSE	FALSE
CCTAGTCAGAACGGCC-1	OZ258728_1_ORF2	2	2	42	66	FALSE	TRUE
CCTAGTCAGATGGCGC-1	MZ286258_1_ORF2	1	0	8	8	TRUE	TRUE
CCTAGTCAGCCACACT-1	MZ286258_1_ORF1	1	0	4	6	TRUE	TRUE
CCTAGTCAGCGGGCAT-1	MZ286258_1_ORF2	1	0	5	5	TRUE	TRUE
CCTAGTCAGCGTGCTT-1	OZ258728_1_ORF2	0	0	1	1	FALSE	FALSE
CCTAGTCAGCTCATGC-1	meGFP	0	0	1	1	FALSE	FALSE
CCTAGTCAGCTCCTGG-1	MZ286258_1_ORF2	1	1	14	14	TRUE	TRUE
CCTAGTCAGCTGTCGT-1	meGFP	0	0	1	1	FALSE	FALSE
CCTAGTCAGCTTAGTT-1	OP549859_1_ORF2	0	0	1	1	FALSE	FALSE
CCTAGTCAGGACTAAC-1	MZ286258_1_ORF2	1	1	18	18	TRUE	TRUE
CCTAGTCAGGTCTACC-1	meGFP	0	0	1	1	FALSE	TRUE
CCTAGTCAGTCAACCC-1	OZ258728_1_ORF1	0	0	1	1	FALSE	FALSE
CCTATCTTCGTTCCGG-1	MZ286188_1_ORF1	1	0	4	4	TRUE	TRUE
CCTATCTTCTACTCCT-1	OZ258728_1_ORF2	0	0	1	1	FALSE	FALSE
CCTATCTTCTTCGTAG-1	MZ286197_1_ORF1	0	0	1	1	FALSE	FALSE
CCTCAAATCAACTGAA-1	OZ258728_1_ORF2	0	0	1	1	FALSE	FALSE
CCTCAAATCAAGGGTT-1	OZ258728_1_ORF2	0	0	1	1	FALSE	FALSE
CCTCAAATCAATGCTT-1	OP549859_1_ORF2	0	0	1	1	FALSE	FALSE
CCTCAAATCATATGTC-1	OZ258728_1_ORF2	0	0	1	1	FALSE	FALSE
CCTCAAATCCCGTGCA-1	meGFP	1	1	89	89	TRUE	TRUE
CCTCAAATCGACCTCG-1	MZ286258_1_ORF1	0	0	1	1	FALSE	FALSE
CCTCAAATCGATACTT-1	meGFP	0	0	1	1	FALSE	FALSE
CCTCAAATCGTCATGC-1	MZ286197_1_ORF2	0	0	2	2	TRUE	TRUE
CCTCAAATCGTTCCGG-1	MZ286102_1_ORF2	0	0	1	1	FALSE	FALSE
CCTCAAATCTAGAGGT-1	meGFP	0	0	1	1	FALSE	FALSE
CCTCACTGTAAGTAAC-1	meGFP	0	0	1	1	FALSE	FALSE
CCTCACTGTACAGGAC-1	OZ258728_1_ORF2	1	1	66	67	TRUE	TRUE
CCTCACTGTACAGGGT-1	meGFP	0	0	1	1	FALSE	FALSE
CCTCACTGTACTTACA-1	OP549859_1_ORF1	2	2	55	84	FALSE	TRUE
CCTCACTGTACTTGGT-1	MZ286258_1_ORF2	1	1	10	11	TRUE	TRUE
CCTCACTGTAGAGCCG-1	MZ286258_1_ORF2	0	0	2	2	TRUE	TRUE
CCTCACTGTAGGTCAA-1	OP549859_1_ORF1	0	0	1	1	FALSE	TRUE
CCTCACTGTATTGGGA-1	MZ286102_1_ORF2	0	0	1	1	FALSE	FALSE
CCTCACTGTCGGGACA-1	OZ258728_1_ORF1	0	0	1	1	FALSE	FALSE
CCTCACTGTGACCTCA-1	OP549859_1_ORF2	1	1	11	13	TRUE	TRUE
CCTCACTGTGAGAGCT-1	OZ258728_1_ORF2	0	0	1	1	FALSE	TRUE
CCTCACTGTGTCCTTC-1	OZ258728_1_ORF2	0	0	1	1	FALSE	FALSE
CCTCACTGTTATCCGG-1	MZ286102_1_ORF2	0	0	1	1	FALSE	FALSE
CCTCACTGTTTCCAGG-1	MZ286258_1_ORF1	0	0	1	1	FALSE	FALSE
CCTCACTGTTTCCTGC-1	MZ286197_1_ORF2	0	0	1	1	FALSE	FALSE
CCTCACTGTTTGAAGG-1	MZ286258_1_ORF2	0	0	1	1	FALSE	FALSE
CCTCTAAAGATGCCTC-1	MZ286188_1_ORF1	1	1	57	57	TRUE	TRUE
CCTCTAAAGCCACTTA-1	MZ286258_1_ORF1	0	0	1	1	FALSE	FALSE
CCTCTAAAGCGCAAGC-1	MZ286102_1_ORF2	1	1	10	10	TRUE	TRUE
CCTCTAAAGCGGGACT-1	MZ286188_1_ORF1	0	0	1	1	FALSE	FALSE
CCTCTAAAGCTAGAGT-1	MZ286102_1_ORF2	0	0	2	4	FALSE	TRUE
CCTCTAAAGGAATGTC-1	OP549859_1_ORF1	1	0	4	5	TRUE	FALSE
CCTCTAAAGGCATCCT-1	MZ286197_1_ORF2	0	0	1	1	FALSE	FALSE
CCTCTAAAGGCGTGGT-1	OP549859_1_ORF1	0	0	2	2	TRUE	FALSE
CCTCTAAAGGGCGTAC-1	OP549859_1_ORF1	0	0	1	1	FALSE	FALSE
CCTCTAAAGGGTTGCA-1	MZ286258_1_ORF1	0	0	1	1	FALSE	FALSE
CCTCTAAAGTCTAGGG-1	MZ286258_1_ORF2	0	0	1	1	FALSE	FALSE
CCTCTAAAGTGCTGCT-1	OZ258728_1_ORF2	1	1	20	20	TRUE	TRUE
CCTCTAAAGTTAAGTG-1	MZ286197_1_ORF2	0	0	1	1	FALSE	FALSE
CCTGCACCAATGGACC-1	MZ286102_1_ORF2	0	0	0	0	FALSE	TRUE
CCTGCACCACATTCGT-1	OP549859_1_ORF2	2	2	14	26	FALSE	TRUE
CCTGCCTTCACGGAAT-1	OZ258728_1_ORF1	0	0	1	1	FALSE	TRUE
CCTGCCTTCATTCGAT-1	MZ286197_1_ORF1	0	0	1	1	FALSE	FALSE
CCTGCCTTCGAATGGT-1	OZ258728_1_ORF1	0	0	1	1	FALSE	TRUE
CCTGCCTTCGGCTTCG-1	OP549859_1_ORF1	1	1	19	19	TRUE	TRUE
CCTGCCTTCTATACCG-1	OZ258728_1_ORF2	0	0	1	3	FALSE	TRUE
CCTGCTACAACCCAGG-1	MZ286197_1_ORF1	1	1	15	15	TRUE	TRUE
CCTGCTACAACCGTGG-1	OZ258728_1_ORF1	0	0	1	1	FALSE	FALSE
CCTGCTACAAGACTAT-1	MZ286197_1_ORF1	1	1	38	38	TRUE	TRUE
CCTGCTACACATTCGT-1	MZ286102_1_ORF2	0	0	1	1	FALSE	TRUE
CCTGCTACACGAATGC-1	OP549859_1_ORF1	1	1	59	60	TRUE	TRUE
CCTGCTACACGGATTA-1	OZ258728_1_ORF2	0	0	1	1	FALSE	TRUE
CCTGCTACACGTGAGT-1	OZ258728_1_ORF2	0	0	2	3	FALSE	FALSE
CCTGCTACAGCACTCC-1	OZ258728_1_ORF2	0	0	1	1	FALSE	TRUE
CCTGGCATCACGCTTA-1	OZ258728_1_ORF1	0	0	2	2	TRUE	FALSE
CCTGGCATCCATGACC-1	MZ286197_1_ORF2	1	1	14	15	TRUE	TRUE
CCTGGCATCCCAACCG-1	OZ258728_1_ORF2	0	0	1	1	FALSE	FALSE
CCTGGCATCCCCGTGA-1	MZ286197_1_ORF1	0	0	1	1	FALSE	TRUE
CCTGGCATCCCGATAC-1	MZ286258_1_ORF2	0	0	1	1	FALSE	FALSE
CCTGGCATCGAACCGA-1	MZ286258_1_ORF2	0	0	3	4	TRUE	TRUE
CCTGGCATCGCGTCCA-1	MZ286102_1_ORF2	1	1	18	18	TRUE	TRUE
CCTGGCATCTCCTAAG-1	MZ286258_1_ORF2	1	1	23	23	TRUE	TRUE
CCTGGCATCTGCACTA-1	MZ286258_1_ORF1	0	0	1	1	FALSE	FALSE
CCTGGCATCTTCATCC-1	OP549859_1_ORF1	0	0	1	1	FALSE	FALSE
CCTGGGTGTATGTGGA-1	OZ258728_1_ORF1	1	1	12	13	TRUE	TRUE
CCTGGGTGTATTGGCT-1	MZ286102_1_ORF2	1	1	27	28	TRUE	TRUE
CCTGGGTGTCACTAAC-1	MZ286102_1_ORF2	1	0	7	7	TRUE	TRUE
CCTGGGTGTGAAGGCT-1	MZ286258_1_ORF1	1	1	55	56	TRUE	TRUE
CCTGGGTGTGCAATTC-1	OZ258728_1_ORF2	0	0	1	1	FALSE	TRUE
CCTGGGTGTGTCCTTC-1	OZ258728_1_ORF2	0	0	1	1	FALSE	FALSE
CCTGGGTGTTAATTCG-1	MZ286258_1_ORF1	0	0	1	1	FALSE	TRUE
CCTGGGTGTTGCAATC-1	MZ286258_1_ORF2	0	0	1	1	FALSE	TRUE
CCTGGGTGTTGGAGCG-1	OP549859_1_ORF2	0	0	2	2	TRUE	TRUE
CCTGGGTGTTGTAGCT-1	OZ258728_1_ORF2	0	0	1	1	FALSE	TRUE
CCTGGTAGTAATCGCT-1	MZ286102_1_ORF2	0	0	3	3	TRUE	TRUE
CCTGGTAGTATGGTTC-1	MZ286102_1_ORF1	0	0	1	1	FALSE	FALSE
CCTGGTAGTCAAGCCC-1	OZ258728_1_ORF2	0	0	1	1	FALSE	FALSE
CCTGGTAGTCACTAAC-1	meGFP	0	0	2	2	TRUE	TRUE
CCTGGTAGTGCTGACC-1	OZ258728_1_ORF1	0	0	1	1	FALSE	FALSE
CCTGTCGAGAGGTTAC-1	OZ258728_1_ORF2	0	0	1	1	FALSE	FALSE
CCTGTCGAGCCACTCG-1	OZ258728_1_ORF2	0	0	2	2	TRUE	TRUE
CCTGTCGAGCCCTGCA-1	MZ286197_1_ORF1	2	1	21	26	TRUE	TRUE
CCTGTCGAGCGCTTAC-1	MZ286102_1_ORF2	0	0	2	2	TRUE	TRUE
CCTGTCGAGCTGAGAT-1	MZ286188_1_ORF2	0	0	1	1	FALSE	FALSE
CCTGTCGAGGCATGTG-1	OP549859_1_ORF2	0	0	1	1	FALSE	FALSE
CCTGTCGAGGCCAGGT-1	meGFP	0	0	1	1	FALSE	TRUE
CCTGTCGAGGGCGTGT-1	OZ258728_1_ORF2	1	1	100	100	TRUE	TRUE
CCTGTCGAGGGGAACG-1	MZ286258_1_ORF2	0	0	1	1	FALSE	FALSE
CCTGTCGAGGTTCCCG-1	MZ286102_1_ORF2	1	1	24	25	TRUE	TRUE
CCTGTTGCAACGAGCT-1	MZ286258_1_ORF2	0	0	2	2	TRUE	TRUE
CCTGTTGCACCCTATG-1	MZ286102_1_ORF1	0	0	1	1	FALSE	FALSE
CCTGTTGCACGAATGC-1	MZ286197_1_ORF1	2	0	7	11	FALSE	TRUE
CCTGTTGCAGTTGGTA-1	MZ286188_1_ORF1	0	0	1	1	FALSE	FALSE
CCTGTTGCATTCATTG-1	OZ258728_1_ORF2	1	0	5	6	TRUE	TRUE
CCTTCAGCACAGGTGT-1	meGFP	0	0	1	1	FALSE	FALSE
CCTTCAGCACCTCTCT-1	meGFP	0	0	1	1	FALSE	FALSE
CCTTCAGCACGCCATC-1	OZ258728_1_ORF2	0	0	1	1	FALSE	FALSE
CCTTCAGCACTCGTCA-1	OP549859_1_ORF1	1	1	38	38	TRUE	TRUE
CCTTCAGCAGACATTG-1	OZ258728_1_ORF1	0	0	1	1	FALSE	FALSE
CCTTCAGCATCCACAT-1	MZ286188_1_ORF2	1	0	5	5	TRUE	TRUE
CCTTCAGCATGTCTGT-1	OZ258728_1_ORF1	1	1	17	17	TRUE	TRUE
CCTTCAGCATTAGGGC-1	OP549859_1_ORF1	0	0	1	1	FALSE	FALSE
CCTTCCCAGCCGTGAA-1	OZ258728_1_ORF2	1	1	37	39	TRUE	TRUE
CCTTCCCAGGACGTTG-1	MZ286102_1_ORF1	1	0	5	5	TRUE	TRUE
CCTTCCCAGGACTAAC-1	MZ286102_1_ORF1	0	0	1	2	FALSE	FALSE
CCTTCCCAGGGGTAGG-1	MZ286258_1_ORF1	0	0	1	1	FALSE	FALSE
CCTTCCCAGGTCTACC-1	OZ258728_1_ORF2	0	0	1	1	FALSE	FALSE
CCTTCCCAGGTTCATT-1	meGFP	1	0	8	8	TRUE	TRUE
CCTTCCCAGTTCGAGG-1	OP549859_1_ORF2	1	0	6	7	TRUE	TRUE
CCTTCGACACCCTGAC-1	MZ286258_1_ORF1	0	0	0	0	FALSE	FALSE
CCTTCGACATCCCGAC-1	OP549859_1_ORF2	0	0	3	4	TRUE	TRUE
CCTTCGACATGACGAC-1	MZ286102_1_ORF2	0	0	1	1	FALSE	TRUE
CCTTCGACATTGCCCA-1	meGFP	0	0	2	2	TRUE	FALSE
CCTTCGCTCAAGGCGC-1	OZ258728_1_ORF2	1	1	23	23	TRUE	TRUE
CCTTCGCTCTAGGCAG-1	OP549859_1_ORF1	0	0	1	1	FALSE	FALSE
CCTTCGCTCTCTGGTA-1	OZ258728_1_ORF2	0	0	1	1	FALSE	FALSE
CCTTCGCTCTTGAATC-1	MZ286258_1_ORF1	1	1	32	32	TRUE	TRUE
CCTTGAATCAACCTTG-1	MZ286102_1_ORF2	1	0	9	9	TRUE	TRUE
CCTTGAATCAACTGGG-1	MZ286102_1_ORF1	0	0	1	2	FALSE	TRUE
CCTTGAATCCTAATGT-1	OP549859_1_ORF1	1	1	30	30	TRUE	TRUE
CCTTGAATCTGGGACA-1	OZ258728_1_ORF2	0	0	1	2	FALSE	TRUE
CCTTGACAGACATTAG-1	MZ286197_1_ORF1	0	0	1	1	FALSE	FALSE
CCTTGACAGACCTACC-1	OP549859_1_ORF2	1	0	5	5	TRUE	TRUE
CCTTGACAGCGGAACC-1	OZ258728_1_ORF2	0	0	1	1	FALSE	FALSE
CCTTGACAGCGTAAGT-1	meGFP	0	0	1	1	FALSE	FALSE
CCTTGACAGCTATCCA-1	MZ286258_1_ORF2	1	0	6	6	TRUE	TRUE
CCTTGACAGCTGAGAT-1	OP549859_1_ORF2	0	0	3	3	TRUE	TRUE
CCTTGACAGCTTGAGG-1	meGFP	1	1	43	43	TRUE	TRUE
CCTTGACAGGAATGTC-1	MZ286258_1_ORF2	0	0	1	1	FALSE	FALSE
CCTTGACAGGATCCCT-1	OZ258728_1_ORF2	0	0	1	1	FALSE	TRUE
CCTTGACAGGCGGTGT-1	MZ286258_1_ORF2	0	0	1	1	FALSE	TRUE
CCTTGACAGGTAATTG-1	OZ258728_1_ORF1	0	0	1	1	FALSE	FALSE
CCTTGACAGTAGACAC-1	OZ258728_1_ORF1	0	0	3	3	TRUE	FALSE
CCTTGACAGTGCGGAC-1	meGFP	0	0	1	1	FALSE	TRUE
CCTTGATCACATGCTT-1	meGFP	0	0	1	1	FALSE	FALSE
CCTTGATCACGCCTGT-1	MZ286258_1_ORF1	1	0	6	6	TRUE	TRUE
CCTTGATCATCCGCAC-1	MZ286258_1_ORF2	1	0	8	10	TRUE	TRUE
CCTTGATCATGATTCC-1	meGFP	0	0	1	1	FALSE	FALSE
CCTTGATCATTACTCA-1	meGFP	0	0	1	1	FALSE	TRUE
CCTTGCACAGACATTG-1	OP549859_1_ORF1	1	1	34	34	TRUE	TRUE
CCTTGCACAGTGTCCC-1	MZ286102_1_ORF2	0	0	1	1	FALSE	FALSE
CCTTGCCTCAAGCTCC-1	OZ258728_1_ORF1	0	0	1	1	FALSE	TRUE
CCTTGCCTCCCTGCGA-1	MZ286188_1_ORF1	0	0	1	1	FALSE	TRUE
CCTTGCCTCCTGTCAA-1	MZ286102_1_ORF1	0	0	1	1	FALSE	FALSE
CCTTGCCTCGCCTGTG-1	MZ286258_1_ORF1	0	0	1	1	FALSE	TRUE
CCTTGCCTCTAGAGGT-1	MZ286197_1_ORF2	0	0	1	1	FALSE	FALSE
CCTTGCCTCTGTGGAG-1	MZ286197_1_ORF2	0	0	2	2	TRUE	TRUE
CGAAACCCAATGGGTC-1	meGFP	0	0	3	3	TRUE	FALSE
CGAAACCCACCTGTGC-1	MZ286258_1_ORF2	1	0	5	5	TRUE	TRUE
CGAAACCCACGTTAAG-1	meGFP	3	1	25	38	FALSE	TRUE
CGAAACCCACTCACAT-1	OZ258728_1_ORF2	0	0	1	1	FALSE	FALSE
CGAAACCCACTTCGAT-1	MZ286188_1_ORF2	0	0	1	1	FALSE	FALSE
CGAAACCCAGCCGATG-1	OP549859_1_ORF1	2	1	43	47	TRUE	TRUE
CGAAACCCAGGGTTAC-1	OP549859_1_ORF1	1	0	4	4	TRUE	TRUE
CGAAACTAGAACCACG-1	OZ258728_1_ORF2	1	1	20	20	TRUE	TRUE
CGAAACTAGAACCTAA-1	OZ258728_1_ORF2	0	0	1	1	FALSE	FALSE
CGAAACTAGAGGCCAC-1	OP549859_1_ORF1	0	0	1	1	FALSE	FALSE
CGAAACTAGCCGGATA-1	meGFP	0	0	1	1	FALSE	FALSE
CGAAACTAGCGTACCT-1	OP549859_1_ORF1	1	1	66	66	TRUE	TRUE
CGAAACTAGCGTGCTT-1	OP549859_1_ORF1	0	0	1	1	FALSE	FALSE
CGAAACTAGGCACTTC-1	OZ258728_1_ORF1	1	1	47	47	TRUE	TRUE
CGAACGGGTACTTACA-1	OZ258728_1_ORF2	0	0	1	1	FALSE	TRUE
CGAACGGGTCAAGTTC-1	OZ258728_1_ORF2	0	0	1	1	FALSE	TRUE
CGAACGGGTCGGGACA-1	OZ258728_1_ORF2	0	0	3	3	TRUE	FALSE
CGAACGGGTGAGGTGT-1	OP549859_1_ORF1	0	0	1	1	FALSE	TRUE
CGAACGGGTGTAAGTG-1	MZ286197_1_ORF1	1	0	9	9	TRUE	FALSE
CGAACGGGTTACGGAA-1	MZ286197_1_ORF1	0	0	1	1	FALSE	FALSE
CGAACGGGTTCGCTGA-1	OZ258728_1_ORF2	0	0	1	1	FALSE	TRUE
CGAACGGGTTTCCAGG-1	meGFP	0	0	1	2	FALSE	TRUE
CGAACTTGTAATGGAT-1	MZ286102_1_ORF2	0	0	3	3	TRUE	TRUE
CGAACTTGTAGGTAGC-1	OZ258728_1_ORF2	0	0	1	1	FALSE	FALSE
CGAACTTGTCTGGCGT-1	OZ258728_1_ORF2	2	1	58	64	TRUE	TRUE
CGAACTTGTGTCGAGG-1	MZ286258_1_ORF1	1	1	41	41	TRUE	TRUE
CGAACTTGTTCCGTTC-1	OZ258728_1_ORF2	0	0	1	1	FALSE	TRUE
CGAAGCGGTAAGTAAC-1	OZ258728_1_ORF2	1	1	20	21	TRUE	TRUE
CGAAGCGGTATTGACC-1	MZ286188_1_ORF1	1	1	33	33	TRUE	TRUE
CGAAGCGGTGCTTAGT-1	MZ286102_1_ORF2	1	1	16	17	TRUE	TRUE
CGAAGCGGTGTCTATA-1	MZ286102_1_ORF1	0	0	3	3	TRUE	TRUE
CGAAGCGGTTTGAAGG-1	MZ286197_1_ORF1	0	0	1	1	FALSE	FALSE
CGAAGCTCACCTCGAC-1	meGFP	0	0	1	1	FALSE	FALSE
CGAAGCTCAGCGCACA-1	MZ286102_1_ORF2	1	1	12	13	TRUE	TRUE
CGAAGGTGTAGCCATT-1	MZ286258_1_ORF2	0	0	1	1	FALSE	TRUE
CGAAGGTGTCCACATG-1	OZ258728_1_ORF2	1	1	13	13	TRUE	TRUE
CGAAGGTGTCCGAATT-1	OZ258728_1_ORF2	0	0	1	1	FALSE	FALSE
CGAAGGTGTCGCATAT-1	OP549859_1_ORF1	1	0	5	5	TRUE	TRUE
CGAAGGTGTTATAGCC-1	MZ286197_1_ORF2	0	0	1	1	FALSE	TRUE
CGAAGTGTCGACCTCG-1	MZ286258_1_ORF2	0	0	1	1	FALSE	TRUE
CGAAGTGTCGCCAGTT-1	MZ286188_1_ORF1	0	0	1	1	FALSE	FALSE
CGAAGTGTCGTCACCG-1	OP549859_1_ORF1	0	0	1	1	FALSE	FALSE
CGAAGTGTCGTGCTAC-1	MZ286102_1_ORF2	1	1	13	14	TRUE	TRUE
CGAAGTGTCTCTGTGA-1	MZ286197_1_ORF2	0	0	2	2	TRUE	TRUE
CGAAGTGTCTTGAGCC-1	OZ258728_1_ORF1	0	0	1	1	FALSE	TRUE
CGAAGTTAGACACTAA-1	OZ258728_1_ORF1	0	0	1	1	FALSE	FALSE
CGAAGTTAGAGATAGG-1	OZ258728_1_ORF2	0	0	1	1	FALSE	FALSE
CGAAGTTAGTATCGAA-1	meGFP	0	0	1	1	FALSE	TRUE
CGAAGTTAGTGTCCGT-1	MZ286258_1_ORF2	1	0	4	5	TRUE	TRUE
CGAAGTTAGTGTGTCC-1	OP549859_1_ORF1	0	0	1	1	FALSE	FALSE
CGAATCTGTAGCCATT-1	MZ286258_1_ORF1	0	0	1	1	FALSE	TRUE
CGAATCTGTCGAGAGT-1	OZ258728_1_ORF1	0	0	3	3	TRUE	TRUE
CGAATCTGTGAACCAA-1	OP549859_1_ORF1	0	0	1	2	FALSE	TRUE
CGAATCTGTGCTTCGA-1	OZ258728_1_ORF2	0	0	1	1	FALSE	FALSE
CGAATCTGTTTACCAA-1	OP549859_1_ORF2	0	0	2	2	TRUE	TRUE
CGAATGCCACCCTATG-1	OZ258728_1_ORF2	0	0	1	1	FALSE	TRUE
CGAATGCCACTACGGG-1	OZ258728_1_ORF2	0	0	1	1	FALSE	FALSE
CGAATGCCAGATTAAC-1	MZ286197_1_ORF2	0	0	1	2	FALSE	TRUE
CGAATGCCATAGACCA-1	MZ286258_1_ORF2	1	0	5	5	TRUE	TRUE
CGAATGCCATAGGCAC-1	MZ286197_1_ORF2	1	0	4	4	TRUE	TRUE
CGAATGCCATTGGACA-1	meGFP	0	0	1	1	FALSE	TRUE
CGAATTAAGAAGTGAG-1	meGFP	1	1	18	18	TRUE	TRUE
CGAATTAAGACATTAG-1	MZ286197_1_ORF2	0	0	1	1	FALSE	TRUE
CGAATTAAGATTGGTA-1	meGFP	0	0	1	1	FALSE	FALSE
CGAATTAAGCCTTCCC-1	meGFP	0	0	1	1	FALSE	TRUE
CGAATTAAGTACCCGT-1	MZ286102_1_ORF2	0	0	1	1	FALSE	TRUE
CGAATTAAGTCTAGGG-1	OZ258728_1_ORF2	0	0	1	1	FALSE	FALSE
CGAATTAAGTTACACT-1	MZ286102_1_ORF2	1	1	15	15	TRUE	TRUE
CGAATTAAGTTGGAAC-1	MZ286102_1_ORF2	1	0	4	4	TRUE	TRUE
CGACAATAGACTTGAA-1	meGFP	0	0	1	1	FALSE	TRUE
CGACAATAGAGTCCCT-1	MZ286258_1_ORF2	1	1	17	18	TRUE	TRUE
CGACAATAGATACAGC-1	MZ286102_1_ORF1	0	0	1	2	FALSE	TRUE
CGACAATAGATCAAGC-1	OP549859_1_ORF2	0	0	2	3	FALSE	TRUE
CGACAATAGATGGTGT-1	OZ258728_1_ORF2	0	0	1	1	FALSE	TRUE
CGACAATAGCACCAGA-1	OZ258728_1_ORF2	0	0	2	2	TRUE	TRUE
CGACAATAGGTGTGGC-1	OZ258728_1_ORF2	0	0	1	1	FALSE	FALSE
CGACACAAGACATCGG-1	MZ286188_1_ORF2	0	0	3	4	TRUE	TRUE
CGACACAAGATGAGGA-1	MZ286197_1_ORF2	0	0	1	1	FALSE	TRUE
CGACACAAGGCTTCAC-1	OP549859_1_ORF1	0	0	1	1	FALSE	TRUE
CGACACAAGGGCAACC-1	MZ286258_1_ORF1	0	0	1	1	FALSE	FALSE
CGACACAAGGGTGATT-1	MZ286102_1_ORF2	1	0	6	7	TRUE	TRUE
CGACACAAGGTAATTG-1	MZ286102_1_ORF2	0	0	1	2	FALSE	TRUE
CGACACAAGTATCGAA-1	OP549859_1_ORF2	0	0	1	1	FALSE	FALSE
CGACACAAGTTGGAAC-1	MZ286258_1_ORF2	0	0	2	2	TRUE	TRUE
CGACCGACAATCCGGG-1	OZ258728_1_ORF2	0	0	1	1	FALSE	FALSE
CGACCGACAATGGGTC-1	MZ286197_1_ORF1	0	0	1	1	FALSE	FALSE
CGACCGACACAATCCT-1	OZ258728_1_ORF1	0	0	1	1	FALSE	FALSE
CGACCGACACATTCGT-1	MZ286258_1_ORF2	0	0	1	1	FALSE	FALSE
CGACCGACACCATAGA-1	MZ286102_1_ORF2	1	1	10	10	TRUE	TRUE
CGACCGACAGATATAC-1	OZ258728_1_ORF1	0	0	1	1	FALSE	FALSE
CGACCGACAGGATTGC-1	OZ258728_1_ORF2	0	0	2	2	TRUE	FALSE
CGACCGACAGGCGCTA-1	meGFP	0	0	1	1	FALSE	FALSE
CGACCGACAGGGTAAG-1	MZ286188_1_ORF1	1	1	85	86	TRUE	TRUE
CGACCGACATAGTTGG-1	OZ258728_1_ORF2	1	1	21	27	TRUE	TRUE
CGACCGACATCCACAT-1	meGFP	0	0	1	1	FALSE	FALSE
CGACCGCTCTTAGTGT-1	OZ258728_1_ORF2	0	0	1	1	FALSE	TRUE
CGACGGAGTCCATCCT-1	OP549859_1_ORF1	0	0	1	1	FALSE	FALSE
CGACGGAGTCTGGTCA-1	OP549859_1_ORF1	0	0	1	1	FALSE	FALSE
CGACGGAGTGTGGATA-1	meGFP	1	1	16	17	TRUE	TRUE
CGACGGAGTTAGATGG-1	MZ286188_1_ORF1	0	0	1	1	FALSE	FALSE
CGACGGAGTTAGCTTA-1	MZ286258_1_ORF1	0	0	3	3	TRUE	TRUE
CGACGGGTCACGTGCT-1	MZ286102_1_ORF2	1	1	17	17	TRUE	TRUE
CGACGGGTCAGTCGTC-1	OZ258728_1_ORF2	0	0	1	1	FALSE	FALSE
CGACGGGTCCGTACCG-1	OZ258728_1_ORF2	0	0	1	2	FALSE	TRUE
CGACGGGTCGCCCAAT-1	meGFP	0	0	2	2	TRUE	FALSE
CGACGGGTCGCCCGTA-1	MZ286102_1_ORF2	1	0	6	6	TRUE	FALSE
CGACGGGTCGGCCATT-1	OZ258728_1_ORF2	1	1	46	46	TRUE	TRUE
CGACGGGTCGGGATCA-1	meGFP	2	1	19	24	TRUE	TRUE
CGACGGGTCGTCAATT-1	OZ258728_1_ORF2	0	0	1	1	FALSE	FALSE
CGACGGGTCTCCCAGG-1	MZ286102_1_ORF1	0	0	1	1	FALSE	TRUE
CGACTACTCACACTTG-1	OZ258728_1_ORF2	1	1	26	26	TRUE	TRUE
CGACTACTCATAGAGC-1	meGFP	0	0	1	2	FALSE	TRUE
CGACTACTCCAGAGAT-1	MZ286188_1_ORF1	1	0	4	4	TRUE	TRUE
CGACTACTCCCACAGT-1	OP549859_1_ORF1	0	0	1	1	FALSE	TRUE
CGACTACTCCCGTAAC-1	OZ258728_1_ORF2	0	0	1	1	FALSE	FALSE
CGACTACTCCCTCTAT-1	OZ258728_1_ORF2	0	0	1	1	FALSE	FALSE
CGACTACTCCGCCACA-1	OZ258728_1_ORF1	0	0	1	1	FALSE	TRUE
CGACTACTCCTATACG-1	OP549859_1_ORF2	0	0	1	1	FALSE	TRUE
CGACTACTCCTGGGAA-1	MZ286258_1_ORF2	0	0	1	1	FALSE	TRUE
CGACTACTCGCAAGGC-1	OZ258728_1_ORF2	2	1	55	62	TRUE	TRUE
CGACTACTCGGCTTCG-1	OP549859_1_ORF1	1	1	71	71	TRUE	TRUE
CGACTACTCTCAGGGA-1	OZ258728_1_ORF2	0	0	1	1	FALSE	FALSE
CGACTACTCTTCATCC-1	OZ258728_1_ORF2	0	0	1	1	FALSE	FALSE
CGACTACTCTTCGTCT-1	OZ258728_1_ORF1	0	0	1	2	FALSE	TRUE
CGACTCCCAAGCCACG-1	OZ258728_1_ORF2	0	0	1	1	FALSE	FALSE
CGACTCCCAATGGGTC-1	meGFP	1	1	17	17	TRUE	TRUE
CGACTCCCACACAGCG-1	OZ258728_1_ORF2	1	1	26	26	TRUE	TRUE
CGACTCCCAGAACGCT-1	meGFP	0	0	1	1	FALSE	FALSE
CGACTCCCAGGGACTT-1	MZ286102_1_ORF1	1	0	4	4	TRUE	TRUE
CGACTCCCATACCGGG-1	OZ258728_1_ORF2	1	1	28	29	TRUE	TRUE
CGACTCCCATATCACC-1	OP549859_1_ORF2	1	1	15	15	TRUE	TRUE
CGACTGTTCAAGCCAG-1	OP549859_1_ORF1	0	0	1	2	FALSE	TRUE
CGACTGTTCACACTTG-1	meGFP	0	0	1	1	FALSE	FALSE
CGACTGTTCACTTACG-1	meGFP	1	0	4	4	TRUE	TRUE
CGACTGTTCCCCAGAT-1	meGFP	1	1	49	49	TRUE	TRUE
CGACTGTTCCGTGGTT-1	OZ258728_1_ORF2	1	1	16	16	TRUE	TRUE
CGACTGTTCGAACGTG-1	MZ286102_1_ORF1	1	1	13	13	TRUE	TRUE
CGACTGTTCGGCTGAA-1	MZ286102_1_ORF2	1	1	24	24	TRUE	TRUE
CGACTGTTCGTGAGGC-1	MZ286258_1_ORF2	0	0	1	1	FALSE	TRUE
CGACTGTTCTAGATGA-1	meGFP	0	0	3	3	TRUE	FALSE
CGACTGTTCTGAGTCC-1	MZ286197_1_ORF2	0	0	1	1	FALSE	TRUE
CGAGCATCAAATGAGA-1	MZ286258_1_ORF2	0	0	1	1	FALSE	FALSE
CGAGCATCAAGATCCA-1	OP549859_1_ORF1	0	0	1	2	FALSE	TRUE
CGAGCATCAATTGCCT-1	MZ286188_1_ORF1	1	1	22	22	TRUE	TRUE
CGAGCATCACACCGCT-1	OZ258728_1_ORF1	0	0	2	2	TRUE	TRUE
CGAGCATCACGTATAG-1	MZ286188_1_ORF1	0	0	1	1	FALSE	TRUE
CGAGCATCATAAGTCG-1	meGFP	1	1	43	43	TRUE	TRUE
CGAGCATCATTAACGG-1	OP549859_1_ORF2	0	0	1	1	FALSE	FALSE
CGAGCGAGTAACCATC-1	OZ258728_1_ORF1	0	0	1	1	FALSE	FALSE
CGAGCGAGTAAGTCTC-1	OP549859_1_ORF2	0	0	1	1	FALSE	FALSE
CGAGCGAGTAATCCGT-1	OZ258728_1_ORF2	0	0	1	1	FALSE	FALSE
CGAGCGAGTCAGCCGT-1	OP549859_1_ORF2	1	0	5	6	TRUE	TRUE
CGAGCGAGTGAAGGCT-1	OZ258728_1_ORF2	0	0	1	1	FALSE	TRUE
CGAGCGAGTGCGCGTT-1	OZ258728_1_ORF2	0	0	1	1	FALSE	TRUE
CGAGCGAGTGGCTTGC-1	MZ286197_1_ORF1	2	2	31	57	FALSE	TRUE
CGAGCGAGTTATGGAG-1	OZ258728_1_ORF1	0	0	1	1	FALSE	FALSE
CGAGCGGTCACCGCAT-1	MZ286197_1_ORF2	0	0	2	3	FALSE	TRUE
CGAGCGGTCATCCGGT-1	OZ258728_1_ORF2	1	0	6	6	TRUE	TRUE
CGAGCGGTCCGTGGAA-1	MZ286102_1_ORF1	0	0	1	1	FALSE	FALSE
CGAGCGGTCTCGCTCC-1	OZ258728_1_ORF2	1	1	12	12	TRUE	TRUE
CGAGGACTCCACAGGA-1	OZ258728_1_ORF2	0	0	1	1	FALSE	FALSE
CGAGGACTCCATAGGG-1	meGFP	1	1	71	71	TRUE	TRUE
CGAGGACTCCCATCCC-1	MZ286188_1_ORF2	0	0	1	3	FALSE	TRUE
CGAGGACTCCTCTCCA-1	meGFP	0	0	1	1	FALSE	FALSE
CGAGGACTCGGGATTG-1	MZ286258_1_ORF2	0	0	1	1	FALSE	FALSE
CGAGGACTCTAAGCAA-1	OZ258728_1_ORF2	0	0	2	2	TRUE	FALSE
CGAGGACTCTAGGTAA-1	MZ286258_1_ORF1	1	1	14	15	TRUE	TRUE
CGAGGACTCTAGTCAT-1	MZ286197_1_ORF1	0	0	1	1	FALSE	FALSE
CGAGGACTCTCTGTGA-1	OP549859_1_ORF2	0	0	1	1	FALSE	FALSE
CGAGGACTCTTAGGCC-1	MZ286102_1_ORF2	0	0	3	7	FALSE	TRUE
CGAGGATGTAATGAAC-1	MZ286258_1_ORF2	0	0	1	1	FALSE	FALSE
CGAGGATGTACCTGGC-1	MZ286258_1_ORF2	0	0	1	1	FALSE	FALSE
CGAGGATGTAGCTCGC-1	MZ286197_1_ORF2	1	0	5	5	TRUE	TRUE
CGAGGATGTCTCCAAG-1	OZ258728_1_ORF2	0	0	1	1	FALSE	FALSE
CGAGGATGTGATCGTT-1	OP549859_1_ORF1	1	1	60	60	TRUE	TRUE
CGAGGATGTGCCCGAT-1	MZ286188_1_ORF2	0	0	1	1	FALSE	FALSE
CGAGGATGTGCTGACC-1	OP549859_1_ORF1	0	0	1	1	FALSE	FALSE
CGAGGATGTGGTTCAT-1	MZ286188_1_ORF1	1	1	24	24	TRUE	TRUE
CGAGGATGTTGGACCC-1	MZ286258_1_ORF1	1	0	8	9	TRUE	TRUE
CGAGGATGTTGGTGAA-1	MZ286102_1_ORF2	0	0	2	5	FALSE	TRUE
CGAGGATGTTTAGCAC-1	MZ286258_1_ORF1	0	0	1	1	FALSE	TRUE
CGAGGATGTTTCAAGC-1	OZ258728_1_ORF2	0	0	1	1	FALSE	FALSE
CGAGGCTAGAACTTAG-1	OZ258728_1_ORF1	0	0	1	1	FALSE	FALSE
CGAGGCTAGACTTACT-1	meGFP	0	0	1	1	FALSE	TRUE
CGAGGCTAGATGGCGC-1	MZ286197_1_ORF2	0	0	1	2	FALSE	TRUE
CGAGGCTAGCGTGCTT-1	OZ258728_1_ORF2	1	0	6	7	TRUE	TRUE
CGAGGCTAGTACCCGT-1	meGFP	0	0	2	2	TRUE	TRUE
CGAGGCTAGTGAGAGA-1	OZ258728_1_ORF1	0	0	1	1	FALSE	FALSE
CGAGGCTAGTGCCCAT-1	meGFP	0	0	1	1	FALSE	FALSE
CGAGGCTAGTTGCGTC-1	MZ286102_1_ORF2	0	0	3	3	TRUE	TRUE
CGAGTCAAGCCAACCT-1	MZ286197_1_ORF1	0	0	2	2	TRUE	TRUE
CGAGTCAAGCTTAATC-1	MZ286102_1_ORF2	0	0	1	1	FALSE	TRUE
CGAGTCAAGGAATGTC-1	OZ258728_1_ORF2	1	1	55	55	TRUE	TRUE
CGAGTCAAGGCGAACC-1	OP549859_1_ORF1	1	1	90	90	TRUE	TRUE
CGAGTCAAGGGGAACG-1	OZ258728_1_ORF1	1	1	37	38	TRUE	TRUE
CGAGTCAAGTGTAATG-1	MZ286188_1_ORF1	0	0	1	1	FALSE	TRUE
CGAGTCAAGTTGACTT-1	MZ286197_1_ORF2	1	0	4	4	TRUE	TRUE
CGAGTCCGTACCTGGC-1	OZ258728_1_ORF2	1	1	13	13	TRUE	FALSE
CGAGTCCGTCGATGCC-1	MZ286102_1_ORF2	1	1	15	15	TRUE	TRUE
CGAGTCCGTGATTGCT-1	OZ258728_1_ORF2	0	0	1	1	FALSE	FALSE
CGAGTCCGTGGGATTA-1	OZ258728_1_ORF2	1	1	71	71	TRUE	TRUE
CGAGTCCGTTCGATTA-1	OZ258728_1_ORF2	0	0	1	1	FALSE	FALSE
CGAGTGGGTACAGAGC-1	MZ286102_1_ORF2	1	1	13	16	TRUE	TRUE
CGAGTGGGTACGCCTA-1	meGFP	1	1	27	27	TRUE	TRUE
CGAGTGGGTCAGCCGT-1	MZ286258_1_ORF2	0	0	1	1	FALSE	FALSE
CGAGTGGGTGCGCGTT-1	OP549859_1_ORF1	0	0	1	1	FALSE	FALSE
CGAGTGGGTGGAAGGA-1	meGFP	0	0	1	1	FALSE	FALSE
CGAGTGGGTGGAGAGA-1	MZ286102_1_ORF1	0	0	1	1	FALSE	FALSE
CGAGTGGGTGGGATTA-1	MZ286258_1_ORF2	1	0	5	6	TRUE	TRUE
CGAGTGGGTGGTGTGG-1	OP549859_1_ORF2	1	0	6	8	TRUE	TRUE
CGAGTGGGTGTCAGTT-1	OZ258728_1_ORF2	0	0	1	1	FALSE	FALSE
CGAGTGGGTTATAGGG-1	OZ258728_1_ORF1	0	0	3	4	TRUE	TRUE
CGAGTGGGTTCGCAGC-1	MZ286258_1_ORF1	0	0	2	4	FALSE	TRUE
CGAGTGGGTTCGTGCA-1	MZ286258_1_ORF2	0	0	1	1	FALSE	TRUE
CGATCCCCAACAGATT-1	MZ286258_1_ORF2	0	0	1	1	FALSE	TRUE
CGATCCCCACAGTATG-1	OP549859_1_ORF1	1	1	17	18	TRUE	TRUE
CGATCCCCACGTGCCT-1	MZ286258_1_ORF2	1	1	11	11	TRUE	TRUE
CGATCCGTCACTCGCG-1	meGFP	0	0	1	1	FALSE	TRUE
CGATCCGTCAGTGTGG-1	MZ286258_1_ORF2	0	0	3	4	TRUE	TRUE
CGATCCGTCCAGAGAT-1	MZ286102_1_ORF1	0	0	1	1	FALSE	TRUE
CGATCCGTCCCAACCG-1	OZ258728_1_ORF2	0	0	1	1	FALSE	FALSE
CGATCCGTCCCGTGCA-1	MZ286102_1_ORF2	0	0	1	1	FALSE	TRUE
CGATCCGTCGAACCCT-1	MZ286102_1_ORF2	0	0	2	2	TRUE	TRUE
CGATCCGTCGCTTGAC-1	OZ258728_1_ORF2	2	1	54	60	TRUE	TRUE
CGATCCGTCTACTCCT-1	OP549859_1_ORF1	0	0	3	5	FALSE	TRUE
CGATCCGTCTAGGTAA-1	MZ286102_1_ORF1	1	1	23	25	TRUE	TRUE
CGATCCGTCTGCAATT-1	OP549859_1_ORF1	0	0	1	1	FALSE	FALSE
CGATCGTTCAAGCGTG-1	OP549859_1_ORF2	1	0	7	7	TRUE	TRUE
CGATCGTTCACAGATA-1	MZ286102_1_ORF2	0	0	1	1	FALSE	FALSE
CGATCGTTCACCCTAA-1	OP549859_1_ORF1	0	0	1	1	FALSE	FALSE
CGATCGTTCACGGGAC-1	MZ286258_1_ORF1	1	1	38	39	TRUE	TRUE
CGATCGTTCATATGTC-1	MZ286102_1_ORF2	1	1	11	11	TRUE	TRUE
CGATCGTTCATGGCTC-1	OP549859_1_ORF1	1	1	34	35	TRUE	TRUE
CGATCGTTCGAGTTGG-1	meGFP	0	0	1	1	FALSE	TRUE
CGATCGTTCTAACCAT-1	MZ286102_1_ORF1	1	1	10	10	TRUE	TRUE
CGATCGTTCTATCGTG-1	OP549859_1_ORF1	1	0	6	6	TRUE	TRUE
CGATCGTTCTGGATGG-1	MZ286102_1_ORF2	1	0	8	9	TRUE	TRUE
CGATCGTTCTGTATGT-1	meGFP	0	0	1	1	FALSE	FALSE
CGATGACCACGCTACC-1	OZ258728_1_ORF2	0	0	1	1	FALSE	FALSE
CGATGACCAGGCTATA-1	OZ258728_1_ORF2	0	0	1	1	FALSE	TRUE
CGATGACCATATCACC-1	MZ286258_1_ORF1	0	0	1	1	FALSE	FALSE
CGATGACCATTGGATG-1	MZ286197_1_ORF1	0	0	1	1	FALSE	TRUE
CGATGGATCAGGCAAT-1	OZ258728_1_ORF2	0	0	1	1	FALSE	FALSE
CGATGGATCCTACTGA-1	MZ286188_1_ORF1	0	0	1	1	FALSE	FALSE
CGATGGATCGCTTGAC-1	OP549859_1_ORF1	1	1	36	36	TRUE	TRUE
CGATGGATCTGCAATT-1	OZ258728_1_ORF1	1	1	26	26	TRUE	TRUE
CGATGGGGTAGGATAT-1	MZ286102_1_ORF2	0	0	1	1	FALSE	FALSE
CGATGGGGTATACGTC-1	OZ258728_1_ORF2	0	0	1	2	FALSE	FALSE
CGATGGGGTATGGTTC-1	MZ286188_1_ORF1	0	0	1	1	FALSE	FALSE
CGATGGGGTCAATCTA-1	MZ286197_1_ORF2	0	0	1	1	FALSE	TRUE
CGATGGGGTCAGCATT-1	OP549859_1_ORF1	0	0	1	1	FALSE	FALSE
CGATGGGGTGATCCCA-1	MZ286102_1_ORF2	1	1	11	11	TRUE	TRUE
CGATGGGGTGGCGTCT-1	MZ286258_1_ORF2	0	0	3	3	TRUE	TRUE
CGATGGGGTGTCCAAT-1	MZ286102_1_ORF2	1	0	4	5	TRUE	TRUE
CGATGGGGTTAGTTGC-1	MZ286188_1_ORF1	0	0	3	5	FALSE	TRUE
CGATGGGGTTCGCTTC-1	meGFP	0	0	1	1	FALSE	FALSE
CGATGGGGTTGAAGCA-1	MZ286258_1_ORF2	0	0	1	1	FALSE	FALSE
CGATGGGGTTTACGAC-1	MZ286197_1_ORF2	0	0	3	3	TRUE	TRUE
CGATTTAGTAACCGAA-1	MZ286188_1_ORF2	0	0	3	6	FALSE	TRUE
CGATTTAGTAAGCTAG-1	OP549859_1_ORF1	0	0	1	1	FALSE	FALSE
CGATTTAGTAGTCCCA-1	MZ286102_1_ORF2	0	0	1	3	FALSE	TRUE
CGATTTAGTATCGAGA-1	OZ258728_1_ORF2	0	0	1	1	FALSE	FALSE
CGATTTAGTCGGGCTT-1	MZ286102_1_ORF2	0	0	1	1	FALSE	FALSE
CGATTTAGTGCGCGAA-1	MZ286102_1_ORF2	1	1	22	22	TRUE	TRUE
CGATTTAGTGGCATGG-1	OZ258728_1_ORF2	0	0	1	1	FALSE	FALSE
CGATTTAGTGTGTCGC-1	OZ258728_1_ORF2	0	0	2	2	TRUE	TRUE
CGATTTAGTTCCGTTC-1	OP549859_1_ORF1	0	0	1	1	FALSE	FALSE
CGATTTAGTTTGGCGC-1	OP549859_1_ORF2	1	1	23	23	TRUE	TRUE
CGCACAGCAATACCCT-1	OP549859_1_ORF1	0	0	3	4	TRUE	TRUE
CGCACAGCAATGTCCT-1	OZ258728_1_ORF2	0	0	1	1	FALSE	TRUE
CGCACAGCACCCTGAC-1	MZ286102_1_ORF2	1	1	10	10	TRUE	TRUE
CGCACAGCACGGTCAG-1	MZ286197_1_ORF1	0	0	1	1	FALSE	FALSE
CGCACAGCACGTTGGG-1	OP549859_1_ORF1	1	1	70	71	TRUE	TRUE
CGCACAGCACTACCCA-1	MZ286102_1_ORF1	1	1	15	15	TRUE	TRUE
CGCACAGCAGCCCTGT-1	MZ286258_1_ORF1	0	0	1	1	FALSE	FALSE
CGCACAGCAGTACGGT-1	MZ286258_1_ORF1	1	0	5	5	TRUE	TRUE
CGCACAGCATTGCCCA-1	OP549859_1_ORF1	0	0	1	1	FALSE	FALSE
CGCAGGAGTAACGATG-1	meGFP	0	0	1	1	FALSE	FALSE
CGCAGGAGTCCGTCAA-1	OP549859_1_ORF2	1	0	8	8	TRUE	TRUE
CGCAGGAGTGAGGAGA-1	MZ286197_1_ORF2	1	0	5	5	TRUE	TRUE
CGCAGGAGTGGAACCG-1	MZ286197_1_ORF1	0	0	1	1	FALSE	FALSE
CGCAGGAGTTACGGAA-1	OP549859_1_ORF1	0	0	1	2	FALSE	TRUE
CGCAGGAGTTGTCTGG-1	MZ286102_1_ORF2	0	0	1	2	FALSE	TRUE
CGCAGGTAGACTCATT-1	MZ286188_1_ORF1	0	0	1	1	FALSE	FALSE
CGCAGGTAGCAATCCC-1	meGFP	0	0	1	1	FALSE	TRUE
CGCAGGTAGGAGGTCC-1	MZ286197_1_ORF1	0	0	2	2	TRUE	TRUE
CGCAGGTAGTGGGTTG-1	MZ286188_1_ORF2	0	0	1	1	FALSE	FALSE
CGCATAACAAATCTGG-1	meGFP	0	0	1	1	FALSE	FALSE
CGCATAACACAATCCT-1	OZ258728_1_ORF2	0	0	1	1	FALSE	FALSE
CGCATAACATTACCCG-1	OZ258728_1_ORF2	1	1	251	253	TRUE	TRUE
CGCATGAAGCACGTTC-1	MZ286258_1_ORF2	0	0	1	1	FALSE	FALSE
CGCATGAAGCATCCGT-1	MZ286102_1_ORF2	0	0	3	3	TRUE	TRUE
CGCATGAAGGGTTAGT-1	MZ286197_1_ORF1	1	1	20	23	TRUE	TRUE
CGCATGAAGTTAAGTG-1	MZ286102_1_ORF2	1	0	7	7	TRUE	TRUE
CGCATGGCAATTGCAG-1	OZ258728_1_ORF1	0	0	1	1	FALSE	FALSE
CGCATGGCAATTGGTG-1	OP549859_1_ORF1	1	1	21	22	TRUE	TRUE
CGCATGGCACAAGGCT-1	MZ286188_1_ORF2	0	0	1	1	FALSE	TRUE
CGCATGGCACACAGCG-1	OP549859_1_ORF1	1	1	62	63	TRUE	TRUE
CGCATGGCACCAAGCG-1	OZ258728_1_ORF2	0	0	3	6	FALSE	TRUE
CGCATGGCAGACACAC-1	OP549859_1_ORF1	1	0	4	4	TRUE	TRUE
CGCATGGCAGCTCTAT-1	MZ286258_1_ORF2	1	1	10	10	TRUE	TRUE
CGCATGGCATGGTAAT-1	MZ286102_1_ORF1	0	0	1	3	FALSE	TRUE
CGCCAACGTAACCTAC-1	OZ258728_1_ORF2	0	0	1	1	FALSE	FALSE
CGCCAACGTCAGCCGT-1	MZ286197_1_ORF2	1	0	5	6	TRUE	TRUE
CGCCAACGTCGCAGGA-1	MZ286197_1_ORF2	1	1	10	10	TRUE	TRUE
CGCCAACGTCGCGAGA-1	MZ286197_1_ORF1	0	0	1	1	FALSE	FALSE
CGCCAACGTGATTGCT-1	meGFP	0	0	1	1	FALSE	FALSE
CGCCAACGTGGAAGCT-1	MZ286258_1_ORF2	1	0	4	6	TRUE	TRUE
CGCCAACGTGGTGCGA-1	OP549859_1_ORF2	0	0	3	3	TRUE	TRUE
CGCCAACGTGTGGACG-1	MZ286102_1_ORF2	0	0	1	1	FALSE	FALSE
CGCCAACGTTATGCAC-1	OZ258728_1_ORF2	1	1	37	37	TRUE	TRUE
CGCCAACGTTTCATCT-1	meGFP	1	0	4	4	TRUE	TRUE
CGCCAGACACGGCTCT-1	OZ258728_1_ORF2	0	0	1	1	FALSE	FALSE
CGCCAGACATGGTAAT-1	MZ286102_1_ORF2	1	1	12	12	TRUE	TRUE
CGCCAGACATTAGAGT-1	meGFP	0	0	1	1	FALSE	FALSE
CGCCAGACATTCGCTG-1	OZ258728_1_ORF1	1	1	36	36	TRUE	TRUE
CGCCAGTGTACGCCTA-1	MZ286258_1_ORF2	1	1	17	17	TRUE	TRUE
CGCCAGTGTCACTAAC-1	MZ286188_1_ORF1	0	0	1	1	FALSE	FALSE
CGCCAGTGTCAGCCGT-1	MZ286102_1_ORF1	0	0	1	1	FALSE	TRUE
CGCCAGTGTCTGGCGT-1	OZ258728_1_ORF2	0	0	1	1	FALSE	TRUE
CGCCAGTGTGCTGACC-1	OZ258728_1_ORF1	0	0	1	2	FALSE	FALSE
CGCCCTTTCCAGAGGC-1	MZ286102_1_ORF2	1	0	9	9	TRUE	TRUE
CGCCCTTTCGAGCAGC-1	OZ258728_1_ORF2	0	0	1	1	FALSE	FALSE
CGCCCTTTCTCGATTG-1	MZ286258_1_ORF2	0	0	1	3	FALSE	TRUE
CGCCTATAGAAGGATG-1	meGFP	0	0	1	1	FALSE	TRUE
CGCCTATAGAGGTTAC-1	OP549859_1_ORF1	0	0	1	1	FALSE	TRUE
CGCCTATAGATTCACT-1	MZ286197_1_ORF2	0	0	1	1	FALSE	TRUE
CGCCTATAGCAAGTAC-1	MZ286258_1_ORF2	1	0	5	6	TRUE	TRUE
CGCCTATAGGGTAACT-1	meGFP	0	0	1	1	FALSE	TRUE
CGCCTTCTCCAAGTGG-1	MZ286188_1_ORF1	2	1	19	26	FALSE	TRUE
CGCCTTCTCCGACATC-1	OZ258728_1_ORF2	0	0	1	1	FALSE	FALSE
CGCCTTCTCGCAAGGC-1	OP549859_1_ORF1	0	0	1	1	FALSE	TRUE
CGCCTTCTCGCCTATA-1	MZ286258_1_ORF1	0	0	1	1	FALSE	TRUE
CGCCTTCTCGTCCATA-1	MZ286102_1_ORF1	0	0	1	1	FALSE	FALSE
CGCCTTCTCTCACGCG-1	OZ258728_1_ORF1	0	0	1	1	FALSE	FALSE
CGCCTTGAGACACTAA-1	MZ286188_1_ORF1	1	1	13	15	TRUE	TRUE
CGCCTTGAGCCTTCCC-1	MZ286102_1_ORF2	0	0	1	1	FALSE	FALSE
CGCCTTGAGTCCTCAA-1	MZ286258_1_ORF2	1	1	14	15	TRUE	TRUE
CGCGAATCAACCTTAC-1	MZ286102_1_ORF2	1	1	17	18	TRUE	TRUE
CGCGAATCAACGAGCT-1	meGFP	0	0	1	1	FALSE	FALSE
CGCGAATCAACGGGTT-1	MZ286258_1_ORF1	0	0	1	1	FALSE	TRUE
CGCGAATCAACTATGG-1	MZ286188_1_ORF1	0	0	1	2	FALSE	FALSE
CGCGAATCAATTCGGA-1	OZ258728_1_ORF2	0	0	1	1	FALSE	FALSE
CGCGAATCACCCATTG-1	MZ286188_1_ORF2	1	0	7	10	TRUE	TRUE
CGCGAATCACGCTACC-1	MZ286188_1_ORF2	0	0	1	1	FALSE	FALSE
CGCGAATCAGAGAGGC-1	MZ286258_1_ORF2	0	0	1	1	FALSE	TRUE
CGCGAATCAGCTTGCC-1	MZ286258_1_ORF1	1	0	9	9	TRUE	TRUE
CGCGAATCAGGGTCCA-1	MZ286188_1_ORF1	1	0	6	6	TRUE	TRUE
CGCGAATCAGGTACGT-1	meGFP	0	0	1	1	FALSE	TRUE
CGCGAATCATATGCTC-1	MZ286102_1_ORF1	0	0	1	1	FALSE	FALSE
CGCGAATCATGGCTGG-1	MZ286258_1_ORF2	1	0	9	9	TRUE	TRUE
CGCGCCTAGCAATGAC-1	OP549859_1_ORF1	0	0	1	1	FALSE	FALSE
CGCGCCTAGCCTAGTC-1	MZ286197_1_ORF1	1	0	7	7	TRUE	TRUE
CGCGCCTAGCGAGAGG-1	MZ286102_1_ORF2	0	0	1	1	FALSE	FALSE
CGCGCCTAGGACGTTG-1	MZ286258_1_ORF1	0	0	1	1	FALSE	TRUE
CGCGCCTAGGATGGCC-1	MZ286102_1_ORF1	1	0	4	5	TRUE	TRUE
CGCGCCTAGTGTGATA-1	OZ258728_1_ORF2	0	0	2	3	FALSE	TRUE
CGCGTTCCAAATGAGA-1	OZ258728_1_ORF1	1	1	41	42	TRUE	TRUE
CGCGTTCCAATCACGA-1	MZ286258_1_ORF1	0	0	1	1	FALSE	TRUE
CGCGTTCCACGGTTCC-1	MZ286258_1_ORF2	1	0	4	4	TRUE	TRUE
CGCGTTCCACTCCGTA-1	OZ258728_1_ORF2	0	0	1	1	FALSE	TRUE
CGCGTTCCACTCGCTA-1	MZ286102_1_ORF2	1	1	11	11	TRUE	TRUE
CGCGTTCCAGCTGCGA-1	MZ286188_1_ORF1	1	1	41	41	TRUE	TRUE
CGCTAGAAGACTTACT-1	MZ286258_1_ORF2	2	1	12	18	FALSE	TRUE
CGCTAGAAGAGGCGTC-1	OZ258728_1_ORF2	0	0	1	1	FALSE	FALSE
CGCTAGAAGGTAGGAA-1	OP549859_1_ORF1	0	0	1	1	FALSE	FALSE
CGCTAGAAGTTGGCGA-1	OP549859_1_ORF1	0	0	2	4	FALSE	TRUE
CGCTATATCGTCAATT-1	meGFP	0	0	1	1	FALSE	TRUE
CGCTATATCTCTCGCC-1	OZ258728_1_ORF1	0	0	1	1	FALSE	FALSE
CGCTATATCTGCATCA-1	MZ286258_1_ORF2	1	0	6	6	TRUE	TRUE
CGCTCAAGTAAGCATG-1	MZ286102_1_ORF2	0	0	1	1	FALSE	TRUE
CGCTCAAGTATCGCCA-1	MZ286258_1_ORF2	1	0	8	9	TRUE	TRUE
CGCTCAAGTCCCGAAC-1	OP549859_1_ORF1	0	0	1	1	FALSE	FALSE
CGCTCAAGTCCGAATT-1	meGFP	1	1	11	11	TRUE	TRUE
CGCTCAAGTGCATGAA-1	OP549859_1_ORF1	0	0	1	1	FALSE	FALSE
CGCTCAAGTGCCCAAC-1	OZ258728_1_ORF2	0	0	1	1	FALSE	FALSE
CGCTCAAGTGTGTCGC-1	MZ286197_1_ORF1	1	1	10	10	TRUE	TRUE
CGCTCAAGTTGCCTTC-1	OZ258728_1_ORF2	1	1	33	33	TRUE	TRUE
CGCTCAGTCAATGCTT-1	OZ258728_1_ORF2	0	0	1	1	FALSE	FALSE
CGCTCAGTCCCGTAGT-1	OZ258728_1_ORF2	0	0	1	1	FALSE	FALSE
CGCTCAGTCCGTACCG-1	MZ286188_1_ORF1	1	1	15	15	TRUE	TRUE
CGCTCAGTCGAGCGGT-1	OZ258728_1_ORF2	0	0	1	1	FALSE	TRUE
CGCTCAGTCGTGAAGT-1	meGFP	0	0	1	1	FALSE	FALSE
CGCTCAGTCTTGAGTT-1	OP549859_1_ORF1	0	0	2	2	TRUE	TRUE
CGCTCGATCAGTAGTA-1	OZ258728_1_ORF2	1	1	18	21	TRUE	TRUE
CGCTCGATCGGCGTAA-1	MZ286102_1_ORF2	0	0	1	2	FALSE	TRUE
CGCTGGTGTACTATCA-1	MZ286258_1_ORF1	0	0	1	1	FALSE	FALSE
CGCTGGTGTGTACCAT-1	MZ286258_1_ORF1	2	1	24	31	TRUE	TRUE
CGCTGGTGTGTGTCGC-1	MZ286102_1_ORF2	1	1	10	10	TRUE	TRUE
CGCTGGTGTTCGCTTC-1	OP549859_1_ORF2	0	0	1	1	FALSE	FALSE
CGCTGGTGTTCTATCT-1	meGFP	0	0	1	1	FALSE	FALSE
CGCTTGTAGAGGACTT-1	OZ258728_1_ORF2	0	0	1	1	FALSE	FALSE
CGCTTGTAGATGCCTC-1	OP549859_1_ORF1	0	0	1	2	FALSE	TRUE
CGCTTGTAGCGCTTAC-1	OP549859_1_ORF1	1	1	23	25	TRUE	TRUE
CGCTTGTAGCTATGAA-1	MZ286258_1_ORF2	0	0	2	3	FALSE	TRUE
CGCTTGTAGCTCGAAG-1	MZ286102_1_ORF2	0	0	2	2	TRUE	FALSE
CGCTTGTAGGCTTAGG-1	MZ286102_1_ORF1	0	0	1	1	FALSE	FALSE
CGCTTGTAGGGCTTGA-1	meGFP	0	0	1	1	FALSE	FALSE
CGCTTGTAGTGCCCAT-1	MZ286188_1_ORF2	1	1	12	12	TRUE	TRUE
CGGAAACGTCGGGACA-1	OP549859_1_ORF1	2	1	123	128	TRUE	TRUE
CGGAAACGTGCGTAGG-1	OZ258728_1_ORF2	0	0	1	1	FALSE	TRUE
CGGAAACGTTATCCGG-1	OZ258728_1_ORF2	1	1	10	10	TRUE	TRUE
CGGAAACGTTCGCAGC-1	meGFP	0	0	1	2	FALSE	TRUE
CGGAAACGTTTCGGGC-1	MZ286258_1_ORF1	0	0	1	1	FALSE	FALSE
CGGAACGGTGAATCTC-1	MZ286188_1_ORF1	0	0	3	3	TRUE	FALSE
CGGAACGGTGCAAGCG-1	MZ286188_1_ORF1	1	0	7	7	TRUE	FALSE
CGGAACGGTTTGGATC-1	OZ258728_1_ORF2	0	0	1	1	FALSE	FALSE
CGGAATGTCAACTGAA-1	OZ258728_1_ORF1	0	0	1	1	FALSE	FALSE
CGGAATGTCACGGTAG-1	OZ258728_1_ORF2	0	0	1	1	FALSE	FALSE
CGGAATGTCCCGCAAT-1	MZ286197_1_ORF1	0	0	0	0	FALSE	FALSE
CGGAATGTCCGTAGAG-1	meGFP	0	0	1	1	FALSE	TRUE
CGGAATGTCCTGTCCC-1	MZ286188_1_ORF2	0	0	1	1	FALSE	FALSE
CGGAATGTCTAGGTAA-1	MZ286102_1_ORF2	0	0	1	1	FALSE	TRUE
CGGAATGTCTGTGGAG-1	MZ286102_1_ORF2	1	1	14	14	TRUE	TRUE
CGGAATGTCTTGCCTT-1	MZ286102_1_ORF2	0	0	1	1	FALSE	FALSE
CGGAATGTCTTGGTGC-1	meGFP	0	0	1	2	FALSE	TRUE
CGGACTCGTACCTCTC-1	meGFP	0	0	2	2	TRUE	TRUE
CGGACTCGTAGTCGTT-1	MZ286197_1_ORF2	1	0	7	7	TRUE	TRUE
CGGACTCGTATCGCCA-1	meGFP	0	0	1	1	FALSE	FALSE
CGGACTCGTATCTCAA-1	OZ258728_1_ORF1	0	0	1	1	FALSE	TRUE
CGGACTCGTCAGCATT-1	meGFP	0	0	1	1	FALSE	FALSE
CGGACTCGTGATTGCT-1	MZ286258_1_ORF2	1	1	12	12	TRUE	TRUE
CGGACTCGTGGAACCG-1	MZ286188_1_ORF2	0	0	1	2	FALSE	TRUE
CGGACTCGTTAACGAG-1	OZ258728_1_ORF2	0	0	1	1	FALSE	TRUE
CGGACTCGTTATCTAG-1	meGFP	1	1	22	24	TRUE	TRUE
CGGACTCGTTTCAAGC-1	OZ258728_1_ORF2	0	0	1	1	FALSE	FALSE
CGGATATAGACGCCTT-1	OP549859_1_ORF2	0	0	2	2	TRUE	TRUE
CGGATATAGACTCCGT-1	meGFP	1	0	9	10	TRUE	TRUE
CGGATATAGAGATAGG-1	MZ286258_1_ORF2	0	0	1	1	FALSE	TRUE
CGGATATAGGGAGTAA-1	OZ258728_1_ORF2	1	0	6	6	TRUE	TRUE
CGGATATAGTGCAGAT-1	OZ258728_1_ORF2	0	0	1	1	FALSE	TRUE
CGGATATAGTGTGATA-1	meGFP	0	0	1	2	FALSE	TRUE
CGGATTACAATTGGTG-1	MZ286102_1_ORF1	0	0	3	3	TRUE	TRUE
CGGATTACACGGATCG-1	MZ286258_1_ORF1	0	0	3	4	TRUE	FALSE
CGGATTACACTTCGAT-1	OP549859_1_ORF1	0	0	2	3	FALSE	TRUE
CGGATTACAGCCGATG-1	OZ258728_1_ORF2	1	1	16	17	TRUE	TRUE
CGGATTACAGCCTCGT-1	OZ258728_1_ORF2	0	0	1	1	FALSE	TRUE
CGGATTACATCAGAGC-1	MZ286188_1_ORF2	1	1	10	11	TRUE	TRUE
CGGATTACATTGAGGC-1	OZ258728_1_ORF2	0	0	1	2	FALSE	FALSE
CGGCAAATCAAGCGTG-1	MZ286188_1_ORF1	0	0	1	1	FALSE	TRUE
CGGCAAATCAAGGCGC-1	MZ286258_1_ORF2	1	1	17	18	TRUE	TRUE
CGGCAAATCGCCTATA-1	OZ258728_1_ORF1	0	0	1	2	FALSE	TRUE
CGGCAAATCGCTTGAC-1	OP549859_1_ORF1	0	0	1	1	FALSE	FALSE
CGGCAAATCGTGAAGT-1	OZ258728_1_ORF1	0	0	1	1	FALSE	FALSE
CGGCAAATCTTGCGAC-1	MZ286258_1_ORF2	1	0	4	4	TRUE	FALSE
CGGCAAGGTAAGTCTC-1	OZ258728_1_ORF2	0	0	1	1	FALSE	FALSE
CGGCAAGGTCCCATCT-1	MZ286188_1_ORF1	0	0	1	1	FALSE	TRUE
CGGCAAGGTTAACTGC-1	OP549859_1_ORF1	1	1	99	99	TRUE	TRUE
CGGCAAGGTTCCAACG-1	meGFP	0	0	1	1	FALSE	FALSE
CGGCAATCAATTGCAG-1	MZ286197_1_ORF1	1	1	21	23	TRUE	TRUE
CGGCAATCACACTGGG-1	MZ286102_1_ORF2	0	0	2	2	TRUE	TRUE
CGGCAATCAGATACAT-1	OZ258728_1_ORF2	1	1	60	62	TRUE	TRUE
CGGCAATCAGGTACGT-1	MZ286102_1_ORF1	1	0	6	7	TRUE	TRUE
CGGCAATCATGAATCG-1	MZ286258_1_ORF2	0	0	3	3	TRUE	TRUE
CGGCACTGTATTGGGA-1	MZ286258_1_ORF2	0	0	1	1	FALSE	TRUE
CGGCACTGTCGACTCA-1	OZ258728_1_ORF2	0	0	1	1	FALSE	TRUE
CGGCACTGTGATCCCA-1	OZ258728_1_ORF2	0	0	1	1	FALSE	TRUE
CGGCACTGTGCAGCCT-1	MZ286258_1_ORF2	0	0	1	1	FALSE	TRUE
CGGCGCTTCCCAACCG-1	meGFP	0	0	2	2	TRUE	FALSE
CGGCGCTTCCCATCAA-1	OP549859_1_ORF1	0	0	1	1	FALSE	FALSE
CGGCGCTTCCCCGTGA-1	OP549859_1_ORF1	1	1	40	41	TRUE	TRUE
CGGCGCTTCCGTGGAA-1	MZ286197_1_ORF1	0	0	1	1	FALSE	TRUE
CGGCGCTTCCTACTGA-1	MZ286102_1_ORF2	0	0	2	2	TRUE	TRUE
CGGCGCTTCCTCCGTC-1	MZ286188_1_ORF2	0	0	1	1	FALSE	TRUE
CGGCGCTTCGATCGCT-1	MZ286258_1_ORF2	0	0	1	2	FALSE	TRUE
CGGCGCTTCGCCTGCA-1	OZ258728_1_ORF2	0	0	1	1	FALSE	FALSE
CGGCGCTTCGGACAGC-1	meGFP	0	0	1	1	FALSE	FALSE
CGGCGCTTCTAGATGA-1	MZ286102_1_ORF2	0	0	3	5	FALSE	TRUE
CGGCGGATCATACAGA-1	meGFP	1	0	5	5	TRUE	TRUE
CGGCGGATCCGTCGCA-1	MZ286258_1_ORF2	1	1	11	12	TRUE	TRUE
CGGCGGATCTAGAGGT-1	OP549859_1_ORF1	0	0	1	1	FALSE	TRUE
CGGCGTACAAACTAAC-1	MZ286197_1_ORF2	0	0	1	1	FALSE	FALSE
CGGCGTACAAACTGTG-1	MZ286188_1_ORF1	1	1	15	16	TRUE	TRUE
CGGCGTACAAGATGGG-1	OZ258728_1_ORF2	1	0	8	8	TRUE	TRUE
CGGCGTACACAGCATA-1	MZ286188_1_ORF2	0	0	1	1	FALSE	FALSE
CGGCGTACACCCTATG-1	meGFP	1	0	7	9	TRUE	TRUE
CGGCGTACAGAACCCG-1	MZ286102_1_ORF2	0	0	1	1	FALSE	FALSE
CGGCGTACATAAGGTT-1	MZ286197_1_ORF1	0	0	1	1	FALSE	FALSE
CGGCGTACATTGGATG-1	OZ258728_1_ORF2	2	0	8	13	FALSE	TRUE
CGGCTTCCACCAGGCA-1	OP549859_1_ORF1	0	0	1	1	FALSE	FALSE
CGGCTTCCAGAGCCTG-1	OZ258728_1_ORF1	0	0	1	1	FALSE	FALSE
CGGCTTCCAGCAAGTC-1	OP549859_1_ORF1	0	0	1	1	FALSE	FALSE
CGGCTTCCATGCAGAC-1	MZ286197_1_ORF2	0	0	2	2	TRUE	TRUE
CGGGAATGTAACGATG-1	OP549859_1_ORF1	0	0	1	1	FALSE	TRUE
CGGGAATGTCACCAGC-1	MZ286188_1_ORF2	0	0	3	5	FALSE	TRUE
CGGGAATGTCAGTCGC-1	MZ286102_1_ORF2	0	0	1	1	FALSE	FALSE
CGGGAATGTCGGGACA-1	OZ258728_1_ORF2	0	0	1	1	FALSE	FALSE
CGGGAATGTGGAAGGA-1	meGFP	0	0	1	1	FALSE	FALSE
CGGGAATGTTAACGTC-1	OP549859_1_ORF1	1	0	6	7	TRUE	TRUE
CGGGACAGTAATGGGC-1	MZ286102_1_ORF2	1	0	6	6	TRUE	TRUE
CGGGACAGTAGCCATT-1	MZ286197_1_ORF2	0	0	2	2	TRUE	TRUE
CGGGACAGTCGGGCTT-1	OZ258728_1_ORF1	0	0	1	1	FALSE	FALSE
CGGGACAGTGGAAGGA-1	meGFP	0	0	1	1	FALSE	FALSE
CGGGACAGTTATGCAC-1	MZ286197_1_ORF2	0	0	1	1	FALSE	TRUE
CGGGACAGTTCATCGG-1	meGFP	2	2	13	26	FALSE	TRUE
CGGGACAGTTGGTTAC-1	MZ286258_1_ORF2	0	0	1	1	FALSE	FALSE
CGGGACAGTTGTGTGT-1	OP549859_1_ORF1	0	0	1	1	FALSE	FALSE
CGGGACAGTTTGGGTT-1	MZ286102_1_ORF2	1	0	7	8	TRUE	TRUE
CGGGATATCAATCGCC-1	meGFP	1	1	40	40	TRUE	TRUE
CGGGATATCCCGTTGG-1	MZ286197_1_ORF2	0	0	1	1	FALSE	TRUE
CGGGATTCAACAGGCT-1	MZ286188_1_ORF1	0	0	1	1	FALSE	FALSE
CGGGATTCAACCTCGC-1	MZ286102_1_ORF2	1	1	10	10	TRUE	TRUE
CGGGATTCACGGTAAC-1	MZ286258_1_ORF2	0	0	3	4	TRUE	TRUE
CGGGATTCACGTGAAC-1	OZ258728_1_ORF2	0	0	1	1	FALSE	FALSE
CGGGATTCACTCGTCA-1	OZ258728_1_ORF1	1	1	77	78	TRUE	TRUE
CGGGATTCAGAGCCTG-1	OP549859_1_ORF1	0	0	1	3	FALSE	TRUE
CGGGATTCAGCCCTGT-1	meGFP	1	1	23	23	TRUE	TRUE
CGGGATTCAGGTCGAT-1	meGFP	0	0	1	1	FALSE	TRUE
CGGGATTCAGTCTCAT-1	OZ258728_1_ORF1	1	1	11	11	TRUE	TRUE
CGGGATTCATATGCAG-1	meGFP	0	0	1	2	FALSE	TRUE
CGGGATTCATGACGGT-1	OZ258728_1_ORF2	1	1	16	16	TRUE	TRUE
CGGGATTCATGATTCC-1	OZ258728_1_ORF2	0	0	1	1	FALSE	TRUE
CGGGCAAGTCATTCCC-1	OZ258728_1_ORF2	1	1	141	141	TRUE	TRUE
CGGGCAAGTGATTGCT-1	MZ286188_1_ORF1	0	0	1	1	FALSE	FALSE
CGGGCAAGTGCTTCGA-1	OZ258728_1_ORF2	0	0	1	1	FALSE	TRUE
CGGGCAAGTGGCATGG-1	MZ286188_1_ORF1	0	0	1	1	FALSE	TRUE
CGGGCAAGTGTGTGAA-1	MZ286258_1_ORF2	0	0	1	2	FALSE	TRUE
CGGGCTTGTAGTATCC-1	MZ286188_1_ORF1	1	1	13	13	TRUE	TRUE
CGGGCTTGTATCTCAA-1	MZ286258_1_ORF1	0	0	1	2	FALSE	TRUE
CGGGCTTGTCTTACCC-1	MZ286197_1_ORF1	0	0	1	1	FALSE	FALSE
CGGGCTTGTGCTTAAC-1	MZ286197_1_ORF1	1	1	44	44	TRUE	TRUE
CGGGCTTGTGTCAGTT-1	MZ286258_1_ORF1	1	1	15	15	TRUE	TRUE
CGGGCTTGTTACACCG-1	OP549859_1_ORF1	1	1	29	29	TRUE	TRUE
CGGGCTTGTTAGATGG-1	OZ258728_1_ORF2	0	0	1	1	FALSE	TRUE
CGGGCTTGTTTACGAC-1	MZ286102_1_ORF2	0	0	1	2	FALSE	TRUE
CGGGGATTCAATCACT-1	OZ258728_1_ORF2	0	0	1	1	FALSE	FALSE
CGGGGATTCACATGAA-1	MZ286188_1_ORF1	1	1	13	13	TRUE	TRUE
CGGGGATTCCCCGTGA-1	MZ286102_1_ORF2	1	1	10	10	TRUE	TRUE
CGGGGATTCCGGCTCA-1	OZ258728_1_ORF2	0	0	1	1	FALSE	FALSE
CGGGGATTCCTGGGAA-1	MZ286258_1_ORF1	0	0	1	1	FALSE	TRUE
CGGGGATTCGATGGAT-1	OZ258728_1_ORF2	0	0	1	1	FALSE	FALSE
CGGGGATTCGGCTCCA-1	OZ258728_1_ORF2	1	1	20	21	TRUE	TRUE
CGGGGATTCTAGAGGT-1	OZ258728_1_ORF1	0	0	1	1	FALSE	FALSE
CGGGGATTCTTGGTGC-1	MZ286258_1_ORF1	0	0	1	1	FALSE	TRUE
CGGGGTAGTACCGGAG-1	MZ286102_1_ORF2	1	1	12	12	TRUE	TRUE
CGGGGTAGTATTGCGT-1	OP549859_1_ORF1	0	0	1	1	FALSE	TRUE
CGGGGTAGTCCATCCT-1	meGFP	0	0	1	1	FALSE	TRUE
CGGGGTAGTCTGCACA-1	OZ258728_1_ORF2	0	0	1	1	FALSE	TRUE
CGGGGTAGTCTGGTCA-1	MZ286102_1_ORF2	0	0	1	1	FALSE	TRUE
CGGGGTAGTTACCTAA-1	meGFP	1	0	4	4	TRUE	TRUE
CGGGTCTGTAAGGTGC-1	meGFP	0	0	1	1	FALSE	FALSE
CGGGTCTGTATTGGGA-1	OP549859_1_ORF2	1	1	11	14	TRUE	TRUE
CGGGTCTGTCCACACA-1	OP549859_1_ORF2	0	0	1	1	FALSE	TRUE
CGGGTCTGTCCATCCT-1	MZ286102_1_ORF2	0	0	1	1	FALSE	TRUE
CGGGTCTGTCCCATCT-1	OP549859_1_ORF1	1	0	5	5	TRUE	TRUE
CGGGTCTGTCCGCGAT-1	OP549859_1_ORF1	1	0	4	7	TRUE	TRUE
CGGGTCTGTGAGGTGT-1	MZ286258_1_ORF2	0	0	2	2	TRUE	TRUE
CGGGTCTGTTAACGAG-1	MZ286258_1_ORF2	0	0	2	3	FALSE	TRUE
CGGGTCTGTTCGATTA-1	OZ258728_1_ORF2	0	0	1	1	FALSE	TRUE
CGGGTCTGTTTCAAGC-1	OZ258728_1_ORF2	0	0	1	1	FALSE	FALSE
CGGGTCTGTTTCCTGC-1	OZ258728_1_ORF2	0	0	1	1	FALSE	FALSE
CGGGTTGCAACCCAGG-1	OZ258728_1_ORF2	1	1	13	13	TRUE	TRUE
CGGGTTGCACCGGTAG-1	MZ286102_1_ORF2	1	1	22	24	TRUE	TRUE
CGGGTTGCAGAGGTTC-1	MZ286102_1_ORF2	1	1	20	20	TRUE	TRUE
CGGGTTGCAGATCCTT-1	OP549859_1_ORF2	0	0	3	3	TRUE	TRUE
CGGGTTGCATCCCGGT-1	OP549859_1_ORF1	0	0	1	1	FALSE	TRUE
CGGGTTGCATTCACAC-1	meGFP	0	0	1	1	FALSE	TRUE
CGGGTTGCATTGAAGT-1	OP549859_1_ORF2	0	0	1	1	FALSE	FALSE
CGGTACGCACCATAGA-1	MZ286102_1_ORF1	0	0	1	2	FALSE	TRUE
CGGTACGCACTTCAAC-1	OZ258728_1_ORF1	0	0	1	1	FALSE	TRUE
CGGTACGCAGCTGCGA-1	OP549859_1_ORF2	0	0	1	1	FALSE	FALSE
CGGTACGCAGGTCGAT-1	MZ286102_1_ORF2	0	0	1	1	FALSE	TRUE
CGGTCAGCATAGCGCG-1	MZ286197_1_ORF1	0	0	1	1	FALSE	FALSE
CGGTCAGCATGGAGCT-1	MZ286258_1_ORF2	1	0	7	7	TRUE	TRUE
CGGTCATTCACTAGGG-1	MZ286102_1_ORF1	0	0	1	2	FALSE	FALSE
CGGTCATTCATCTAGT-1	MZ286197_1_ORF1	0	0	1	1	FALSE	FALSE
CGGTCATTCATGGAAC-1	MZ286258_1_ORF2	0	0	1	1	FALSE	TRUE
CGGTCATTCCATGACC-1	MZ286197_1_ORF2	1	0	4	4	TRUE	TRUE
CGGTCATTCCCACAGT-1	MZ286258_1_ORF2	1	0	7	7	TRUE	TRUE
CGGTCATTCCCTGCGA-1	MZ286102_1_ORF2	0	0	1	2	FALSE	TRUE
CGGTCATTCGCGTCCA-1	OP549859_1_ORF1	0	0	1	1	FALSE	TRUE
CGGTCATTCTAGTCAT-1	MZ286197_1_ORF1	1	1	21	21	TRUE	TRUE
CGGTCGACAAAGGGCA-1	MZ286102_1_ORF2	1	1	10	10	TRUE	TRUE
CGGTCGACACCGTTCA-1	OZ258728_1_ORF1	0	0	1	1	FALSE	FALSE
CGGTCGACACGCTACC-1	OZ258728_1_ORF1	0	0	1	1	FALSE	TRUE
CGGTCGACACTACGGG-1	MZ286188_1_ORF2	0	0	2	2	TRUE	TRUE
CGGTCGACACTCATAC-1	meGFP	0	0	2	3	FALSE	TRUE
CGGTCGACAGGCTATA-1	MZ286258_1_ORF2	0	0	1	1	FALSE	FALSE
CGGTCGACAGTTGGTA-1	MZ286102_1_ORF2	0	0	1	1	FALSE	FALSE
CGGTCGACATGCAGAC-1	MZ286102_1_ORF2	0	0	1	1	FALSE	FALSE
CGGTCGACATGCAGGT-1	MZ286102_1_ORF2	1	1	10	11	TRUE	TRUE
CGGTCTCCAAGATTAC-1	MZ286188_1_ORF1	1	1	10	10	TRUE	TRUE
CGGTCTCCACCATTAC-1	MZ286197_1_ORF2	0	0	1	1	FALSE	TRUE
CGGTCTCCAGTTCGTT-1	OZ258728_1_ORF2	0	0	1	1	FALSE	TRUE
CGGTCTCCATTACAGG-1	MZ286258_1_ORF1	1	1	18	18	TRUE	TRUE
CGGTGATCAAATGACT-1	OZ258728_1_ORF2	1	1	49	49	TRUE	TRUE
CGGTGATCAACAGACC-1	meGFP	1	0	4	6	TRUE	TRUE
CGGTGATCAGACATTG-1	MZ286258_1_ORF2	0	0	2	2	TRUE	TRUE
CGGTGATCAGGCGCTA-1	OZ258728_1_ORF1	1	1	15	15	TRUE	TRUE
CGGTGATCATAAGCCA-1	MZ286258_1_ORF1	0	0	1	1	FALSE	FALSE
CGGTGATCATGTGGCG-1	OZ258728_1_ORF2	3	1	36	47	TRUE	TRUE
CGGTGCTGTAACCGAA-1	meGFP	0	0	1	1	FALSE	TRUE
CGGTGCTGTAACGGAC-1	OP549859_1_ORF1	1	1	74	74	TRUE	TRUE
CGGTGCTGTTCGGTTG-1	MZ286258_1_ORF2	0	0	2	4	FALSE	TRUE
CGGTGCTGTTCTATCT-1	OZ258728_1_ORF2	0	0	2	3	FALSE	FALSE
CGGTTAACACTTACCG-1	MZ286258_1_ORF1	0	0	1	1	FALSE	TRUE
CGGTTAACACTTGGAA-1	OZ258728_1_ORF2	0	0	1	1	FALSE	TRUE
CGGTTAACATCCCAAT-1	OZ258728_1_ORF2	0	0	3	8	FALSE	TRUE
CGGTTAACATTGCGAA-1	MZ286258_1_ORF1	0	0	1	1	FALSE	FALSE
CGGTTGAAGAGGCATT-1	MZ286197_1_ORF1	1	0	4	9	TRUE	TRUE
CGGTTGAAGATATCCT-1	MZ286102_1_ORF2	0	0	1	1	FALSE	TRUE
CGGTTGAAGATGCCAG-1	OP549859_1_ORF1	0	0	1	1	FALSE	TRUE
CGGTTGAAGCACCATC-1	MZ286102_1_ORF2	1	0	4	4	TRUE	TRUE
CGGTTGAAGCTCGTTA-1	MZ286258_1_ORF2	0	0	1	1	FALSE	TRUE
CGGTTGAAGGCGTGAC-1	MZ286102_1_ORF1	1	0	6	6	TRUE	TRUE
CGGTTGAAGGCTTAGG-1	MZ286102_1_ORF1	0	0	1	1	FALSE	FALSE
CGGTTGAAGGGTTCGA-1	MZ286102_1_ORF2	0	0	2	2	TRUE	FALSE
CGGTTGAAGTCTCACA-1	MZ286197_1_ORF1	0	0	1	1	FALSE	TRUE
CGGTTGCGTAAGTAAC-1	OP549859_1_ORF1	0	0	1	1	FALSE	TRUE
CGGTTGCGTATTGGGA-1	MZ286102_1_ORF2	0	0	1	1	FALSE	FALSE
CGTAACCTCATCCCTT-1	MZ286258_1_ORF2	0	0	1	1	FALSE	TRUE
CGTAACCTCCCAGTAC-1	MZ286258_1_ORF1	0	0	3	3	TRUE	TRUE
CGTAACCTCCCTTCCA-1	MZ286188_1_ORF1	1	1	25	26	TRUE	TRUE
CGTAACCTCCTGCCTC-1	OZ258728_1_ORF2	1	0	6	6	TRUE	FALSE
CGTAACCTCGCTATGC-1	MZ286102_1_ORF2	0	0	1	1	FALSE	FALSE
CGTAACCTCTGCACTA-1	OZ258728_1_ORF2	1	1	46	48	TRUE	TRUE
CGTAACCTCTTGAATC-1	meGFP	0	0	1	1	FALSE	FALSE
CGTAACTGTAACGATG-1	MZ286188_1_ORF2	1	1	11	13	TRUE	TRUE
CGTAACTGTACCGATT-1	MZ286188_1_ORF1	1	0	4	4	TRUE	TRUE
CGTAACTGTACTGCCA-1	OZ258728_1_ORF2	1	0	4	4	TRUE	TRUE
CGTAACTGTAGTGACA-1	OP549859_1_ORF1	1	0	6	6	TRUE	TRUE
CGTAACTGTAGTGGCG-1	MZ286197_1_ORF2	0	0	2	2	TRUE	TRUE
CGTAACTGTCAATCTA-1	OZ258728_1_ORF2	0	0	1	1	FALSE	TRUE
CGTAACTGTCACTCCT-1	MZ286258_1_ORF1	1	1	11	11	TRUE	TRUE
CGTAACTGTGAGGTGT-1	MZ286102_1_ORF2	0	0	1	1	FALSE	FALSE
CGTAACTGTTGAAGTG-1	MZ286102_1_ORF2	1	0	8	8	TRUE	TRUE
CGTAACTGTTTCCGTC-1	meGFP	1	1	12	13	TRUE	TRUE
CGTACCCCAACATCCT-1	MZ286258_1_ORF2	0	0	1	1	FALSE	FALSE
CGTACCCCAAGATGAA-1	OP549859_1_ORF1	0	0	1	2	FALSE	TRUE
CGTACCCCACTACGGG-1	OZ258728_1_ORF2	0	0	1	1	FALSE	TRUE
CGTACCCCACTGAAGC-1	OZ258728_1_ORF2	0	0	1	1	FALSE	TRUE
CGTACCCCAGCTGATA-1	OP549859_1_ORF1	0	0	1	1	FALSE	FALSE
CGTACCCCATGACAGC-1	OZ258728_1_ORF2	1	1	77	77	TRUE	TRUE
CGTACCCCATGACGAC-1	OZ258728_1_ORF2	0	0	1	1	FALSE	FALSE
CGTACCCCATTACTCA-1	OP549859_1_ORF1	0	0	1	1	FALSE	FALSE
CGTACCGTCAACCTTG-1	MZ286197_1_ORF2	1	0	6	6	TRUE	TRUE
CGTACCGTCACCGCAT-1	OZ258728_1_ORF2	0	0	1	1	FALSE	FALSE
CGTACCGTCCAACCTA-1	MZ286102_1_ORF2	0	0	2	3	FALSE	TRUE
CGTACCGTCCCAACCG-1	MZ286102_1_ORF2	1	0	9	9	TRUE	TRUE
CGTACCGTCCCATCCC-1	MZ286102_1_ORF2	0	0	1	1	FALSE	FALSE
CGTACCGTCCCCGGTA-1	meGFP	1	1	40	40	TRUE	TRUE
CGTACCGTCCCGATAC-1	MZ286102_1_ORF1	0	0	1	1	FALSE	TRUE
CGTACCGTCCGGGTAA-1	MZ286197_1_ORF1	0	0	1	1	FALSE	TRUE
CGTACCGTCGCATCGT-1	MZ286258_1_ORF2	2	1	15	23	FALSE	TRUE
CGTACCGTCGCGCTCA-1	OZ258728_1_ORF2	0	0	1	1	FALSE	TRUE
CGTACCGTCTCTAACG-1	OZ258728_1_ORF2	1	0	7	7	TRUE	FALSE
CGTACCTAGAGCTAGT-1	meGFP	0	0	1	1	FALSE	FALSE
CGTACCTAGAGGTTAC-1	OP549859_1_ORF1	0	0	3	3	TRUE	FALSE
CGTACCTAGCAATGAC-1	OP549859_1_ORF2	0	0	1	2	FALSE	FALSE
CGTACCTAGTTACGAA-1	MZ286102_1_ORF2	0	0	1	1	FALSE	TRUE
CGTACCTAGTTGAATG-1	OZ258728_1_ORF2	0	0	1	1	FALSE	TRUE
CGTAGCGCAAACCATG-1	MZ286197_1_ORF1	1	0	8	9	TRUE	TRUE
CGTAGCGCAAACGTAT-1	MZ286102_1_ORF2	0	0	1	1	FALSE	TRUE
CGTAGCGCACAGCCAG-1	OP549859_1_ORF1	0	0	1	1	FALSE	TRUE
CGTAGCGCACATACAG-1	MZ286197_1_ORF1	0	0	1	1	FALSE	FALSE
CGTAGCGCACGGGTAT-1	OP549859_1_ORF2	0	0	1	1	FALSE	FALSE
CGTAGCGCAGATAGGG-1	OP549859_1_ORF1	0	0	1	1	FALSE	FALSE
CGTAGCGCATGACAGC-1	OZ258728_1_ORF2	0	0	1	1	FALSE	FALSE
CGTAGGATCGAAGTTA-1	meGFP	1	1	11	11	TRUE	TRUE
CGTAGGATCTGTCGGT-1	MZ286102_1_ORF2	1	0	9	9	TRUE	TRUE
CGTAGTTGTAACCATC-1	OZ258728_1_ORF2	1	1	114	114	TRUE	TRUE
CGTAGTTGTACAGAGC-1	OP549859_1_ORF2	0	0	3	3	TRUE	TRUE
CGTAGTTGTCCCATCT-1	OZ258728_1_ORF2	0	0	1	1	FALSE	FALSE
CGTAGTTGTCTCCAAG-1	MZ286197_1_ORF1	0	0	1	1	FALSE	FALSE
CGTAGTTGTGGCATGG-1	OZ258728_1_ORF1	0	0	1	1	FALSE	FALSE
CGTCAAGAGAACTTAG-1	MZ286258_1_ORF2	1	1	19	19	TRUE	TRUE
CGTCAAGAGAAGCCTG-1	MZ286258_1_ORF1	1	1	27	27	TRUE	TRUE
CGTCAAGAGCATATCT-1	MZ286188_1_ORF1	0	0	1	2	FALSE	TRUE
CGTCAAGAGGGATGAA-1	meGFP	1	1	38	38	TRUE	TRUE
CGTCAAGAGGTCGGTA-1	OZ258728_1_ORF2	0	0	1	2	FALSE	TRUE
CGTCAAGAGTCATCCA-1	OP549859_1_ORF2	1	0	8	8	TRUE	TRUE
CGTCATATCCATAGCC-1	MZ286258_1_ORF1	0	0	1	1	FALSE	TRUE
CGTCATATCGCCAGTT-1	MZ286258_1_ORF2	1	0	6	6	TRUE	TRUE
CGTCATATCGTCAATT-1	MZ286258_1_ORF2	0	0	3	3	TRUE	TRUE
CGTCATATCTATAGGA-1	MZ286197_1_ORF1	1	1	12	12	TRUE	TRUE
CGTCATATCTCCTTCG-1	meGFP	0	0	1	1	FALSE	FALSE
CGTCATATCTGTGGAG-1	OZ258728_1_ORF2	0	0	1	1	FALSE	FALSE
CGTCATTCAAACGTAT-1	OZ258728_1_ORF2	0	0	2	3	FALSE	TRUE
CGTCATTCAACAGGCT-1	MZ286258_1_ORF2	0	0	2	2	TRUE	TRUE
CGTCATTCAATGGCTA-1	MZ286102_1_ORF2	0	0	2	2	TRUE	TRUE
CGTCATTCACCGGATG-1	OZ258728_1_ORF2	1	1	33	33	TRUE	TRUE
CGTCATTCACTGAAGC-1	OZ258728_1_ORF1	0	0	1	3	FALSE	TRUE
CGTCATTCAGGGTTAC-1	OZ258728_1_ORF2	2	1	15	20	TRUE	FALSE
CGTCATTCATCCCGAC-1	MZ286258_1_ORF2	1	0	6	8	TRUE	TRUE
CGTCATTCATGGACGT-1	OZ258728_1_ORF2	0	0	1	1	FALSE	TRUE
CGTCTCACAAAGGGCA-1	OP549859_1_ORF1	0	0	1	2	FALSE	TRUE
CGTCTCACACTTACCG-1	MZ286197_1_ORF1	1	1	36	37	TRUE	TRUE
CGTCTCACATGTGATG-1	MZ286197_1_ORF1	0	0	1	1	FALSE	FALSE
CGTGAGGGTAATGGGC-1	OZ258728_1_ORF2	0	0	1	1	FALSE	FALSE
CGTGAGGGTATGGCCC-1	meGFP	0	0	1	1	FALSE	FALSE
CGTGAGGGTCGACCGT-1	MZ286197_1_ORF2	0	0	3	4	TRUE	TRUE
CGTGAGGGTGGCATGG-1	MZ286102_1_ORF2	1	0	7	7	TRUE	TRUE
CGTGAGGGTGTACCGC-1	OP549859_1_ORF1	1	1	62	62	TRUE	TRUE
CGTGAGGGTGTCCAAT-1	MZ286188_1_ORF2	0	0	1	1	FALSE	TRUE
CGTGAGGGTTAACGAG-1	OZ258728_1_ORF2	1	1	60	61	TRUE	TRUE
CGTGAGGGTTGTCTGG-1	meGFP	1	1	58	60	TRUE	TRUE
CGTGAGGGTTTGCGGC-1	OZ258728_1_ORF2	0	0	1	1	FALSE	TRUE
CGTGAGGGTTTGGTAC-1	MZ286102_1_ORF2	1	0	8	9	TRUE	TRUE
CGTGGACAGAGGTCTG-1	MZ286102_1_ORF2	1	1	11	11	TRUE	TRUE
CGTGGACAGGCGGTGT-1	OP549859_1_ORF2	0	0	3	3	TRUE	TRUE
CGTGGACAGGGCCGAT-1	OZ258728_1_ORF1	1	0	7	8	TRUE	TRUE
CGTGGACAGGGGAACG-1	MZ286197_1_ORF1	0	0	1	1	FALSE	FALSE
CGTGGACAGTGTGTCC-1	OP549859_1_ORF1	0	0	1	1	FALSE	FALSE
CGTGGAGGTAATGGGC-1	MZ286197_1_ORF1	0	0	1	1	FALSE	TRUE
CGTGGAGGTCATACTA-1	OZ258728_1_ORF2	0	0	1	1	FALSE	FALSE
CGTGGAGGTCGCTACA-1	MZ286188_1_ORF1	0	0	1	1	FALSE	TRUE
CGTGGAGGTCTTGGGC-1	MZ286258_1_ORF1	0	0	1	1	FALSE	FALSE
CGTGGAGGTGGCGTGA-1	MZ286258_1_ORF1	0	0	1	1	FALSE	TRUE
CGTGGAGGTGGGATTA-1	OZ258728_1_ORF1	0	0	3	3	TRUE	TRUE
CGTGGAGGTGGTTCGC-1	MZ286197_1_ORF1	0	0	1	1	FALSE	TRUE
CGTGGAGGTTCTATGA-1	OZ258728_1_ORF2	0	0	1	1	FALSE	TRUE
CGTGGAGGTTCTGGCA-1	meGFP	0	0	1	1	FALSE	TRUE
CGTGGAGGTTGTAAGG-1	MZ286258_1_ORF2	1	0	5	5	TRUE	TRUE
CGTGGATCAACCCTGC-1	OZ258728_1_ORF2	0	0	1	1	FALSE	FALSE
CGTGGATCAAGATGGG-1	OP549859_1_ORF2	1	0	8	9	TRUE	TRUE
CGTGGATCACGAAGGA-1	MZ286188_1_ORF1	0	0	1	3	FALSE	TRUE
CGTGGATCAGGATTGC-1	OP549859_1_ORF1	0	0	1	1	FALSE	TRUE
CGTGGTGCAAACGACC-1	MZ286102_1_ORF2	0	0	1	1	FALSE	FALSE
CGTGGTGCAAAGCGGA-1	MZ286102_1_ORF1	0	0	1	1	FALSE	FALSE
CGTGGTGCAACAGATT-1	MZ286258_1_ORF2	0	0	1	1	FALSE	FALSE
CGTGGTGCACCTGTAT-1	OZ258728_1_ORF1	0	0	2	2	TRUE	FALSE
CGTGGTGCATCGCATT-1	meGFP	0	0	1	1	FALSE	FALSE
CGTGGTGCATGAATCG-1	OZ258728_1_ORF2	0	0	1	1	FALSE	FALSE
CGTGGTGCATGCGTGG-1	OZ258728_1_ORF2	0	0	1	1	FALSE	FALSE
CGTGTTGGTAGCACTT-1	meGFP	0	0	1	1	FALSE	TRUE
CGTGTTGGTGAGAGCT-1	MZ286258_1_ORF2	0	0	1	1	FALSE	FALSE
CGTGTTGGTGAGGAGA-1	MZ286102_1_ORF2	1	0	8	9	TRUE	TRUE
CGTTAATTCCCGCAAT-1	MZ286258_1_ORF2	1	1	10	10	TRUE	TRUE
CGTTAATTCCCTGGTG-1	MZ286258_1_ORF2	0	0	2	2	TRUE	TRUE
CGTTAATTCGAACTAA-1	OZ258728_1_ORF2	0	0	2	2	TRUE	TRUE
CGTTAATTCTGTACCA-1	MZ286258_1_ORF2	1	1	12	12	TRUE	TRUE
CGTTAGACAAACGGGA-1	meGFP	0	0	2	4	FALSE	TRUE
CGTTAGACAAAGGGCA-1	MZ286258_1_ORF2	0	0	1	1	FALSE	TRUE
CGTTAGACAACGAGCT-1	MZ286102_1_ORF2	0	0	3	3	TRUE	TRUE
CGTTAGACAAGCGCCA-1	meGFP	0	0	1	1	FALSE	FALSE
CGTTAGACAATCCGGG-1	meGFP	0	0	2	2	TRUE	TRUE
CGTTAGACACGGATCG-1	MZ286197_1_ORF1	1	0	8	9	TRUE	TRUE
CGTTAGACACTACGGG-1	OZ258728_1_ORF2	2	2	105	138	TRUE	TRUE
CGTTAGACAGATCCTT-1	OZ258728_1_ORF2	0	0	1	1	FALSE	FALSE
CGTTAGACAGCGCACA-1	OP549859_1_ORF2	1	0	7	7	TRUE	TRUE
CGTTAGACAGGCTATA-1	OZ258728_1_ORF1	0	0	1	2	FALSE	TRUE
CGTTAGACAGTCGAGT-1	OZ258728_1_ORF2	0	0	1	1	FALSE	TRUE
CGTTAGACATCAGCAA-1	OZ258728_1_ORF2	1	1	49	49	TRUE	TRUE
CGTTAGACATGTCTGT-1	OP549859_1_ORF1	0	0	1	1	FALSE	TRUE
CGTTCAATCAGTATCT-1	meGFP	0	0	1	1	FALSE	TRUE
CGTTCAATCCAAGTAA-1	OP549859_1_ORF1	0	0	1	1	FALSE	FALSE
CGTTCAATCCGTGGTT-1	MZ286258_1_ORF2	1	1	10	10	TRUE	TRUE
CGTTCAATCGATACTT-1	MZ286258_1_ORF2	0	0	2	2	TRUE	TRUE
CGTTCAATCGGCTTCG-1	OZ258728_1_ORF2	0	0	1	1	FALSE	FALSE
CGTTGCAGTAACGATG-1	MZ286102_1_ORF2	0	0	1	1	FALSE	TRUE
CGTTGCAGTATTGGGA-1	MZ286102_1_ORF2	0	0	1	1	FALSE	FALSE
CGTTGCAGTCAGCCAC-1	MZ286258_1_ORF2	1	1	17	18	TRUE	TRUE
CGTTGCAGTCGCGAGA-1	MZ286102_1_ORF1	0	0	3	3	TRUE	FALSE
CGTTGCAGTGAAGGCT-1	MZ286197_1_ORF1	0	0	1	1	FALSE	FALSE
CGTTGCAGTGATCGTT-1	MZ286258_1_ORF2	0	0	1	1	FALSE	TRUE
CGTTGCAGTTGCCACA-1	OZ258728_1_ORF2	0	0	1	1	FALSE	TRUE
CGTTGCAGTTTCATCT-1	MZ286258_1_ORF2	1	1	17	17	TRUE	TRUE
CGTTGCCCAAATCTGG-1	MZ286197_1_ORF1	0	0	1	1	FALSE	TRUE
CGTTGCCCAACCCGTC-1	MZ286197_1_ORF1	0	0	1	1	FALSE	FALSE
CGTTGCCCAACCGAAC-1	MZ286102_1_ORF2	0	0	1	1	FALSE	TRUE
CGTTGCCCAATCGTTC-1	MZ286102_1_ORF2	0	0	2	3	FALSE	TRUE
CGTTGCCCACAACCAA-1	MZ286197_1_ORF2	0	0	2	3	FALSE	TRUE
CGTTGCCCACCCTGAC-1	OZ258728_1_ORF2	0	0	1	1	FALSE	FALSE
CGTTGCCCAGACCGCA-1	MZ286197_1_ORF1	1	0	4	5	TRUE	TRUE
CGTTGCCCATGACGAC-1	meGFP	0	0	1	1	FALSE	FALSE
CGTTGCCCATGGCTGG-1	OZ258728_1_ORF1	1	1	41	41	TRUE	TRUE
CGTTGCCCATTCGCTG-1	meGFP	0	0	1	1	FALSE	FALSE
CGTTTCAAGATCAGTA-1	OP549859_1_ORF1	0	0	1	3	FALSE	TRUE
CGTTTCAAGCAATCCC-1	MZ286102_1_ORF2	0	0	3	3	TRUE	FALSE
CGTTTCAAGCGTAAGT-1	MZ286258_1_ORF1	0	0	1	1	FALSE	FALSE
CGTTTCAAGGATCACG-1	MZ286258_1_ORF1	0	0	1	1	FALSE	TRUE
CGTTTCAAGGATCCCT-1	OZ258728_1_ORF1	0	0	1	1	FALSE	FALSE
CGTTTCAAGTAGTTGA-1	OP549859_1_ORF1	1	1	97	97	TRUE	TRUE
CGTTTCAAGTCATCCA-1	OZ258728_1_ORF1	0	0	2	2	TRUE	TRUE
CGTTTCAAGTTACGAA-1	MZ286258_1_ORF1	1	1	21	21	TRUE	TRUE
CGTTTCCGTAAGCGGT-1	MZ286188_1_ORF1	1	0	6	6	TRUE	TRUE
CGTTTCCGTACCTAGT-1	MZ286102_1_ORF2	0	0	3	3	TRUE	TRUE
CGTTTCCGTAGTGACA-1	OZ258728_1_ORF1	1	1	29	29	TRUE	TRUE
CGTTTCCGTATTGCGT-1	MZ286258_1_ORF2	2	1	11	16	FALSE	TRUE
CGTTTCCGTCGGGACA-1	OP549859_1_ORF1	0	0	1	2	FALSE	TRUE
CGTTTCCGTGAGGTGT-1	MZ286197_1_ORF2	0	0	2	3	FALSE	TRUE
CGTTTCCGTGTTCGGC-1	meGFP	0	0	1	1	FALSE	TRUE
CGTTTCCGTTAGATGG-1	MZ286188_1_ORF1	0	0	1	1	FALSE	TRUE
CGTTTCCGTTGACCGC-1	OZ258728_1_ORF2	0	0	1	1	FALSE	FALSE
CGTTTGCAGATGGTGT-1	OZ258728_1_ORF1	0	0	1	1	FALSE	TRUE
CGTTTGCAGCCTAATT-1	meGFP	1	1	14	15	TRUE	TRUE
CGTTTGCAGCCTCTGG-1	MZ286188_1_ORF1	0	0	1	2	FALSE	TRUE
CGTTTGCAGCGACGGT-1	OP549859_1_ORF1	0	0	1	1	FALSE	FALSE
CGTTTGCAGCGGAACC-1	OZ258728_1_ORF2	0	0	1	1	FALSE	FALSE
CGTTTGCAGCTGAGAT-1	OZ258728_1_ORF2	0	0	1	1	FALSE	FALSE
CGTTTGCAGCTTGACC-1	MZ286102_1_ORF2	0	0	1	1	FALSE	FALSE
CGTTTGCAGGATGGAA-1	meGFP	0	0	1	1	FALSE	FALSE
CGTTTGCAGGGCTTGA-1	meGFP	0	0	1	1	FALSE	FALSE
CGTTTGCAGTAAGCAC-1	MZ286258_1_ORF1	0	0	2	3	FALSE	TRUE
CTAAAGGGTATTGGGA-1	OP549859_1_ORF1	0	0	1	2	FALSE	TRUE
CTAAAGGGTCGATGCC-1	MZ286102_1_ORF2	0	0	1	1	FALSE	TRUE
CTAAAGGGTGACCCTA-1	MZ286197_1_ORF2	0	0	1	2	FALSE	TRUE
CTAAAGGGTGCGTGCT-1	MZ286258_1_ORF2	0	0	1	2	FALSE	TRUE
CTAAAGGGTGTACCGC-1	MZ286197_1_ORF1	1	1	86	87	TRUE	TRUE
CTAAAGGGTTTGGATC-1	MZ286102_1_ORF2	0	0	1	1	FALSE	TRUE
CTAACTAGTACACTAC-1	meGFP	0	0	1	1	FALSE	TRUE
CTAACTAGTAGTCCTG-1	MZ286102_1_ORF2	1	1	35	36	TRUE	TRUE
CTAACTAGTGACCTTG-1	MZ286258_1_ORF2	1	1	13	14	TRUE	TRUE
CTAACTAGTGGGTAGT-1	MZ286188_1_ORF2	2	0	5	10	FALSE	TRUE
CTAACTAGTTATCCAA-1	OP549859_1_ORF1	0	0	1	1	FALSE	FALSE
CTAACTAGTTATCTAG-1	MZ286188_1_ORF1	0	0	2	5	FALSE	TRUE
CTAACTAGTTCTATGA-1	meGFP	0	0	1	1	FALSE	FALSE
CTAACTAGTTTCAGTA-1	OZ258728_1_ORF2	0	0	1	1	FALSE	TRUE
CTAAGTGCAATCTGTC-1	MZ286102_1_ORF1	0	0	1	1	FALSE	FALSE
CTAAGTGCACAACTAG-1	MZ286188_1_ORF1	0	0	1	2	FALSE	TRUE
CTAAGTGCACGAATGC-1	MZ286197_1_ORF1	0	0	1	1	FALSE	TRUE
CTAAGTGCAGCTCAGG-1	OZ258728_1_ORF2	1	1	34	34	TRUE	TRUE
CTAAGTGCAGCTGCGA-1	meGFP	0	0	1	1	FALSE	TRUE
CTAATGCGTACGCCTA-1	MZ286102_1_ORF2	1	1	19	19	TRUE	TRUE
CTAATGCGTGATGTAG-1	OZ258728_1_ORF2	0	0	1	3	FALSE	TRUE
CTAATGCGTGGCATGG-1	MZ286102_1_ORF1	0	0	3	5	FALSE	FALSE
CTAATGCGTTCTCATT-1	MZ286197_1_ORF2	0	0	2	2	TRUE	TRUE
CTAATTATCGAACCGA-1	MZ286197_1_ORF2	0	0	2	2	TRUE	TRUE
CTAATTATCGATGGAT-1	meGFP	0	0	1	1	FALSE	TRUE
CTAATTATCGGCGTAA-1	OP549859_1_ORF1	0	0	1	1	FALSE	TRUE
CTAATTATCTAGCTTG-1	meGFP	0	0	1	1	FALSE	TRUE
CTAATTGGTACAGGGT-1	OZ258728_1_ORF1	0	0	1	1	FALSE	TRUE
CTAATTGGTACCTCGA-1	OZ258728_1_ORF2	0	0	1	1	FALSE	TRUE
CTAATTGGTATTGGGA-1	MZ286188_1_ORF2	0	0	2	2	TRUE	TRUE
CTAATTGGTCGACCGT-1	OZ258728_1_ORF1	0	0	1	1	FALSE	FALSE
CTAATTGGTGGCGTGA-1	OZ258728_1_ORF2	0	0	1	1	FALSE	TRUE
CTAATTGGTGGTGTGG-1	meGFP	1	1	26	26	TRUE	TRUE
CTAATTGGTGTAAGTG-1	MZ286102_1_ORF2	1	0	6	7	TRUE	TRUE
CTAATTGGTTAACGAG-1	OZ258728_1_ORF1	0	0	1	1	FALSE	FALSE
CTAATTGGTTCGATTA-1	MZ286258_1_ORF2	0	0	1	1	FALSE	FALSE
CTAATTGGTTCTGGCA-1	OP549859_1_ORF1	0	0	1	1	FALSE	FALSE
CTACAGCTCACTTGCA-1	MZ286258_1_ORF2	0	0	1	2	FALSE	TRUE
CTACAGCTCGCCCGTA-1	OP549859_1_ORF1	0	0	1	1	FALSE	FALSE
CTACATAGTACACTAC-1	OZ258728_1_ORF2	0	0	1	1	FALSE	FALSE
CTACATAGTATCTCAA-1	OZ258728_1_ORF2	0	0	1	2	FALSE	TRUE
CTACATAGTGCAATTC-1	OP549859_1_ORF1	0	0	1	1	FALSE	FALSE
CTACATAGTGGGTAGT-1	MZ286102_1_ORF2	1	1	15	15	TRUE	TRUE
CTACATAGTTGGAGCG-1	MZ286258_1_ORF2	1	0	8	8	TRUE	TRUE
CTACATAGTTTCCTAT-1	MZ286197_1_ORF1	0	0	3	3	TRUE	TRUE
CTACCAATCCGAAGCA-1	OZ258728_1_ORF1	0	0	1	1	FALSE	TRUE
CTACCAATCCTCTGGG-1	OZ258728_1_ORF2	0	0	1	1	FALSE	FALSE
CTACCAATCGAAGTTA-1	MZ286258_1_ORF1	0	0	1	1	FALSE	FALSE
CTACCAATCTAGCCCG-1	MZ286188_1_ORF1	0	0	1	1	FALSE	TRUE
CTACCAATCTCTGGCG-1	OP549859_1_ORF2	0	0	0	0	FALSE	FALSE
CTACCAATCTGTAATC-1	meGFP	0	0	1	1	FALSE	FALSE
CTACCATCAAACTAAC-1	OZ258728_1_ORF2	0	0	1	1	FALSE	FALSE
CTACCATCACCGCAAG-1	MZ286102_1_ORF1	1	0	4	5	TRUE	TRUE
CTACCATCACGTGAGT-1	MZ286197_1_ORF1	0	0	1	1	FALSE	FALSE
CTACCATCACTGAAGC-1	OP549859_1_ORF1	0	0	1	5	FALSE	TRUE
CTACCATCACTTGCTG-1	OZ258728_1_ORF2	1	1	24	24	TRUE	TRUE
CTACCATCAGTCCAGG-1	meGFP	1	1	38	38	TRUE	TRUE
CTACCATCATACTTCA-1	OZ258728_1_ORF1	0	0	1	2	FALSE	TRUE
CTACCATCATGGAGCT-1	OP549859_1_ORF2	1	1	18	19	TRUE	TRUE
CTACCATCATGTCTGT-1	meGFP	1	1	29	29	TRUE	TRUE
CTACCATCATTGGATG-1	MZ286102_1_ORF2	0	0	2	2	TRUE	TRUE
CTACCGCCAAAGGCGA-1	meGFP	0	0	2	2	TRUE	TRUE
CTACCGCCAACTGCCC-1	OP549859_1_ORF1	1	1	15	16	TRUE	TRUE
CTACCGCCAATCCGGG-1	MZ286102_1_ORF2	0	0	1	1	FALSE	TRUE
CTACCGCCACAAGCCG-1	meGFP	0	0	1	1	FALSE	FALSE
CTACCGCCACGATCCC-1	MZ286258_1_ORF2	1	1	11	14	TRUE	TRUE
CTACCGCCACGGATTA-1	MZ286102_1_ORF1	0	0	1	1	FALSE	FALSE
CTACCGCCACTTCCTC-1	MZ286188_1_ORF2	0	0	2	5	FALSE	TRUE
CTACCTGCAAACGTAT-1	OZ258728_1_ORF2	0	0	1	1	FALSE	FALSE
CTACCTGCAAAGGATA-1	MZ286102_1_ORF2	1	0	6	6	TRUE	TRUE
CTACCTGCAAATGCGC-1	OZ258728_1_ORF2	0	0	1	1	FALSE	TRUE
CTACCTGCAACTGCCC-1	OZ258728_1_ORF2	1	1	68	68	TRUE	TRUE
CTACCTGCAAGCCATA-1	OP549859_1_ORF2	1	1	15	15	TRUE	TRUE
CTACCTGCAGCTCTAT-1	MZ286258_1_ORF1	1	0	5	5	TRUE	TRUE
CTACCTGCAGGATTGC-1	MZ286258_1_ORF1	0	0	1	2	FALSE	TRUE
CTACCTGCAGGCATTA-1	OZ258728_1_ORF1	0	0	1	1	FALSE	FALSE
CTACCTGCATAAGTCG-1	MZ286258_1_ORF2	0	0	1	1	FALSE	FALSE
CTACCTGCATATGAAC-1	MZ286197_1_ORF1	0	0	1	1	FALSE	FALSE
CTACCTGCATGCAATG-1	OZ258728_1_ORF2	0	0	1	1	FALSE	FALSE
CTACCTGCATGGACGT-1	OP549859_1_ORF1	0	0	1	1	FALSE	FALSE
CTACCTGCATTACTTG-1	MZ286197_1_ORF1	0	0	1	1	FALSE	FALSE
CTACCTGCATTCATTG-1	OZ258728_1_ORF2	1	0	4	6	TRUE	FALSE
CTACCTTTCAATGCAA-1	meGFP	0	0	1	1	FALSE	FALSE
CTACCTTTCACACTTG-1	OZ258728_1_ORF2	0	0	1	1	FALSE	FALSE
CTACCTTTCATGATCT-1	MZ286188_1_ORF2	0	0	1	1	FALSE	TRUE
CTACCTTTCCCAGTAC-1	meGFP	0	0	1	2	FALSE	TRUE
CTACCTTTCCGGTTAC-1	MZ286258_1_ORF2	0	0	1	1	FALSE	FALSE
CTACCTTTCCTACGGT-1	MZ286258_1_ORF2	1	1	19	19	TRUE	TRUE
CTACCTTTCCTCCGTC-1	MZ286258_1_ORF2	0	0	1	1	FALSE	TRUE
CTACCTTTCCTCTACT-1	OP549859_1_ORF1	1	1	47	47	TRUE	TRUE
CTACCTTTCGCCTCTC-1	MZ286102_1_ORF2	0	0	1	1	FALSE	FALSE
CTACCTTTCGCTATGC-1	meGFP	0	0	1	1	FALSE	TRUE
CTACCTTTCTCAGGGA-1	OP549859_1_ORF1	0	0	1	1	FALSE	FALSE
CTACGCTAGCACGGAC-1	MZ286197_1_ORF1	1	0	6	6	TRUE	TRUE
CTACGCTAGCATATCT-1	OZ258728_1_ORF2	0	0	1	1	FALSE	TRUE
CTACGCTAGCCTGATC-1	MZ286258_1_ORF2	0	0	1	1	FALSE	FALSE
CTACGCTAGCGACGGT-1	MZ286102_1_ORF2	0	0	1	1	FALSE	FALSE
CTACGCTAGCGGAACC-1	OZ258728_1_ORF2	0	0	1	1	FALSE	FALSE
CTACGCTAGGGCCGAT-1	MZ286197_1_ORF1	0	0	0	0	FALSE	FALSE
CTACGCTAGGTGGACC-1	OZ258728_1_ORF2	0	0	1	1	FALSE	TRUE
CTACGCTAGTCTAGTT-1	OP549859_1_ORF1	1	1	11	11	TRUE	FALSE
CTACTACCACTGAGGT-1	MZ286258_1_ORF2	1	0	4	4	TRUE	TRUE
CTACTACCACTTGGAA-1	OP549859_1_ORF2	0	0	2	2	TRUE	TRUE
CTACTACCAGCGCTTC-1	meGFP	0	0	1	1	FALSE	TRUE
CTACTACCATAGACCA-1	OZ258728_1_ORF2	0	0	1	2	FALSE	TRUE
CTACTACCATCCACAT-1	OP549859_1_ORF2	1	0	5	8	TRUE	TRUE
CTACTTCTCAGCTTCA-1	OP549859_1_ORF1	2	2	45	61	FALSE	TRUE
CTACTTCTCATCATAC-1	OP549859_1_ORF1	0	0	1	2	FALSE	TRUE
CTACTTCTCCAATGAA-1	MZ286258_1_ORF1	0	0	1	1	FALSE	FALSE
CTACTTCTCCTGCCTC-1	OP549859_1_ORF1	0	0	1	1	FALSE	FALSE
CTACTTCTCTAGAGGT-1	OZ258728_1_ORF2	0	0	1	1	FALSE	FALSE
CTACTTCTCTTGCATG-1	OP549859_1_ORF1	0	0	1	1	FALSE	TRUE
CTAGACGAGACTCGCT-1	OZ258728_1_ORF2	0	0	1	1	FALSE	FALSE
CTAGACGAGATCCTGC-1	meGFP	0	0	1	1	FALSE	FALSE
CTAGACGAGCCGGATA-1	MZ286197_1_ORF2	0	0	3	4	TRUE	TRUE
CTAGACGAGCGAGAGG-1	OP549859_1_ORF1	0	0	1	1	FALSE	TRUE
CTAGACGAGTAGAGGA-1	OZ258728_1_ORF2	0	0	1	1	FALSE	TRUE
CTAGACGAGTTGGAAC-1	meGFP	0	0	1	2	FALSE	TRUE
CTAGACTGTAAGTAAC-1	MZ286258_1_ORF2	0	0	3	3	TRUE	TRUE
CTAGACTGTCGCGTGT-1	OZ258728_1_ORF2	0	0	1	1	FALSE	FALSE
CTAGATGCAAAGGGCA-1	MZ286258_1_ORF2	0	0	1	1	FALSE	TRUE
CTAGATGCAACCAGTA-1	MZ286102_1_ORF2	0	0	1	1	FALSE	TRUE
CTAGATGCAAGGTGCT-1	MZ286102_1_ORF2	1	0	6	6	TRUE	TRUE
CTAGATGCACAAGGGA-1	OP549859_1_ORF1	1	1	107	108	TRUE	TRUE
CTAGATGCACGTGGAT-1	OZ258728_1_ORF2	0	0	1	1	FALSE	TRUE
CTAGATGCAGGTACAC-1	OP549859_1_ORF1	1	0	8	10	TRUE	TRUE
CTAGATGCATGGTCCC-1	OZ258728_1_ORF1	0	0	1	1	FALSE	FALSE
CTAGCGCGTAATCCGT-1	MZ286258_1_ORF1	0	0	1	1	FALSE	FALSE
CTAGCGCGTTAATTCG-1	OP549859_1_ORF2	0	0	3	3	TRUE	TRUE
CTAGCGCGTTCCGCAA-1	MZ286102_1_ORF2	0	0	1	1	FALSE	FALSE
CTAGCTTCAAGAGGTG-1	MZ286197_1_ORF1	1	1	13	14	TRUE	TRUE
CTAGCTTCAAGTGTCA-1	meGFP	2	1	49	53	TRUE	TRUE
CTAGCTTCATAGTAAC-1	OZ258728_1_ORF2	1	0	4	5	TRUE	FALSE
CTAGCTTCATGACGAC-1	MZ286102_1_ORF2	0	0	1	1	FALSE	FALSE
CTAGCTTCATGCAATG-1	MZ286258_1_ORF2	1	1	12	12	TRUE	TRUE
CTAGGCGCAACCCTGC-1	meGFP	1	1	62	63	TRUE	TRUE
CTAGGCGCAAGCGAAG-1	OZ258728_1_ORF1	0	0	1	1	FALSE	FALSE
CTAGGCGCAATCTGTC-1	OZ258728_1_ORF2	1	1	28	28	TRUE	TRUE
CTAGGCGCAATGGACC-1	MZ286188_1_ORF2	0	0	2	2	TRUE	TRUE
CTAGGCGCACAGATCA-1	MZ286102_1_ORF1	0	0	2	2	TRUE	TRUE
CTAGGCGCACGGGTAT-1	MZ286197_1_ORF1	0	0	3	3	TRUE	TRUE
CTAGGCGCAGATTAAC-1	OP549859_1_ORF1	0	0	1	1	FALSE	FALSE
CTAGGCGCATAGATAC-1	MZ286102_1_ORF2	0	0	2	3	FALSE	TRUE
CTAGGTTGTACTGTCG-1	MZ286102_1_ORF1	1	0	8	8	TRUE	TRUE
CTAGGTTGTACTTCCC-1	MZ286188_1_ORF2	0	0	1	1	FALSE	FALSE
CTAGGTTGTGAGACCG-1	OP549859_1_ORF2	0	0	2	2	TRUE	TRUE
CTAGGTTGTGGTGCGA-1	MZ286102_1_ORF1	0	0	1	2	FALSE	FALSE
CTAGGTTGTTCAAGTC-1	MZ286102_1_ORF2	0	0	2	3	FALSE	TRUE
CTAGTAAAGAATCCGG-1	OP549859_1_ORF1	0	0	1	1	FALSE	FALSE
CTAGTAAAGACATCCC-1	meGFP	0	0	1	1	FALSE	FALSE
CTAGTAAAGCCAGTTC-1	meGFP	0	0	1	1	FALSE	FALSE
CTAGTAAAGCTCATGC-1	OP549859_1_ORF2	0	0	3	4	TRUE	TRUE
CTAGTAAAGGGAGCAG-1	MZ286258_1_ORF2	1	1	18	19	TRUE	TRUE
CTAGTAAAGTCAACCC-1	MZ286197_1_ORF2	0	0	3	3	TRUE	TRUE
CTAGTAAAGTTCGGCT-1	meGFP	1	1	22	22	TRUE	TRUE
CTAGTGGAGAGGCATT-1	MZ286197_1_ORF1	0	0	3	3	TRUE	TRUE
CTAGTGGAGATTCGTT-1	OZ258728_1_ORF1	0	0	1	1	FALSE	TRUE
CTAGTGGAGCCACAGA-1	OP549859_1_ORF2	0	0	1	1	FALSE	TRUE
CTAGTGGAGGCTTGCT-1	meGFP	0	0	1	1	FALSE	FALSE
CTAGTGGAGGGTTAGT-1	MZ286197_1_ORF1	0	0	1	1	FALSE	FALSE
CTAGTGGAGTACCAGG-1	MZ286197_1_ORF1	0	0	1	1	FALSE	TRUE
CTAGTGGAGTTACCAT-1	OP549859_1_ORF1	0	0	1	1	FALSE	FALSE
CTAGTGTGTACGTAAG-1	OZ258728_1_ORF2	0	0	1	1	FALSE	FALSE
CTAGTGTGTATGAGTG-1	MZ286258_1_ORF2	0	0	1	2	FALSE	TRUE
CTAGTGTGTCTTGACG-1	MZ286102_1_ORF2	1	0	5	5	TRUE	TRUE
CTAGTGTGTGAGATAT-1	OZ258728_1_ORF2	0	0	1	1	FALSE	FALSE
CTAGTGTGTTGCCTTC-1	OP549859_1_ORF1	0	0	2	3	FALSE	TRUE
CTAGTGTGTTTGGCGC-1	meGFP	0	0	2	2	TRUE	FALSE
CTATATATCAATCCAT-1	OZ258728_1_ORF2	0	0	1	1	FALSE	TRUE
CTATATATCACATGCC-1	OZ258728_1_ORF1	1	1	65	65	TRUE	TRUE
CTATATATCAGGACGC-1	OZ258728_1_ORF2	0	0	1	1	FALSE	FALSE
CTATATATCCCCGTGA-1	OP549859_1_ORF1	0	0	1	1	FALSE	TRUE
CTATATATCCGACTAC-1	OZ258728_1_ORF1	0	0	1	1	FALSE	TRUE
CTATATATCCGGGTAA-1	OZ258728_1_ORF2	1	1	26	27	TRUE	FALSE
CTATATATCCGTAGCT-1	OZ258728_1_ORF1	0	0	1	1	FALSE	FALSE
CTATATATCGTTACTG-1	MZ286102_1_ORF2	0	0	3	3	TRUE	TRUE
CTATATATCTGCCTGG-1	meGFP	0	0	1	1	FALSE	FALSE
CTATATATCTGGGTTC-1	OZ258728_1_ORF2	0	0	1	1	FALSE	TRUE
CTATATATCTTCATCC-1	OP549859_1_ORF1	1	1	13	13	TRUE	FALSE
CTATCTTGTAGTGGCG-1	OZ258728_1_ORF2	1	1	86	86	TRUE	TRUE
CTATCTTGTCACTAAC-1	MZ286258_1_ORF2	0	0	2	3	FALSE	TRUE
CTATCTTGTGCAATTC-1	meGFP	1	1	17	18	TRUE	TRUE
CTATCTTGTTCTGGCA-1	MZ286258_1_ORF2	0	0	1	1	FALSE	FALSE
CTATGTTAGCATCACC-1	MZ286102_1_ORF2	0	0	1	2	FALSE	FALSE
CTATGTTAGCGGATTG-1	MZ286102_1_ORF1	0	0	1	1	FALSE	FALSE
CTATGTTAGCGTACCT-1	OZ258728_1_ORF2	0	0	1	1	FALSE	FALSE
CTATGTTAGCTAACGG-1	meGFP	1	1	11	11	TRUE	TRUE
CTATGTTAGCTCTAGC-1	MZ286197_1_ORF2	0	0	1	1	FALSE	TRUE
CTATGTTAGCTCTCAA-1	meGFP	1	0	7	7	TRUE	TRUE
CTATTCCTCACCCTGG-1	OZ258728_1_ORF2	1	1	65	65	TRUE	TRUE
CTATTCCTCACTAGGG-1	OZ258728_1_ORF2	0	0	1	1	FALSE	FALSE
CTATTCCTCGCTTGAC-1	OP549859_1_ORF1	0	0	1	1	FALSE	TRUE
CTATTCCTCGGGAACC-1	OZ258728_1_ORF1	1	1	13	14	TRUE	TRUE
CTATTCCTCTCCTAAG-1	meGFP	1	1	13	13	TRUE	TRUE
CTATTCCTCTCCTTCG-1	OZ258728_1_ORF2	0	0	1	1	FALSE	TRUE
CTATTGCCAACTGGTA-1	OZ258728_1_ORF2	0	0	1	1	FALSE	FALSE
CTATTGCCACAACCAA-1	OP549859_1_ORF1	0	0	1	1	FALSE	TRUE
CTATTGCCACACTAAG-1	OZ258728_1_ORF1	0	0	1	1	FALSE	TRUE
CTATTGCCAGGATTGC-1	OZ258728_1_ORF2	1	1	49	49	TRUE	TRUE
CTATTGCCATCCACAT-1	OZ258728_1_ORF2	0	0	1	1	FALSE	FALSE
CTATTGCCATTCATTG-1	OZ258728_1_ORF2	0	0	2	2	TRUE	TRUE
CTCACACAGCCATGAG-1	MZ286102_1_ORF2	0	0	1	1	FALSE	FALSE
CTCACACAGCCTAGTC-1	MZ286197_1_ORF2	0	0	1	1	FALSE	FALSE
CTCACACAGCTTAGTT-1	MZ286258_1_ORF2	0	0	2	4	FALSE	TRUE
CTCACACAGGCTTCGT-1	OP549859_1_ORF1	0	0	3	3	TRUE	FALSE
CTCACACAGGGCAACC-1	MZ286102_1_ORF2	0	0	1	2	FALSE	TRUE
CTCACACAGGTAGACT-1	OP549859_1_ORF1	0	0	1	1	FALSE	FALSE
CTCACACAGGTCGGTA-1	MZ286197_1_ORF2	0	0	2	2	TRUE	TRUE
CTCACACAGTAGTGTA-1	OP549859_1_ORF1	0	0	1	1	FALSE	TRUE
CTCACACAGTGCGGAC-1	MZ286188_1_ORF1	0	0	1	1	FALSE	FALSE
CTCACACAGTGGGTCA-1	MZ286258_1_ORF2	0	0	1	1	FALSE	FALSE
CTCACGCCAAACTTCC-1	MZ286258_1_ORF1	1	1	22	22	TRUE	TRUE
CTCACGCCAAGTGAGG-1	OZ258728_1_ORF2	0	0	1	1	FALSE	FALSE
CTCACGCCACAACCAA-1	MZ286102_1_ORF2	0	0	1	1	FALSE	TRUE
CTCACGCCACCATGCC-1	OZ258728_1_ORF2	0	0	1	1	FALSE	FALSE
CTCACGCCACTTACCG-1	OZ258728_1_ORF2	1	1	104	105	TRUE	TRUE
CTCACGCCATCTATCA-1	meGFP	0	0	1	1	FALSE	TRUE
CTCACGCCATGTCGAA-1	MZ286188_1_ORF1	0	0	1	1	FALSE	FALSE
CTCACGCCATGTGATG-1	MZ286197_1_ORF1	0	0	1	1	FALSE	FALSE
CTCACGCCATTGACCT-1	meGFP	0	0	1	1	FALSE	FALSE
CTCACGTAGAAGTGAG-1	OZ258728_1_ORF2	0	0	1	1	FALSE	FALSE
CTCACGTAGACATTAG-1	MZ286197_1_ORF1	0	0	1	1	FALSE	FALSE
CTCACGTAGAGCTGGC-1	OP549859_1_ORF2	0	0	3	4	TRUE	TRUE
CTCACGTAGAGTCATA-1	OZ258728_1_ORF2	1	0	9	10	TRUE	FALSE
CTCACGTAGCGGAACC-1	OZ258728_1_ORF2	0	0	1	1	FALSE	FALSE
CTCACGTAGCGGGAAG-1	MZ286258_1_ORF2	0	0	2	3	FALSE	TRUE
CTCACGTAGGATCACG-1	MZ286102_1_ORF1	1	0	9	10	TRUE	TRUE
CTCACGTAGGATTACA-1	meGFP	0	0	1	1	FALSE	FALSE
CTCACGTAGGGCGTGT-1	MZ286258_1_ORF2	0	0	1	1	FALSE	FALSE
CTCACGTAGTCCGTTA-1	MZ286102_1_ORF2	0	0	2	2	TRUE	FALSE
CTCACTTTCAACCGGA-1	OZ258728_1_ORF2	0	0	1	1	FALSE	TRUE
CTCACTTTCAATCGAA-1	OZ258728_1_ORF1	1	1	21	21	TRUE	TRUE
CTCACTTTCACTTACG-1	MZ286197_1_ORF1	1	0	8	10	TRUE	TRUE
CTCACTTTCATGGAAC-1	MZ286102_1_ORF2	0	0	2	2	TRUE	FALSE
CTCACTTTCGATTCAT-1	meGFP	0	0	1	1	FALSE	FALSE
CTCACTTTCGTCATGC-1	OZ258728_1_ORF1	0	0	1	1	FALSE	FALSE
CTCACTTTCTGATAGA-1	OZ258728_1_ORF1	0	0	2	3	FALSE	FALSE
CTCACTTTCTTAGTGT-1	MZ286102_1_ORF1	0	0	1	1	FALSE	FALSE
CTCAGGGCAACTGCCC-1	MZ286197_1_ORF1	0	0	1	1	FALSE	FALSE
CTCAGGGCAAGATGAA-1	OP549859_1_ORF1	0	0	1	1	FALSE	TRUE
CTCAGGGCAATCGTTC-1	OZ258728_1_ORF2	0	0	1	1	FALSE	FALSE
CTCAGGGCACAAGGGA-1	meGFP	0	0	1	2	FALSE	TRUE
CTCAGGGCACAGTATG-1	OZ258728_1_ORF2	0	0	1	1	FALSE	FALSE
CTCAGGGCACCTCAAT-1	OZ258728_1_ORF2	1	1	45	47	TRUE	TRUE
CTCAGGGCACCTCGAC-1	OZ258728_1_ORF2	0	0	1	1	FALSE	FALSE
CTCAGGGCACGGTTCC-1	OZ258728_1_ORF2	0	0	1	1	FALSE	FALSE
CTCAGGGCACGTGAAC-1	OZ258728_1_ORF2	0	0	1	1	FALSE	FALSE
CTCAGGGCAGAGCTTA-1	MZ286258_1_ORF1	0	0	1	1	FALSE	TRUE
CTCAGGGCAGCCCGAA-1	meGFP	0	0	1	1	FALSE	FALSE
CTCAGGGCAGTCTCAT-1	OZ258728_1_ORF2	1	1	28	30	TRUE	TRUE
CTCAGGGCATGAAGGG-1	MZ286258_1_ORF2	0	0	1	1	FALSE	FALSE
CTCAGGGCATTGACCT-1	OZ258728_1_ORF2	0	0	1	1	FALSE	TRUE
CTCAGTATCAACTGGG-1	OZ258728_1_ORF2	0	0	1	1	FALSE	FALSE
CTCAGTATCCATTAGT-1	OZ258728_1_ORF2	0	0	1	1	FALSE	FALSE
CTCAGTATCCGTGGAA-1	meGFP	0	0	1	1	FALSE	FALSE
CTCAGTATCCTGCCTC-1	OZ258728_1_ORF2	0	0	1	1	FALSE	FALSE
CTCAGTATCGAGGTCA-1	OZ258728_1_ORF2	0	0	1	1	FALSE	FALSE
CTCAGTATCGAGTTGG-1	MZ286188_1_ORF1	0	0	1	1	FALSE	FALSE
CTCAGTATCGCCTGCA-1	MZ286102_1_ORF2	1	1	16	16	TRUE	TRUE
CTCAGTATCGCTTAAT-1	OZ258728_1_ORF2	1	1	113	113	TRUE	TRUE
CTCAGTATCTATAGGA-1	MZ286197_1_ORF1	0	0	1	2	FALSE	FALSE
CTCAGTATCTCGCTCC-1	MZ286102_1_ORF1	0	0	1	1	FALSE	FALSE
CTCAGTATCTGGGACA-1	OZ258728_1_ORF2	1	1	23	23	TRUE	TRUE
CTCAGTATCTGGTTGC-1	OZ258728_1_ORF2	0	0	1	1	FALSE	FALSE
CTCAGTATCTGTCGGT-1	MZ286102_1_ORF2	0	0	1	1	FALSE	TRUE
CTCATCCGTAATGCAG-1	MZ286102_1_ORF2	0	0	1	1	FALSE	FALSE
CTCATCCGTACCGACC-1	OZ258728_1_ORF2	0	0	1	1	FALSE	FALSE
CTCATCCGTCAGCCAC-1	MZ286258_1_ORF2	0	0	1	1	FALSE	FALSE
CTCATCCGTCGAGAGT-1	MZ286188_1_ORF1	1	0	6	6	TRUE	FALSE
CTCATCCGTGCGTACC-1	MZ286258_1_ORF2	0	0	2	2	TRUE	FALSE
CTCATCCGTTCTCATT-1	OZ258728_1_ORF2	1	1	211	211	TRUE	TRUE
CTCATGTCAACACCAA-1	MZ286102_1_ORF2	0	0	1	1	FALSE	FALSE
CTCATGTCAATAGAGA-1	MZ286258_1_ORF1	0	0	1	1	FALSE	FALSE
CTCATGTCAATCTCAC-1	OZ258728_1_ORF2	0	0	1	1	FALSE	FALSE
CTCATGTCACACTAAG-1	MZ286188_1_ORF1	0	0	1	1	FALSE	TRUE
CTCATGTCACACTGGG-1	OZ258728_1_ORF2	0	0	1	1	FALSE	FALSE
CTCATGTCACCGGACA-1	MZ286197_1_ORF1	1	0	6	6	TRUE	TRUE
CTCATGTCACTCATAC-1	MZ286102_1_ORF1	1	1	23	23	TRUE	TRUE
CTCATGTCACTTCAAC-1	MZ286258_1_ORF1	0	0	1	1	FALSE	TRUE
CTCATGTCAGCGCACA-1	OZ258728_1_ORF2	0	0	1	1	FALSE	FALSE
CTCATGTCAGGCATTA-1	meGFP	0	0	1	1	FALSE	FALSE
CTCATGTCATCTATCA-1	OZ258728_1_ORF2	0	0	1	1	FALSE	FALSE
CTCATGTCATGATTCC-1	OZ258728_1_ORF2	1	0	7	7	TRUE	FALSE
CTCATGTCATGCTCGC-1	OZ258728_1_ORF2	0	0	1	1	FALSE	TRUE
CTCATGTCATGGAGAG-1	OP549859_1_ORF1	0	0	1	1	FALSE	FALSE
CTCATTACAAGTGACC-1	MZ286188_1_ORF2	0	0	2	2	TRUE	TRUE
CTCATTACAATCTCAC-1	OP549859_1_ORF2	0	0	1	1	FALSE	FALSE
CTCATTACACCAGGCA-1	OZ258728_1_ORF2	1	1	11	13	TRUE	TRUE
CTCATTACACCGCAAG-1	OZ258728_1_ORF2	1	0	9	9	TRUE	TRUE
CTCATTACACGTGCCT-1	OP549859_1_ORF1	0	0	1	1	FALSE	TRUE
CTCATTACAGGTAGAG-1	OP549859_1_ORF2	0	0	1	1	FALSE	FALSE
CTCATTACATAATCCC-1	OZ258728_1_ORF2	0	0	1	1	FALSE	FALSE
CTCCACACAAAGCCCG-1	OP549859_1_ORF1	0	0	1	1	FALSE	FALSE
CTCCACACAACTGCCC-1	OP549859_1_ORF1	0	0	1	1	FALSE	FALSE
CTCCACACAAGATTAC-1	MZ286197_1_ORF1	0	0	1	1	FALSE	FALSE
CTCCACACAAGCCATA-1	OZ258728_1_ORF2	0	0	1	1	FALSE	FALSE
CTCCACACAATACCCT-1	meGFP	0	0	1	1	FALSE	FALSE
CTCCACACACAGGTGT-1	meGFP	0	0	1	2	FALSE	FALSE
CTCCACACACGTTAAG-1	MZ286258_1_ORF2	0	0	2	2	TRUE	FALSE
CTCCACACAGGTCGAT-1	MZ286188_1_ORF1	1	0	5	7	TRUE	TRUE
CTCCACACATAACCTC-1	OP549859_1_ORF1	0	0	2	2	TRUE	FALSE
CTCCACACATACTGAG-1	OZ258728_1_ORF2	1	1	20	20	TRUE	TRUE
CTCCACACATAGACCA-1	OP549859_1_ORF1	0	0	1	1	FALSE	FALSE
CTCCACACATCCAGCC-1	MZ286258_1_ORF2	0	0	1	1	FALSE	FALSE
CTCCACACATCCCAAT-1	OZ258728_1_ORF2	1	1	131	132	TRUE	TRUE
CTCCACACATGATTCC-1	MZ286258_1_ORF2	0	0	1	1	FALSE	FALSE
CTCCACACATGCGTGG-1	OP549859_1_ORF2	1	1	14	15	TRUE	TRUE
CTCCACACATGTCTGT-1	OZ258728_1_ORF2	1	0	9	9	TRUE	TRUE
CTCCACCTCGCTTGAC-1	meGFP	1	0	7	9	TRUE	TRUE
CTCCACCTCGGCTGAA-1	meGFP	1	1	37	37	TRUE	TRUE
CTCCACCTCGGGAAGG-1	OP549859_1_ORF1	0	0	1	1	FALSE	FALSE
CTCCACCTCGTTACTG-1	MZ286258_1_ORF2	0	0	1	1	FALSE	TRUE
CTCCACCTCTCGACCG-1	meGFP	0	0	1	1	FALSE	FALSE
CTCCACCTCTGGCTTA-1	OP549859_1_ORF2	1	1	14	14	TRUE	TRUE
CTCCATAAGAACCCAG-1	MZ286102_1_ORF2	1	0	5	6	TRUE	TRUE
CTCCATAAGAAGTGAG-1	OP549859_1_ORF2	0	0	1	1	FALSE	TRUE
CTCCATAAGACGATAC-1	MZ286188_1_ORF1	1	1	43	44	TRUE	TRUE
CTCCATAAGAGAGCTT-1	OZ258728_1_ORF2	0	0	1	1	FALSE	FALSE
CTCCATAAGAGGCATT-1	MZ286258_1_ORF2	0	0	1	1	FALSE	TRUE
CTCCATAAGATAGTCA-1	MZ286258_1_ORF1	0	0	2	2	TRUE	TRUE
CTCCATAAGATCAGTA-1	meGFP	0	0	2	2	TRUE	FALSE
CTCCATAAGCAACGAT-1	MZ286197_1_ORF2	0	0	1	1	FALSE	FALSE
CTCCATAAGCTCTCAA-1	meGFP	1	1	10	11	TRUE	TRUE
CTCCATAAGCTTACGC-1	meGFP	0	0	2	2	TRUE	FALSE
CTCCATAAGGAGCCTA-1	OZ258728_1_ORF2	0	0	2	2	TRUE	FALSE
CTCCATAAGGAGGAGT-1	OP549859_1_ORF2	0	0	1	1	FALSE	FALSE
CTCCATAAGGATGGTT-1	MZ286188_1_ORF1	1	1	52	53	TRUE	TRUE
CTCCATAAGGCACATG-1	MZ286102_1_ORF1	0	0	1	2	FALSE	FALSE
CTCCATAAGGCAGGCT-1	MZ286258_1_ORF2	0	0	2	2	TRUE	TRUE
CTCCATAAGGCGAACC-1	MZ286102_1_ORF2	1	0	6	6	TRUE	TRUE
CTCCATAAGGCTTGCT-1	MZ286102_1_ORF2	1	0	6	6	TRUE	TRUE
CTCCATAAGTATAGGC-1	MZ286102_1_ORF2	0	0	1	1	FALSE	FALSE
CTCCATAAGTCTAGGG-1	OZ258728_1_ORF1	1	0	7	7	TRUE	TRUE
CTCCATTTCATGGCTC-1	OZ258728_1_ORF2	1	0	5	5	TRUE	TRUE
CTCCATTTCCCGTGCA-1	meGFP	0	0	2	2	TRUE	TRUE
CTCCATTTCCGTACCG-1	MZ286188_1_ORF2	0	0	2	2	TRUE	TRUE
CTCCATTTCGACCTCG-1	OZ258728_1_ORF2	0	0	1	1	FALSE	FALSE
CTCCATTTCTACTCCT-1	MZ286188_1_ORF1	0	0	1	1	FALSE	FALSE
CTCCATTTCTCGATTG-1	MZ286258_1_ORF1	0	0	1	1	FALSE	FALSE
CTCCATTTCTGAGTCC-1	MZ286102_1_ORF2	0	0	1	1	FALSE	FALSE
CTCCCACTCACTAATC-1	MZ286258_1_ORF1	0	0	1	1	FALSE	TRUE
CTCCCACTCATTGCCA-1	OP549859_1_ORF2	1	0	6	6	TRUE	TRUE
CTCCCACTCCCTTCCA-1	OZ258728_1_ORF1	1	0	4	4	TRUE	FALSE
CTCCCACTCCTCCTGC-1	OZ258728_1_ORF2	0	0	1	1	FALSE	FALSE
CTCCCACTCGAACCGA-1	MZ286258_1_ORF2	0	0	1	1	FALSE	TRUE
CTCCCACTCGCATCGT-1	OP549859_1_ORF1	0	0	1	1	FALSE	FALSE
CTCCCACTCGCGAGGT-1	OZ258728_1_ORF2	0	0	1	1	FALSE	FALSE
CTCCCACTCGGGAAGG-1	MZ286197_1_ORF2	2	0	5	11	FALSE	TRUE
CTCCCACTCTCTATGG-1	OZ258728_1_ORF2	0	0	1	1	FALSE	FALSE
CTCCCACTCTCTCACT-1	MZ286102_1_ORF2	0	0	1	1	FALSE	FALSE
CTCCCACTCTTAGTAC-1	MZ286102_1_ORF1	1	0	9	9	TRUE	TRUE
CTCCCTCAGAACTTAG-1	OZ258728_1_ORF2	1	1	13	13	TRUE	TRUE
CTCCCTCAGAGGCGTC-1	MZ286102_1_ORF2	0	0	1	1	FALSE	FALSE
CTCCCTCAGCCAACCT-1	OZ258728_1_ORF2	0	0	3	4	TRUE	FALSE
CTCCCTCAGCGACACA-1	MZ286258_1_ORF2	0	0	3	3	TRUE	FALSE
CTCCCTCAGCGCAGTA-1	MZ286258_1_ORF2	0	0	1	1	FALSE	FALSE
CTCCCTCAGCTCTCAA-1	MZ286258_1_ORF2	0	0	3	3	TRUE	FALSE
CTCCCTCAGGCATGTG-1	OZ258728_1_ORF2	1	1	98	98	TRUE	TRUE
CTCCCTCAGGCCTAAG-1	MZ286197_1_ORF1	0	0	1	1	FALSE	TRUE
CTCCCTCAGTAATCCT-1	meGFP	0	0	1	1	FALSE	FALSE
CTCCCTCAGTATCGGG-1	meGFP	0	0	1	1	FALSE	FALSE
CTCCCTCAGTGGATTA-1	MZ286258_1_ORF2	1	1	20	22	TRUE	TRUE
CTCCCTCAGTTACCAT-1	MZ286102_1_ORF2	0	0	1	1	FALSE	FALSE
CTCCGCTTCACGAAGT-1	MZ286102_1_ORF2	2	2	17	28	FALSE	TRUE
CTCCGCTTCCAGACTC-1	MZ286197_1_ORF1	0	0	0	0	FALSE	FALSE
CTCCGCTTCCATAGGG-1	OZ258728_1_ORF2	0	0	1	1	FALSE	FALSE
CTCCGCTTCCATCGCG-1	OZ258728_1_ORF2	0	0	1	1	FALSE	TRUE
CTCCGCTTCCCTCGCT-1	OZ258728_1_ORF2	0	0	1	1	FALSE	FALSE
CTCCGCTTCCGGATTC-1	meGFP	0	0	2	2	TRUE	FALSE
CTCCGCTTCCTTACAG-1	OP549859_1_ORF1	0	0	2	2	TRUE	FALSE
CTCCGCTTCGATCGCT-1	MZ286197_1_ORF2	0	0	1	1	FALSE	FALSE
CTCCGCTTCGATGTCC-1	OZ258728_1_ORF2	0	0	1	1	FALSE	FALSE
CTCCGCTTCTAGATGA-1	MZ286258_1_ORF2	0	0	1	1	FALSE	FALSE
CTCCGGATCAGTGTGG-1	OZ258728_1_ORF2	0	0	1	1	FALSE	FALSE
CTCCGGATCCCATCGG-1	MZ286197_1_ORF2	1	0	4	4	TRUE	TRUE
CTCCGGATCCTACTGA-1	OP549859_1_ORF1	0	0	1	1	FALSE	FALSE
CTCCGGATCCTCGACG-1	meGFP	0	0	3	3	TRUE	FALSE
CTCCGGATCGAGCAGC-1	MZ286188_1_ORF1	0	0	1	2	FALSE	TRUE
CTCCGGATCGCCCAAT-1	MZ286102_1_ORF2	1	0	9	11	TRUE	TRUE
CTCCGGATCGCCTGTG-1	OZ258728_1_ORF2	0	0	1	1	FALSE	FALSE
CTCCGGATCGCTTGGT-1	OZ258728_1_ORF2	1	1	174	175	TRUE	TRUE
CTCCGGATCGGCTGAA-1	MZ286258_1_ORF2	1	1	14	14	TRUE	TRUE
CTCCGGATCGGGAAGG-1	MZ286188_1_ORF2	0	0	1	1	FALSE	FALSE
CTCCGGATCGTTACTG-1	OP549859_1_ORF1	1	0	4	4	TRUE	FALSE
CTCCGGATCTAACCAT-1	MZ286102_1_ORF2	0	0	1	1	FALSE	FALSE
CTCCGGATCTCTATCC-1	OZ258728_1_ORF2	0	0	1	1	FALSE	FALSE
CTCCGGGGTACCGATT-1	MZ286188_1_ORF1	0	0	1	1	FALSE	FALSE
CTCCGGGGTACCTCTC-1	OP549859_1_ORF1	0	0	1	1	FALSE	TRUE
CTCCGGGGTATCGCCA-1	OZ258728_1_ORF2	0	0	1	1	FALSE	FALSE
CTCCGGGGTCTAAGCT-1	MZ286258_1_ORF2	0	0	1	1	FALSE	FALSE
CTCCGGGGTCTCCAAG-1	MZ286258_1_ORF1	0	0	1	1	FALSE	FALSE
CTCCGGGGTGAATCTC-1	OP549859_1_ORF2	1	0	6	6	TRUE	TRUE
CTCCGGGGTGCGCATC-1	OZ258728_1_ORF2	0	0	1	1	FALSE	TRUE
CTCCGGGGTGGAAGGA-1	meGFP	0	0	1	1	FALSE	FALSE
CTCCGGGGTTCAAGTC-1	MZ286258_1_ORF1	0	0	2	3	FALSE	TRUE
CTCCGGGGTTGTCTAA-1	OP549859_1_ORF1	0	0	2	2	TRUE	FALSE
CTCCGTGAGAACTTAG-1	MZ286102_1_ORF2	0	0	1	2	FALSE	FALSE
CTCCGTGAGACCCTGT-1	MZ286258_1_ORF1	0	0	2	3	FALSE	TRUE
CTCCGTGAGACGACTG-1	MZ286188_1_ORF1	1	0	5	6	TRUE	TRUE
CTCCGTGAGACGCAAT-1	MZ286197_1_ORF1	0	0	2	2	TRUE	FALSE
CTCCGTGAGATAGTCA-1	meGFP	0	0	2	2	TRUE	FALSE
CTCCGTGAGCATATCT-1	MZ286197_1_ORF1	1	1	51	51	TRUE	TRUE
CTCCGTGAGCCACTCG-1	OZ258728_1_ORF2	0	0	3	3	TRUE	FALSE
CTCCGTGAGCGCAGTA-1	MZ286197_1_ORF2	0	0	1	1	FALSE	TRUE
CTCCGTGAGCGGGAAG-1	MZ286258_1_ORF2	1	1	10	11	TRUE	TRUE
CTCCGTGAGCTCCGCA-1	OP549859_1_ORF2	0	0	1	1	FALSE	FALSE
CTCCGTGAGCTCGAAG-1	OZ258728_1_ORF2	0	0	1	1	FALSE	FALSE
CTCCGTGAGGAATGAG-1	MZ286197_1_ORF1	0	0	1	1	FALSE	FALSE
CTCCGTGAGGAGCATT-1	MZ286188_1_ORF2	0	0	3	4	TRUE	FALSE
CTCCGTGAGGTCGGTA-1	MZ286102_1_ORF2	1	0	5	6	TRUE	TRUE
CTCCGTGAGTACTGGG-1	MZ286197_1_ORF2	0	0	3	3	TRUE	TRUE
CTCCGTGAGTCCGCTG-1	MZ286188_1_ORF2	1	0	5	5	TRUE	TRUE
CTCCGTGAGTTGGAAC-1	meGFP	0	0	1	1	FALSE	FALSE
CTCCGTTGTAACCCTG-1	OP549859_1_ORF1	0	0	1	1	FALSE	FALSE
CTCCGTTGTACAGGAC-1	MZ286102_1_ORF1	0	0	1	1	FALSE	FALSE
CTCCGTTGTACGTAAG-1	MZ286102_1_ORF2	1	0	9	9	TRUE	TRUE
CTCCGTTGTAGCCATT-1	OP549859_1_ORF1	0	0	1	1	FALSE	FALSE
CTCCGTTGTCATTCCC-1	OZ258728_1_ORF2	0	0	1	1	FALSE	FALSE
CTCCGTTGTCGCATAT-1	meGFP	2	1	13	18	FALSE	TRUE
CTCCGTTGTCTGCACA-1	OZ258728_1_ORF1	0	0	3	3	TRUE	TRUE
CTCCGTTGTCTGGTCA-1	MZ286102_1_ORF2	0	0	1	1	FALSE	FALSE
CTCCGTTGTGAATCTC-1	OP549859_1_ORF2	0	0	1	3	FALSE	TRUE
CTCCGTTGTGAGGTAC-1	MZ286258_1_ORF1	0	0	1	1	FALSE	FALSE
CTCCGTTGTGATAGTG-1	MZ286258_1_ORF2	0	0	1	2	FALSE	FALSE
CTCCGTTGTGATGTCT-1	MZ286197_1_ORF1	0	0	1	1	FALSE	FALSE
CTCCTGACAAGATGAA-1	OP549859_1_ORF1	0	0	1	1	FALSE	FALSE
CTCCTGACAAGTGTCA-1	OZ258728_1_ORF2	1	0	5	5	TRUE	FALSE
CTCCTGACAATCCGGG-1	OZ258728_1_ORF2	0	0	1	1	FALSE	FALSE
CTCCTGACACAAGGCT-1	OZ258728_1_ORF1	0	0	1	1	FALSE	FALSE
CTCCTGACACGCGAAT-1	OZ258728_1_ORF1	1	1	17	18	TRUE	TRUE
CTCCTGACACGGGTAT-1	MZ286258_1_ORF2	0	0	1	1	FALSE	TRUE
CTCCTGACACGGTAAC-1	OZ258728_1_ORF2	0	0	1	1	FALSE	TRUE
CTCCTGACAGACCGCA-1	OZ258728_1_ORF2	0	0	3	5	FALSE	FALSE
CTCCTGACAGGACGAA-1	MZ286188_1_ORF2	0	0	1	1	FALSE	FALSE
CTCCTGACATACTGAG-1	MZ286188_1_ORF1	0	0	1	1	FALSE	TRUE
CTCCTGACATAGGCAC-1	MZ286258_1_ORF2	0	0	1	2	FALSE	TRUE
CTCCTGACATCGCATT-1	MZ286258_1_ORF2	0	0	1	3	FALSE	TRUE
CTCCTGACATGCAGAC-1	OP549859_1_ORF1	0	0	1	1	FALSE	FALSE
CTCCTGACATTCCGTG-1	meGFP	0	0	1	1	FALSE	FALSE
CTCCTTCCAAAGTCAT-1	OP549859_1_ORF1	0	0	1	1	FALSE	TRUE
CTCCTTCCAAAGTTAC-1	OZ258728_1_ORF2	0	0	3	3	TRUE	FALSE
CTCCTTCCAACAGATT-1	meGFP	0	0	1	1	FALSE	FALSE
CTCCTTCCAACCCTGC-1	OP549859_1_ORF1	0	0	2	2	TRUE	TRUE
CTCCTTCCAAGCGTTA-1	OZ258728_1_ORF2	1	0	7	7	TRUE	FALSE
CTCCTTCCAAGGTGCT-1	OZ258728_1_ORF2	0	0	1	2	FALSE	TRUE
CTCCTTCCAAGTGAGG-1	OZ258728_1_ORF1	0	0	2	2	TRUE	TRUE
CTCCTTCCACCCATTG-1	MZ286258_1_ORF1	0	0	2	2	TRUE	FALSE
CTCCTTCCACGCTACC-1	OP549859_1_ORF1	0	0	1	1	FALSE	FALSE
CTCCTTCCACTCGCTA-1	meGFP	0	0	1	2	FALSE	FALSE
CTCCTTCCAGCATCAA-1	OP549859_1_ORF1	0	0	1	1	FALSE	FALSE
CTCCTTCCAGGACGAA-1	MZ286258_1_ORF2	0	0	1	1	FALSE	FALSE
CTCCTTCCATACCGGG-1	OZ258728_1_ORF2	0	0	1	2	FALSE	FALSE
CTCCTTCCATCTATCA-1	OP549859_1_ORF1	0	0	1	1	FALSE	FALSE
CTCCTTCCATTCCGTG-1	OP549859_1_ORF1	0	0	1	1	FALSE	FALSE
CTCGAATGTAACCGAA-1	OZ258728_1_ORF2	1	1	101	101	TRUE	TRUE
CTCGAATGTAAGGTAT-1	MZ286197_1_ORF1	0	0	1	1	FALSE	FALSE
CTCGAATGTAAGTAAC-1	OZ258728_1_ORF1	0	0	1	1	FALSE	FALSE
CTCGAATGTACCTGGC-1	OZ258728_1_ORF2	0	0	1	1	FALSE	FALSE
CTCGAATGTATTGGCT-1	meGFP	0	0	1	1	FALSE	TRUE
CTCGAATGTCAGGAGT-1	MZ286102_1_ORF2	1	0	4	4	TRUE	TRUE
CTCGAATGTCGACATT-1	MZ286197_1_ORF2	1	0	5	6	TRUE	TRUE
CTCGAATGTCGGGACA-1	OP549859_1_ORF1	0	0	1	1	FALSE	FALSE
CTCGAATGTGCACTCA-1	MZ286197_1_ORF1	0	0	1	2	FALSE	TRUE
CTCGAATGTGCGTGCT-1	OP549859_1_ORF1	0	0	2	2	TRUE	FALSE
CTCGAATGTGGGTAGT-1	meGFP	0	0	1	1	FALSE	FALSE
CTCGAATGTGTGTCAT-1	MZ286258_1_ORF2	1	1	30	32	TRUE	TRUE
CTCGAATGTTGGAGCG-1	MZ286188_1_ORF2	1	1	20	21	TRUE	TRUE
CTCGAATGTTGTAGCT-1	meGFP	0	0	1	1	FALSE	FALSE
CTCGAATGTTTAGGCT-1	OP549859_1_ORF2	0	0	1	1	FALSE	FALSE
CTCGACCCAACAGAGG-1	meGFP	1	0	4	4	TRUE	FALSE
CTCGACCCAACCGAAC-1	MZ286197_1_ORF2	1	0	5	6	TRUE	TRUE
CTCGACCCACCAGGCA-1	OZ258728_1_ORF2	0	0	1	1	FALSE	FALSE
CTCGACCCACCCAGCT-1	OP549859_1_ORF1	0	0	1	1	FALSE	FALSE
CTCGACCCAGAGAGGC-1	OZ258728_1_ORF1	0	0	1	1	FALSE	FALSE
CTCGACCCAGCCCTGT-1	MZ286188_1_ORF1	0	0	1	1	FALSE	FALSE
CTCGACCCATGAACCA-1	OP549859_1_ORF1	1	0	6	7	TRUE	TRUE
CTCGACCCATGAGGAG-1	MZ286102_1_ORF2	0	0	1	1	FALSE	FALSE
CTCGACCCATTAGGGC-1	MZ286188_1_ORF1	0	0	1	1	FALSE	FALSE
CTCGACCCATTGCCCA-1	MZ286102_1_ORF2	0	0	1	1	FALSE	FALSE
CTCGACGTCACGCTTA-1	meGFP	0	0	1	1	FALSE	TRUE
CTCGACGTCCATGACC-1	MZ286102_1_ORF2	0	0	1	1	FALSE	FALSE
CTCGACGTCCCTTCCA-1	MZ286258_1_ORF2	0	0	1	2	FALSE	TRUE
CTCGACGTCCGCTCGA-1	OP549859_1_ORF2	1	0	5	5	TRUE	TRUE
CTCGACGTCCTACGGT-1	meGFP	0	0	1	1	FALSE	FALSE
CTCGACGTCTAAGCAA-1	OZ258728_1_ORF2	1	0	7	7	TRUE	FALSE
CTCGACGTCTAAGTGA-1	OZ258728_1_ORF2	0	0	1	1	FALSE	FALSE
CTCGACGTCTGCACCG-1	OZ258728_1_ORF1	0	0	3	3	TRUE	FALSE
CTCGACGTCTTGGATT-1	OP549859_1_ORF1	0	0	1	1	FALSE	FALSE
CTCGAGGCAAACCACA-1	MZ286258_1_ORF2	0	0	1	1	FALSE	FALSE
CTCGAGGCAAAGGTCC-1	OZ258728_1_ORF2	0	0	3	3	TRUE	FALSE
CTCGAGGCAAATGACT-1	MZ286188_1_ORF1	0	0	3	3	TRUE	FALSE
CTCGAGGCAACCATTC-1	meGFP	0	0	1	1	FALSE	FALSE
CTCGAGGCAACCCAGG-1	MZ286102_1_ORF2	0	0	1	1	FALSE	TRUE
CTCGAGGCAACCGAAC-1	MZ286197_1_ORF2	0	0	1	1	FALSE	FALSE
CTCGAGGCACCCTGAC-1	meGFP	0	0	2	2	TRUE	TRUE
CTCGAGGCACGTGAAC-1	OZ258728_1_ORF2	0	0	1	1	FALSE	TRUE
CTCGAGGCACGTGAGT-1	MZ286258_1_ORF1	0	0	1	1	FALSE	FALSE
CTCGAGGCACTAGGCG-1	MZ286102_1_ORF1	0	0	1	1	FALSE	FALSE
CTCGAGGCAGGTAGCT-1	OP549859_1_ORF1	0	0	1	1	FALSE	FALSE
CTCGAGGCATCGCATT-1	MZ286188_1_ORF1	0	0	1	1	FALSE	TRUE
CTCGAGGCATGAGTAT-1	MZ286102_1_ORF2	0	0	1	1	FALSE	FALSE
CTCGAGGCATGTCTGT-1	OP549859_1_ORF1	0	0	1	1	FALSE	FALSE
CTCGAGGCATTACAGG-1	OP549859_1_ORF2	0	0	1	1	FALSE	FALSE
CTCGCGATCAAGGGTT-1	MZ286102_1_ORF2	0	0	1	1	FALSE	FALSE
CTCGCGATCACACACC-1	OZ258728_1_ORF2	0	0	1	1	FALSE	FALSE
CTCGCGATCACGTGCT-1	MZ286197_1_ORF1	0	0	1	1	FALSE	FALSE
CTCGCGATCATTCGAT-1	MZ286188_1_ORF1	0	0	3	4	TRUE	TRUE
CTCGCGATCCAAGTCC-1	MZ286258_1_ORF1	0	0	1	1	FALSE	FALSE
CTCGCGATCCACGCAT-1	MZ286258_1_ORF1	0	0	1	1	FALSE	FALSE
CTCGCGATCCCAGTAC-1	OZ258728_1_ORF2	1	1	59	59	TRUE	TRUE
CTCGCGATCCGAAGCA-1	OZ258728_1_ORF2	0	0	1	1	FALSE	FALSE
CTCGCGATCCGCCTGA-1	OP549859_1_ORF1	0	0	3	3	TRUE	FALSE
CTCGCGATCCTGATAT-1	OZ258728_1_ORF2	0	0	1	1	FALSE	FALSE
CTCGCGATCGAGCGGT-1	OZ258728_1_ORF2	0	0	1	1	FALSE	TRUE
CTCGCGATCGATGGAT-1	meGFP	0	0	1	1	FALSE	TRUE
CTCGCGATCGTACGGA-1	MZ286258_1_ORF2	1	1	12	13	TRUE	TRUE
CTCGCGATCGTGCTGT-1	MZ286258_1_ORF2	0	0	1	1	FALSE	FALSE
CTCGCGATCGTTCCGG-1	OZ258728_1_ORF2	1	1	80	80	TRUE	TRUE
CTCGCGATCTAAGCAA-1	MZ286197_1_ORF2	0	0	2	2	TRUE	TRUE
CTCGCGATCTAAGTGA-1	meGFP	0	0	1	1	FALSE	FALSE
CTCGCGATCTCACGTA-1	MZ286258_1_ORF2	0	0	1	1	FALSE	FALSE
CTCGCGATCTCCTTCG-1	OZ258728_1_ORF2	1	1	10	10	TRUE	TRUE
CTCGCGATCTGGCTTA-1	OZ258728_1_ORF1	1	0	9	9	TRUE	TRUE
CTCGCGATCTTAAGCT-1	OP549859_1_ORF1	0	0	1	1	FALSE	FALSE
CTCGCTGAGAATGCTA-1	MZ286102_1_ORF1	0	0	1	1	FALSE	TRUE
CTCGCTGAGACACCTC-1	OP549859_1_ORF1	0	0	1	1	FALSE	FALSE
CTCGCTGAGATTCGGG-1	MZ286102_1_ORF1	1	0	8	8	TRUE	TRUE
CTCGCTGAGCCAACCT-1	MZ286102_1_ORF2	0	0	0	0	FALSE	FALSE
CTCGCTGAGCGAGAGG-1	OZ258728_1_ORF2	1	1	79	79	TRUE	TRUE
CTCGCTGAGGGCGTAC-1	MZ286258_1_ORF1	0	0	1	1	FALSE	FALSE
CTCGCTGAGGGTGTCA-1	OP549859_1_ORF1	0	0	2	3	FALSE	FALSE
CTCGCTGAGTGATAGC-1	meGFP	1	1	77	77	TRUE	TRUE
CTCGCTGAGTGTAATG-1	MZ286258_1_ORF2	0	0	1	1	FALSE	FALSE
CTCGCTGAGTGTCGCT-1	OZ258728_1_ORF2	0	0	2	2	TRUE	FALSE
CTCGCTGAGTTAAGTG-1	meGFP	2	1	26	37	FALSE	TRUE
CTCGCTGAGTTGCAGG-1	OZ258728_1_ORF2	0	0	1	1	FALSE	TRUE
CTCGCTGAGTTGGAAC-1	MZ286188_1_ORF1	0	0	1	1	FALSE	TRUE
CTCTATCTCAATGCGG-1	OZ258728_1_ORF2	0	0	1	1	FALSE	TRUE
CTCTATCTCACTAGGG-1	OZ258728_1_ORF2	0	0	1	2	FALSE	FALSE
CTCTATCTCCCGTTGG-1	MZ286258_1_ORF2	0	0	1	1	FALSE	FALSE
CTCTATCTCCTGATAT-1	MZ286102_1_ORF2	0	0	1	1	FALSE	FALSE
CTCTATCTCGGTAGCA-1	MZ286258_1_ORF2	1	1	11	11	TRUE	TRUE
CTCTATCTCGTCCGTG-1	meGFP	0	0	1	1	FALSE	FALSE
CTCTATCTCTAACTGT-1	MZ286258_1_ORF2	0	0	1	1	FALSE	FALSE
CTCTATCTCTGCACTA-1	MZ286197_1_ORF1	0	0	1	1	FALSE	FALSE
CTCTATTGTAACTGAG-1	OP549859_1_ORF2	0	0	1	1	FALSE	FALSE
CTCTATTGTAATGGAT-1	MZ286197_1_ORF1	0	0	1	1	FALSE	TRUE
CTCTATTGTAGACCAA-1	OZ258728_1_ORF2	0	0	3	4	TRUE	FALSE
CTCTATTGTCACTAAC-1	MZ286258_1_ORF1	0	0	1	1	FALSE	TRUE
CTCTATTGTCAGTCGC-1	OZ258728_1_ORF2	0	0	1	1	FALSE	FALSE
CTCTATTGTCGTTGGC-1	MZ286258_1_ORF2	0	0	1	1	FALSE	FALSE
CTCTATTGTGCTGACC-1	MZ286102_1_ORF2	0	0	2	2	TRUE	TRUE
CTCTATTGTGTGTCGC-1	MZ286102_1_ORF2	2	0	9	13	FALSE	TRUE
CTCTATTGTGTTGCGC-1	MZ286197_1_ORF1	0	0	1	1	FALSE	FALSE
CTCTATTGTTGAAGCA-1	MZ286258_1_ORF2	1	1	16	17	TRUE	TRUE
CTCTATTGTTGGTGAA-1	MZ286102_1_ORF1	0	0	1	1	FALSE	FALSE
CTCTATTGTTTGGATC-1	MZ286102_1_ORF2	0	0	3	3	TRUE	TRUE
CTCTGGCCAACTATGG-1	OZ258728_1_ORF2	0	0	1	1	FALSE	FALSE
CTCTGGCCAACTGCCC-1	OZ258728_1_ORF2	0	0	2	2	TRUE	FALSE
CTCTGGCCACCATAGA-1	OZ258728_1_ORF2	0	0	1	2	FALSE	TRUE
CTCTGGCCACCCAGCT-1	meGFP	0	0	3	3	TRUE	FALSE
CTCTGGCCACCGCAAG-1	OZ258728_1_ORF2	0	0	1	1	FALSE	TRUE
CTCTGGCCACCGTACC-1	MZ286197_1_ORF2	0	0	1	1	FALSE	TRUE
CTCTGGCCAGAGCTTA-1	MZ286188_1_ORF1	0	0	1	1	FALSE	TRUE
CTCTGGCCAGCCGATG-1	meGFP	2	1	12	21	FALSE	TRUE
CTCTGGCCAGTCCAGG-1	meGFP	0	0	2	2	TRUE	FALSE
CTCTGGCCATAAGGTT-1	OP549859_1_ORF1	1	0	5	5	TRUE	TRUE
CTCTGGTAGAACTGCG-1	OP549859_1_ORF1	0	0	2	2	TRUE	FALSE
CTCTGGTAGAGAGCTT-1	MZ286197_1_ORF2	0	0	2	2	TRUE	TRUE
CTCTGGTAGATTCCGC-1	MZ286102_1_ORF2	0	0	1	3	FALSE	TRUE
CTCTGGTAGCAACGAT-1	OZ258728_1_ORF1	0	0	3	3	TRUE	FALSE
CTCTGGTAGCACCATC-1	MZ286188_1_ORF1	1	1	16	16	TRUE	TRUE
CTCTGGTAGCACGTTC-1	MZ286197_1_ORF1	0	0	1	1	FALSE	TRUE
CTCTGGTAGCAGCCTT-1	MZ286102_1_ORF2	0	0	1	1	FALSE	FALSE
CTCTGGTAGCGGAACC-1	MZ286102_1_ORF1	0	0	1	1	FALSE	FALSE
CTCTGGTAGCTCATAT-1	OZ258728_1_ORF2	1	0	7	7	TRUE	TRUE
CTCTGGTAGGCAGGGA-1	OZ258728_1_ORF1	0	0	2	2	TRUE	FALSE
CTCTGGTAGGCGAACC-1	MZ286258_1_ORF2	0	0	1	1	FALSE	FALSE
CTCTGGTAGGGCTGGT-1	MZ286197_1_ORF1	0	0	1	1	FALSE	FALSE
CTCTGGTAGGTAGGTT-1	MZ286258_1_ORF2	0	0	1	1	FALSE	FALSE
CTCTGGTAGTATAGGC-1	MZ286102_1_ORF2	0	0	1	1	FALSE	FALSE
CTCTGGTAGTATCGTT-1	MZ286197_1_ORF1	0	0	1	1	FALSE	TRUE
CTCTGGTAGTTGGCGA-1	OZ258728_1_ORF2	0	0	1	3	FALSE	FALSE
CTCTTGCGTACACTAC-1	OP549859_1_ORF1	0	0	1	2	FALSE	TRUE
CTCTTGCGTAGCACTT-1	meGFP	0	0	1	1	FALSE	FALSE
CTCTTGCGTATTGACC-1	MZ286102_1_ORF2	0	0	2	3	FALSE	FALSE
CTCTTGCGTCAAGCCC-1	meGFP	0	0	1	1	FALSE	FALSE
CTCTTGCGTCCAGCTA-1	MZ286258_1_ORF1	1	1	19	19	TRUE	TRUE
CTCTTGCGTCCTGTGA-1	OP549859_1_ORF1	0	0	1	1	FALSE	FALSE
CTCTTGCGTCTAATCA-1	MZ286188_1_ORF2	0	0	1	1	FALSE	FALSE
CTCTTGCGTCTGGTCA-1	MZ286188_1_ORF1	0	0	0	0	FALSE	FALSE
CTCTTGCGTCTTGCAG-1	OZ258728_1_ORF2	0	0	3	3	TRUE	FALSE
CTCTTGCGTGAAGGCT-1	meGFP	1	1	57	58	TRUE	TRUE
CTCTTGCGTGAGTAAT-1	MZ286197_1_ORF1	0	0	1	1	FALSE	FALSE
CTCTTGCGTGCGCATC-1	OZ258728_1_ORF2	2	2	14	24	FALSE	TRUE
CTCTTGCGTTCGCTTC-1	OZ258728_1_ORF2	0	0	1	1	FALSE	FALSE
CTCTTGCGTTCGTCTC-1	OZ258728_1_ORF2	0	0	1	1	FALSE	FALSE
CTCTTGCGTTTCAAGC-1	meGFP	1	1	99	100	TRUE	TRUE
CTGACTTCAATGGTTG-1	OP549859_1_ORF1	0	0	2	4	FALSE	TRUE
CTGACTTCACTGACTT-1	OZ258728_1_ORF2	0	0	1	1	FALSE	FALSE
CTGACTTCAGCATCAA-1	MZ286102_1_ORF2	0	0	1	1	FALSE	FALSE
CTGACTTCAGTAGGAG-1	MZ286258_1_ORF1	0	0	1	1	FALSE	FALSE
CTGATGACAACCGTGG-1	meGFP	0	0	1	1	FALSE	TRUE
CTGATGACAATGTCCT-1	MZ286102_1_ORF1	0	0	1	1	FALSE	TRUE
CTGATGACACAGATCA-1	OZ258728_1_ORF2	0	0	1	1	FALSE	FALSE
CTGATGACACCATAGA-1	MZ286258_1_ORF2	1	0	7	7	TRUE	TRUE
CTGATGACACCTTGAT-1	OZ258728_1_ORF2	0	0	1	1	FALSE	FALSE
CTGATGACATACCGGG-1	MZ286102_1_ORF1	1	0	7	8	TRUE	TRUE
CTGCAACTCCCCGGTA-1	MZ286188_1_ORF1	2	1	13	18	FALSE	TRUE
CTGCAACTCGCAACTC-1	OZ258728_1_ORF2	0	0	1	1	FALSE	FALSE
CTGCAACTCTACCCAA-1	MZ286188_1_ORF2	0	0	1	2	FALSE	TRUE
CTGCAACTCTCCCAGG-1	MZ286197_1_ORF2	0	0	1	1	FALSE	TRUE
CTGCAACTCTCGAAGG-1	MZ286188_1_ORF1	0	0	1	1	FALSE	TRUE
CTGCAACTCTTAGGCC-1	OZ258728_1_ORF2	0	0	1	1	FALSE	FALSE
CTGCCTGAGAATCCGG-1	MZ286197_1_ORF2	0	0	1	1	FALSE	TRUE
CTGCCTGAGGAGCATT-1	MZ286258_1_ORF2	0	0	1	1	FALSE	TRUE
CTGCCTGAGGGCGTAC-1	OP549859_1_ORF2	0	0	3	3	TRUE	TRUE
CTGCCTGAGGTTGGGC-1	MZ286102_1_ORF1	1	0	5	6	TRUE	TRUE
CTGCCTGAGTGTCGCT-1	meGFP	1	0	6	7	TRUE	TRUE
CTGCCTTGTACAGGAC-1	OP549859_1_ORF1	0	0	1	2	FALSE	TRUE
CTGCCTTGTCCTCACT-1	MZ286197_1_ORF1	1	0	7	7	TRUE	TRUE
CTGCCTTGTGGATGAC-1	MZ286258_1_ORF1	2	1	14	19	FALSE	TRUE
CTGCCTTGTTCGTAGT-1	OP549859_1_ORF1	1	1	20	20	TRUE	TRUE
CTGCCTTGTTGAAGCA-1	OZ258728_1_ORF2	0	0	1	1	FALSE	FALSE
CTGCGAAAGACTAGCG-1	OZ258728_1_ORF2	0	0	1	2	FALSE	TRUE
CTGCGAAAGCATCACC-1	MZ286102_1_ORF2	0	0	1	1	FALSE	TRUE
CTGCGAAAGCCTGTGT-1	MZ286102_1_ORF2	2	0	8	14	FALSE	TRUE
CTGCGAAAGCGCCTAT-1	OP549859_1_ORF1	0	0	1	1	FALSE	FALSE
CTGCGAAAGCTGGTGA-1	meGFP	2	1	15	19	TRUE	TRUE
CTGCGAAAGGGTTAGT-1	OZ258728_1_ORF2	0	0	1	1	FALSE	TRUE
CTGCGAAAGGTACGCA-1	MZ286102_1_ORF2	2	0	9	15	FALSE	TRUE
CTGCGAAAGGTGGACC-1	OP549859_1_ORF1	0	0	1	1	FALSE	FALSE
CTGCGAAAGTAATCCT-1	MZ286102_1_ORF1	0	0	1	1	FALSE	TRUE
CTGCGAAAGTAATGTG-1	MZ286197_1_ORF1	0	0	3	4	TRUE	TRUE
CTGCGAAAGTGGAGCC-1	MZ286197_1_ORF1	1	1	13	13	TRUE	TRUE
CTGCGACGTAACCGAA-1	OZ258728_1_ORF2	0	0	1	1	FALSE	FALSE
CTGCGACGTACGACTT-1	OZ258728_1_ORF2	0	0	1	1	FALSE	TRUE
CTGCGACGTCATACTA-1	OZ258728_1_ORF2	0	0	1	1	FALSE	TRUE
CTGCGACGTCCAGCTA-1	OP549859_1_ORF1	1	1	91	93	TRUE	TRUE
CTGCGACGTGCACTCA-1	MZ286197_1_ORF2	0	0	1	1	FALSE	FALSE
CTGCGACGTTATCTCT-1	OZ258728_1_ORF2	0	0	1	1	FALSE	FALSE
CTGCGACGTTGTCCTC-1	OZ258728_1_ORF2	0	0	1	1	FALSE	TRUE
CTGCGATTCAGCGGAC-1	MZ286102_1_ORF1	0	0	1	1	FALSE	FALSE
CTGCGATTCCAAGTGG-1	MZ286258_1_ORF2	1	0	6	6	TRUE	TRUE
CTGCGATTCCCGATGT-1	MZ286197_1_ORF1	0	0	1	1	FALSE	TRUE
CTGCGATTCCCTGCGA-1	MZ286197_1_ORF1	0	0	1	1	FALSE	TRUE
CTGCGATTCGAACTAA-1	OP549859_1_ORF1	1	1	42	42	TRUE	TRUE
CTGCGATTCGAGCGGT-1	MZ286102_1_ORF2	1	1	26	27	TRUE	TRUE
CTGCGATTCGTCCGTG-1	MZ286102_1_ORF2	0	0	1	1	FALSE	FALSE
CTGCGATTCTGTATGT-1	OP549859_1_ORF1	0	0	1	1	FALSE	FALSE
CTGCGATTCTTCGGCG-1	MZ286188_1_ORF1	0	0	1	1	FALSE	TRUE
CTGCGCTCAACCCTGC-1	meGFP	0	0	1	1	FALSE	FALSE
CTGCGCTCAATTCGGA-1	MZ286102_1_ORF1	0	0	1	1	FALSE	FALSE
CTGCGCTCACGGTCAG-1	meGFP	1	1	17	17	TRUE	TRUE
CTGCGCTCACTTCCTC-1	OP549859_1_ORF2	0	0	1	1	FALSE	FALSE
CTGCGCTCAGCTCAGG-1	MZ286188_1_ORF1	0	0	1	1	FALSE	FALSE
CTGCGCTCATAGTAAC-1	MZ286258_1_ORF2	0	0	3	3	TRUE	TRUE
CTGCTGGTCAACCGGA-1	MZ286188_1_ORF1	1	0	8	8	TRUE	TRUE
CTGCTGGTCAATGTGA-1	OP549859_1_ORF2	0	0	3	4	TRUE	TRUE
CTGCTGGTCCATCACA-1	meGFP	0	0	1	1	FALSE	TRUE
CTGCTGGTCCCAACCG-1	MZ286102_1_ORF2	0	0	1	1	FALSE	TRUE
CTGCTGGTCCCATTGA-1	MZ286197_1_ORF1	0	0	1	1	FALSE	TRUE
CTGCTGGTCGACCTTA-1	OP549859_1_ORF1	1	0	8	8	TRUE	TRUE
CTGCTGGTCGAGTGAT-1	meGFP	0	0	1	1	FALSE	TRUE
CTGCTGGTCTCAGGGA-1	meGFP	1	0	9	9	TRUE	TRUE
CTGCTGGTCTGGTTGC-1	OP549859_1_ORF2	0	0	1	1	FALSE	FALSE
CTGCTGTAGAGTCGCA-1	OZ258728_1_ORF1	0	0	1	1	FALSE	FALSE
CTGCTGTAGATCAGTA-1	OZ258728_1_ORF2	0	0	1	1	FALSE	FALSE
CTGCTGTAGCGCTTAC-1	OZ258728_1_ORF2	0	0	1	1	FALSE	FALSE
CTGCTGTAGGAAGTAG-1	OZ258728_1_ORF1	0	0	1	1	FALSE	FALSE
CTGCTGTAGGTTGGGC-1	MZ286102_1_ORF1	0	0	1	1	FALSE	FALSE
CTGCTGTAGTCAGCAG-1	MZ286102_1_ORF2	0	0	1	2	FALSE	TRUE
CTGCTGTAGTGCAACG-1	OP549859_1_ORF1	1	1	11	12	TRUE	TRUE
CTGGACGCAAGATTAC-1	OZ258728_1_ORF2	0	0	1	1	FALSE	TRUE
CTGGACGCAATGTAAC-1	MZ286258_1_ORF2	0	0	1	1	FALSE	FALSE
CTGGACGCAATTGAAC-1	MZ286188_1_ORF1	0	0	1	1	FALSE	FALSE
CTGGACGCACAGTTAG-1	MZ286102_1_ORF1	1	0	8	9	TRUE	TRUE
CTGGACGCACTACTAC-1	meGFP	1	0	4	4	TRUE	FALSE
CTGGACGCAGAGAGAT-1	MZ286258_1_ORF2	0	0	1	1	FALSE	FALSE
CTGGACGCAGAGCCTG-1	MZ286188_1_ORF1	0	0	1	1	FALSE	FALSE
CTGGACGCAGTTCGTT-1	OP549859_1_ORF1	1	1	54	54	TRUE	TRUE
CTGGACGCATCGTAAG-1	OP549859_1_ORF2	0	0	1	1	FALSE	TRUE
CTGGATTGTAATGAAC-1	meGFP	1	1	39	41	TRUE	TRUE
CTGGATTGTACCTAGT-1	OZ258728_1_ORF2	1	1	10	10	TRUE	TRUE
CTGGATTGTAGCTCGC-1	OZ258728_1_ORF2	0	0	1	1	FALSE	FALSE
CTGGATTGTCATTCAA-1	MZ286258_1_ORF2	1	1	17	17	TRUE	TRUE
CTGGCTCCAACCCAGG-1	OZ258728_1_ORF1	1	1	19	21	TRUE	TRUE
CTGGCTCCAAGCCATA-1	meGFP	0	0	2	2	TRUE	TRUE
CTGGCTCCACCGGATG-1	OP549859_1_ORF1	0	0	1	1	FALSE	FALSE
CTGGCTCCACGAACCG-1	MZ286258_1_ORF2	0	0	1	1	FALSE	FALSE
CTGGCTCCACTAGACA-1	MZ286197_1_ORF1	0	0	1	1	FALSE	TRUE
CTGGCTCCATGACAGC-1	MZ286188_1_ORF1	1	1	17	17	TRUE	TRUE
CTGGCTCCATTCATTG-1	MZ286258_1_ORF2	1	0	9	9	TRUE	TRUE
CTGGGACAGAACCGTG-1	OZ258728_1_ORF2	0	0	1	1	FALSE	FALSE
CTGGGACAGCGGATTG-1	MZ286188_1_ORF2	0	0	2	2	TRUE	TRUE
CTGGGACAGGACACCA-1	MZ286197_1_ORF2	0	0	3	4	TRUE	TRUE
CTGGGACAGGCTTCGT-1	MZ286188_1_ORF1	0	0	1	1	FALSE	TRUE
CTGGGACAGGGTTGCA-1	OZ258728_1_ORF2	0	0	1	1	FALSE	TRUE
CTGGGCACAAAGTGCC-1	OZ258728_1_ORF2	0	0	1	1	FALSE	FALSE
CTGGGCACAACTTCGT-1	OZ258728_1_ORF2	0	0	1	1	FALSE	TRUE
CTGGGCACAAGATCCA-1	MZ286258_1_ORF2	1	0	8	10	TRUE	TRUE
CTGGGCACAAGATTAC-1	MZ286258_1_ORF2	0	0	1	1	FALSE	FALSE
CTGGGCACACAGTATG-1	MZ286258_1_ORF2	2	1	13	23	FALSE	TRUE
CTGGGCACACCAGGCA-1	MZ286258_1_ORF2	1	0	4	5	TRUE	TRUE
CTGGGCACACCCATTG-1	MZ286258_1_ORF2	1	0	8	9	TRUE	TRUE
CTGGGCACACGCCTGT-1	meGFP	0	0	1	3	FALSE	TRUE
CTGGGCACACTGAAGC-1	OZ258728_1_ORF2	0	0	1	1	FALSE	TRUE
CTGGGCACACTTGCTG-1	meGFP	1	1	10	10	TRUE	TRUE
CTGGGCACAGACACAC-1	OP549859_1_ORF2	0	0	1	1	FALSE	FALSE
CTGGGCACAGTTCGCC-1	MZ286258_1_ORF2	1	0	5	5	TRUE	TRUE
CTGTCAATCGGCTCCA-1	MZ286258_1_ORF1	0	0	1	1	FALSE	FALSE
CTGTCAATCGTACGGA-1	MZ286197_1_ORF1	1	1	77	77	TRUE	TRUE
CTGTCAATCTGGTTGC-1	meGFP	0	0	1	1	FALSE	FALSE
CTGTCAATCTGTGGCT-1	MZ286102_1_ORF2	1	0	7	7	TRUE	TRUE
CTGTCAATCTTCGCAA-1	MZ286188_1_ORF1	1	1	38	38	TRUE	TRUE
CTGTCGGTCAGCTTCA-1	MZ286102_1_ORF2	0	0	2	2	TRUE	TRUE
CTGTCGGTCAGTATCT-1	OZ258728_1_ORF2	0	0	3	3	TRUE	TRUE
CTGTCGGTCATGATCT-1	MZ286102_1_ORF2	0	0	2	3	FALSE	TRUE
CTGTCGGTCCACCTGG-1	OZ258728_1_ORF2	0	0	2	2	TRUE	TRUE
CTGTGTGGTAATGGAT-1	OZ258728_1_ORF1	1	1	28	29	TRUE	TRUE
CTGTGTGGTACGACTT-1	OZ258728_1_ORF2	0	0	1	1	FALSE	FALSE
CTGTGTGGTATACGTC-1	OP549859_1_ORF1	0	0	1	1	FALSE	TRUE
CTGTGTGGTATTGGGA-1	MZ286197_1_ORF2	1	1	10	10	TRUE	TRUE
CTGTGTGGTGAATCTC-1	MZ286197_1_ORF1	1	0	8	10	TRUE	TRUE
CTGTGTGGTGCCTAAT-1	OP549859_1_ORF1	1	1	58	58	TRUE	TRUE
CTGTGTGGTGGAGAGA-1	OZ258728_1_ORF2	0	0	1	1	FALSE	FALSE
CTGTGTGGTGTGTGAA-1	MZ286258_1_ORF2	0	0	3	3	TRUE	TRUE
CTGTGTGGTTACCTAA-1	OP549859_1_ORF1	0	0	1	1	FALSE	FALSE
CTGTTCAAGCAAGCTG-1	MZ286188_1_ORF1	1	1	25	25	TRUE	TRUE
CTGTTCAAGCGGAACC-1	OZ258728_1_ORF2	0	0	1	1	FALSE	FALSE
CTGTTCAAGTATACCT-1	MZ286258_1_ORF2	1	0	4	4	TRUE	TRUE
CTGTTCCGTACGACTT-1	OP549859_1_ORF1	0	0	1	1	FALSE	TRUE
CTGTTCCGTACGTTCG-1	OP549859_1_ORF2	1	0	4	6	TRUE	TRUE
CTGTTCCGTATTGACC-1	meGFP	0	0	1	1	FALSE	FALSE
CTGTTCCGTATTGCGT-1	meGFP	2	1	12	18	FALSE	TRUE
CTGTTCCGTCAAGTTC-1	MZ286102_1_ORF2	0	0	1	1	FALSE	TRUE
CTGTTCCGTGCGGTGA-1	MZ286102_1_ORF1	0	0	2	2	TRUE	TRUE
CTGTTCCGTGGCTTGC-1	MZ286102_1_ORF1	0	0	1	1	FALSE	FALSE
CTGTTCCGTTACGCCA-1	OP549859_1_ORF1	0	0	1	1	FALSE	FALSE
CTGTTCCGTTGACCGC-1	OP549859_1_ORF2	1	1	10	10	TRUE	TRUE
CTGTTCCGTTTCAAGC-1	OZ258728_1_ORF2	0	0	1	1	FALSE	FALSE
CTTAACTAGCTGGTGA-1	MZ286258_1_ORF2	0	0	1	1	FALSE	TRUE
CTTAAGTTCAACTATC-1	MZ286197_1_ORF2	1	0	4	4	TRUE	TRUE
CTTAAGTTCACATATC-1	OZ258728_1_ORF2	1	1	41	41	TRUE	TRUE
CTTAAGTTCCGCTCGA-1	OP549859_1_ORF1	0	0	1	1	FALSE	TRUE
CTTAAGTTCGACTCTA-1	MZ286102_1_ORF1	1	0	6	6	TRUE	TRUE
CTTAAGTTCTAATGGA-1	OZ258728_1_ORF2	0	0	1	2	FALSE	TRUE
CTTAATATCAACCGTC-1	MZ286258_1_ORF2	1	1	11	11	TRUE	TRUE
CTTAATATCATCGTTG-1	MZ286197_1_ORF2	0	0	1	2	FALSE	TRUE
CTTAATATCCATGACC-1	MZ286188_1_ORF1	2	0	7	12	FALSE	TRUE
CTTAATATCCCGTTGG-1	meGFP	0	0	2	2	TRUE	FALSE
CTTAATATCCGACTAC-1	meGFP	1	1	40	40	TRUE	TRUE
CTTAATATCGCCCAAT-1	MZ286188_1_ORF1	1	0	9	11	TRUE	TRUE
CTTAATATCGCGAGGT-1	MZ286258_1_ORF2	1	1	14	14	TRUE	TRUE
CTTAATGGTAACGATG-1	OZ258728_1_ORF1	1	1	19	19	TRUE	TRUE
CTTAATGGTATGAGTG-1	OZ258728_1_ORF2	0	0	2	2	TRUE	TRUE
CTTAATGGTGAATCTC-1	MZ286258_1_ORF2	0	0	1	1	FALSE	FALSE
CTTAATGGTGCCGGAA-1	OP549859_1_ORF1	0	0	1	1	FALSE	TRUE
CTTAATGGTTGTGTGT-1	MZ286102_1_ORF2	1	1	18	18	TRUE	TRUE
CTTAATGGTTTAGGAG-1	meGFP	0	0	1	1	FALSE	TRUE
CTTACAAGTACCGACC-1	MZ286102_1_ORF1	0	0	1	1	FALSE	TRUE
CTTACAAGTCACACCA-1	OP549859_1_ORF2	0	0	1	1	FALSE	FALSE
CTTACAAGTGATCCCA-1	OP549859_1_ORF2	1	1	19	19	TRUE	TRUE
CTTACAAGTGCAGCCT-1	OZ258728_1_ORF1	0	0	1	1	FALSE	TRUE
CTTACAAGTTACGGAA-1	OZ258728_1_ORF2	0	0	1	1	FALSE	FALSE
CTTACAAGTTGTCTAA-1	OZ258728_1_ORF2	0	0	1	1	FALSE	FALSE
CTTACAAGTTGTGCGC-1	OZ258728_1_ORF2	1	0	4	4	TRUE	TRUE
CTTACATAGAACCTAA-1	OZ258728_1_ORF2	1	1	225	225	TRUE	TRUE
CTTACATAGAAGGACA-1	OP549859_1_ORF2	1	1	11	12	TRUE	TRUE
CTTACATAGACACCTC-1	OZ258728_1_ORF2	1	1	65	65	TRUE	TRUE
CTTACATAGAGGAAGC-1	OZ258728_1_ORF2	0	0	1	1	FALSE	FALSE
CTTACATAGAGGTCTG-1	OZ258728_1_ORF2	0	0	1	1	FALSE	FALSE
CTTACATAGAGTCGCA-1	OZ258728_1_ORF2	0	0	1	1	FALSE	FALSE
CTTACATAGCCTAATT-1	MZ286102_1_ORF2	1	1	15	16	TRUE	TRUE
CTTACATAGCGGTAGC-1	OZ258728_1_ORF2	0	0	1	1	FALSE	FALSE
CTTACATAGGCCTCAT-1	MZ286258_1_ORF2	1	1	12	12	TRUE	TRUE
CTTACATAGGTCGGTA-1	meGFP	0	0	2	3	FALSE	TRUE
CTTACATAGGTCTACC-1	MZ286197_1_ORF1	1	0	4	5	TRUE	FALSE
CTTACATAGTACCAGG-1	OZ258728_1_ORF2	0	0	1	1	FALSE	FALSE
CTTACCCGTGGCAACG-1	OZ258728_1_ORF2	0	0	1	2	FALSE	TRUE
CTTACCTTCAATCCAT-1	OP549859_1_ORF1	0	0	1	1	FALSE	TRUE
CTTACCTTCACACACC-1	OZ258728_1_ORF2	1	1	86	86	TRUE	TRUE
CTTACCTTCACTTACG-1	MZ286258_1_ORF1	0	0	1	1	FALSE	FALSE
CTTACCTTCATACAGA-1	MZ286188_1_ORF2	0	0	2	2	TRUE	TRUE
CTTACCTTCCCGATGT-1	MZ286197_1_ORF2	1	0	4	4	TRUE	TRUE
CTTACCTTCGACGGGT-1	MZ286102_1_ORF2	1	0	6	6	TRUE	TRUE
CTTACCTTCGGGAAGG-1	OP549859_1_ORF1	0	0	1	1	FALSE	FALSE
CTTACGTCAAAGCCCG-1	OP549859_1_ORF2	0	0	1	1	FALSE	FALSE
CTTACGTCATCGCTCA-1	OZ258728_1_ORF2	1	1	33	34	TRUE	TRUE
CTTACGTCATGTCGAA-1	MZ286197_1_ORF1	2	1	17	24	FALSE	TRUE
CTTACTACAAGATGAA-1	MZ286258_1_ORF2	0	0	1	1	FALSE	FALSE
CTTACTACAGGAAGCA-1	MZ286102_1_ORF2	1	1	13	14	TRUE	TRUE
CTTACTACAGGGTTAC-1	meGFP	0	0	1	1	FALSE	TRUE
CTTACTACATGAAGGG-1	MZ286102_1_ORF2	1	1	23	24	TRUE	TRUE
CTTACTGAGCGGAACC-1	OP549859_1_ORF1	1	1	77	78	TRUE	TRUE
CTTACTGAGGTACCCT-1	meGFP	0	0	1	1	FALSE	FALSE
CTTACTGAGGTAGACT-1	OZ258728_1_ORF1	0	0	1	1	FALSE	TRUE
CTTACTGAGTCCTCAA-1	MZ286258_1_ORF2	1	1	21	21	TRUE	TRUE
CTTAGTAGTAGGCTCC-1	MZ286102_1_ORF2	3	2	25	44	FALSE	TRUE
CTTAGTAGTGAGAGCT-1	MZ286258_1_ORF2	1	0	4	5	TRUE	TRUE
CTTAGTAGTGGCGCAA-1	MZ286258_1_ORF2	0	0	3	3	TRUE	TRUE
CTTAGTAGTTCGTAAC-1	MZ286102_1_ORF2	0	0	1	1	FALSE	FALSE
CTTAGTAGTTTCAGTA-1	OZ258728_1_ORF2	0	0	2	5	FALSE	TRUE
CTTAGTCCAAAGTCAT-1	meGFP	0	0	1	1	FALSE	FALSE
CTTAGTCCAAATCCGA-1	meGFP	1	1	11	11	TRUE	TRUE
CTTAGTCCACTAGTCT-1	OZ258728_1_ORF2	0	0	1	1	FALSE	TRUE
CTTAGTCCAGAGAGAT-1	OP549859_1_ORF1	0	0	1	2	FALSE	TRUE
CTTAGTCCAGATTAGT-1	OP549859_1_ORF2	0	0	1	1	FALSE	TRUE
CTTAGTCCAGGCTATA-1	MZ286197_1_ORF1	0	0	1	1	FALSE	TRUE
CTTAGTCCATAGGCAC-1	meGFP	0	0	1	1	FALSE	FALSE
CTTAGTCCATATGAAC-1	MZ286258_1_ORF2	0	0	1	1	FALSE	TRUE
CTTAGTCCATTGGATG-1	OZ258728_1_ORF2	0	0	1	1	FALSE	FALSE
CTTAGTGTCAGCTTCA-1	OZ258728_1_ORF1	0	0	3	3	TRUE	TRUE
CTTAGTGTCAGTCGTC-1	OP549859_1_ORF1	1	1	26	26	TRUE	TRUE
CTTAGTGTCCACCAGT-1	OZ258728_1_ORF2	0	0	2	2	TRUE	TRUE
CTTAGTGTCCCACAGT-1	OP549859_1_ORF2	0	0	3	3	TRUE	TRUE
CTTAGTGTCGCCCTGA-1	MZ286102_1_ORF2	0	0	1	1	FALSE	TRUE
CTTAGTGTCGGCTCCA-1	OZ258728_1_ORF2	1	1	14	14	TRUE	TRUE
CTTAGTGTCTCTCAAG-1	OP549859_1_ORF2	1	0	7	7	TRUE	TRUE
CTTAGTTAGCCAGACA-1	OZ258728_1_ORF2	0	0	2	4	FALSE	TRUE
CTTAGTTAGCGCAAGC-1	MZ286188_1_ORF2	0	0	1	2	FALSE	TRUE
CTTAGTTAGGAATGAG-1	OP549859_1_ORF2	1	0	5	5	TRUE	TRUE
CTTAGTTAGTTAGGTA-1	meGFP	0	0	1	1	FALSE	TRUE
CTTATCCTCAAGCTCC-1	meGFP	1	1	23	23	TRUE	TRUE
CTTATCCTCAGTATGA-1	OZ258728_1_ORF2	0	0	1	1	FALSE	TRUE
CTTATCCTCAGTCGTC-1	MZ286102_1_ORF2	0	0	1	1	FALSE	FALSE
CTTATCCTCCCGATAC-1	MZ286258_1_ORF1	0	0	1	1	FALSE	FALSE
CTTATCCTCGGTAGCA-1	meGFP	1	1	42	42	TRUE	TRUE
CTTATCTGTAAGCTAG-1	MZ286197_1_ORF2	0	0	2	2	TRUE	TRUE
CTTATCTGTACGACTT-1	OZ258728_1_ORF2	1	1	53	54	TRUE	TRUE
CTTATCTGTATCCCGA-1	MZ286197_1_ORF1	1	0	7	7	TRUE	TRUE
CTTATCTGTGCTTCCT-1	meGFP	2	1	11	15	FALSE	TRUE
CTTATGAGTAGACATG-1	OP549859_1_ORF1	0	0	1	1	FALSE	FALSE
CTTATGAGTGAGTAAT-1	MZ286258_1_ORF2	0	0	2	2	TRUE	FALSE
CTTATGAGTGATAGTG-1	MZ286188_1_ORF1	0	0	1	1	FALSE	TRUE
CTTATGAGTGCCCGAT-1	meGFP	1	1	71	73	TRUE	TRUE
CTTATGAGTTCGGTTG-1	OZ258728_1_ORF1	0	0	2	3	FALSE	TRUE
CTTATGAGTTTGAACC-1	meGFP	1	0	4	4	TRUE	TRUE
CTTCAACCAAAGCGGA-1	MZ286188_1_ORF1	0	0	1	1	FALSE	TRUE
CTTCAACCAAAGTGCC-1	meGFP	0	0	1	1	FALSE	TRUE
CTTCAACCAACAGAGG-1	MZ286188_1_ORF2	1	1	13	13	TRUE	TRUE
CTTCAACCAAGATTAC-1	MZ286102_1_ORF2	1	0	4	4	TRUE	TRUE
CTTCAACCACCGTTCA-1	OP549859_1_ORF1	0	0	1	1	FALSE	FALSE
CTTCAACCACGTGAAC-1	MZ286102_1_ORF2	1	0	8	8	TRUE	TRUE
CTTCAACCAGACACAC-1	MZ286258_1_ORF2	0	0	1	1	FALSE	FALSE
CTTCAACCAGATCCTT-1	MZ286258_1_ORF2	0	0	1	2	FALSE	TRUE
CTTCAACCAGGCAACT-1	MZ286258_1_ORF2	0	0	1	2	FALSE	TRUE
CTTCAATAGCTATCCA-1	MZ286102_1_ORF2	1	1	18	18	TRUE	TRUE
CTTCAATAGGGCGTGT-1	OZ258728_1_ORF2	0	0	1	1	FALSE	FALSE
CTTCAATAGTAGCTCC-1	OP549859_1_ORF1	0	0	1	1	FALSE	FALSE
CTTCAATAGTAGTTGA-1	OZ258728_1_ORF2	0	0	1	1	FALSE	FALSE
CTTCACCGTAACTTGC-1	MZ286197_1_ORF2	0	0	1	1	FALSE	FALSE
CTTCACCGTAAGTCTC-1	meGFP	0	0	1	1	FALSE	FALSE
CTTCACCGTAATGGAT-1	OZ258728_1_ORF2	1	1	42	42	TRUE	TRUE
CTTCACCGTTCGATTA-1	OP549859_1_ORF2	1	0	5	5	TRUE	TRUE
CTTCACCGTTTCGATA-1	MZ286258_1_ORF2	0	0	1	1	FALSE	FALSE
CTTCACTTCCAGCGAA-1	OZ258728_1_ORF2	0	0	1	1	FALSE	TRUE
CTTCACTTCCCAACTA-1	OP549859_1_ORF1	1	1	31	32	TRUE	TRUE
CTTCACTTCCGTCGCA-1	MZ286102_1_ORF2	0	0	1	1	FALSE	FALSE
CTTCACTTCGAAGCGC-1	meGFP	0	0	1	1	FALSE	TRUE
CTTCACTTCGACGGGT-1	OZ258728_1_ORF2	1	1	10	10	TRUE	TRUE
CTTCACTTCTGGAAGT-1	OZ258728_1_ORF2	1	1	36	36	TRUE	TRUE
CTTCACTTCTTGCATG-1	OZ258728_1_ORF2	0	0	1	1	FALSE	FALSE
CTTCATGAGAACCCAG-1	MZ286102_1_ORF1	0	0	1	1	FALSE	TRUE
CTTCATGAGGAGTGAA-1	MZ286102_1_ORF2	0	0	1	1	FALSE	TRUE
CTTCATGAGGCATGTG-1	OZ258728_1_ORF2	0	0	1	1	FALSE	FALSE
CTTCATGAGGCGTGAC-1	MZ286258_1_ORF2	1	0	4	4	TRUE	TRUE
CTTCATGAGTCATTAC-1	OP549859_1_ORF2	1	0	8	9	TRUE	TRUE
CTTCATGAGTCGCTCG-1	MZ286258_1_ORF2	1	1	23	25	TRUE	TRUE
CTTCATTGTGGTGATA-1	OP549859_1_ORF1	0	0	1	1	FALSE	TRUE
CTTCATTGTGGTTCAT-1	OZ258728_1_ORF2	0	0	2	2	TRUE	FALSE
CTTCATTGTGTACCAT-1	MZ286188_1_ORF1	0	0	1	1	FALSE	TRUE
CTTCATTGTTAACTGC-1	MZ286258_1_ORF2	0	0	1	1	FALSE	TRUE
CTTCATTGTTCCCAGA-1	OP549859_1_ORF1	0	0	1	1	FALSE	FALSE
CTTCGCGAGACCCATC-1	MZ286258_1_ORF1	0	0	1	1	FALSE	FALSE
CTTCGCGAGAGGAAGC-1	OZ258728_1_ORF2	0	0	1	1	FALSE	FALSE
CTTCGCGAGAGTCGCA-1	MZ286197_1_ORF1	1	1	60	61	TRUE	TRUE
CTTCGCGAGCCATGAG-1	OZ258728_1_ORF2	0	0	1	1	FALSE	FALSE
CTTCGCGAGGACGAGG-1	OZ258728_1_ORF2	0	0	1	1	FALSE	TRUE
CTTCGCGAGGGGACAG-1	meGFP	0	0	1	1	FALSE	FALSE
CTTCGCGAGGGTTAGT-1	OZ258728_1_ORF2	0	0	1	1	FALSE	TRUE
CTTCGCGAGGTCGTCT-1	MZ286258_1_ORF2	1	1	17	17	TRUE	TRUE
CTTCGCGAGTAGAGGA-1	MZ286188_1_ORF1	0	0	3	6	FALSE	TRUE
CTTCGCGAGTCCAATT-1	OZ258728_1_ORF1	0	0	2	2	TRUE	FALSE
CTTCGCGAGTGCAGAT-1	OP549859_1_ORF1	0	0	1	1	FALSE	FALSE
CTTCGCTGTGGCCGTT-1	OZ258728_1_ORF2	0	0	1	1	FALSE	TRUE
CTTCGCTGTGTACCAT-1	MZ286102_1_ORF2	0	0	3	3	TRUE	TRUE
CTTCGCTGTTATCTAG-1	OP549859_1_ORF2	1	0	5	5	TRUE	TRUE
CTTCGCTGTTTAATCG-1	meGFP	0	0	1	1	FALSE	FALSE
CTTCGTGCAACGTCCC-1	MZ286258_1_ORF2	1	1	12	12	TRUE	TRUE
CTTCGTGCAAGAGGTG-1	MZ286197_1_ORF1	0	0	2	3	FALSE	TRUE
CTTCGTGCAAGATTAC-1	MZ286188_1_ORF1	1	0	6	8	TRUE	TRUE
CTTCGTGCAAGTGAGG-1	OP549859_1_ORF1	0	0	1	1	FALSE	FALSE
CTTCGTGCAATTCGGA-1	OP549859_1_ORF1	0	0	1	1	FALSE	FALSE
CTTCGTGCAGGGTCTG-1	MZ286258_1_ORF1	0	0	1	1	FALSE	FALSE
CTTCGTGCAGTTCGGG-1	MZ286188_1_ORF1	0	0	1	1	FALSE	FALSE
CTTCGTGCATCAGCAA-1	MZ286102_1_ORF2	1	0	7	10	TRUE	TRUE
CTTCGTGCATCGCTCA-1	MZ286188_1_ORF1	0	0	1	1	FALSE	FALSE
CTTCGTGCATTCACAC-1	MZ286258_1_ORF2	0	0	2	2	TRUE	TRUE
CTTCGTTTCAGCTTCA-1	MZ286102_1_ORF2	1	1	28	28	TRUE	TRUE
CTTCGTTTCATGGCTC-1	MZ286188_1_ORF1	0	0	1	1	FALSE	TRUE
CTTCGTTTCCCGTAGT-1	MZ286258_1_ORF2	1	0	9	9	TRUE	TRUE
CTTCGTTTCCTGTCCC-1	OZ258728_1_ORF2	1	1	10	11	TRUE	TRUE
CTTCGTTTCGGATATA-1	meGFP	0	0	1	1	FALSE	FALSE
CTTCGTTTCTGCCACG-1	OZ258728_1_ORF2	1	1	56	57	TRUE	TRUE
CTTCTACTCAGGATGT-1	OP549859_1_ORF1	0	0	1	1	FALSE	TRUE
CTTCTACTCGATTCAT-1	MZ286102_1_ORF2	0	0	1	1	FALSE	FALSE
CTTCTATGTAAGCGGT-1	MZ286102_1_ORF1	0	0	1	1	FALSE	TRUE
CTTCTATGTAGACCAA-1	OZ258728_1_ORF2	0	0	1	1	FALSE	FALSE
CTTCTATGTATAGACG-1	OZ258728_1_ORF2	0	0	2	2	TRUE	TRUE
CTTCTATGTCATTCCC-1	MZ286197_1_ORF2	0	0	3	5	FALSE	TRUE
CTTCTATGTGGGTAAC-1	MZ286102_1_ORF2	2	2	34	46	FALSE	TRUE
CTTCTATGTTCGCTGA-1	OZ258728_1_ORF1	0	0	1	1	FALSE	FALSE
CTTCTATGTTCTGGCA-1	OZ258728_1_ORF1	1	1	13	13	TRUE	TRUE
CTTCTATGTTGAAGCA-1	MZ286197_1_ORF1	0	0	1	1	FALSE	FALSE
CTTCTATGTTGAAGTG-1	MZ286197_1_ORF2	1	0	4	7	TRUE	TRUE
CTTCTATGTTGTACGT-1	OZ258728_1_ORF2	0	0	1	1	FALSE	FALSE
CTTCTCCCAAAGTCAT-1	MZ286258_1_ORF2	0	0	1	1	FALSE	FALSE
CTTCTCCCAAGTGACC-1	OZ258728_1_ORF1	0	0	1	1	FALSE	FALSE
CTTCTCCCACCAGGCA-1	OZ258728_1_ORF1	1	1	25	25	TRUE	TRUE
CTTCTCCCACCCAACC-1	OZ258728_1_ORF1	1	1	21	21	TRUE	TRUE
CTTCTCCCACGAAGGA-1	meGFP	1	1	42	42	TRUE	TRUE
CTTCTCCCATGACGGT-1	MZ286188_1_ORF1	0	0	2	2	TRUE	FALSE
CTTCTCCCATGTGATG-1	MZ286102_1_ORF1	0	0	1	1	FALSE	TRUE
CTTGACGGTCTTGACG-1	MZ286188_1_ORF1	0	0	1	1	FALSE	FALSE
CTTGACGGTGATTGCT-1	OP549859_1_ORF2	1	0	9	9	TRUE	TRUE
CTTGACGGTGTCCAAT-1	MZ286188_1_ORF1	1	1	20	20	TRUE	TRUE
CTTGACGGTGTCCGGT-1	MZ286258_1_ORF2	1	0	6	6	TRUE	TRUE
CTTGACGGTGTGATTC-1	OP549859_1_ORF2	1	1	16	16	TRUE	TRUE
CTTGACGGTGTGGACG-1	MZ286197_1_ORF2	1	0	4	4	TRUE	TRUE
CTTGACGGTTTCCTAT-1	meGFP	1	1	61	61	TRUE	TRUE
CTTGATGTCAGGATAC-1	OP549859_1_ORF2	0	0	3	4	TRUE	TRUE
CTTGATGTCATGGCTC-1	MZ286258_1_ORF2	1	1	20	20	TRUE	TRUE
CTTGATGTCCACCAGT-1	MZ286102_1_ORF2	0	0	1	1	FALSE	TRUE
CTTGATGTCGATACTT-1	OZ258728_1_ORF2	0	0	1	1	FALSE	FALSE
CTTGATGTCGCTATGC-1	meGFP	0	0	2	2	TRUE	TRUE
CTTGATGTCTCTCACT-1	OZ258728_1_ORF2	0	0	1	1	FALSE	FALSE
CTTGATGTCTGCCTGG-1	MZ286258_1_ORF1	1	1	24	24	TRUE	TRUE
CTTGATGTCTTCATCC-1	meGFP	0	0	1	2	FALSE	TRUE
CTTGATTAGAAGTTGC-1	OP549859_1_ORF2	0	0	2	2	TRUE	FALSE
CTTGATTAGACGCGAC-1	MZ286102_1_ORF2	0	0	1	1	FALSE	FALSE
CTTGATTAGATAGACC-1	OP549859_1_ORF2	1	1	10	11	TRUE	TRUE
CTTGATTAGCGAACTG-1	meGFP	0	0	1	1	FALSE	FALSE
CTTGATTAGGGCCGAT-1	OZ258728_1_ORF2	0	0	1	1	FALSE	FALSE
CTTGATTAGGTACGCA-1	OP549859_1_ORF1	0	0	1	1	FALSE	TRUE
CTTGATTAGTAATGTG-1	OP549859_1_ORF1	1	1	88	88	TRUE	FALSE
CTTGATTAGTATCGAA-1	OZ258728_1_ORF2	1	1	61	61	TRUE	TRUE
CTTGCAGGTAGCGTGG-1	MZ286197_1_ORF2	1	0	5	5	TRUE	TRUE
CTTGCAGGTCAAGCCC-1	MZ286258_1_ORF2	1	0	8	8	TRUE	TRUE
CTTGCAGGTCGACCGT-1	OP549859_1_ORF1	0	0	1	1	FALSE	TRUE
CTTGCAGGTGTACCGC-1	MZ286258_1_ORF1	0	0	1	1	FALSE	TRUE
CTTGCAGGTTCTATGA-1	MZ286197_1_ORF1	0	0	1	1	FALSE	FALSE
CTTGCCTGTAATGGGC-1	MZ286102_1_ORF1	2	0	6	12	FALSE	TRUE
CTTGCCTGTACGTTCG-1	OZ258728_1_ORF2	0	0	3	3	TRUE	TRUE
CTTGCCTGTAGGATAT-1	OZ258728_1_ORF2	0	0	1	1	FALSE	FALSE
CTTGCCTGTGGAGAGA-1	OZ258728_1_ORF2	0	0	1	1	FALSE	TRUE
CTTGCCTGTTACCGTG-1	meGFP	0	0	1	1	FALSE	FALSE
CTTGCCTGTTATAGGG-1	OZ258728_1_ORF1	1	1	29	29	TRUE	TRUE
CTTGCTCGTCGATGCC-1	meGFP	1	1	19	21	TRUE	TRUE
CTTGCTCGTTAGCTTA-1	MZ286258_1_ORF1	1	1	16	17	TRUE	TRUE
CTTGCTCGTTGGTGAA-1	OP549859_1_ORF1	1	0	6	8	TRUE	TRUE
CTTGCTTTCAGTAGTA-1	OZ258728_1_ORF2	0	0	1	1	FALSE	TRUE
CTTGCTTTCCCTTCCA-1	MZ286197_1_ORF2	0	0	1	1	FALSE	TRUE
CTTGCTTTCGCAGGGT-1	OP549859_1_ORF1	0	0	1	1	FALSE	FALSE
CTTGCTTTCGCCTCTC-1	MZ286258_1_ORF2	1	0	6	8	TRUE	TRUE
CTTGCTTTCGCGTCCA-1	MZ286258_1_ORF1	1	1	23	24	TRUE	TRUE
CTTGCTTTCTCAGTGC-1	MZ286102_1_ORF2	1	0	6	7	TRUE	TRUE
CTTGCTTTCTGATAGA-1	MZ286102_1_ORF2	0	0	2	2	TRUE	TRUE
CTTGGACTCATCGTTG-1	OZ258728_1_ORF2	0	0	1	1	FALSE	FALSE
CTTGGACTCCTCCGTC-1	meGFP	0	0	1	2	FALSE	TRUE
CTTGGACTCCTGAGAG-1	MZ286102_1_ORF1	0	0	1	3	FALSE	TRUE
CTTGGACTCCTGGGAA-1	OZ258728_1_ORF2	1	1	71	71	TRUE	TRUE
CTTGGACTCGATTCAT-1	OP549859_1_ORF1	0	0	1	1	FALSE	FALSE
CTTGGACTCGGGATTG-1	MZ286258_1_ORF2	1	1	20	20	TRUE	TRUE
CTTGGACTCTCCATCT-1	MZ286258_1_ORF2	0	0	1	1	FALSE	TRUE
CTTGGGGCAACGTGCG-1	OP549859_1_ORF1	0	0	1	1	FALSE	TRUE
CTTGGGGCACCGGTAG-1	OZ258728_1_ORF2	0	0	1	1	FALSE	FALSE
CTTGGGGCACCTGTGC-1	MZ286102_1_ORF1	0	0	2	4	FALSE	TRUE
CTTGGGGCACTAGGCG-1	MZ286188_1_ORF2	0	0	1	1	FALSE	TRUE
CTTGGGGCATCAGCAA-1	MZ286102_1_ORF2	0	0	1	1	FALSE	FALSE
CTTGGGGCATGACAGC-1	MZ286102_1_ORF2	2	0	9	18	FALSE	TRUE
CTTGGGGCATTGAGGC-1	meGFP	1	1	11	11	TRUE	TRUE
CTTGGGTTCCGTGGTT-1	MZ286188_1_ORF1	0	0	1	1	FALSE	FALSE
CTTGGGTTCGCGGAGT-1	meGFP	0	0	1	1	FALSE	FALSE
CTTGGGTTCTCTAACG-1	OZ258728_1_ORF2	1	1	77	77	TRUE	TRUE
CTTGGGTTCTGTACCA-1	meGFP	0	0	1	1	FALSE	FALSE
CTTGTAAGTACGTTCG-1	meGFP	1	1	10	10	TRUE	TRUE
CTTGTAAGTCAGCCAC-1	OZ258728_1_ORF1	0	0	1	1	FALSE	FALSE
CTTGTAAGTCAGGGAT-1	MZ286197_1_ORF2	0	0	3	4	TRUE	TRUE
CTTGTAAGTTGGAGCG-1	OZ258728_1_ORF2	0	0	1	1	FALSE	FALSE
CTTGTACCAACGTAAT-1	MZ286188_1_ORF1	0	0	1	1	FALSE	TRUE
CTTGTACCAAGATTAC-1	OZ258728_1_ORF2	2	2	77	97	TRUE	TRUE
CTTGTACCACACACTT-1	MZ286188_1_ORF2	0	0	2	3	FALSE	TRUE
CTTGTACCACCAATCT-1	OZ258728_1_ORF2	0	0	1	1	FALSE	FALSE
CTTGTACCACTTCAAC-1	OZ258728_1_ORF1	0	0	1	1	FALSE	FALSE
CTTGTACCAGATTAAC-1	OZ258728_1_ORF2	0	0	1	1	FALSE	FALSE
CTTGTACCAGCCCTGT-1	MZ286258_1_ORF2	0	0	2	2	TRUE	TRUE
CTTGTACCAGTAAGGG-1	MZ286258_1_ORF1	1	1	31	32	TRUE	TRUE
CTTGTACCATAGTTGG-1	OZ258728_1_ORF1	0	0	1	1	FALSE	FALSE
CTTGTACCATGGTCCC-1	MZ286258_1_ORF2	0	0	1	1	FALSE	TRUE
CTTGTACCATGTCCAT-1	OZ258728_1_ORF2	0	0	1	1	FALSE	TRUE
CTTGTCCGTAGGCAGT-1	MZ286188_1_ORF2	1	0	6	7	TRUE	TRUE
CTTGTCCGTCCGAATT-1	MZ286102_1_ORF1	0	0	2	2	TRUE	FALSE
CTTGTCCGTCGCAGGA-1	MZ286258_1_ORF2	1	0	7	8	TRUE	TRUE
CTTGTCCGTCTATCCC-1	meGFP	1	1	38	40	TRUE	TRUE
CTTGTCCGTCTGTAAC-1	MZ286102_1_ORF2	0	0	2	2	TRUE	TRUE
CTTGTCCGTTTAGGCT-1	MZ286258_1_ORF2	1	1	20	20	TRUE	TRUE
CTTGTGATCAATTACC-1	meGFP	0	0	1	1	FALSE	FALSE
CTTGTGATCCACCAGT-1	OP549859_1_ORF2	1	0	6	6	TRUE	TRUE
CTTGTGATCCTCGACG-1	OP549859_1_ORF1	1	1	10	12	TRUE	TRUE
CTTGTGATCGAGGTCA-1	MZ286102_1_ORF2	0	0	1	2	FALSE	TRUE
CTTGTGATCGATACTT-1	meGFP	2	1	44	49	TRUE	TRUE
CTTGTGATCGCCTGTG-1	OZ258728_1_ORF2	0	0	1	1	FALSE	FALSE
CTTGTGATCGCTTGGT-1	OZ258728_1_ORF2	0	0	1	1	FALSE	TRUE
CTTGTGATCTGGGTAG-1	OZ258728_1_ORF2	0	0	1	1	FALSE	FALSE
CTTGTGCAGAATCGTA-1	MZ286102_1_ORF2	1	0	5	5	TRUE	TRUE
CTTGTGCAGACCCTGT-1	meGFP	2	2	35	58	FALSE	TRUE
CTTGTGCAGCCGGATA-1	OZ258728_1_ORF2	0	0	1	2	FALSE	TRUE
CTTGTGCAGCTCATGC-1	OZ258728_1_ORF2	0	0	1	1	FALSE	TRUE
CTTGTGCAGGGGCTTA-1	OZ258728_1_ORF1	0	0	1	1	FALSE	TRUE
CTTGTGCAGGGGTAGG-1	MZ286188_1_ORF1	0	0	1	2	FALSE	TRUE
CTTGTGCAGGTTCATT-1	OZ258728_1_ORF2	1	1	21	21	TRUE	TRUE
CTTGTGCAGTAGTGTA-1	MZ286258_1_ORF1	0	0	1	2	FALSE	TRUE
CTTGTGCAGTTAGGTA-1	OP549859_1_ORF1	0	0	1	1	FALSE	FALSE
CTTGTGCAGTTGGCCT-1	meGFP	0	0	1	2	FALSE	TRUE
GCAACCCGTCTTAATG-1	meGFP	0	0	1	1	FALSE	FALSE
GCAACCCGTGCCCGAT-1	meGFP	0	0	1	1	FALSE	FALSE
GCAACCCGTGTGTCGC-1	OP549859_1_ORF1	1	1	19	19	TRUE	TRUE
GCAACCCGTGTTCGGC-1	OZ258728_1_ORF2	1	1	90	90	TRUE	TRUE
GCAACCCGTTGCCTAG-1	MZ286258_1_ORF1	0	0	2	3	FALSE	TRUE
GCAACCCGTTGGTGAA-1	MZ286102_1_ORF1	0	0	1	1	FALSE	FALSE
GCAAGATTCACGTGCT-1	MZ286197_1_ORF1	0	0	1	1	FALSE	FALSE
GCAAGATTCAGGACGC-1	OP549859_1_ORF1	1	1	22	22	TRUE	TRUE
GCAAGATTCGAGCAGC-1	MZ286197_1_ORF1	1	1	52	52	TRUE	TRUE
GCAAGATTCGCAACTC-1	MZ286197_1_ORF1	1	1	10	11	TRUE	TRUE
GCAAGATTCGGGATCA-1	MZ286102_1_ORF2	1	1	11	11	TRUE	TRUE
GCAAGATTCTACGCCG-1	OP549859_1_ORF2	0	0	1	1	FALSE	TRUE
GCAAGATTCTAGATGA-1	OZ258728_1_ORF2	0	0	1	1	FALSE	TRUE
GCAAGATTCTCTGTGA-1	OZ258728_1_ORF2	0	0	1	1	FALSE	FALSE
GCAAGATTCTGGAAGT-1	OZ258728_1_ORF2	0	0	1	1	FALSE	FALSE
GCAAGGGAGACCAGTG-1	OP549859_1_ORF1	1	0	6	6	TRUE	TRUE
GCAAGGGAGACTAGCG-1	MZ286258_1_ORF2	0	0	1	1	FALSE	FALSE
GCAAGGGAGCCTGATC-1	OZ258728_1_ORF2	1	1	27	27	TRUE	TRUE
GCAAGGGAGTCCTCAA-1	OZ258728_1_ORF2	0	0	1	1	FALSE	FALSE
GCAAGGGAGTGGGTTG-1	OZ258728_1_ORF2	1	0	7	10	TRUE	TRUE
GCAATACAGAGGCGAG-1	OZ258728_1_ORF1	0	0	1	1	FALSE	FALSE
GCAATACAGAGGGACG-1	MZ286197_1_ORF2	0	0	1	3	FALSE	TRUE
GCAATACAGATACAGC-1	OP549859_1_ORF2	1	1	10	10	TRUE	TRUE
GCAATACAGCCTGCCA-1	MZ286102_1_ORF1	0	0	1	1	FALSE	TRUE
GCAATACAGCGACACA-1	MZ286188_1_ORF1	0	0	1	1	FALSE	TRUE
GCAATACAGCTCCTGG-1	MZ286102_1_ORF2	1	1	10	10	TRUE	TRUE
GCAATACAGGGCAACC-1	MZ286258_1_ORF1	0	0	1	1	FALSE	FALSE
GCAATACAGGTAGGCC-1	MZ286197_1_ORF1	1	0	9	9	TRUE	TRUE
GCAATACAGGTTAATG-1	MZ286197_1_ORF1	1	1	51	51	TRUE	TRUE
GCAATACAGTCAGCAG-1	MZ286188_1_ORF2	0	0	1	1	FALSE	FALSE
GCAATACAGTGCAGAT-1	meGFP	1	1	44	47	TRUE	TRUE
GCAATGGTCACCAGGA-1	MZ286197_1_ORF2	0	0	2	2	TRUE	TRUE
GCAATGGTCCGACTAC-1	MZ286197_1_ORF1	0	0	1	1	FALSE	FALSE
GCAATGGTCGAAGTTA-1	MZ286102_1_ORF2	1	1	11	12	TRUE	TRUE
GCAATGGTCGCCTATA-1	MZ286102_1_ORF2	0	0	1	1	FALSE	FALSE
GCAATGGTCGGGATTG-1	MZ286258_1_ORF1	0	0	1	2	FALSE	FALSE
GCAATGGTCGTCCGTG-1	MZ286102_1_ORF2	0	0	1	1	FALSE	FALSE
GCACAGGGTAACCGAA-1	MZ286188_1_ORF1	0	0	3	3	TRUE	TRUE
GCACAGGGTAGGTCAA-1	meGFP	0	0	1	1	FALSE	FALSE
GCACAGGGTATACGTC-1	meGFP	1	1	38	38	TRUE	TRUE
GCACAGGGTATGGTTC-1	meGFP	0	0	1	1	FALSE	TRUE
GCACAGGGTCATCGTG-1	MZ286197_1_ORF2	1	0	7	9	TRUE	TRUE
GCACAGGGTCTGGATT-1	OP549859_1_ORF1	0	0	1	1	FALSE	FALSE
GCACAGGGTGGAAGGA-1	meGFP	0	0	2	2	TRUE	FALSE
GCACAGGGTGTCTATA-1	meGFP	0	0	1	1	FALSE	TRUE
GCACCTCCAAACTTCC-1	MZ286258_1_ORF2	0	0	1	1	FALSE	FALSE
GCACCTCCACTTGCTG-1	meGFP	0	0	1	1	FALSE	FALSE
GCACCTCCAGGTAGCT-1	MZ286188_1_ORF1	0	0	1	1	FALSE	FALSE
GCACCTCCATCACTGT-1	meGFP	0	0	1	1	FALSE	FALSE
GCAGTATAGACTAGCG-1	OZ258728_1_ORF2	0	0	1	1	FALSE	TRUE
GCAGTATAGATGGCGC-1	OP549859_1_ORF1	0	0	1	1	FALSE	FALSE
GCAGTATAGCGCTAGA-1	MZ286102_1_ORF2	0	0	1	1	FALSE	FALSE
GCAGTATAGGACTAAC-1	OZ258728_1_ORF2	0	0	1	1	FALSE	TRUE
GCAGTATAGGAGCCTA-1	meGFP	0	0	1	1	FALSE	TRUE
GCAGTATAGGGCTTGA-1	MZ286258_1_ORF2	0	0	1	1	FALSE	FALSE
GCAGTATAGGTCGAAT-1	MZ286197_1_ORF1	0	0	1	1	FALSE	TRUE
GCAGTATAGTAGTTGA-1	MZ286258_1_ORF2	1	0	6	6	TRUE	TRUE
GCAGTATAGTCAACCC-1	OZ258728_1_ORF2	0	0	1	1	FALSE	FALSE
GCAGTATAGTTACGAA-1	meGFP	0	0	1	1	FALSE	FALSE
GCAGTCGCAAACGGGA-1	MZ286197_1_ORF1	0	0	1	1	FALSE	TRUE
GCAGTCGCAACATCCT-1	OZ258728_1_ORF2	1	1	21	21	TRUE	TRUE
GCAGTCGCAACTCTAC-1	MZ286258_1_ORF1	2	1	19	23	TRUE	TRUE
GCAGTCGCAATCCGGG-1	OZ258728_1_ORF2	1	0	9	9	TRUE	TRUE
GCAGTCGCACCACAGG-1	MZ286197_1_ORF1	0	0	2	2	TRUE	TRUE
GCAGTCGCACCCTGAC-1	meGFP	1	1	53	53	TRUE	TRUE
GCAGTCGCACGCCTGT-1	MZ286188_1_ORF2	0	0	1	1	FALSE	FALSE
GCAGTCGCACTTCCTC-1	OZ258728_1_ORF2	0	0	1	1	FALSE	FALSE
GCAGTCGCAGATTCGA-1	meGFP	0	0	1	1	FALSE	TRUE
GCAGTCGCATGTCGGG-1	meGFP	0	0	1	1	FALSE	FALSE
GCATAGTAGATATCCT-1	MZ286197_1_ORF1	1	0	4	5	TRUE	TRUE
GCATAGTAGCCGTGAA-1	OZ258728_1_ORF2	1	1	24	24	TRUE	FALSE
GCATAGTAGCCTAATT-1	OZ258728_1_ORF2	1	1	86	87	TRUE	TRUE
GCATAGTAGCGCTTAC-1	OP549859_1_ORF1	2	1	18	24	TRUE	TRUE
GCATAGTAGCGGAACC-1	OZ258728_1_ORF2	0	0	2	2	TRUE	FALSE
GCATAGTAGCTATACT-1	MZ286258_1_ORF2	0	0	1	1	FALSE	TRUE
GCATAGTAGGGGCTTA-1	OP549859_1_ORF1	0	0	1	1	FALSE	FALSE
GCATCACTCAGTCGTC-1	MZ286197_1_ORF1	0	0	1	1	FALSE	TRUE
GCATCACTCCGGGTAA-1	OZ258728_1_ORF2	0	0	1	1	FALSE	FALSE
GCATCACTCCGTGGTT-1	OZ258728_1_ORF2	1	1	121	121	TRUE	TRUE
GCATCACTCGTGAAGT-1	MZ286258_1_ORF2	0	0	1	1	FALSE	TRUE
GCATCACTCTATACCG-1	MZ286188_1_ORF1	1	1	65	65	TRUE	TRUE
GCATCACTCTGCCACG-1	MZ286258_1_ORF2	1	1	13	13	TRUE	TRUE
GCATCGCGTACGATAG-1	OZ258728_1_ORF2	0	0	1	1	FALSE	FALSE
GCATCGCGTCGATGAA-1	OP549859_1_ORF2	0	0	1	1	FALSE	FALSE
GCATCGCGTGTCCAAT-1	OZ258728_1_ORF1	0	0	1	1	FALSE	FALSE
GCATCGCGTTTAGGCT-1	MZ286102_1_ORF1	0	0	3	3	TRUE	TRUE
GCATGTTGTACTTACA-1	MZ286258_1_ORF2	0	0	1	1	FALSE	FALSE
GCATGTTGTAGCTGAA-1	OZ258728_1_ORF2	0	0	1	1	FALSE	FALSE
GCATGTTGTAGGTAGC-1	OP549859_1_ORF1	1	0	7	7	TRUE	TRUE
GCATGTTGTGGAAGGA-1	OP549859_1_ORF1	0	0	1	2	FALSE	FALSE
GCATGTTGTTATCTAG-1	OP549859_1_ORF1	0	0	1	1	FALSE	FALSE
GCATGTTGTTGGTTAC-1	OZ258728_1_ORF2	0	0	1	1	FALSE	FALSE
GCATTACGTCCGTCAA-1	OZ258728_1_ORF2	0	0	2	2	TRUE	TRUE
GCATTACGTGCATGAA-1	MZ286188_1_ORF2	0	0	1	1	FALSE	FALSE
GCATTACGTGGAAGGA-1	meGFP	0	0	1	1	FALSE	FALSE
GCATTACGTGGCATGG-1	MZ286188_1_ORF1	0	0	1	1	FALSE	FALSE
GCATTCATCACTCGCG-1	MZ286102_1_ORF2	0	0	1	1	FALSE	FALSE
GCATTCATCAGCCGAA-1	OP549859_1_ORF1	0	0	1	1	FALSE	TRUE
GCATTCATCAGTGTGG-1	MZ286188_1_ORF2	0	0	0	0	FALSE	FALSE
GCATTCATCATCCCTT-1	meGFP	0	0	1	1	FALSE	FALSE
GCATTCATCCCATCAA-1	OZ258728_1_ORF2	0	0	1	1	FALSE	FALSE
GCATTCATCCCCAGAT-1	MZ286258_1_ORF2	1	0	4	4	TRUE	TRUE
GCATTCATCCGGCTTG-1	meGFP	0	0	1	2	FALSE	TRUE
GCATTCATCCGTGGAA-1	MZ286102_1_ORF2	0	0	2	3	FALSE	TRUE
GCATTCATCCTCCTGC-1	MZ286102_1_ORF1	0	0	2	2	TRUE	FALSE
GCATTCATCCTGGGAA-1	MZ286258_1_ORF2	1	0	5	7	TRUE	TRUE
GCATTCATCGAACTAA-1	OZ258728_1_ORF2	0	0	1	1	FALSE	FALSE
GCATTCATCGCTACTA-1	OP549859_1_ORF1	0	0	1	1	FALSE	FALSE
GCATTCGGTAAGTAAC-1	meGFP	1	0	4	4	TRUE	TRUE
GCATTCGGTAGTCGTT-1	OP549859_1_ORF1	0	0	1	1	FALSE	FALSE
GCATTCGGTATGGTTC-1	MZ286102_1_ORF1	0	0	1	1	FALSE	FALSE
GCATTCGGTCAGCCGT-1	MZ286102_1_ORF2	1	0	9	9	TRUE	TRUE
GCATTCGGTCCCATCT-1	OZ258728_1_ORF1	0	0	1	1	FALSE	FALSE
GCATTCGGTGAAGCCG-1	OZ258728_1_ORF2	1	0	8	8	TRUE	TRUE
GCATTCGGTTTCCGTC-1	meGFP	1	1	13	13	TRUE	TRUE
GCATTGACACATTCGT-1	OP549859_1_ORF1	1	1	72	73	TRUE	TRUE
GCATTGACAGAGAGGC-1	MZ286197_1_ORF1	0	0	1	1	FALSE	FALSE
GCATTGACAGGGTCCA-1	OZ258728_1_ORF2	0	0	2	3	FALSE	TRUE
GCATTGACATCGCTCA-1	OP549859_1_ORF1	0	0	1	1	FALSE	FALSE
GCATTGACATGTCGAA-1	MZ286258_1_ORF1	0	0	1	1	FALSE	FALSE
GCATTGGAGCACGGAC-1	OP549859_1_ORF1	1	1	47	47	TRUE	TRUE
GCATTGGAGCATATCT-1	OP549859_1_ORF1	0	0	1	1	FALSE	FALSE
GCATTGGAGCCTCACG-1	OP549859_1_ORF1	0	0	1	1	FALSE	FALSE
GCATTGGAGGTTCGGA-1	MZ286197_1_ORF1	1	0	7	7	TRUE	TRUE
GCATTGGAGTACCAGG-1	meGFP	1	0	6	10	TRUE	TRUE
GCATTGGAGTCAACCC-1	MZ286102_1_ORF2	1	0	7	7	TRUE	TRUE
GCATTGGAGTGGCTTC-1	OZ258728_1_ORF2	0	0	2	3	FALSE	TRUE
GCATTTCCAAAGTTAC-1	MZ286102_1_ORF2	0	0	1	1	FALSE	FALSE
GCATTTCCAACTTAGG-1	MZ286197_1_ORF1	0	0	3	3	TRUE	TRUE
GCATTTCCAACTTCGT-1	MZ286258_1_ORF2	0	0	1	1	FALSE	TRUE
GCATTTCCAATAGAGA-1	MZ286258_1_ORF2	1	1	10	10	TRUE	TRUE
GCATTTCCACCCTGAC-1	OZ258728_1_ORF2	2	1	25	34	FALSE	TRUE
GCATTTCCACGTTACT-1	OZ258728_1_ORF1	0	0	1	2	FALSE	TRUE
GCATTTCCACTGAGGT-1	MZ286197_1_ORF1	0	0	1	1	FALSE	TRUE
GCATTTCCAGCCAACG-1	MZ286258_1_ORF2	2	1	17	22	TRUE	TRUE
GCATTTCCAGGTCGAT-1	OP549859_1_ORF1	1	1	47	47	TRUE	TRUE
GCATTTCCATAGATAC-1	OZ258728_1_ORF2	1	1	67	67	TRUE	TRUE
GCATTTCCATTACTCA-1	OP549859_1_ORF1	1	1	43	43	TRUE	TRUE
GCATTTCCATTCACAC-1	OZ258728_1_ORF1	1	1	46	47	TRUE	TRUE
GCCAAAGTCACGTTCA-1	OP549859_1_ORF2	0	0	1	1	FALSE	TRUE
GCCAAAGTCCAATGCC-1	MZ286197_1_ORF1	0	0	1	1	FALSE	FALSE
GCCAAAGTCCAGAGGC-1	MZ286188_1_ORF1	0	0	1	1	FALSE	FALSE
GCCAAAGTCCCGATGT-1	MZ286258_1_ORF2	0	0	1	1	FALSE	FALSE
GCCAAAGTCGATTCAT-1	OZ258728_1_ORF2	0	0	1	1	FALSE	FALSE
GCCAAAGTCGCCTCTC-1	MZ286188_1_ORF1	1	0	4	5	TRUE	TRUE
GCCAAAGTCGCCTGTG-1	MZ286258_1_ORF1	1	1	18	20	TRUE	TRUE
GCCAAAGTCTCTATGG-1	MZ286258_1_ORF2	0	0	1	1	FALSE	FALSE
GCCAAAGTCTGGGACA-1	MZ286188_1_ORF2	0	0	1	1	FALSE	TRUE
GCCAAAGTCTGTGCGT-1	OP549859_1_ORF2	0	0	2	2	TRUE	TRUE
GCCAAAGTCTTCGCAA-1	OZ258728_1_ORF2	0	0	1	1	FALSE	TRUE
GCCAACTTCAGGCTAG-1	OZ258728_1_ORF2	0	0	1	1	FALSE	TRUE
GCCAACTTCTCAGCAC-1	MZ286258_1_ORF1	0	0	3	3	TRUE	TRUE
GCCAACTTCTCTATCC-1	OZ258728_1_ORF2	0	0	1	1	FALSE	FALSE
GCCAACTTCTTGAATC-1	MZ286188_1_ORF2	0	0	1	1	FALSE	TRUE
GCCAATACAATCTCAC-1	OZ258728_1_ORF2	0	0	1	1	FALSE	FALSE
GCCAATACACGAAGGA-1	MZ286102_1_ORF1	1	0	9	9	TRUE	TRUE
GCCAATACAGAGCCTG-1	MZ286102_1_ORF1	0	0	1	1	FALSE	FALSE
GCCAATACAGTCTCAT-1	MZ286102_1_ORF2	0	0	2	2	TRUE	TRUE
GCCAATACAGTTGGTA-1	meGFP	0	0	2	2	TRUE	FALSE
GCCAATACATGAAGGG-1	OZ258728_1_ORF2	1	0	5	6	TRUE	TRUE
GCCAATACATGGAGCT-1	OZ258728_1_ORF2	0	0	1	1	FALSE	TRUE
GCCAATACATTGGTTC-1	MZ286188_1_ORF1	0	0	1	1	FALSE	TRUE
GCCAATCTCAGTAGTA-1	OZ258728_1_ORF2	1	1	61	61	TRUE	TRUE
GCCAATCTCAGTGTGG-1	MZ286197_1_ORF2	0	0	1	1	FALSE	TRUE
GCCAATCTCCACCAAC-1	meGFP	0	0	1	1	FALSE	FALSE
GCCAATCTCGAATCAA-1	meGFP	1	1	58	58	TRUE	TRUE
GCCAATCTCGACCTCG-1	OZ258728_1_ORF1	0	0	1	1	FALSE	FALSE
GCCAATTGTATGAGTG-1	MZ286102_1_ORF2	0	0	1	2	FALSE	TRUE
GCCAATTGTCGCAGGA-1	meGFP	0	0	1	1	FALSE	TRUE
GCCAATTGTGCTTAAC-1	OZ258728_1_ORF1	0	0	2	4	FALSE	TRUE
GCCAATTGTGGAACCG-1	MZ286197_1_ORF2	0	0	1	1	FALSE	FALSE
GCCAATTGTGTGTCAT-1	OZ258728_1_ORF2	0	0	1	1	FALSE	FALSE
GCCAATTGTTTCAAGC-1	OZ258728_1_ORF2	0	0	1	1	FALSE	FALSE
GCCAATTGTTTGATGC-1	OZ258728_1_ORF2	1	1	25	28	TRUE	TRUE
GCCACATTCAAGCCAG-1	MZ286197_1_ORF1	0	0	1	1	FALSE	TRUE
GCCACATTCAGGACGC-1	MZ286102_1_ORF2	0	0	1	1	FALSE	TRUE
GCCACATTCATCCGAC-1	OP549859_1_ORF2	0	0	3	3	TRUE	TRUE
GCCACATTCATTAACC-1	MZ286102_1_ORF2	0	0	1	1	FALSE	FALSE
GCCACATTCCATGACC-1	MZ286188_1_ORF1	0	0	1	1	FALSE	FALSE
GCCACATTCCTGATAT-1	MZ286102_1_ORF1	0	0	1	1	FALSE	FALSE
GCCACATTCGAGGCGT-1	meGFP	0	0	1	1	FALSE	TRUE
GCCACATTCGATAGTA-1	meGFP	0	0	3	3	TRUE	TRUE
GCCACATTCGTTCACA-1	OP549859_1_ORF1	0	0	1	2	FALSE	TRUE
GCCACATTCTAGGCAG-1	MZ286197_1_ORF1	0	0	1	1	FALSE	FALSE
GCCACTTAGCCTGCCA-1	MZ286258_1_ORF2	0	0	1	1	FALSE	TRUE
GCCACTTAGCGTTCGT-1	OP549859_1_ORF2	1	1	15	15	TRUE	TRUE
GCCACTTAGCTATGAA-1	MZ286102_1_ORF1	1	1	16	16	TRUE	TRUE
GCCACTTAGCTCTCAA-1	MZ286258_1_ORF2	0	0	1	1	FALSE	FALSE
GCCACTTAGCTTGAGG-1	MZ286197_1_ORF1	0	0	1	1	FALSE	FALSE
GCCACTTAGGGGCTTA-1	OP549859_1_ORF1	0	0	1	1	FALSE	FALSE
GCCACTTAGGTTCCCG-1	OZ258728_1_ORF2	0	0	1	1	FALSE	FALSE
GCCATAGAGACCAGCA-1	MZ286258_1_ORF1	0	0	1	1	FALSE	TRUE
GCCATAGAGACCCTGT-1	meGFP	0	0	1	3	FALSE	TRUE
GCCATAGAGACTCCGT-1	OZ258728_1_ORF2	0	0	2	2	TRUE	FALSE
GCCATAGAGCGAACTG-1	meGFP	2	1	30	36	TRUE	TRUE
GCCATAGAGCTGAGAT-1	OZ258728_1_ORF2	0	0	1	1	FALSE	TRUE
GCCATAGAGGCGAAGG-1	MZ286197_1_ORF1	0	0	1	1	FALSE	FALSE
GCCATAGAGGTTCCCG-1	MZ286258_1_ORF2	1	1	15	15	TRUE	TRUE
GCCATAGAGTGCAGAT-1	meGFP	1	1	22	23	TRUE	TRUE
GCCATGCGTAGTCCTG-1	OZ258728_1_ORF2	2	0	9	13	FALSE	TRUE
GCCATGCGTCAGTCGC-1	OP549859_1_ORF2	0	0	3	3	TRUE	TRUE
GCCATGCGTGCAATTC-1	meGFP	0	0	1	1	FALSE	FALSE
GCCATGCGTGCGTAGG-1	meGFP	0	0	3	4	TRUE	TRUE
GCCATGCGTTAGCTTA-1	MZ286188_1_ORF2	1	0	6	6	TRUE	TRUE
GCCATGCGTTCGTAAC-1	MZ286258_1_ORF2	0	0	1	1	FALSE	FALSE
GCCCCTAAGAGGCCAC-1	meGFP	0	0	1	1	FALSE	FALSE
GCCCCTAAGATGACAC-1	OP549859_1_ORF1	0	0	2	2	TRUE	FALSE
GCCCCTAAGCGGATTG-1	MZ286188_1_ORF1	0	0	1	1	FALSE	TRUE
GCCCCTAAGGACGAGG-1	MZ286102_1_ORF2	0	0	1	1	FALSE	FALSE
GCCCCTAAGGATCCCT-1	MZ286258_1_ORF2	0	0	3	3	TRUE	TRUE
GCCCCTAAGGCGTGAC-1	OP549859_1_ORF1	1	1	34	34	TRUE	TRUE
GCCCCTAAGGTCTACC-1	meGFP	1	1	100	100	TRUE	TRUE
GCCCCTAAGTATACCT-1	OP549859_1_ORF1	0	0	1	1	FALSE	FALSE
GCCCGAACAACCAGTA-1	MZ286197_1_ORF1	1	1	49	50	TRUE	TRUE
GCCCGAACAACCCAGG-1	meGFP	0	0	1	1	FALSE	FALSE
GCCCGAACAATCTCAC-1	OP549859_1_ORF1	0	0	1	1	FALSE	TRUE
GCCCGAACACCTCGAC-1	MZ286258_1_ORF1	1	1	10	10	TRUE	TRUE
GCCCGAACACTTACCG-1	MZ286197_1_ORF1	0	0	1	1	FALSE	FALSE
GCCCGAACATGCAATG-1	meGFP	0	0	1	1	FALSE	FALSE
GCCCGAACATTACCCG-1	MZ286102_1_ORF2	0	0	1	1	FALSE	FALSE
GCCCTAAGTATCTCAA-1	meGFP	0	0	1	1	FALSE	TRUE
GCCCTAAGTCCACATG-1	MZ286102_1_ORF2	0	0	1	2	FALSE	TRUE
GCCCTAAGTCCAGCTA-1	MZ286258_1_ORF2	2	0	5	9	FALSE	TRUE
GCCCTAAGTCGACCGT-1	OZ258728_1_ORF1	1	1	10	10	TRUE	TRUE
GCCCTAAGTCTGCACA-1	OP549859_1_ORF1	0	0	1	1	FALSE	FALSE
GCCCTAAGTGATCCCA-1	MZ286102_1_ORF1	0	0	1	1	FALSE	FALSE
GCCCTAAGTGCTTAGT-1	MZ286102_1_ORF1	0	0	1	1	FALSE	TRUE
GCCCTAAGTTATGCAC-1	OZ258728_1_ORF2	0	0	1	1	FALSE	TRUE
GCCCTAAGTTCGCTTC-1	meGFP	0	0	1	1	FALSE	FALSE
GCCCTAAGTTCTCATT-1	OP549859_1_ORF2	0	0	1	1	FALSE	FALSE
GCCCTAAGTTGTCTAA-1	OP549859_1_ORF1	0	0	1	1	FALSE	TRUE
GCCCTCAAGAGGTCTG-1	MZ286188_1_ORF1	0	0	3	3	TRUE	FALSE
GCCCTCAAGCAGCATG-1	meGFP	0	0	1	1	FALSE	FALSE
GCCCTCAAGCCAGGGT-1	OZ258728_1_ORF2	0	0	2	2	TRUE	FALSE
GCCCTCAAGCGATTAA-1	OP549859_1_ORF2	0	0	1	1	FALSE	FALSE
GCCCTCAAGCGGATTG-1	OP549859_1_ORF2	1	0	4	4	TRUE	TRUE
GCCCTCAAGGGCCGAT-1	MZ286197_1_ORF1	0	0	1	1	FALSE	TRUE
GCCCTCAAGTGCTACC-1	OZ258728_1_ORF1	0	0	1	1	FALSE	FALSE
GCCCTCAAGTGGGTTG-1	OZ258728_1_ORF1	0	0	3	3	TRUE	FALSE
GCCCTCAAGTGTGATA-1	MZ286197_1_ORF1	0	0	1	1	FALSE	FALSE
GCCCTGATCACCAGGA-1	OZ258728_1_ORF2	0	0	1	1	FALSE	FALSE
GCCCTGATCAGGCAAT-1	OZ258728_1_ORF2	1	0	8	8	TRUE	FALSE
GCCCTGATCCGTGATC-1	OZ258728_1_ORF2	0	0	1	1	FALSE	FALSE
GCCCTGATCCTCCGTC-1	MZ286188_1_ORF1	0	0	1	1	FALSE	TRUE
GCCCTGATCGAAGTTA-1	MZ286258_1_ORF2	0	0	1	1	FALSE	FALSE
GCCCTGATCTCAGCAC-1	OZ258728_1_ORF2	0	0	1	1	FALSE	FALSE
GCCCTGATCTGCACCG-1	OZ258728_1_ORF2	1	1	27	29	TRUE	TRUE
GCCCTGTCACCCAACC-1	MZ286258_1_ORF2	0	0	1	1	FALSE	TRUE
GCCCTGTCAGCATCAA-1	MZ286102_1_ORF2	0	0	1	2	FALSE	TRUE
GCCCTGTCAGGGACTT-1	OZ258728_1_ORF2	0	0	2	2	TRUE	TRUE
GCCCTGTCATCCAGCC-1	MZ286258_1_ORF2	1	0	9	10	TRUE	TRUE
GCCCTGTCATGTCGGG-1	meGFP	1	1	14	15	TRUE	TRUE
GCCGAGTAGACATTAG-1	OZ258728_1_ORF2	2	0	5	10	FALSE	TRUE
GCCGAGTAGACTAGCG-1	OZ258728_1_ORF1	1	1	25	25	TRUE	TRUE
GCCGAGTAGAGGCATT-1	meGFP	0	0	1	1	FALSE	FALSE
GCCGAGTAGCGAACTG-1	OP549859_1_ORF2	0	0	1	1	FALSE	FALSE
GCCGAGTAGGGAGTAA-1	meGFP	0	0	1	1	FALSE	FALSE
GCCGAGTAGTCTAGTT-1	MZ286102_1_ORF1	1	1	16	17	TRUE	TRUE
GCCGATAAGATGCCTC-1	meGFP	0	0	1	1	FALSE	FALSE
GCCGATAAGATTGGTA-1	OP549859_1_ORF1	0	0	1	1	FALSE	TRUE
GCCGATAAGGCGTGGT-1	OZ258728_1_ORF2	0	0	1	2	FALSE	TRUE
GCCGATAAGTATCGGG-1	meGFP	0	0	1	1	FALSE	TRUE
GCCGATAAGTTGACTT-1	OZ258728_1_ORF1	1	1	20	21	TRUE	TRUE
GCCGATGCAATTGCAG-1	MZ286197_1_ORF2	0	0	1	1	FALSE	TRUE
GCCGATGCACGATGTA-1	OP549859_1_ORF2	0	0	1	1	FALSE	FALSE
GCCGATGCACTTGCTG-1	OZ258728_1_ORF2	1	1	23	23	TRUE	TRUE
GCCGCGAAGGGTAACT-1	MZ286258_1_ORF2	0	0	1	1	FALSE	FALSE
GCCGCGAAGGGTTAGT-1	MZ286258_1_ORF1	1	1	10	12	TRUE	TRUE
GCCGCGAAGGTACGCA-1	OP549859_1_ORF1	0	0	3	3	TRUE	TRUE
GCCGCGAAGTAGCTCC-1	MZ286258_1_ORF2	1	0	7	7	TRUE	TRUE
GCCGCGAAGTCCACGT-1	OP549859_1_ORF1	1	0	4	4	TRUE	TRUE
GCCGGAGTCAGGACGC-1	OZ258728_1_ORF1	0	0	1	1	FALSE	FALSE
GCCGGAGTCATCATAC-1	OP549859_1_ORF2	0	0	3	3	TRUE	TRUE
GCCGGAGTCATCTAGT-1	meGFP	1	1	120	120	TRUE	TRUE
GCCGGAGTCCAAGTCC-1	OP549859_1_ORF2	1	1	19	19	TRUE	TRUE
GCCGGAGTCCCAGTGT-1	meGFP	1	0	4	4	TRUE	TRUE
GCCGGAGTCGCAAGGC-1	MZ286197_1_ORF1	0	0	1	1	FALSE	TRUE
GCCGGAGTCGCGCATT-1	meGFP	0	0	1	1	FALSE	FALSE
GCCGGAGTCTAGGCTC-1	MZ286102_1_ORF1	0	0	1	1	FALSE	FALSE
GCCGGAGTCTCCTTCG-1	OZ258728_1_ORF2	1	1	11	11	TRUE	TRUE
GCCGGAGTCTGTAATC-1	OZ258728_1_ORF2	1	1	17	17	TRUE	TRUE
GCCGGATAGAACCCAG-1	MZ286102_1_ORF2	0	0	1	1	FALSE	FALSE
GCCGGATAGACTAATG-1	OZ258728_1_ORF2	0	0	1	1	FALSE	TRUE
GCCGGATAGATACTGA-1	MZ286197_1_ORF2	0	0	1	1	FALSE	FALSE
GCCGGATAGCGCTAGA-1	meGFP	0	0	1	1	FALSE	FALSE
GCCGGATAGCTTACGC-1	MZ286102_1_ORF2	0	0	1	1	FALSE	TRUE
GCCGGATAGGATGGTT-1	MZ286188_1_ORF1	0	0	1	1	FALSE	TRUE
GCCGGATAGGCATGTG-1	OZ258728_1_ORF2	0	0	1	1	FALSE	TRUE
GCCGGATAGTATCGAA-1	OZ258728_1_ORF2	1	1	16	16	TRUE	TRUE
GCCGTGACAAAGGATA-1	meGFP	0	0	1	1	FALSE	FALSE
GCCGTGACAATGTAAC-1	MZ286102_1_ORF1	0	0	1	1	FALSE	FALSE
GCCGTGACACCTCTCT-1	OP549859_1_ORF1	1	1	18	19	TRUE	TRUE
GCCGTGACACTGATGA-1	MZ286188_1_ORF1	1	1	16	16	TRUE	TRUE
GCCGTTAGTACCTGGC-1	OZ258728_1_ORF2	1	0	6	6	TRUE	TRUE
GCCGTTAGTGGAAGGA-1	meGFP	0	0	1	1	FALSE	FALSE
GCCGTTAGTTTCAAGC-1	OZ258728_1_ORF2	0	0	1	1	FALSE	FALSE
GCCGTTGTCATACAGA-1	meGFP	1	1	22	23	TRUE	TRUE
GCCGTTGTCATGGAAC-1	OZ258728_1_ORF2	1	1	91	91	TRUE	TRUE
GCCGTTGTCCAATGAA-1	OP549859_1_ORF2	0	0	1	1	FALSE	FALSE
GCCGTTGTCCCTCTAT-1	MZ286197_1_ORF1	0	0	1	1	FALSE	FALSE
GCCGTTGTCCCTTACT-1	OP549859_1_ORF1	0	0	1	3	FALSE	TRUE
GCCGTTGTCGACCTTA-1	meGFP	0	0	2	2	TRUE	FALSE
GCCGTTGTCGTACGTC-1	meGFP	0	0	1	1	FALSE	FALSE
GCCGTTGTCGTCATGC-1	OZ258728_1_ORF2	0	0	1	1	FALSE	FALSE
GCCGTTGTCGTCTAGC-1	MZ286102_1_ORF2	1	0	6	7	TRUE	TRUE
GCCTAATGTAGTCCTG-1	MZ286258_1_ORF1	0	0	1	2	FALSE	TRUE
GCCTAATGTCCATGAT-1	meGFP	1	0	7	9	TRUE	TRUE
GCCTAATGTCGAGAGT-1	MZ286258_1_ORF2	1	0	8	8	TRUE	TRUE
GCCTAATGTCTGTAAC-1	meGFP	0	0	1	1	FALSE	FALSE
GCCTAATGTTGTGTGT-1	MZ286258_1_ORF2	1	1	16	17	TRUE	TRUE
GCCTACCCAAAGTCAT-1	meGFP	0	0	1	1	FALSE	FALSE
GCCTACCCAATCCAAG-1	OP549859_1_ORF1	0	0	1	1	FALSE	TRUE
GCCTACCCATCACTGT-1	OP549859_1_ORF2	0	0	1	1	FALSE	FALSE
GCCTCCAAGAGGCGTC-1	OZ258728_1_ORF2	0	0	1	1	FALSE	TRUE
GCCTCCAAGCCACAGA-1	meGFP	0	0	1	1	FALSE	FALSE
GCCTCCAAGCGCAGTA-1	MZ286102_1_ORF2	0	0	1	1	FALSE	FALSE
GCCTCCAAGGTCCAGA-1	MZ286258_1_ORF2	0	0	1	1	FALSE	FALSE
GCCTCCAAGTGTAATG-1	MZ286197_1_ORF2	0	0	3	3	TRUE	TRUE
GCCTCTTGTACCTCTC-1	OZ258728_1_ORF1	0	0	1	1	FALSE	FALSE
GCCTCTTGTAGCCCTA-1	OZ258728_1_ORF2	0	0	1	1	FALSE	TRUE
GCCTCTTGTCCCTTCG-1	MZ286197_1_ORF2	0	0	1	1	FALSE	FALSE
GCCTGATTCAACTATC-1	OZ258728_1_ORF2	0	0	1	1	FALSE	TRUE
GCCTGATTCGTGCTGT-1	MZ286258_1_ORF2	1	1	15	15	TRUE	TRUE
GCCTGATTCTGCAATT-1	meGFP	0	0	1	1	FALSE	TRUE
GCCTGGACAAGCCATA-1	MZ286258_1_ORF2	1	1	11	12	TRUE	TRUE
GCCTGGACAATGGTTG-1	MZ286258_1_ORF2	0	0	3	3	TRUE	FALSE
GCCTGGACACGTGAAC-1	OZ258728_1_ORF2	0	0	1	1	FALSE	FALSE
GCCTTTCGTACGAATG-1	meGFP	0	0	1	1	FALSE	FALSE
GCCTTTCGTAGTATCC-1	meGFP	0	0	1	2	FALSE	TRUE
GCCTTTCGTGTACCAT-1	MZ286102_1_ORF2	0	0	1	1	FALSE	FALSE
GCCTTTCGTTCCCAGA-1	OZ258728_1_ORF1	0	0	1	1	FALSE	FALSE
GCCTTTCGTTCTGTCC-1	MZ286188_1_ORF1	0	0	2	3	FALSE	TRUE
GCCTTTCGTTGTGCGC-1	OZ258728_1_ORF2	1	1	104	104	TRUE	TRUE
GCGAACATCACGTGCT-1	MZ286102_1_ORF2	1	0	5	5	TRUE	TRUE
GCGAACATCAGGCTAG-1	meGFP	0	0	1	3	FALSE	TRUE
GCGAACATCCACCAGT-1	OZ258728_1_ORF2	0	0	1	1	FALSE	TRUE
GCGAACATCCGTAGCT-1	meGFP	0	0	1	1	FALSE	FALSE
GCGAACATCGCTTGGT-1	MZ286102_1_ORF1	0	0	1	1	FALSE	TRUE
GCGAACATCTACCCAA-1	meGFP	0	0	1	1	FALSE	TRUE
GCGAACCAGACCCAAG-1	meGFP	0	0	1	1	FALSE	FALSE
GCGAACCAGATTCGTT-1	OZ258728_1_ORF1	0	0	1	2	FALSE	TRUE
GCGAACCAGCACGGAC-1	OZ258728_1_ORF1	0	0	2	3	FALSE	TRUE
GCGAACCAGCCCGATT-1	OZ258728_1_ORF2	0	0	1	1	FALSE	FALSE
GCGAACCAGCGGAACC-1	OZ258728_1_ORF2	0	0	1	1	FALSE	FALSE
GCGAACCAGCTCCTGG-1	OZ258728_1_ORF1	1	1	14	14	TRUE	TRUE
GCGAACCAGGAGCATT-1	OP549859_1_ORF2	1	1	13	13	TRUE	TRUE
GCGAACCAGGCCAGGT-1	OP549859_1_ORF2	1	0	6	6	TRUE	TRUE
GCGAACCAGGCTTCGT-1	MZ286102_1_ORF1	1	0	7	7	TRUE	TRUE
GCGAACCAGGGATGAA-1	MZ286197_1_ORF1	1	1	14	14	TRUE	TRUE
GCGAAGGAGACGCAAT-1	MZ286188_1_ORF1	0	0	1	1	FALSE	FALSE
GCGAAGGAGCAATCGG-1	MZ286258_1_ORF2	1	0	9	10	TRUE	TRUE
GCGAAGGAGCATTGGG-1	MZ286102_1_ORF2	1	1	10	10	TRUE	TRUE
GCGAAGGAGCGGAACC-1	OP549859_1_ORF2	0	0	3	3	TRUE	TRUE
GCGAAGGAGCTTACGC-1	MZ286102_1_ORF2	0	0	1	1	FALSE	FALSE
GCGAAGGAGGGCTTGA-1	MZ286102_1_ORF1	1	1	28	29	TRUE	TRUE
GCGAAGGAGTAACCAA-1	OP549859_1_ORF2	0	0	1	1	FALSE	TRUE
GCGAAGGAGTGTCCGT-1	OZ258728_1_ORF2	0	0	1	1	FALSE	FALSE
GCGAATAGTGACGAAC-1	OZ258728_1_ORF1	1	1	24	24	TRUE	TRUE
GCGAATAGTTCCCAGA-1	OP549859_1_ORF1	0	0	1	1	FALSE	TRUE
GCGAATAGTTCTGGCA-1	MZ286258_1_ORF2	0	0	2	3	FALSE	FALSE
GCGACAATCACGAAGT-1	OZ258728_1_ORF2	1	1	15	16	TRUE	TRUE
GCGACAATCATATGTC-1	OP549859_1_ORF2	0	0	1	1	FALSE	TRUE
GCGACAATCCCATCAA-1	OZ258728_1_ORF2	0	0	1	1	FALSE	TRUE
GCGACAATCGAACTAA-1	MZ286188_1_ORF2	0	0	1	1	FALSE	TRUE
GCGACAATCTGGTTGC-1	OZ258728_1_ORF2	1	1	12	12	TRUE	TRUE
GCGACAATCTGTGCGT-1	MZ286188_1_ORF1	0	0	1	2	FALSE	FALSE
GCGACAGGTAATCGCT-1	MZ286102_1_ORF1	0	0	1	1	FALSE	FALSE
GCGACAGGTACCTCGA-1	MZ286197_1_ORF2	0	0	1	1	FALSE	TRUE
GCGACAGGTCAAGTAG-1	OZ258728_1_ORF2	2	1	47	54	TRUE	TRUE
GCGACAGGTCCGCGAT-1	OP549859_1_ORF1	0	0	1	1	FALSE	FALSE
GCGACAGGTGGAAGGA-1	meGFP	0	0	1	1	FALSE	FALSE
GCGACAGGTGGGAATC-1	meGFP	1	1	25	26	TRUE	TRUE
GCGACAGGTGTCCTTC-1	MZ286188_1_ORF2	0	0	1	1	FALSE	FALSE
GCGACAGGTTCAAGTC-1	OP549859_1_ORF1	0	0	1	1	FALSE	FALSE
GCGACTGCAAGTCGGT-1	OZ258728_1_ORF2	0	0	1	1	FALSE	TRUE
GCGACTGCACTCACAT-1	MZ286102_1_ORF1	1	1	15	15	TRUE	TRUE
GCGACTGCAGGCTATA-1	OZ258728_1_ORF2	0	0	1	1	FALSE	TRUE
GCGACTGCATAACTGG-1	MZ286102_1_ORF2	0	0	1	1	FALSE	TRUE
GCGAGGAAGACACTAA-1	MZ286197_1_ORF1	0	0	1	1	FALSE	TRUE
GCGAGGAAGACTCAGG-1	MZ286102_1_ORF1	0	0	2	2	TRUE	FALSE
GCGAGGAAGGACTCTC-1	OZ258728_1_ORF1	0	0	1	1	FALSE	FALSE
GCGAGGAAGGGGCTTA-1	MZ286258_1_ORF2	1	1	23	23	TRUE	TRUE
GCGAGGAAGGTCTACC-1	OP549859_1_ORF2	1	1	10	11	TRUE	TRUE
GCGAGGAAGTAACGCG-1	OZ258728_1_ORF2	0	0	1	1	FALSE	FALSE
GCGAGTATCATCTAGT-1	MZ286102_1_ORF2	0	0	1	1	FALSE	FALSE
GCGAGTATCGGGATTG-1	OP549859_1_ORF2	0	0	3	5	FALSE	TRUE
GCGAGTATCTAACTGT-1	OZ258728_1_ORF2	0	0	1	1	FALSE	TRUE
GCGATAAGTAACTGAG-1	OZ258728_1_ORF2	0	0	2	7	FALSE	TRUE
GCGATAAGTCGATGCC-1	MZ286197_1_ORF1	0	0	1	1	FALSE	FALSE
GCGATAAGTCTTGGGC-1	OP549859_1_ORF2	0	0	1	1	FALSE	TRUE
GCGATAAGTGAATGTG-1	OZ258728_1_ORF2	1	1	76	76	TRUE	TRUE
GCGATAAGTTGGACTT-1	MZ286258_1_ORF2	1	1	14	14	TRUE	TRUE
GCGATGTCACGCCATC-1	MZ286102_1_ORF2	1	1	19	19	TRUE	TRUE
GCGATGTCACTAGACA-1	MZ286188_1_ORF2	0	0	1	1	FALSE	TRUE
GCGATGTCACTGACTT-1	MZ286102_1_ORF2	1	0	4	5	TRUE	TRUE
GCGATGTCAGATAGGG-1	OZ258728_1_ORF2	0	0	1	1	FALSE	TRUE
GCGATGTCAGTACCAA-1	MZ286188_1_ORF2	0	0	2	2	TRUE	TRUE
GCGATGTCATCTATCA-1	OZ258728_1_ORF1	1	1	18	19	TRUE	TRUE
GCGATTGAGGCATCCT-1	OP549859_1_ORF1	0	0	1	1	FALSE	FALSE
GCGATTGAGGTCGTCT-1	MZ286197_1_ORF1	0	0	1	1	FALSE	TRUE
GCGATTGAGTGGGTCA-1	OP549859_1_ORF1	0	0	1	1	FALSE	FALSE
GCGATTGAGTTGCGTC-1	OZ258728_1_ORF2	1	0	7	7	TRUE	FALSE
GCGCCTTCAGGCATTA-1	MZ286258_1_ORF2	0	0	1	1	FALSE	TRUE
GCGCCTTCAGGGTAAG-1	MZ286102_1_ORF1	0	0	1	1	FALSE	TRUE
GCGCCTTCATGACGGT-1	MZ286188_1_ORF1	0	0	1	1	FALSE	FALSE
GCGCCTTCATGTCTGT-1	MZ286102_1_ORF2	1	0	8	8	TRUE	TRUE
GCGCGATAGAAGGATG-1	MZ286102_1_ORF1	0	0	1	4	FALSE	TRUE
GCGCGATAGCGACGGT-1	OZ258728_1_ORF2	1	1	32	32	TRUE	TRUE
GCGCGATAGCTGAGAT-1	OZ258728_1_ORF2	1	1	51	51	TRUE	TRUE
GCGCGATAGGATTACA-1	MZ286102_1_ORF1	1	0	7	7	TRUE	TRUE
GCGCGATAGGGACTCA-1	MZ286258_1_ORF1	0	0	1	1	FALSE	FALSE
GCGCGATAGGGTAACT-1	OZ258728_1_ORF1	0	0	1	1	FALSE	FALSE
GCGCGATAGGTTCGGA-1	OZ258728_1_ORF1	0	0	1	1	FALSE	TRUE
GCGCGTGAGACACTAA-1	meGFP	0	0	1	1	FALSE	FALSE
GCGCGTGAGACTAATG-1	MZ286188_1_ORF2	0	0	2	2	TRUE	TRUE
GCGCGTGAGATCCTGC-1	MZ286197_1_ORF2	1	0	5	5	TRUE	TRUE
GCGCGTGAGCTCGTTA-1	OZ258728_1_ORF2	0	0	1	1	FALSE	FALSE
GCGCGTGAGTTACACT-1	MZ286258_1_ORF1	0	0	1	1	FALSE	TRUE
GCGGACTAGAGATTGC-1	MZ286197_1_ORF1	0	0	1	1	FALSE	FALSE
GCGGACTAGCGCTAGA-1	MZ286102_1_ORF2	1	0	5	5	TRUE	TRUE
GCGGACTAGGGCGTGT-1	MZ286197_1_ORF1	0	0	1	1	FALSE	FALSE
GCGGACTAGGGTTAGT-1	OZ258728_1_ORF2	0	0	1	1	FALSE	FALSE
GCGGACTAGTGTCGCT-1	OZ258728_1_ORF2	0	0	1	1	FALSE	TRUE
GCGGACTAGTGTGTCC-1	OZ258728_1_ORF1	1	0	6	6	TRUE	TRUE
GCGGATGGTAGCACTT-1	MZ286258_1_ORF1	0	0	1	1	FALSE	FALSE
GCGGATGGTCTTAATG-1	meGFP	1	1	100	100	TRUE	TRUE
GCGGATGGTGAATCTC-1	MZ286258_1_ORF2	1	1	21	21	TRUE	TRUE
GCGGATGGTGTCCAAT-1	OP549859_1_ORF2	0	0	1	1	FALSE	FALSE
GCGGATGGTGTCTGTG-1	meGFP	0	0	2	2	TRUE	FALSE
GCGGATGGTTTACCAA-1	OP549859_1_ORF2	1	0	8	8	TRUE	TRUE
GCGGGCATCACTAATC-1	MZ286102_1_ORF2	1	0	5	5	TRUE	TRUE
GCGGGCATCATAGAGC-1	OZ258728_1_ORF2	0	0	1	1	FALSE	FALSE
GCGGGCATCCCATTGA-1	OP549859_1_ORF1	0	0	1	1	FALSE	FALSE
GCGGGCATCCGGCTCA-1	OP549859_1_ORF1	1	1	60	60	TRUE	TRUE
GCGGGCATCGTCAATT-1	meGFP	0	0	1	1	FALSE	FALSE
GCGGGCATCTATCGTG-1	MZ286188_1_ORF2	0	0	1	1	FALSE	TRUE
GCGGGCATCTGGCTTA-1	MZ286258_1_ORF2	0	0	1	1	FALSE	FALSE
GCGGGCATCTGTGCGT-1	MZ286258_1_ORF2	0	0	1	1	FALSE	TRUE
GCGGGCATCTTGCCTT-1	MZ286197_1_ORF1	1	1	53	53	TRUE	TRUE
GCGGTAATCAAGCTAA-1	OP549859_1_ORF1	0	0	1	1	FALSE	TRUE
GCGGTAATCAGGATAC-1	OZ258728_1_ORF2	0	0	1	1	FALSE	FALSE
GCGGTAATCCCGATGT-1	MZ286258_1_ORF1	1	1	32	32	TRUE	TRUE
GCGGTAATCGAGTGAT-1	OP549859_1_ORF2	0	0	1	1	FALSE	TRUE
GCGGTAATCGATTCAT-1	OZ258728_1_ORF2	1	1	193	193	TRUE	TRUE
GCGGTAATCGCTTAAT-1	OZ258728_1_ORF2	0	0	1	1	FALSE	FALSE
GCGGTAATCGGCTGAA-1	OZ258728_1_ORF2	0	0	1	1	FALSE	FALSE
GCGGTAATCTAAGTGA-1	OP549859_1_ORF1	0	0	1	1	FALSE	TRUE
GCGGTAATCTGCCATA-1	OP549859_1_ORF1	1	1	39	39	TRUE	TRUE
GCGGTAATCTGGAAGT-1	MZ286258_1_ORF2	0	0	2	3	FALSE	TRUE
GCGGTAATCTGTGCGT-1	OZ258728_1_ORF2	0	0	1	1	FALSE	FALSE
GCGGTACAGAACTGCG-1	MZ286258_1_ORF2	0	0	2	2	TRUE	TRUE
GCGGTACAGATGCGGC-1	MZ286258_1_ORF1	0	0	1	1	FALSE	TRUE
GCGGTACAGGTGTGGC-1	MZ286188_1_ORF2	0	0	1	1	FALSE	TRUE
GCGGTACAGTAAGGTC-1	MZ286102_1_ORF1	1	0	6	6	TRUE	TRUE
GCGGTACAGTCATCCA-1	meGFP	0	0	1	2	FALSE	TRUE
GCGGTAGGTAACCCTG-1	MZ286188_1_ORF1	0	0	2	4	FALSE	TRUE
GCGGTAGGTATCTCAA-1	OP549859_1_ORF1	1	1	18	19	TRUE	TRUE
GCGGTAGGTCCATGAT-1	MZ286258_1_ORF2	1	1	17	17	TRUE	TRUE
GCGGTAGGTCGACTCA-1	MZ286197_1_ORF1	0	0	1	1	FALSE	TRUE
GCGGTAGGTCTCCTTA-1	OP549859_1_ORF1	0	0	1	1	FALSE	TRUE
GCGGTCGAGCGGTAAT-1	OZ258728_1_ORF2	1	1	32	32	TRUE	TRUE
GCGGTCGAGGAATCTA-1	MZ286102_1_ORF2	1	0	8	10	TRUE	TRUE
GCGGTCGAGGGATGGG-1	meGFP	0	0	1	1	FALSE	TRUE
GCGGTCGAGGTACCCT-1	OZ258728_1_ORF2	2	1	30	37	TRUE	TRUE
GCGTAAAGTAAGCATG-1	MZ286102_1_ORF2	0	0	1	1	FALSE	FALSE
GCGTAAAGTAGCACTT-1	MZ286258_1_ORF2	0	0	2	2	TRUE	TRUE
GCGTAAAGTAGCATAG-1	MZ286197_1_ORF1	0	0	1	1	FALSE	TRUE
GCGTAAAGTCAGCCGT-1	MZ286197_1_ORF1	0	0	1	1	FALSE	FALSE
GCGTAAAGTCGGGCTT-1	meGFP	0	0	1	1	FALSE	FALSE
GCGTAAAGTCTCCAAG-1	meGFP	1	1	21	21	TRUE	TRUE
GCGTAAAGTCTTACCC-1	meGFP	1	1	18	18	TRUE	TRUE
GCGTAAAGTGATGTCT-1	MZ286197_1_ORF1	1	1	64	64	TRUE	TRUE
GCGTAAAGTGGAACCG-1	MZ286197_1_ORF1	0	0	1	1	FALSE	FALSE
GCGTAAAGTGGAAGGA-1	meGFP	0	0	1	1	FALSE	FALSE
GCGTAAAGTGGCGTCT-1	MZ286258_1_ORF2	1	0	8	8	TRUE	TRUE
GCGTAACCAATAGAGA-1	MZ286258_1_ORF2	1	0	9	9	TRUE	TRUE
GCGTAACCACATTCGT-1	MZ286197_1_ORF1	0	0	1	3	FALSE	TRUE
GCGTAACCAGATACAT-1	MZ286102_1_ORF2	0	0	1	1	FALSE	TRUE
GCGTAACCAGGCATTA-1	meGFP	0	0	1	1	FALSE	FALSE
GCGTCCATCCAATCAT-1	OP549859_1_ORF2	0	0	2	2	TRUE	TRUE
GCGTCCATCCGTAGCT-1	OP549859_1_ORF1	1	0	8	8	TRUE	TRUE
GCGTCCATCGACTCTA-1	OZ258728_1_ORF2	0	0	1	1	FALSE	FALSE
GCGTCCTCAAAGGATA-1	OZ258728_1_ORF2	0	0	1	1	FALSE	FALSE
GCGTCCTCACATACAG-1	OZ258728_1_ORF2	0	0	1	1	FALSE	FALSE
GCGTCCTCACCGCAAG-1	OZ258728_1_ORF1	0	0	1	2	FALSE	FALSE
GCGTCCTCACCTCTAG-1	OZ258728_1_ORF2	1	1	40	40	TRUE	TRUE
GCGTCCTCAGCTTAGA-1	MZ286197_1_ORF2	0	0	1	1	FALSE	TRUE
GCGTCCTCATGCAGGT-1	MZ286197_1_ORF2	0	0	2	4	FALSE	TRUE
GCGTGAATCACAGGCA-1	OP549859_1_ORF1	0	0	1	1	FALSE	TRUE
GCGTGAATCATCATAC-1	OZ258728_1_ORF2	1	1	26	26	TRUE	TRUE
GCGTGAATCCGCCACA-1	MZ286258_1_ORF2	0	0	1	1	FALSE	TRUE
GCGTGAATCCTCTGGG-1	meGFP	0	0	1	1	FALSE	TRUE
GCGTGAATCTACCGAC-1	OP549859_1_ORF2	0	0	2	2	TRUE	TRUE
GCGTGAATCTCTGGCG-1	meGFP	0	0	1	1	FALSE	FALSE
GCGTGAATCTCTGGTA-1	MZ286258_1_ORF2	0	0	1	1	FALSE	TRUE
GCGTGAATCTGGAAGT-1	OP549859_1_ORF1	0	0	1	1	FALSE	TRUE
GCGTGAATCTGGCTTA-1	OZ258728_1_ORF2	0	0	1	1	FALSE	FALSE
GCGTGAATCTGTGGAG-1	MZ286258_1_ORF2	1	0	6	7	TRUE	TRUE
GCGTGCCTCAACCGTC-1	OZ258728_1_ORF2	0	0	1	1	FALSE	FALSE
GCGTGCCTCAATGCAA-1	MZ286197_1_ORF1	0	0	1	1	FALSE	TRUE
GCGTGCCTCAATGCTT-1	OP549859_1_ORF1	0	0	1	1	FALSE	TRUE
GCGTGCCTCCGAACGA-1	meGFP	0	0	1	1	FALSE	FALSE
GCGTGCCTCCGGTTAC-1	meGFP	1	1	23	23	TRUE	TRUE
GCGTGCCTCGTACCCG-1	OP549859_1_ORF1	0	0	1	1	FALSE	FALSE
GCGTGCCTCTGGGACA-1	MZ286258_1_ORF2	0	0	1	1	FALSE	TRUE
GCGTGCGAGAACTGCG-1	meGFP	0	0	1	1	FALSE	FALSE
GCGTGCGAGCAAGTAC-1	MZ286102_1_ORF2	1	0	7	7	TRUE	TRUE
GCGTGCGAGGGCAACC-1	MZ286102_1_ORF2	0	0	1	1	FALSE	FALSE
GCGTGCGAGTGGCTTC-1	OZ258728_1_ORF2	1	1	19	20	TRUE	TRUE
GCGTGCGAGTTACGAA-1	MZ286188_1_ORF1	0	0	1	2	FALSE	TRUE
GCGTTACTCCAGAGGC-1	MZ286258_1_ORF1	0	0	2	2	TRUE	TRUE
GCGTTACTCGTTACTG-1	OP549859_1_ORF1	0	0	1	1	FALSE	FALSE
GCGTTACTCTCCTTCG-1	MZ286188_1_ORF1	1	1	18	18	TRUE	TRUE
GCGTTACTCTTCGCAA-1	MZ286197_1_ORF2	0	0	3	3	TRUE	TRUE
GCGTTCGTCACCCTGG-1	meGFP	0	0	2	3	FALSE	TRUE
GCGTTCGTCCCCAAGT-1	MZ286258_1_ORF2	1	0	7	7	TRUE	TRUE
GCGTTCGTCCTAATGT-1	MZ286258_1_ORF2	0	0	3	6	FALSE	TRUE
GCTAAATCAATACCGA-1	MZ286102_1_ORF2	2	2	26	49	FALSE	TRUE
GCTAAATCAGAGCCTG-1	OZ258728_1_ORF2	0	0	1	1	FALSE	TRUE
GCTAAATCATCGCTCA-1	MZ286102_1_ORF2	1	0	5	7	TRUE	TRUE
GCTAAATCATTACTTG-1	OZ258728_1_ORF1	0	0	1	1	FALSE	FALSE
GCTAACACACAACTAG-1	MZ286197_1_ORF1	0	0	1	1	FALSE	FALSE
GCTAACACACCAATCT-1	OZ258728_1_ORF1	0	0	1	1	FALSE	TRUE
GCTAACACACGGTAAC-1	meGFP	0	0	1	1	FALSE	FALSE
GCTAACACAGACATTG-1	meGFP	0	0	1	1	FALSE	FALSE
GCTAACACATCAGCAA-1	MZ286188_1_ORF1	0	0	1	1	FALSE	FALSE
GCTAACACATGAACCA-1	meGFP	1	1	30	31	TRUE	TRUE
GCTAACACATGAGGAG-1	MZ286188_1_ORF2	0	0	2	2	TRUE	FALSE
GCTAACACATTAACGG-1	OP549859_1_ORF1	0	0	1	1	FALSE	TRUE
GCTACCAGTAGGTAGC-1	meGFP	0	0	1	1	FALSE	TRUE
GCTACCAGTGAGGAGA-1	OZ258728_1_ORF2	0	0	1	1	FALSE	FALSE
GCTACCAGTGATTACC-1	MZ286258_1_ORF1	0	0	3	3	TRUE	TRUE
GCTACCAGTGGTGTGG-1	OP549859_1_ORF1	0	0	1	1	FALSE	FALSE
GCTACGTTCACACACC-1	MZ286197_1_ORF1	1	1	59	59	TRUE	TRUE
GCTACGTTCCAATGAA-1	OP549859_1_ORF1	0	0	1	1	FALSE	FALSE
GCTACGTTCCATAGGG-1	MZ286102_1_ORF2	1	1	11	11	TRUE	TRUE
GCTACGTTCCGGATGA-1	MZ286258_1_ORF2	0	0	1	1	FALSE	TRUE
GCTACGTTCCTCATAG-1	meGFP	0	0	1	1	FALSE	TRUE
GCTACGTTCGAACTAA-1	MZ286188_1_ORF1	1	0	5	5	TRUE	TRUE
GCTACGTTCGACCCAT-1	MZ286102_1_ORF1	1	0	4	4	TRUE	TRUE
GCTACGTTCGCACCAT-1	MZ286197_1_ORF1	0	0	1	1	FALSE	TRUE
GCTACGTTCGTGCTAC-1	OZ258728_1_ORF1	1	1	25	26	TRUE	TRUE
GCTACGTTCTGTATGT-1	MZ286197_1_ORF2	0	0	3	3	TRUE	TRUE
GCTACTGGTGCTGACC-1	OZ258728_1_ORF2	1	0	4	5	TRUE	TRUE
GCTACTGGTTAGCTTA-1	MZ286258_1_ORF2	0	0	1	1	FALSE	TRUE
GCTATCGGTATACGTC-1	OZ258728_1_ORF1	1	1	12	13	TRUE	TRUE
GCTATCGGTATCGCCA-1	OZ258728_1_ORF2	1	1	83	83	TRUE	TRUE
GCTATCGGTGATAGTG-1	OZ258728_1_ORF1	0	0	1	1	FALSE	FALSE
GCTATCGGTGCGCATC-1	MZ286197_1_ORF1	1	1	33	33	TRUE	TRUE
GCTATCGGTGGCCGTT-1	OZ258728_1_ORF2	0	0	1	1	FALSE	FALSE
GCTATCGGTTATAGCC-1	meGFP	1	1	50	50	TRUE	TRUE
GCTATCGGTTCACGAT-1	OZ258728_1_ORF2	1	1	40	45	TRUE	TRUE
GCTCATGGTAAGGTGC-1	MZ286102_1_ORF2	0	0	1	1	FALSE	FALSE
GCTCATGGTCTGTAAC-1	meGFP	1	1	29	29	TRUE	TRUE
GCTCATGGTGAGTAAT-1	MZ286102_1_ORF1	0	0	1	1	FALSE	FALSE
GCTCATGGTGGCCAGA-1	OZ258728_1_ORF2	0	0	1	1	FALSE	FALSE
GCTCATGGTGTGGATA-1	OZ258728_1_ORF2	0	0	1	1	FALSE	FALSE
GCTCATGGTTGCAATC-1	MZ286197_1_ORF1	1	1	25	26	TRUE	TRUE
GCTCATGGTTGCCTTC-1	OZ258728_1_ORF1	0	0	1	1	FALSE	FALSE
GCTCATGGTTTCCTGC-1	MZ286258_1_ORF2	0	0	2	2	TRUE	TRUE
GCTCATGGTTTGAGTC-1	OZ258728_1_ORF2	0	0	1	1	FALSE	TRUE
GCTCCCAAGAAGCGTT-1	OZ258728_1_ORF1	0	0	1	1	FALSE	TRUE
GCTCCCAAGGCGGTGT-1	MZ286197_1_ORF2	0	0	3	3	TRUE	TRUE
GCTCCCAAGGGTGTCA-1	OP549859_1_ORF2	0	0	1	1	FALSE	TRUE
GCTCCCAAGTTGGCGA-1	OZ258728_1_ORF1	2	1	36	46	TRUE	TRUE
GCTCCGTCAAGCGAAG-1	meGFP	0	0	1	1	FALSE	FALSE
GCTCCGTCAATGGCTA-1	MZ286258_1_ORF2	1	1	12	12	TRUE	TRUE
GCTCCGTCAATTGCAG-1	meGFP	0	0	2	2	TRUE	TRUE
GCTCCGTCATAGTTGG-1	OZ258728_1_ORF1	0	0	1	1	FALSE	FALSE
GCTCCTCTCACATATC-1	OZ258728_1_ORF1	0	0	1	1	FALSE	TRUE
GCTCCTCTCAGTAGTA-1	OP549859_1_ORF1	0	0	1	2	FALSE	TRUE
GCTCCTCTCCGCGCTA-1	OZ258728_1_ORF2	1	1	46	48	TRUE	TRUE
GCTCCTCTCGATACTT-1	MZ286188_1_ORF1	0	0	1	1	FALSE	FALSE
GCTCCTCTCTAATGGA-1	MZ286197_1_ORF1	2	1	17	23	FALSE	TRUE
GCTCCTCTCTGCCTGG-1	OZ258728_1_ORF1	1	1	38	39	TRUE	TRUE
GCTCGCCAGAATGGAG-1	meGFP	0	0	1	1	FALSE	TRUE
GCTCGCCAGACCCAAG-1	meGFP	0	0	1	1	FALSE	FALSE
GCTCGCCAGCAATCGG-1	MZ286102_1_ORF1	0	0	1	1	FALSE	FALSE
GCTCGCCAGCATATCT-1	OZ258728_1_ORF2	0	0	1	1	FALSE	FALSE
GCTCGCCAGGGACATT-1	MZ286258_1_ORF1	1	0	8	8	TRUE	TRUE
GCTCGCCAGGGGTCTA-1	OZ258728_1_ORF2	1	1	91	91	TRUE	TRUE
GCTCGTCCAAACCATG-1	MZ286188_1_ORF1	0	0	1	1	FALSE	FALSE
GCTCGTCCAACCTCAT-1	MZ286197_1_ORF2	0	0	1	1	FALSE	FALSE
GCTCGTCCAATGGACC-1	OZ258728_1_ORF2	0	0	1	1	FALSE	FALSE
GCTCGTCCACAGGTGT-1	OP549859_1_ORF1	0	0	2	2	TRUE	TRUE
GCTCGTCCAGCCTCGT-1	MZ286258_1_ORF2	0	0	1	1	FALSE	TRUE
GCTCGTCCATACCGGG-1	MZ286258_1_ORF2	0	0	1	1	FALSE	TRUE
GCTCGTCCATTACTTG-1	OZ258728_1_ORF2	0	0	1	1	FALSE	FALSE
GCTCGTCCATTCCGTG-1	MZ286258_1_ORF1	1	1	69	69	TRUE	TRUE
GCTCGTTAGAGCTAGT-1	OP549859_1_ORF2	0	0	1	2	FALSE	TRUE
GCTCGTTAGCCTGTGT-1	OP549859_1_ORF1	1	1	50	50	TRUE	TRUE
GCTCGTTAGCTTAGTT-1	OZ258728_1_ORF1	0	0	1	1	FALSE	FALSE
GCTCGTTAGGATCGCA-1	MZ286102_1_ORF1	1	0	6	6	TRUE	TRUE
GCTCGTTAGGGATACT-1	MZ286197_1_ORF2	0	0	2	2	TRUE	TRUE
GCTCGTTAGTCGCTCG-1	meGFP	0	0	1	1	FALSE	TRUE
GCTCTAATCAAGGGTT-1	OP549859_1_ORF1	0	0	1	1	FALSE	FALSE
GCTCTAATCAATCGAA-1	MZ286102_1_ORF1	0	0	1	2	FALSE	TRUE
GCTCTAATCAGGATGT-1	MZ286102_1_ORF2	1	1	15	15	TRUE	TRUE
GCTCTAATCATCCGGT-1	MZ286197_1_ORF2	0	0	1	1	FALSE	TRUE
GCTCTAATCCCGCTGA-1	meGFP	1	1	23	23	TRUE	TRUE
GCTCTAATCCCGTGCA-1	OZ258728_1_ORF2	0	0	2	2	TRUE	FALSE
GCTCTAATCCGTGATC-1	MZ286102_1_ORF1	0	0	1	1	FALSE	TRUE
GCTCTAATCCTCTGGG-1	OZ258728_1_ORF2	1	1	25	25	TRUE	TRUE
GCTCTAATCGGCTGAA-1	MZ286102_1_ORF2	0	0	1	1	FALSE	FALSE
GCTCTCCTCACCAGGA-1	meGFP	0	0	1	1	FALSE	FALSE
GCTCTCCTCCGTAATT-1	OZ258728_1_ORF2	1	1	93	93	TRUE	TRUE
GCTCTCCTCCGTGATC-1	OZ258728_1_ORF2	0	0	1	1	FALSE	FALSE
GCTCTCCTCGGGATCA-1	OZ258728_1_ORF2	1	1	98	98	TRUE	TRUE
GCTCTCCTCTGGAAGT-1	MZ286258_1_ORF1	0	0	1	1	FALSE	TRUE
GCTCTCTGTACCCAAT-1	MZ286102_1_ORF1	1	1	11	12	TRUE	TRUE
GCTCTCTGTTCCGTTC-1	MZ286197_1_ORF1	1	1	40	42	TRUE	TRUE
GCTCTCTGTTTCAGTA-1	OZ258728_1_ORF2	0	0	1	1	FALSE	TRUE
GCTCTCTGTTTCGGGC-1	MZ286188_1_ORF1	0	0	1	1	FALSE	FALSE
GCTGAAAGTCGGGACA-1	OZ258728_1_ORF1	0	0	1	1	FALSE	TRUE
GCTGAAAGTCTGCACA-1	OP549859_1_ORF2	0	0	1	1	FALSE	TRUE
GCTGAAAGTCTTACCC-1	meGFP	0	0	1	1	FALSE	TRUE
GCTGAAAGTGAACCAA-1	MZ286102_1_ORF1	0	0	1	2	FALSE	TRUE
GCTGAAAGTGCCTAAT-1	OZ258728_1_ORF2	0	0	1	2	FALSE	TRUE
GCTGAAAGTGGAACCG-1	MZ286197_1_ORF2	0	0	3	3	TRUE	TRUE
GCTGAAAGTTCGTCTC-1	OZ258728_1_ORF2	1	0	4	5	TRUE	TRUE
GCTGACCGTAAGGTGC-1	meGFP	1	1	30	30	TRUE	TRUE
GCTGACCGTATACGTC-1	MZ286102_1_ORF2	0	0	1	2	FALSE	TRUE
GCTGACCGTCCTGACA-1	MZ286197_1_ORF1	0	0	1	1	FALSE	TRUE
GCTGACCGTGAACCAA-1	OP549859_1_ORF1	0	0	1	1	FALSE	TRUE
GCTGACCGTGCAGGCA-1	meGFP	1	1	32	33	TRUE	TRUE
GCTGACCGTGGACACG-1	MZ286102_1_ORF2	1	0	5	5	TRUE	TRUE
GCTGACCGTTACGGAA-1	OZ258728_1_ORF2	0	0	1	2	FALSE	TRUE
GCTGACCGTTGTGTGT-1	OZ258728_1_ORF2	2	1	22	28	TRUE	TRUE
GCTGCGACAAAGTAAG-1	OZ258728_1_ORF2	0	0	1	1	FALSE	FALSE
GCTGCGACAACGGGTT-1	OP549859_1_ORF1	0	0	1	1	FALSE	FALSE
GCTGCGACAAGCGAAG-1	OP549859_1_ORF1	0	0	1	1	FALSE	TRUE
GCTGCGACACTTGGAA-1	MZ286258_1_ORF2	0	0	1	1	FALSE	FALSE
GCTGCGACAGCTATCT-1	OP549859_1_ORF1	0	0	1	1	FALSE	TRUE
GCTGCGACATCCCAAT-1	meGFP	0	0	1	1	FALSE	TRUE
GCTGCGACATGCGTGG-1	OP549859_1_ORF1	0	0	1	3	FALSE	TRUE
GCTGCGACATGGAGAG-1	meGFP	1	1	22	22	TRUE	TRUE
GCTGCGACATGTCGGG-1	meGFP	0	0	1	2	FALSE	TRUE
GCTGCGGAGAACGAAG-1	meGFP	0	0	1	2	FALSE	TRUE
GCTGCGGAGCAGCATG-1	MZ286102_1_ORF2	0	0	1	1	FALSE	FALSE
GCTGCGGAGCGGATTG-1	MZ286102_1_ORF2	1	1	35	35	TRUE	TRUE
GCTGCGGAGCTGTCGT-1	MZ286188_1_ORF2	0	0	1	2	FALSE	TRUE
GCTGCGGAGGGCCGAT-1	MZ286102_1_ORF1	0	0	1	1	FALSE	TRUE
GCTGCGGAGGGGAACG-1	MZ286102_1_ORF2	1	0	4	4	TRUE	TRUE
GCTGCGGAGGGGTAGG-1	OP549859_1_ORF1	0	0	1	2	FALSE	TRUE
GCTGCGGAGGTTAATG-1	MZ286188_1_ORF2	0	0	2	2	TRUE	FALSE
GCTGCGGAGTGTGTCC-1	MZ286258_1_ORF1	1	0	4	4	TRUE	TRUE
GCTGGCCTCCGGTTAC-1	MZ286188_1_ORF1	0	0	1	1	FALSE	FALSE
GCTGGCCTCGAGCGAC-1	OZ258728_1_ORF2	0	0	1	1	FALSE	TRUE
GCTGGCCTCGCCCTGA-1	MZ286102_1_ORF1	0	0	2	3	FALSE	TRUE
GCTGGCCTCGGTAGCA-1	MZ286197_1_ORF2	0	0	2	2	TRUE	TRUE
GCTGGCCTCTGAGTGG-1	OZ258728_1_ORF2	0	0	1	1	FALSE	FALSE
GCTGGCCTCTTCATCC-1	OZ258728_1_ORF2	0	0	1	1	FALSE	FALSE
GCTGGCCTCTTGAATC-1	OZ258728_1_ORF2	0	0	1	1	FALSE	FALSE
GCTGGGAGTACAGGGT-1	meGFP	1	0	7	8	TRUE	TRUE
GCTGGGAGTACGTTCG-1	MZ286188_1_ORF1	1	1	15	16	TRUE	TRUE
GCTGGGAGTAGCTGAA-1	MZ286102_1_ORF2	1	1	23	24	TRUE	TRUE
GCTGGGAGTAGGATAT-1	MZ286102_1_ORF2	1	0	5	8	TRUE	TRUE
GCTGGGAGTCCGCGAT-1	MZ286197_1_ORF1	0	0	1	1	FALSE	TRUE
GCTGGGAGTCGCGTGT-1	OZ258728_1_ORF1	0	0	1	1	FALSE	FALSE
GCTGGGAGTGCACTCA-1	MZ286258_1_ORF2	0	0	1	1	FALSE	FALSE
GCTGGGAGTGGAAGGA-1	meGFP	0	0	1	1	FALSE	FALSE
GCTGGGAGTGTGGACG-1	MZ286258_1_ORF1	1	1	57	57	TRUE	TRUE
GCTGGGAGTTCCCAGA-1	OZ258728_1_ORF1	0	0	1	1	FALSE	FALSE
GCTGGGAGTTGGTTAC-1	OZ258728_1_ORF2	0	0	1	1	FALSE	FALSE
GCTGGTTTCAGCGGAC-1	OZ258728_1_ORF2	0	0	1	1	FALSE	FALSE
GCTGGTTTCCGGCTTG-1	OZ258728_1_ORF2	0	0	1	1	FALSE	TRUE
GCTGGTTTCGAGCAGC-1	meGFP	0	0	1	1	FALSE	TRUE
GCTGGTTTCGCTTGGT-1	meGFP	0	0	1	1	FALSE	TRUE
GCTGGTTTCTACGCCG-1	MZ286258_1_ORF2	0	0	1	1	FALSE	FALSE
GCTGGTTTCTACTCCT-1	MZ286258_1_ORF2	1	1	14	15	TRUE	TRUE
GCTGGTTTCTCCCAGG-1	MZ286258_1_ORF2	0	0	2	2	TRUE	FALSE
GCTGGTTTCTGGACGA-1	OP549859_1_ORF2	1	0	6	6	TRUE	TRUE
GCTGTCCCACCGGATG-1	meGFP	0	0	1	1	FALSE	FALSE
GCTGTCCCAGTTGGTA-1	OZ258728_1_ORF2	0	0	1	1	FALSE	FALSE
GCTGTGTTCACAGATA-1	OP549859_1_ORF2	0	0	3	3	TRUE	FALSE
GCTGTGTTCACCCTGG-1	meGFP	0	0	1	1	FALSE	TRUE
GCTGTGTTCATTGCCA-1	OP549859_1_ORF2	1	0	4	4	TRUE	TRUE
GCTGTGTTCGAATCAA-1	MZ286258_1_ORF2	0	0	1	2	FALSE	TRUE
GCTGTGTTCGTGCGAA-1	OZ258728_1_ORF2	1	1	10	10	TRUE	TRUE
GCTGTGTTCTAGTCAT-1	OZ258728_1_ORF2	0	0	1	1	FALSE	FALSE
GCTGTTATCACATGAA-1	OP549859_1_ORF1	0	0	1	1	FALSE	TRUE
GCTGTTATCCATTCCT-1	MZ286102_1_ORF2	0	0	1	1	FALSE	FALSE
GCTGTTATCCTGAGAG-1	meGFP	0	0	1	1	FALSE	TRUE
GCTGTTATCTCTGGCG-1	meGFP	0	0	1	1	FALSE	TRUE
GCTGTTATCTTCGCAA-1	MZ286197_1_ORF1	1	1	50	50	TRUE	TRUE
GCTGTTATCTTGCGGT-1	MZ286102_1_ORF2	1	1	17	17	TRUE	TRUE
GCTTAACGTAATCACC-1	OP549859_1_ORF2	1	0	5	6	TRUE	TRUE
GCTTAACGTAGCGAGT-1	MZ286258_1_ORF2	0	0	1	1	FALSE	TRUE
GCTTAACGTATCTGGT-1	meGFP	1	1	39	39	TRUE	TRUE
GCTTAACGTCTCAGGC-1	OZ258728_1_ORF2	1	0	5	5	TRUE	TRUE
GCTTAACGTGAAGCCG-1	OP549859_1_ORF1	0	0	1	1	FALSE	FALSE
GCTTAACGTGATCCTG-1	meGFP	1	0	5	5	TRUE	TRUE
GCTTAACGTGCAGCCT-1	meGFP	0	0	1	1	FALSE	FALSE
GCTTAACGTGGAAGCT-1	MZ286258_1_ORF2	1	1	13	13	TRUE	TRUE
GCTTAACGTGGGACCA-1	OP549859_1_ORF1	1	0	6	6	TRUE	TRUE
GCTTAACGTGGTTCAT-1	OZ258728_1_ORF1	0	0	1	1	FALSE	TRUE
GCTTAACGTGTGGATA-1	OP549859_1_ORF1	0	0	1	1	FALSE	FALSE
GCTTAACGTTACGGAA-1	OP549859_1_ORF1	0	0	1	1	FALSE	FALSE
GCTTAACGTTCTGGCA-1	OP549859_1_ORF1	0	0	1	1	FALSE	FALSE
GCTTAACGTTGCAATC-1	OZ258728_1_ORF2	1	1	22	22	TRUE	TRUE
GCTTAACGTTTGAAGG-1	MZ286102_1_ORF2	0	0	1	1	FALSE	FALSE
GCTTAGGAGAGGGACG-1	MZ286197_1_ORF2	0	0	1	1	FALSE	TRUE
GCTTAGGAGATATCCT-1	MZ286102_1_ORF2	1	0	4	4	TRUE	TRUE
GCTTCATCAAATGAGA-1	MZ286188_1_ORF1	0	0	1	1	FALSE	TRUE
GCTTCATCAACGTAAT-1	OZ258728_1_ORF2	0	0	1	1	FALSE	TRUE
GCTTCATCATACCGTT-1	MZ286188_1_ORF1	0	0	1	1	FALSE	TRUE
GCTTCATCATAGGCAC-1	MZ286188_1_ORF2	0	0	1	2	FALSE	TRUE
GCTTCATCATCCCAAT-1	MZ286102_1_ORF2	1	0	8	9	TRUE	TRUE
GCTTCATCATGTGGCG-1	MZ286188_1_ORF1	1	1	68	68	TRUE	TRUE
GCTTCGCCAATCCAAG-1	MZ286197_1_ORF1	0	0	1	2	FALSE	TRUE
GCTTCGCCAATTAAGC-1	MZ286258_1_ORF1	0	0	1	1	FALSE	FALSE
GCTTCGCCACTGAAGC-1	MZ286258_1_ORF2	1	0	6	6	TRUE	TRUE
GCTTCGCCACTGACTT-1	OZ258728_1_ORF2	0	0	2	2	TRUE	TRUE
GCTTCGCCAGAACTAT-1	OZ258728_1_ORF1	1	0	9	10	TRUE	TRUE
GCTTCGCCAGCTTGCC-1	OP549859_1_ORF1	0	0	1	1	FALSE	FALSE
GCTTCGCCAGGCATTA-1	OZ258728_1_ORF1	0	0	1	1	FALSE	TRUE
GCTTCGCCAGTACCAA-1	MZ286102_1_ORF1	0	0	1	2	FALSE	TRUE
GCTTCGCCATACTGAG-1	meGFP	0	0	1	1	FALSE	TRUE
GCTTCGCCATTGGTTC-1	MZ286197_1_ORF1	1	1	32	33	TRUE	TRUE
GCTTCTAAGAACGAAG-1	OP549859_1_ORF2	1	0	4	4	TRUE	TRUE
GCTTCTAAGAGGCGTC-1	MZ286102_1_ORF1	0	0	2	2	TRUE	TRUE
GCTTCTAAGCCTGATC-1	OZ258728_1_ORF2	0	0	2	2	TRUE	TRUE
GCTTCTAAGCGGTAGC-1	OZ258728_1_ORF2	1	1	87	87	TRUE	TRUE
GCTTCTAAGCTATGAA-1	OZ258728_1_ORF1	1	0	5	5	TRUE	TRUE
GCTTCTAAGGGCGTAC-1	meGFP	0	0	1	1	FALSE	FALSE
GCTTCTAAGGTCGAAT-1	OP549859_1_ORF1	0	0	1	1	FALSE	TRUE
GCTTCTAAGTCCGTTA-1	MZ286258_1_ORF2	1	1	12	13	TRUE	TRUE
GCTTCTAAGTGGGTTG-1	MZ286258_1_ORF2	0	0	1	1	FALSE	FALSE
GCTTCTAAGTTACCGC-1	MZ286102_1_ORF2	1	1	11	11	TRUE	TRUE
GCTTGAACAAAGTAAG-1	meGFP	0	0	1	1	FALSE	FALSE
GCTTGAACAAATCAGT-1	OZ258728_1_ORF2	0	0	1	1	FALSE	FALSE
GCTTGAACAATCCGGG-1	meGFP	0	0	1	1	FALSE	FALSE
GCTTGAACACCGTACC-1	meGFP	1	0	4	4	TRUE	TRUE
GCTTGAACAGCCAACG-1	MZ286102_1_ORF1	0	0	1	1	FALSE	TRUE
GCTTGCGTCCAAGTGG-1	MZ286197_1_ORF2	1	0	9	10	TRUE	TRUE
GCTTGCGTCCCGATGT-1	MZ286197_1_ORF1	0	0	2	4	FALSE	TRUE
GCTTGCGTCCGTGGAA-1	MZ286188_1_ORF2	0	0	1	1	FALSE	TRUE
GCTTGCGTCTGCCTGG-1	meGFP	0	0	1	1	FALSE	FALSE
GCTTGCGTCTGTCGGT-1	OP549859_1_ORF2	0	0	1	2	FALSE	TRUE
GCTTGCGTCTTAGTAC-1	OZ258728_1_ORF1	1	0	4	8	TRUE	TRUE
GCTTTCGCAACATCCT-1	MZ286197_1_ORF1	0	0	1	1	FALSE	FALSE
GCTTTCGCAACCTCGC-1	OP549859_1_ORF1	1	1	20	20	TRUE	TRUE
GCTTTCGCAATCCGGG-1	OZ258728_1_ORF1	0	0	1	1	FALSE	FALSE
GCTTTCGCACAGTTAG-1	OZ258728_1_ORF2	0	0	1	1	FALSE	TRUE
GCTTTCGCACCAAGCG-1	OZ258728_1_ORF1	0	0	1	2	FALSE	TRUE
GCTTTCGCACCTCTAG-1	meGFP	1	0	6	6	TRUE	TRUE
GCTTTCGCACCTGTGC-1	OP549859_1_ORF1	1	1	35	35	TRUE	TRUE
GCTTTCGCAGGCCAAT-1	OP549859_1_ORF1	0	0	1	1	FALSE	FALSE
GCTTTCGCAGTTCGCC-1	MZ286102_1_ORF2	0	0	1	1	FALSE	FALSE
GCTTTCGCATACCGGG-1	OP549859_1_ORF1	1	1	25	26	TRUE	TRUE
GCTTTGGGTAGCCATT-1	MZ286258_1_ORF1	0	0	1	1	FALSE	FALSE
GCTTTGGGTAGTGTCT-1	OZ258728_1_ORF1	0	0	1	1	FALSE	TRUE
GCTTTGGGTCATTCGG-1	MZ286258_1_ORF2	1	1	13	13	TRUE	TRUE
GCTTTGGGTTTACCAA-1	OZ258728_1_ORF2	0	0	1	1	FALSE	FALSE
GCTTTGGGTTTAGGAG-1	MZ286258_1_ORF1	0	0	1	1	FALSE	FALSE
GCTTTGGGTTTGAAGG-1	OP549859_1_ORF1	0	0	1	1	FALSE	FALSE
GGAAATTGTAGCCCTA-1	OZ258728_1_ORF1	0	0	1	1	FALSE	FALSE
GGAAATTGTAGCTGAA-1	MZ286258_1_ORF2	2	1	16	25	FALSE	TRUE
GGAAATTGTCCTGTGA-1	OZ258728_1_ORF2	0	0	1	1	FALSE	FALSE
GGAAATTGTCGATGCC-1	MZ286102_1_ORF1	1	1	11	11	TRUE	TRUE
GGAAATTGTCGTTGGC-1	OZ258728_1_ORF2	0	0	1	1	FALSE	TRUE
GGAAATTGTGATCCTG-1	MZ286258_1_ORF2	0	0	1	1	FALSE	FALSE
GGAAATTGTGCGTAGG-1	MZ286102_1_ORF2	0	0	1	1	FALSE	FALSE
GGAAATTGTTAGATGG-1	MZ286102_1_ORF1	1	1	13	13	TRUE	TRUE
GGAAATTGTTGCGGAG-1	OP549859_1_ORF1	0	0	1	1	FALSE	TRUE
GGAAATTGTTGGAGCG-1	MZ286102_1_ORF1	0	0	1	1	FALSE	FALSE
GGAACCCAGAGGTTAC-1	OZ258728_1_ORF2	1	1	72	73	TRUE	TRUE
GGAACCCAGCTACTTG-1	OZ258728_1_ORF2	1	1	34	34	TRUE	TRUE
GGAACCCAGCTGAGAT-1	OP549859_1_ORF2	0	0	1	1	FALSE	TRUE
GGAACCCAGCTTGATT-1	meGFP	0	0	1	1	FALSE	TRUE
GGAACCCAGGCATGTG-1	OP549859_1_ORF2	0	0	1	2	FALSE	TRUE
GGAACCCAGGCTTCGT-1	MZ286102_1_ORF2	0	0	1	1	FALSE	FALSE
GGAACCCAGTCTCACA-1	MZ286102_1_ORF2	0	0	1	1	FALSE	FALSE
GGAAGCTGTCGAAGGT-1	OZ258728_1_ORF2	1	1	52	52	TRUE	TRUE
GGAAGCTGTCTCCAAG-1	MZ286258_1_ORF2	0	0	1	2	FALSE	TRUE
GGAAGCTGTGCCGGAA-1	OZ258728_1_ORF2	0	0	1	1	FALSE	TRUE
GGAAGCTGTGGCCTAC-1	OZ258728_1_ORF2	0	0	1	1	FALSE	FALSE
GGAAGCTGTGTTGACT-1	MZ286102_1_ORF1	0	0	1	2	FALSE	TRUE
GGAAGCTGTTATAGGG-1	MZ286102_1_ORF1	0	0	2	2	TRUE	TRUE
GGAAGTTTCCGCCTGA-1	OP549859_1_ORF2	1	1	17	19	TRUE	TRUE
GGAAGTTTCCTAATGT-1	MZ286102_1_ORF1	0	0	1	1	FALSE	FALSE
GGAAGTTTCGATGTCC-1	OP549859_1_ORF1	1	1	35	35	TRUE	TRUE
GGAAGTTTCGGGATCA-1	OZ258728_1_ORF2	0	0	2	2	TRUE	FALSE
GGAATATGTAACCCTG-1	MZ286102_1_ORF2	0	0	1	1	FALSE	FALSE
GGAATATGTGGGATTA-1	MZ286102_1_ORF2	0	0	1	1	FALSE	TRUE
GGAATATGTTATGCAC-1	meGFP	1	1	44	44	TRUE	TRUE
GGAATATGTTCGATTA-1	OZ258728_1_ORF2	0	0	1	1	FALSE	TRUE
GGAATCAGTATTGACC-1	OZ258728_1_ORF2	0	0	1	1	FALSE	TRUE
GGAATCAGTCCACGGT-1	MZ286102_1_ORF2	1	0	8	9	TRUE	TRUE
GGAATCAGTCTCAGGC-1	meGFP	1	0	4	5	TRUE	TRUE
GGAATCAGTGAACGGT-1	MZ286258_1_ORF2	0	0	3	4	TRUE	TRUE
GGAATCAGTGGTTCAT-1	OZ258728_1_ORF2	0	0	1	1	FALSE	FALSE
GGAATCAGTTTCCTGC-1	MZ286102_1_ORF1	1	1	31	31	TRUE	TRUE
GGAATCTAGACTTGCC-1	OP549859_1_ORF1	1	1	14	14	TRUE	FALSE
GGAATCTAGAGATTGC-1	MZ286258_1_ORF2	1	1	10	11	TRUE	TRUE
GGAATCTAGATGGTGT-1	MZ286197_1_ORF1	0	0	3	3	TRUE	TRUE
GGAATCTAGCAATCCC-1	meGFP	0	0	1	1	FALSE	FALSE
GGAATCTAGCGACACA-1	MZ286197_1_ORF1	2	1	12	19	FALSE	TRUE
GGAATCTAGGGACATT-1	MZ286258_1_ORF2	1	1	23	23	TRUE	TRUE
GGAATCTAGGGCAACC-1	OZ258728_1_ORF2	0	0	1	1	FALSE	FALSE
GGAATCTAGTAGTGTA-1	OP549859_1_ORF1	0	0	1	3	FALSE	TRUE
GGAATCTAGTCCGTTA-1	MZ286197_1_ORF2	0	0	3	3	TRUE	TRUE
GGAATCTAGTGCCTGT-1	MZ286188_1_ORF1	0	0	1	1	FALSE	TRUE
GGAATGAAGCCTGCCA-1	meGFP	0	0	2	2	TRUE	TRUE
GGAATGAAGCGCCTAT-1	OZ258728_1_ORF2	1	1	20	21	TRUE	TRUE
GGAATGAAGGAAGTAG-1	OZ258728_1_ORF2	1	1	131	131	TRUE	TRUE
GGAATGAAGGGAGCAG-1	OZ258728_1_ORF2	1	1	52	54	TRUE	TRUE
GGAATGAAGTAGACAC-1	OZ258728_1_ORF2	1	1	101	101	TRUE	TRUE
GGAATGCGTAATCACC-1	MZ286188_1_ORF1	1	1	48	49	TRUE	TRUE
GGAATGCGTATGAGTG-1	meGFP	0	0	1	1	FALSE	FALSE
GGAATGCGTCAAGTAG-1	OZ258728_1_ORF2	0	0	1	1	FALSE	FALSE
GGAATGCGTCATACTA-1	MZ286197_1_ORF1	0	0	1	1	FALSE	FALSE
GGAATGCGTCCGTCAA-1	OZ258728_1_ORF2	0	0	1	1	FALSE	FALSE
GGAATGCGTCGTTAGT-1	MZ286197_1_ORF1	0	0	1	1	FALSE	FALSE
GGAATGCGTCTGTAAC-1	OP549859_1_ORF2	1	1	20	21	TRUE	TRUE
GGAATGCGTGACCCTA-1	OP549859_1_ORF2	1	0	8	8	TRUE	TRUE
GGAATGCGTGCGTACC-1	MZ286258_1_ORF2	1	0	8	8	TRUE	TRUE
GGAATGCGTTGGACCC-1	MZ286197_1_ORF1	1	1	40	40	TRUE	TRUE
GGAATGCGTTGGTGAA-1	MZ286258_1_ORF1	1	0	6	6	TRUE	TRUE
GGAATGCGTTTCGATA-1	OZ258728_1_ORF2	0	0	1	1	FALSE	TRUE
GGAATGGCACCAATGA-1	MZ286188_1_ORF1	0	0	1	1	FALSE	TRUE
GGAATGGCATGTGGCG-1	OZ258728_1_ORF2	0	0	1	1	FALSE	FALSE
GGACACCAGAATCCGG-1	meGFP	1	1	58	58	TRUE	TRUE
GGACACCAGACATCAA-1	MZ286102_1_ORF1	0	0	2	2	TRUE	TRUE
GGACACCAGACCTACC-1	MZ286188_1_ORF1	1	1	31	31	TRUE	TRUE
GGACACCAGAGAGCTT-1	MZ286188_1_ORF1	0	0	1	1	FALSE	FALSE
GGACACCAGATAGTCA-1	MZ286258_1_ORF1	0	0	2	2	TRUE	FALSE
GGACACCAGCAGGGCT-1	MZ286102_1_ORF1	0	0	1	1	FALSE	FALSE
GGACACCAGGATGGTT-1	MZ286258_1_ORF2	0	0	1	2	FALSE	TRUE
GGACACCAGGGGTCTA-1	OP549859_1_ORF2	1	0	4	4	TRUE	TRUE
GGACACCAGTTACGAA-1	MZ286258_1_ORF1	0	0	1	1	FALSE	TRUE
GGACAGCTCACGGAAT-1	MZ286258_1_ORF2	0	0	2	6	FALSE	TRUE
GGACAGCTCAGGATAC-1	MZ286197_1_ORF1	0	0	2	4	FALSE	TRUE
GGACAGCTCGACCTCG-1	OP549859_1_ORF1	0	0	1	1	FALSE	TRUE
GGACAGCTCGATGTCC-1	MZ286197_1_ORF2	1	0	4	5	TRUE	TRUE
GGACAGCTCGCAACTC-1	OZ258728_1_ORF2	0	0	1	1	FALSE	FALSE
GGACAGCTCGGCTCTG-1	MZ286258_1_ORF1	0	0	1	1	FALSE	FALSE
GGACCCTGTATCCCGA-1	MZ286188_1_ORF2	0	0	2	2	TRUE	TRUE
GGACCCTGTATGGTTC-1	MZ286102_1_ORF1	0	0	1	1	FALSE	FALSE
GGACCCTGTCATTCGG-1	OZ258728_1_ORF1	0	0	2	2	TRUE	TRUE
GGACCCTGTGTGTCGC-1	OP549859_1_ORF1	0	0	1	2	FALSE	TRUE
GGACCCTGTTGGTGAA-1	MZ286102_1_ORF1	0	0	1	1	FALSE	FALSE
GGACCTAAGACCAGCA-1	MZ286102_1_ORF2	0	0	2	2	TRUE	FALSE
GGACCTAAGCCACACT-1	MZ286258_1_ORF2	1	0	5	5	TRUE	TRUE
GGACCTAAGCTAGAGT-1	MZ286102_1_ORF2	0	0	2	2	TRUE	TRUE
GGACCTAAGGAGTATC-1	OP549859_1_ORF1	1	1	18	18	TRUE	TRUE
GGACCTAAGGCTCTGT-1	MZ286188_1_ORF1	0	0	1	1	FALSE	FALSE
GGACCTAAGGCTGCAA-1	MZ286197_1_ORF1	0	0	1	1	FALSE	FALSE
GGACCTAAGGTAATTG-1	OZ258728_1_ORF1	1	0	5	6	TRUE	TRUE
GGACCTAAGTACTAAG-1	OZ258728_1_ORF2	0	0	1	1	FALSE	TRUE
GGACCTAAGTCTCACA-1	MZ286102_1_ORF2	0	0	1	1	FALSE	FALSE
GGACCTAAGTGCAGAT-1	OP549859_1_ORF1	0	0	1	1	FALSE	TRUE
GGACCTAAGTGCGGAC-1	MZ286188_1_ORF1	0	0	1	1	FALSE	TRUE
GGACCTAAGTTACGAA-1	MZ286102_1_ORF2	0	0	1	1	FALSE	TRUE
GGACCTTTCGTACGGA-1	MZ286102_1_ORF1	0	0	1	1	FALSE	FALSE
GGACCTTTCTGATAGA-1	OZ258728_1_ORF2	0	0	1	1	FALSE	TRUE
GGACGAACAAACCACA-1	OP549859_1_ORF1	0	0	1	1	FALSE	TRUE
GGACGAACAAGACCGT-1	OP549859_1_ORF1	0	0	1	1	FALSE	TRUE
GGACGAACAATAGCAT-1	MZ286258_1_ORF2	1	0	9	9	TRUE	TRUE
GGACGAACAATATAGC-1	MZ286102_1_ORF2	1	1	12	13	TRUE	TRUE
GGACGAACACATGCTT-1	OP549859_1_ORF1	0	0	1	1	FALSE	FALSE
GGACGAACACGGTAAC-1	MZ286258_1_ORF1	1	1	16	16	TRUE	TRUE
GGACGAACACGTTACT-1	MZ286258_1_ORF1	0	0	1	1	FALSE	FALSE
GGACGAACATACTGAG-1	MZ286188_1_ORF1	1	1	11	12	TRUE	TRUE
GGACGAACATCACTGT-1	OP549859_1_ORF1	1	1	17	17	TRUE	TRUE
GGACGACTCCTCTAAG-1	OZ258728_1_ORF2	0	0	1	1	FALSE	TRUE
GGACGACTCGAACCGA-1	MZ286188_1_ORF2	0	0	0	0	FALSE	TRUE
GGACGACTCGGATGCA-1	OZ258728_1_ORF2	2	1	23	32	FALSE	TRUE
GGACGACTCGGCTTCG-1	MZ286102_1_ORF2	1	0	4	4	TRUE	TRUE
GGACGATGTAGAGGCT-1	MZ286102_1_ORF2	0	0	1	1	FALSE	TRUE
GGACGATGTATACGTC-1	meGFP	0	0	1	1	FALSE	FALSE
GGACGATGTCACCAGC-1	meGFP	0	0	1	1	FALSE	TRUE
GGACGATGTTTAATCG-1	MZ286197_1_ORF1	0	0	1	2	FALSE	TRUE
GGACGGTTCAACTATC-1	MZ286258_1_ORF2	0	0	2	2	TRUE	TRUE
GGACGGTTCACAGATA-1	MZ286258_1_ORF2	0	0	1	1	FALSE	TRUE
GGACGGTTCCCAACCG-1	meGFP	1	1	12	14	TRUE	TRUE
GGACGGTTCCCAACTA-1	MZ286258_1_ORF1	0	0	1	1	FALSE	FALSE
GGACGGTTCGACTCTA-1	MZ286188_1_ORF1	0	0	3	3	TRUE	FALSE
GGACGGTTCGGTCGAA-1	meGFP	0	0	1	1	FALSE	FALSE
GGACGGTTCTTCGTCT-1	MZ286102_1_ORF2	1	0	7	7	TRUE	TRUE
GGACTACCAAATGAGA-1	meGFP	0	0	1	1	FALSE	TRUE
GGACTACCAACCGAAC-1	OZ258728_1_ORF2	0	0	1	1	FALSE	TRUE
GGACTACCAAGCGCCA-1	MZ286197_1_ORF2	0	0	2	4	FALSE	TRUE
GGACTACCAGCTCTAT-1	MZ286258_1_ORF2	1	0	7	7	TRUE	TRUE
GGACTACCATGCATCT-1	OZ258728_1_ORF2	0	0	1	1	FALSE	FALSE
GGACTCGCAAACTAAC-1	MZ286258_1_ORF2	0	0	1	1	FALSE	TRUE
GGACTCGCAATTGGTG-1	OP549859_1_ORF1	0	0	1	1	FALSE	TRUE
GGACTCGCACAACTAG-1	OP549859_1_ORF1	1	1	29	30	TRUE	TRUE
GGACTCGCACATGCGG-1	meGFP	0	0	1	1	FALSE	TRUE
GGACTCGCACGAACCG-1	meGFP	0	0	1	1	FALSE	FALSE
GGACTCGCAGGATTGC-1	MZ286258_1_ORF1	0	0	1	1	FALSE	FALSE
GGACTCGCATCCACAT-1	MZ286102_1_ORF2	0	0	1	1	FALSE	TRUE
GGACTCGCATCGTAAG-1	MZ286258_1_ORF2	0	0	1	1	FALSE	FALSE
GGAGAACAGAATCCGG-1	OP549859_1_ORF1	0	0	1	1	FALSE	FALSE
GGAGAACAGACTCCGT-1	MZ286258_1_ORF2	1	0	4	4	TRUE	TRUE
GGAGAACAGAGATTGC-1	MZ286197_1_ORF1	0	0	1	1	FALSE	FALSE
GGAGAACAGATAGTCA-1	MZ286258_1_ORF2	3	1	17	28	FALSE	TRUE
GGAGAACAGATGCCAG-1	OZ258728_1_ORF1	0	0	1	1	FALSE	FALSE
GGAGAACAGCAACGAT-1	MZ286102_1_ORF1	1	1	51	51	TRUE	TRUE
GGAGAACAGCGACGGT-1	MZ286188_1_ORF1	1	1	63	63	TRUE	TRUE
GGAGAACAGCGTTCAC-1	OZ258728_1_ORF2	2	0	7	16	FALSE	TRUE
GGAGAACAGGTCGTCT-1	meGFP	0	0	1	1	FALSE	TRUE
GGAGAACAGTCATTAC-1	meGFP	0	0	1	1	FALSE	FALSE
GGAGAACAGTGGATTA-1	OP549859_1_ORF1	0	0	2	2	TRUE	TRUE
GGAGAAGGTGATTACC-1	MZ286197_1_ORF2	0	0	1	1	FALSE	TRUE
GGAGAAGGTGCACTCA-1	meGFP	0	0	1	1	FALSE	FALSE
GGAGAAGGTTGAAGCA-1	MZ286258_1_ORF2	0	0	1	1	FALSE	FALSE
GGAGAAGGTTTAGGAG-1	MZ286197_1_ORF1	1	0	5	5	TRUE	TRUE
GGAGAAGGTTTGGGTT-1	MZ286197_1_ORF1	0	0	2	3	FALSE	TRUE
GGAGACGAGAATGCTA-1	OZ258728_1_ORF2	0	0	1	1	FALSE	FALSE
GGAGACGAGACTTGCC-1	OZ258728_1_ORF2	0	0	1	1	FALSE	FALSE
GGAGACGAGATCAGTA-1	MZ286102_1_ORF2	1	1	15	15	TRUE	TRUE
GGAGACGAGCAACTAA-1	OZ258728_1_ORF2	1	1	15	15	TRUE	TRUE
GGAGACGAGCGCAGTA-1	OP549859_1_ORF1	0	0	1	1	FALSE	TRUE
GGAGACGAGGGCTGGT-1	MZ286258_1_ORF1	0	0	1	1	FALSE	TRUE
GGAGACGAGGGCTTGA-1	MZ286197_1_ORF1	1	1	24	24	TRUE	TRUE
GGAGACGAGGTGGACC-1	MZ286258_1_ORF1	0	0	3	4	TRUE	TRUE
GGAGACGAGTCCGTTA-1	MZ286102_1_ORF1	0	0	3	3	TRUE	TRUE
GGAGACTGTAACCATC-1	OZ258728_1_ORF2	0	0	1	1	FALSE	FALSE
GGAGACTGTATTGGCT-1	meGFP	0	0	1	1	FALSE	FALSE
GGAGACTGTCGCAGGA-1	meGFP	0	0	1	1	FALSE	FALSE
GGAGACTGTCTGTAAC-1	OP549859_1_ORF2	1	0	4	4	TRUE	TRUE
GGAGACTGTCTTACCC-1	meGFP	2	1	39	51	TRUE	TRUE
GGAGACTGTTCACGAT-1	meGFP	0	0	1	1	FALSE	FALSE
GGAGCAACAACCAGTA-1	OP549859_1_ORF2	0	0	1	1	FALSE	FALSE
GGAGCAACAAGAGGTG-1	MZ286102_1_ORF2	0	0	1	1	FALSE	TRUE
GGAGCAACAATAGCAT-1	MZ286197_1_ORF1	1	0	4	4	TRUE	TRUE
GGAGCAACAATGGCTA-1	MZ286102_1_ORF1	0	0	1	1	FALSE	TRUE
GGAGCAACACCGTACC-1	OZ258728_1_ORF2	0	0	1	1	FALSE	TRUE
GGAGCAACACCTGTGC-1	OP549859_1_ORF2	1	0	5	5	TRUE	TRUE
GGAGCAACAGATTAGT-1	MZ286258_1_ORF2	1	1	18	18	TRUE	TRUE
GGAGCAACAGCTCTAT-1	MZ286188_1_ORF2	0	0	3	4	TRUE	TRUE
GGAGCAACAGTACCAA-1	MZ286258_1_ORF1	1	1	35	35	TRUE	TRUE
GGAGCAACATCCGCAC-1	MZ286102_1_ORF1	0	0	1	1	FALSE	FALSE
GGAGCAACATGAACCA-1	MZ286258_1_ORF2	0	0	1	1	FALSE	FALSE
GGAGCATGTCGACCGT-1	MZ286258_1_ORF2	1	1	14	14	TRUE	TRUE
GGAGCATGTCTAAGCT-1	MZ286197_1_ORF1	0	0	1	1	FALSE	TRUE
GGAGCATGTGATCCCA-1	MZ286258_1_ORF2	1	0	4	4	TRUE	TRUE
GGAGCATGTTAGGGTA-1	OZ258728_1_ORF2	1	0	4	4	TRUE	TRUE
GGAGCATGTTGCCTAG-1	OZ258728_1_ORF2	0	0	1	1	FALSE	FALSE
GGAGCATGTTGCGGTC-1	MZ286258_1_ORF2	1	0	7	7	TRUE	TRUE
GGAGCCAGTACCTGGC-1	MZ286102_1_ORF1	1	1	13	13	TRUE	TRUE
GGAGCCAGTGCAGGCA-1	MZ286102_1_ORF2	0	0	2	3	FALSE	TRUE
GGAGCCAGTTAACCAC-1	meGFP	0	0	1	1	FALSE	TRUE
GGAGCCAGTTAGCTTA-1	OZ258728_1_ORF2	0	0	1	1	FALSE	FALSE
GGAGCCAGTTTGAGTC-1	MZ286102_1_ORF2	0	0	1	1	FALSE	FALSE
GGAGCCTAGACTAATG-1	OP549859_1_ORF1	0	0	1	1	FALSE	FALSE
GGAGCCTAGCAACTAA-1	OP549859_1_ORF2	1	0	6	6	TRUE	TRUE
GGAGCCTAGCTATGAA-1	OZ258728_1_ORF2	0	0	1	2	FALSE	TRUE
GGAGCCTAGCTGTCGT-1	OZ258728_1_ORF1	1	1	10	10	TRUE	TRUE
GGAGCCTAGGACGAGG-1	MZ286188_1_ORF2	0	0	2	2	TRUE	TRUE
GGAGCCTAGGATCACG-1	MZ286188_1_ORF2	0	0	1	1	FALSE	TRUE
GGAGCCTAGGCCTCAT-1	MZ286188_1_ORF1	1	1	28	28	TRUE	TRUE
GGAGCCTAGGGTATGT-1	OZ258728_1_ORF2	0	0	1	1	FALSE	TRUE
GGAGCCTAGGTCGAAT-1	MZ286102_1_ORF2	0	0	3	3	TRUE	TRUE
GGAGCCTAGTGCTACC-1	meGFP	0	0	1	1	FALSE	TRUE
GGAGCCTAGTGTAATG-1	OZ258728_1_ORF2	0	0	1	1	FALSE	TRUE
GGAGCTATCACCCTAA-1	MZ286258_1_ORF2	0	0	2	2	TRUE	TRUE
GGAGCTATCCAAGTAA-1	MZ286197_1_ORF1	0	0	1	1	FALSE	TRUE
GGAGCTATCGAGCAGC-1	OP549859_1_ORF2	1	0	5	9	TRUE	TRUE
GGAGCTATCGAGGCGT-1	meGFP	0	0	1	1	FALSE	FALSE
GGAGCTATCGCCCTGA-1	OZ258728_1_ORF2	0	0	1	1	FALSE	FALSE
GGAGCTATCGGATATA-1	MZ286258_1_ORF2	1	1	14	14	TRUE	TRUE
GGAGCTATCGGTATGG-1	MZ286258_1_ORF2	0	0	1	1	FALSE	FALSE
GGAGCTATCTAGCCCG-1	OZ258728_1_ORF2	1	1	16	16	TRUE	TRUE
GGAGCTATCTCCATCT-1	MZ286197_1_ORF2	0	0	2	2	TRUE	TRUE
GGAGCTATCTTGAGCC-1	OZ258728_1_ORF1	0	0	1	2	FALSE	TRUE
GGAGGCTTCACCAATT-1	meGFP	0	0	1	1	FALSE	FALSE
GGAGGCTTCCATGACC-1	OP549859_1_ORF1	0	0	1	1	FALSE	FALSE
GGAGGCTTCCGTCGCA-1	meGFP	1	1	61	61	TRUE	TRUE
GGAGGCTTCGGACAGC-1	MZ286102_1_ORF2	0	0	1	1	FALSE	TRUE
GGAGGTACAATTGCAG-1	MZ286102_1_ORF1	0	0	1	1	FALSE	FALSE
GGAGGTACACCTTGAT-1	MZ286197_1_ORF1	0	0	1	1	FALSE	FALSE
GGAGGTACACGATGTA-1	MZ286258_1_ORF2	0	0	1	1	FALSE	TRUE
GGAGGTACACTCGTCA-1	OZ258728_1_ORF2	1	1	64	66	TRUE	TRUE
GGAGGTACAGACATTG-1	OZ258728_1_ORF2	0	0	1	1	FALSE	FALSE
GGAGGTACAGGCGCTA-1	MZ286197_1_ORF1	0	0	2	2	TRUE	FALSE
GGAGGTACATTACTCA-1	OP549859_1_ORF2	1	1	10	11	TRUE	TRUE
GGAGGTTGTAATGCAG-1	OZ258728_1_ORF1	1	1	39	40	TRUE	TRUE
GGAGGTTGTATGAGTG-1	meGFP	0	0	1	1	FALSE	FALSE
GGAGGTTGTCAAGCCC-1	MZ286258_1_ORF2	2	2	11	22	FALSE	TRUE
GGAGGTTGTGATCCCA-1	MZ286102_1_ORF2	0	0	2	2	TRUE	TRUE
GGAGGTTGTGCAGGCA-1	meGFP	0	0	1	1	FALSE	FALSE
GGAGGTTGTGCTTCGA-1	meGFP	0	0	1	1	FALSE	FALSE
GGAGGTTGTGGCTTGC-1	MZ286258_1_ORF2	0	0	1	1	FALSE	FALSE
GGAGGTTGTTACGTTA-1	meGFP	1	1	41	41	TRUE	TRUE
GGAGGTTGTTCCGCAA-1	OZ258728_1_ORF2	0	0	1	1	FALSE	FALSE
GGAGGTTGTTCTATCT-1	meGFP	1	0	6	7	TRUE	TRUE
GGAGGTTGTTTGAAGG-1	OZ258728_1_ORF2	0	0	1	1	FALSE	TRUE
GGAGTAAAGATGAGGA-1	meGFP	1	1	32	32	TRUE	TRUE
GGAGTAAAGCAGGGCT-1	MZ286197_1_ORF2	0	0	2	3	FALSE	TRUE
GGAGTAAAGCCTAATT-1	MZ286258_1_ORF1	0	0	1	1	FALSE	TRUE
GGAGTAAAGGTAGACT-1	meGFP	0	0	1	1	FALSE	FALSE
GGAGTAAAGTCGCTCG-1	meGFP	1	1	13	13	TRUE	TRUE
GGAGTAGCACCTTGAT-1	MZ286258_1_ORF1	0	0	3	3	TRUE	TRUE
GGAGTAGCACGTATAG-1	OP549859_1_ORF2	0	0	1	1	FALSE	FALSE
GGAGTAGCAGATTAGT-1	OZ258728_1_ORF1	0	0	1	1	FALSE	FALSE
GGAGTAGCAGGGTCTG-1	OZ258728_1_ORF2	0	0	1	1	FALSE	FALSE
GGAGTGACAACGGACT-1	OP549859_1_ORF1	0	0	1	1	FALSE	TRUE
GGAGTGACATATGCAG-1	OZ258728_1_ORF2	0	0	1	1	FALSE	TRUE
GGATAACTCCATAGCC-1	OP549859_1_ORF1	0	0	1	1	FALSE	FALSE
GGATAACTCCCTGGTG-1	meGFP	0	0	1	1	FALSE	FALSE
GGATAACTCCTTCACT-1	OZ258728_1_ORF2	0	0	1	1	FALSE	FALSE
GGATAACTCGACACAG-1	MZ286188_1_ORF1	1	0	4	5	TRUE	TRUE
GGATAACTCGACCCAT-1	MZ286102_1_ORF1	0	0	1	2	FALSE	TRUE
GGATAACTCGACTCCG-1	OP549859_1_ORF1	0	0	2	2	TRUE	TRUE
GGATAACTCTCCATCT-1	MZ286188_1_ORF1	0	0	1	1	FALSE	FALSE
GGATAACTCTGCAATT-1	OP549859_1_ORF1	0	0	1	1	FALSE	FALSE
GGATAACTCTTACCTC-1	MZ286188_1_ORF1	0	0	1	1	FALSE	FALSE
GGATAACTCTTCATCC-1	MZ286258_1_ORF2	0	0	1	1	FALSE	FALSE
GGATAATGTAACGGAC-1	OP549859_1_ORF1	0	0	1	1	FALSE	FALSE
GGATAATGTCATTCGG-1	OZ258728_1_ORF2	1	1	11	11	TRUE	TRUE
GGATAATGTCTTACCC-1	MZ286102_1_ORF1	1	0	4	5	TRUE	TRUE
GGATACAGTAGACCAA-1	MZ286258_1_ORF1	0	0	1	1	FALSE	FALSE
GGATACAGTATTGGCT-1	OP549859_1_ORF2	0	0	1	1	FALSE	TRUE
GGATACAGTCCGGGTT-1	MZ286188_1_ORF2	0	0	1	1	FALSE	TRUE
GGATACAGTGCTTAGT-1	meGFP	1	1	110	111	TRUE	TRUE
GGATACAGTTCTGTCC-1	meGFP	0	0	1	1	FALSE	FALSE
GGATACAGTTTCCGTC-1	meGFP	0	0	1	1	FALSE	FALSE
GGATCACCAATCTGTC-1	MZ286258_1_ORF1	0	0	2	2	TRUE	TRUE
GGATCACCAGGGTCCA-1	OZ258728_1_ORF2	0	0	1	1	FALSE	TRUE
GGATCAGTCAATGCTT-1	OP549859_1_ORF2	0	0	1	1	FALSE	TRUE
GGATCAGTCCAATGCC-1	meGFP	0	0	1	1	FALSE	TRUE
GGATCAGTCCGTACCG-1	OZ258728_1_ORF2	0	0	1	1	FALSE	TRUE
GGATCAGTCCGTGGAA-1	OZ258728_1_ORF2	0	0	2	2	TRUE	FALSE
GGATCAGTCGCTACTA-1	MZ286258_1_ORF2	0	0	3	4	TRUE	TRUE
GGATCAGTCGCTAGAG-1	OP549859_1_ORF1	0	0	1	1	FALSE	FALSE
GGATCCTTCACCCTAA-1	OZ258728_1_ORF2	0	0	1	2	FALSE	TRUE
GGATCCTTCACCCTGG-1	OZ258728_1_ORF2	0	0	2	2	TRUE	TRUE
GGATCCTTCCCCTTCA-1	OP549859_1_ORF1	0	0	1	1	FALSE	FALSE
GGATCCTTCGATGTCC-1	MZ286197_1_ORF1	0	0	1	1	FALSE	FALSE
GGATCCTTCGCCTATA-1	MZ286258_1_ORF2	0	0	3	4	TRUE	TRUE
GGATCCTTCTATAGGA-1	MZ286102_1_ORF2	1	0	8	8	TRUE	TRUE
GGATCTTGTAACGGAC-1	MZ286102_1_ORF2	0	0	1	1	FALSE	FALSE
GGATCTTGTACGTTCG-1	meGFP	0	0	1	1	FALSE	FALSE
GGATCTTGTCGCTACA-1	OZ258728_1_ORF2	0	0	1	1	FALSE	TRUE
GGATCTTGTCTTGACG-1	OZ258728_1_ORF2	0	0	1	1	FALSE	FALSE
GGATCTTGTGCCCGAT-1	OZ258728_1_ORF2	0	0	1	1	FALSE	FALSE
GGATCTTGTTCTATCT-1	meGFP	0	0	1	1	FALSE	FALSE
GGATGAAAGACCAGCA-1	MZ286102_1_ORF2	0	0	1	1	FALSE	TRUE
GGATGAAAGAGTCATA-1	MZ286102_1_ORF2	1	1	10	11	TRUE	TRUE
GGATGAAAGCCGAGTA-1	OZ258728_1_ORF2	0	0	2	2	TRUE	TRUE
GGATGAAAGCGATTAA-1	MZ286102_1_ORF2	0	0	1	1	FALSE	TRUE
GGATGAAAGCTGGACA-1	MZ286102_1_ORF2	0	0	1	1	FALSE	TRUE
GGATGAAAGGAGACCC-1	OP549859_1_ORF2	2	0	4	9	FALSE	TRUE
GGATGAAAGGGCAACC-1	meGFP	0	0	1	1	FALSE	FALSE
GGATGAAAGGTTAATG-1	OP549859_1_ORF1	0	0	1	1	FALSE	TRUE
GGATGAAAGTAAGCAC-1	meGFP	1	1	24	25	TRUE	TRUE
GGATGACGTATTGGCT-1	OZ258728_1_ORF2	0	0	3	3	TRUE	TRUE
GGATGACGTGCGGTGA-1	MZ286258_1_ORF2	0	0	2	5	FALSE	TRUE
GGATGACGTGGCTTGC-1	MZ286258_1_ORF2	1	1	15	16	TRUE	TRUE
GGATGACGTTGTAGCT-1	meGFP	0	0	1	1	FALSE	FALSE
GGATGATTCAGTGTGG-1	OZ258728_1_ORF2	0	0	1	1	FALSE	FALSE
GGATGATTCCAGAGGC-1	MZ286102_1_ORF1	0	0	1	1	FALSE	FALSE
GGATGATTCCCTTACT-1	MZ286258_1_ORF2	0	0	1	1	FALSE	FALSE
GGATGATTCCGAAGCA-1	MZ286102_1_ORF1	1	0	9	11	TRUE	TRUE
GGATGATTCGAACTAA-1	MZ286258_1_ORF2	0	0	2	3	FALSE	TRUE
GGATGATTCGAATGGT-1	meGFP	0	0	1	1	FALSE	TRUE
GGATGATTCGAGTTGG-1	MZ286102_1_ORF1	0	0	1	1	FALSE	FALSE
GGATGATTCGTCATGC-1	meGFP	1	1	27	28	TRUE	TRUE
GGATGATTCGTGCTGT-1	OZ258728_1_ORF2	2	1	29	34	TRUE	TRUE
GGATGCTCAACAGAGG-1	MZ286102_1_ORF2	0	0	1	1	FALSE	FALSE
GGATGCTCAAGATTAC-1	OZ258728_1_ORF2	0	0	1	1	FALSE	FALSE
GGATGCTCAAGTCAAT-1	MZ286258_1_ORF2	0	0	1	1	FALSE	TRUE
GGATGCTCAGAATGGG-1	OZ258728_1_ORF2	0	0	1	1	FALSE	FALSE
GGATGCTCAGGAAGCA-1	OZ258728_1_ORF2	0	0	1	1	FALSE	FALSE
GGATGCTCAGGCGCTA-1	OZ258728_1_ORF1	0	0	1	2	FALSE	TRUE
GGATGCTCATAGTAAC-1	OZ258728_1_ORF2	0	0	1	1	FALSE	FALSE
GGATGGCTCCCTGCGA-1	MZ286102_1_ORF1	0	0	1	1	FALSE	TRUE
GGATGGCTCGGATGCA-1	meGFP	0	0	1	1	FALSE	FALSE
GGATGGCTCGGGAAGG-1	OP549859_1_ORF1	0	0	1	1	FALSE	FALSE
GGATGGCTCTGAGTCC-1	OZ258728_1_ORF2	0	0	2	3	FALSE	TRUE
GGATGTTAGCCACTCG-1	MZ286188_1_ORF1	0	0	1	1	FALSE	FALSE
GGATGTTAGCCAGACA-1	MZ286102_1_ORF2	1	0	5	6	TRUE	TRUE
GGATGTTAGGGTATGT-1	meGFP	0	0	1	1	FALSE	TRUE
GGATGTTAGTCTAGGG-1	OZ258728_1_ORF2	0	0	1	1	FALSE	TRUE
GGATTAGGTAGGCAGT-1	OP549859_1_ORF1	0	0	1	1	FALSE	FALSE
GGATTAGGTTGCAATC-1	MZ286197_1_ORF1	0	0	2	3	FALSE	TRUE
GGATTAGGTTTGGCGC-1	MZ286102_1_ORF2	0	0	1	1	FALSE	FALSE
GGATTCTGTACTTACA-1	OZ258728_1_ORF2	0	0	1	1	FALSE	FALSE
GGATTCTGTAGGTAGC-1	MZ286197_1_ORF2	0	0	3	4	TRUE	TRUE
GGATTCTGTCACCAGC-1	OP549859_1_ORF1	1	1	36	36	TRUE	TRUE
GGATTCTGTCTGGCGT-1	meGFP	0	0	1	1	FALSE	FALSE
GGATTCTGTGCCTGGT-1	OP549859_1_ORF2	1	0	6	8	TRUE	TRUE
GGATTCTGTGTAAGTG-1	MZ286258_1_ORF2	0	0	2	2	TRUE	FALSE
GGATTCTGTTAGTTGC-1	OZ258728_1_ORF2	0	0	3	3	TRUE	FALSE
GGATTCTGTTGTCTGG-1	meGFP	1	1	14	14	TRUE	TRUE
GGATTGAGTAAGCTAG-1	meGFP	0	0	1	1	FALSE	FALSE
GGATTGAGTAAGTCTC-1	MZ286258_1_ORF2	0	0	1	1	FALSE	TRUE
GGATTGAGTAGCAGGT-1	MZ286197_1_ORF1	0	0	1	2	FALSE	TRUE
GGATTGAGTATGGTTC-1	MZ286188_1_ORF1	0	0	1	1	FALSE	FALSE
GGATTGAGTGACCTTG-1	OZ258728_1_ORF2	0	0	1	1	FALSE	TRUE
GGATTGAGTGAGGAGA-1	OZ258728_1_ORF2	1	0	8	11	TRUE	TRUE
GGATTGAGTGCGTGCT-1	OZ258728_1_ORF2	0	0	1	1	FALSE	FALSE
GGATTGAGTGGCGTCT-1	meGFP	0	0	1	1	FALSE	FALSE
GGATTGAGTTTGAACC-1	OZ258728_1_ORF2	0	0	2	5	FALSE	TRUE
GGATTGAGTTTGGGTT-1	MZ286102_1_ORF2	0	0	1	1	FALSE	TRUE
GGATTGCCAAAGTAAG-1	OZ258728_1_ORF2	0	0	1	1	FALSE	TRUE
GGATTGCCAACCGTGG-1	meGFP	0	0	2	2	TRUE	TRUE
GGATTGCCAAGAGGTG-1	MZ286197_1_ORF1	0	0	1	1	FALSE	FALSE
GGATTGCCAAGATGGG-1	OZ258728_1_ORF2	2	1	22	27	TRUE	TRUE
GGATTGCCAGAGCCTG-1	MZ286258_1_ORF2	0	0	1	1	FALSE	FALSE
GGATTGCCAGTGTCCC-1	OZ258728_1_ORF2	0	0	1	1	FALSE	FALSE
GGATTGCCATCAGGGT-1	MZ286258_1_ORF2	1	1	20	20	TRUE	TRUE
GGATTGCCATGGTCCC-1	MZ286258_1_ORF2	1	0	4	4	TRUE	FALSE
GGATTGCCATGTGCAA-1	MZ286197_1_ORF2	0	0	1	1	FALSE	FALSE
GGATTGGTCCACGCAT-1	MZ286197_1_ORF2	0	0	1	1	FALSE	FALSE
GGATTGGTCCAGAGGC-1	MZ286197_1_ORF1	0	0	1	1	FALSE	FALSE
GGATTGGTCCATGACC-1	MZ286197_1_ORF2	0	0	3	5	FALSE	TRUE
GGATTGGTCCATTCCT-1	meGFP	0	0	1	1	FALSE	TRUE
GGATTGGTCCCATCGG-1	MZ286197_1_ORF1	1	0	4	4	TRUE	TRUE
GGATTGGTCTGCATCA-1	OZ258728_1_ORF2	0	0	1	1	FALSE	FALSE
GGATTTCGTAAGCCAA-1	MZ286188_1_ORF1	0	0	1	2	FALSE	TRUE
GGATTTCGTACCGACC-1	OZ258728_1_ORF2	0	0	1	1	FALSE	TRUE
GGATTTCGTACGATAG-1	OP549859_1_ORF1	1	0	9	9	TRUE	TRUE
GGATTTCGTAGCCATT-1	MZ286188_1_ORF2	0	0	1	1	FALSE	TRUE
GGATTTCGTATCCCGA-1	OZ258728_1_ORF1	0	0	1	1	FALSE	TRUE
GGATTTCGTCATCGTG-1	OZ258728_1_ORF2	0	0	1	1	FALSE	FALSE
GGATTTCGTCGACTCA-1	MZ286102_1_ORF2	0	0	1	1	FALSE	TRUE
GGATTTCGTCGCGAGA-1	MZ286102_1_ORF2	0	0	1	1	FALSE	TRUE
GGATTTCGTGCGACAG-1	meGFP	0	0	2	2	TRUE	TRUE
GGATTTCGTTGTGTGT-1	meGFP	0	0	1	1	FALSE	TRUE
GGATTTGCAAACGGGA-1	OZ258728_1_ORF2	0	0	1	1	FALSE	FALSE
GGATTTGCAAAGTCAT-1	MZ286188_1_ORF2	1	0	4	9	TRUE	TRUE
GGATTTGCAACAGATT-1	OP549859_1_ORF1	1	1	19	19	TRUE	TRUE
GGATTTGCACCACAGG-1	MZ286102_1_ORF2	1	0	4	4	TRUE	TRUE
GGATTTGCACCGGTAG-1	OP549859_1_ORF1	0	0	2	2	TRUE	TRUE
GGATTTGCACTCGCTA-1	meGFP	0	0	3	3	TRUE	FALSE
GGATTTGCAGCTCTAT-1	meGFP	1	1	80	80	TRUE	TRUE
GGATTTGCATAGGCAC-1	MZ286102_1_ORF1	0	0	1	1	FALSE	FALSE
GGATTTGCATCCCGAC-1	OZ258728_1_ORF2	0	0	1	1	FALSE	TRUE
GGATTTGCATGGTGTA-1	MZ286102_1_ORF2	1	0	8	8	TRUE	TRUE
GGCAAGACACAAGCCG-1	OZ258728_1_ORF2	0	0	2	3	FALSE	TRUE
GGCAAGACACGCACGA-1	meGFP	0	0	1	1	FALSE	TRUE
GGCAAGACACTCATAC-1	MZ286258_1_ORF1	0	0	3	3	TRUE	FALSE
GGCAAGACATCAGTCT-1	MZ286102_1_ORF2	1	1	18	19	TRUE	TRUE
GGCAATTAGATCAAGC-1	MZ286102_1_ORF2	0	0	2	3	FALSE	TRUE
GGCAATTAGCTTGGTC-1	OP549859_1_ORF1	1	0	4	5	TRUE	TRUE
GGCAATTAGTCAACTT-1	OZ258728_1_ORF1	1	1	16	16	TRUE	TRUE
GGCACGTAGAAGCGTT-1	MZ286258_1_ORF2	0	0	2	2	TRUE	FALSE
GGCACGTAGGCAGGCT-1	OP549859_1_ORF1	0	0	1	1	FALSE	FALSE
GGCACGTAGGGAGCAG-1	MZ286197_1_ORF2	1	0	6	7	TRUE	TRUE
GGCACGTAGTATAGGC-1	meGFP	0	0	1	1	FALSE	FALSE
GGCACGTAGTCGCTCG-1	OZ258728_1_ORF2	0	0	1	1	FALSE	FALSE
GGCACTAAGAACGGCC-1	OZ258728_1_ORF1	1	0	6	6	TRUE	TRUE
GGCACTAAGAAGCGTT-1	MZ286102_1_ORF2	1	1	15	17	TRUE	TRUE
GGCACTAAGAGTTAGC-1	OZ258728_1_ORF2	1	1	66	66	TRUE	TRUE
GGCACTAAGCTATCCA-1	meGFP	0	0	1	1	FALSE	TRUE
GGCACTAAGGGGCTTA-1	meGFP	0	0	1	1	FALSE	FALSE
GGCACTAAGTACTTCG-1	MZ286258_1_ORF2	1	0	4	4	TRUE	TRUE
GGCACTAAGTGCTACC-1	OP549859_1_ORF1	0	0	1	1	FALSE	TRUE
GGCACTAAGTGCTGCT-1	OZ258728_1_ORF2	1	1	79	81	TRUE	TRUE
GGCACTAAGTTGCAGG-1	MZ286197_1_ORF1	0	0	2	7	FALSE	TRUE
GGCACTTTCAAGGGTT-1	OP549859_1_ORF1	0	0	1	1	FALSE	TRUE
GGCATCAAGAGAGGTA-1	meGFP	1	1	41	41	TRUE	TRUE
GGCATCAAGCATTGGG-1	OP549859_1_ORF2	1	0	6	6	TRUE	TRUE
GGCATCAAGGAGTATC-1	MZ286102_1_ORF2	0	0	2	2	TRUE	FALSE
GGCATCAAGGCGAACC-1	MZ286197_1_ORF1	1	1	50	53	TRUE	TRUE
GGCATCAAGGTAGGAA-1	meGFP	0	0	1	1	FALSE	FALSE
GGCATCAAGTGCCTGT-1	OP549859_1_ORF1	0	0	1	1	FALSE	TRUE
GGCATCAAGTGTGATA-1	OZ258728_1_ORF2	0	0	1	1	FALSE	FALSE
GGCATCTTCACTTGCA-1	MZ286102_1_ORF2	1	0	4	5	TRUE	TRUE
GGCATCTTCATGGCTC-1	OZ258728_1_ORF2	0	0	1	1	FALSE	TRUE
GGCATCTTCCGAAGCA-1	OZ258728_1_ORF2	0	0	1	1	FALSE	FALSE
GGCATCTTCCGTCGCA-1	OP549859_1_ORF1	0	0	2	2	TRUE	TRUE
GGCATCTTCCTCCGTC-1	MZ286197_1_ORF1	1	1	47	47	TRUE	TRUE
GGCATCTTCGCGAGGT-1	MZ286258_1_ORF2	0	0	1	1	FALSE	TRUE
GGCATCTTCGGGACTA-1	MZ286197_1_ORF1	0	0	1	1	FALSE	FALSE
GGCATCTTCTAACTAC-1	MZ286258_1_ORF2	1	1	21	22	TRUE	TRUE
GGCATGCAGACCAGCA-1	MZ286102_1_ORF2	0	0	1	1	FALSE	TRUE
GGCATGCAGAGTTAGC-1	MZ286258_1_ORF2	1	0	4	7	TRUE	TRUE
GGCATGCAGATACTGA-1	OP549859_1_ORF1	0	0	2	2	TRUE	TRUE
GGCATGCAGCAGGCAC-1	MZ286258_1_ORF2	1	0	4	4	TRUE	TRUE
GGCATGCAGTTACCAT-1	MZ286258_1_ORF1	1	1	14	14	TRUE	TRUE
GGCCAACAGAACGAAG-1	MZ286188_1_ORF1	0	0	1	1	FALSE	FALSE
GGCCAACAGACCTACC-1	OZ258728_1_ORF2	0	0	1	1	FALSE	FALSE
GGCCAACAGCCTTCAA-1	OZ258728_1_ORF2	0	0	1	1	FALSE	FALSE
GGCCAACAGCGGAACC-1	OZ258728_1_ORF2	0	0	1	1	FALSE	FALSE
GGCCAACAGGCGAACC-1	MZ286188_1_ORF1	0	0	1	1	FALSE	TRUE
GGCCACCTCCAAGTAA-1	MZ286258_1_ORF1	0	0	1	1	FALSE	TRUE
GGCCACCTCCCATTGA-1	OP549859_1_ORF1	0	0	1	2	FALSE	FALSE
GGCCACCTCGGCTGAA-1	OZ258728_1_ORF2	0	0	1	1	FALSE	FALSE
GGCCACCTCGTCAATT-1	MZ286258_1_ORF2	0	0	1	1	FALSE	FALSE
GGCCACCTCTCGAAGG-1	MZ286197_1_ORF1	0	0	1	1	FALSE	FALSE
GGCCATTTCGTACGTC-1	OZ258728_1_ORF1	0	0	2	2	TRUE	TRUE
GGCCATTTCTCACGCG-1	OP549859_1_ORF1	0	0	1	1	FALSE	TRUE
GGCCCTGGTAACCGGG-1	MZ286197_1_ORF1	0	0	1	1	FALSE	FALSE
GGCCCTGGTAATGTCC-1	MZ286102_1_ORF2	0	0	3	3	TRUE	TRUE
GGCCCTGGTACAGCAA-1	meGFP	0	0	1	1	FALSE	FALSE
GGCCCTGGTCCACGGT-1	MZ286258_1_ORF2	0	0	1	1	FALSE	FALSE
GGCCCTGGTCGATGAA-1	MZ286102_1_ORF1	1	0	7	10	TRUE	TRUE
GGCCCTGGTCTGGATT-1	OP549859_1_ORF1	1	1	14	15	TRUE	TRUE
GGCCCTGGTGGAAGCT-1	meGFP	0	0	1	2	FALSE	TRUE
GGCCCTGGTGGATGAC-1	meGFP	0	0	1	1	FALSE	TRUE
GGCCCTGGTGGGATTA-1	MZ286188_1_ORF1	0	0	1	1	FALSE	FALSE
GGCCCTGGTTTCCGTC-1	meGFP	0	0	1	2	FALSE	TRUE
GGCCCTGGTTTCCTAT-1	MZ286258_1_ORF2	1	1	10	10	TRUE	TRUE
GGCCCTGGTTTGGTAC-1	MZ286197_1_ORF1	1	1	22	24	TRUE	TRUE
GGCCGAAGTAGGATAT-1	OZ258728_1_ORF1	0	0	1	1	FALSE	FALSE
GGCCGAAGTGGTTCGC-1	meGFP	0	0	1	1	FALSE	FALSE
GGCCGAAGTGTCTGTG-1	meGFP	0	0	1	1	FALSE	FALSE
GGCCGAAGTTAACGAG-1	OP549859_1_ORF1	1	0	5	5	TRUE	TRUE
GGCCGAAGTTCCGCAA-1	meGFP	1	1	11	13	TRUE	TRUE
GGCCGAAGTTGGGATA-1	OZ258728_1_ORF1	1	1	24	24	TRUE	TRUE
GGCCGAAGTTTACCAA-1	OP549859_1_ORF1	1	1	18	18	TRUE	TRUE
GGCCTAAAGATAGTCA-1	OZ258728_1_ORF2	0	0	1	1	FALSE	TRUE
GGCCTAAAGCCTTCCC-1	meGFP	0	0	2	2	TRUE	FALSE
GGCCTAAAGGATCACG-1	OP549859_1_ORF2	0	0	1	1	FALSE	FALSE
GGCCTAAAGGCTTCGT-1	MZ286102_1_ORF2	0	0	1	1	FALSE	FALSE
GGCCTAAAGGGATACT-1	OZ258728_1_ORF2	0	0	1	1	FALSE	FALSE
GGCCTAAAGGGTCAGC-1	OP549859_1_ORF1	0	0	1	1	FALSE	FALSE
GGCCTACGTAACGATG-1	OZ258728_1_ORF2	0	0	2	2	TRUE	TRUE
GGCCTACGTCATTCCC-1	OZ258728_1_ORF2	0	0	1	1	FALSE	TRUE
GGCCTACGTTCCACTC-1	MZ286102_1_ORF2	1	1	23	26	TRUE	TRUE
GGCCTACGTTCTATCT-1	MZ286197_1_ORF2	0	0	1	2	FALSE	TRUE
GGCCTACGTTTCAAGC-1	OZ258728_1_ORF2	0	0	1	1	FALSE	FALSE
GGCCTACGTTTCGATA-1	OZ258728_1_ORF2	1	0	8	8	TRUE	TRUE
GGCCTACGTTTCGGGC-1	MZ286102_1_ORF2	0	0	2	4	FALSE	TRUE
GGCCTCATCAATCGCC-1	OZ258728_1_ORF2	0	0	1	1	FALSE	FALSE
GGCCTCATCACGTTCA-1	OZ258728_1_ORF2	0	0	1	1	FALSE	FALSE
GGCCTCATCCGACTAC-1	OZ258728_1_ORF1	1	0	4	5	TRUE	TRUE
GGCCTCATCGAATCAA-1	MZ286258_1_ORF1	0	0	1	1	FALSE	TRUE
GGCCTCATCGATCCCG-1	OZ258728_1_ORF1	0	0	1	1	FALSE	TRUE
GGCCTCATCTGAGTGG-1	MZ286258_1_ORF2	1	1	13	13	TRUE	TRUE
GGCCTCATCTGGGTAG-1	OZ258728_1_ORF1	0	0	1	1	FALSE	TRUE
GGCCTCTCAACTGGCG-1	MZ286258_1_ORF2	0	0	3	4	TRUE	TRUE
GGCCTCTCAAGTGACC-1	OZ258728_1_ORF2	0	0	1	1	FALSE	FALSE
GGCCTCTCAATGGACC-1	OZ258728_1_ORF2	0	0	1	1	FALSE	FALSE
GGCCTCTCACAATCCT-1	MZ286258_1_ORF2	1	0	4	4	TRUE	TRUE
GGCCTCTCACCCTATG-1	MZ286102_1_ORF1	0	0	1	1	FALSE	FALSE
GGCCTCTCACTAGGCG-1	MZ286258_1_ORF2	1	1	19	19	TRUE	TRUE
GGCCTCTCACTCGCTA-1	OZ258728_1_ORF2	0	0	1	2	FALSE	TRUE
GGCCTCTCACTCGTCA-1	MZ286258_1_ORF2	1	1	39	39	TRUE	TRUE
GGCCTCTCAGCCTCGT-1	OP549859_1_ORF1	0	0	3	3	TRUE	FALSE
GGCCTCTCAGGTCTCC-1	MZ286258_1_ORF2	0	0	1	1	FALSE	FALSE
GGCCTCTCATCCTTCC-1	MZ286258_1_ORF1	0	0	1	1	FALSE	FALSE
GGCCTCTCATGGAGCT-1	MZ286258_1_ORF2	0	0	1	2	FALSE	TRUE
GGCCTCTCATGGCCTC-1	OZ258728_1_ORF2	0	0	1	1	FALSE	TRUE
GGCCTGCTCAAGCGTG-1	meGFP	0	0	1	1	FALSE	FALSE
GGCCTGCTCCCCGTGA-1	OZ258728_1_ORF2	1	0	9	9	TRUE	TRUE
GGCCTGCTCCGCTCGA-1	meGFP	0	0	2	2	TRUE	FALSE
GGCCTGCTCGCGAGGT-1	MZ286188_1_ORF1	0	0	1	2	FALSE	FALSE
GGCCTGCTCGGTTAGG-1	MZ286102_1_ORF1	1	1	32	32	TRUE	TRUE
GGCCTGCTCTAGCCCG-1	OP549859_1_ORF1	0	0	1	1	FALSE	FALSE
GGCCTGCTCTGGATGG-1	OZ258728_1_ORF2	0	0	1	1	FALSE	TRUE
GGCCTGTGTAACCGGG-1	OP549859_1_ORF1	0	0	1	4	FALSE	TRUE
GGCCTGTGTACAGAGC-1	MZ286197_1_ORF1	0	0	1	1	FALSE	FALSE
GGCCTGTGTACCGGAG-1	OZ258728_1_ORF1	0	0	1	1	FALSE	FALSE
GGCCTGTGTATCTCAA-1	meGFP	1	1	15	15	TRUE	TRUE
GGCCTGTGTGATCAAG-1	MZ286197_1_ORF2	0	0	1	2	FALSE	FALSE
GGCCTGTGTTCACGAT-1	OZ258728_1_ORF2	0	0	1	1	FALSE	FALSE
GGCCTGTGTTTACTTC-1	MZ286102_1_ORF1	0	0	1	1	FALSE	TRUE
GGCGGTGTCACCAATT-1	OP549859_1_ORF1	0	0	1	1	FALSE	TRUE
GGCGGTGTCCCGTCGA-1	MZ286102_1_ORF1	0	0	2	2	TRUE	TRUE
GGCTATCTCAACTATC-1	OZ258728_1_ORF2	0	0	1	1	FALSE	TRUE
GGCTATCTCCATCACA-1	OZ258728_1_ORF2	0	0	1	2	FALSE	FALSE
GGCTATCTCCGGGTAA-1	OP549859_1_ORF1	0	0	1	1	FALSE	TRUE
GGCTATCTCCGTGATC-1	OZ258728_1_ORF1	0	0	1	1	FALSE	FALSE
GGCTATCTCGAATGGT-1	OP549859_1_ORF1	0	0	2	2	TRUE	FALSE
GGCTATCTCGATCGCT-1	MZ286188_1_ORF1	0	0	1	1	FALSE	TRUE
GGCTATCTCGCCAGTT-1	MZ286197_1_ORF2	0	0	2	2	TRUE	TRUE
GGCTATCTCGGTTAGG-1	MZ286258_1_ORF2	0	0	3	3	TRUE	TRUE
GGCTATCTCGTGCTAC-1	OZ258728_1_ORF1	0	0	3	3	TRUE	TRUE
GGCTATCTCTCTCGCC-1	OZ258728_1_ORF2	0	0	1	1	FALSE	TRUE
GGCTATCTCTGGGTTC-1	MZ286258_1_ORF1	0	0	1	1	FALSE	TRUE
GGCTATTGTAGAGGCT-1	MZ286102_1_ORF2	0	0	1	1	FALSE	FALSE
GGCTATTGTCTGGCGT-1	MZ286197_1_ORF1	0	0	1	1	FALSE	TRUE
GGCTATTGTGGCGTGA-1	OZ258728_1_ORF2	0	0	1	1	FALSE	FALSE
GGCTATTGTGGGTCGA-1	meGFP	1	1	11	14	TRUE	FALSE
GGCTATTGTGTCCAAT-1	meGFP	1	1	19	19	TRUE	TRUE
GGCTATTGTGTCGAGG-1	meGFP	0	0	1	1	FALSE	FALSE
GGCTATTGTGTGTCAT-1	MZ286258_1_ORF1	0	0	1	1	FALSE	TRUE
GGCTATTGTTTACGAC-1	OZ258728_1_ORF2	0	0	1	1	FALSE	FALSE
GGCTATTGTTTCATCT-1	OZ258728_1_ORF1	0	0	1	1	FALSE	TRUE
GGCTATTGTTTCCGTC-1	MZ286197_1_ORF1	1	0	7	7	TRUE	TRUE
GGCTCAAAGAAGTGAG-1	meGFP	0	0	1	1	FALSE	FALSE
GGCTCAAAGGATCACG-1	MZ286102_1_ORF1	0	0	1	1	FALSE	FALSE
GGCTCAAAGGATCGTG-1	MZ286197_1_ORF1	0	0	1	1	FALSE	TRUE
GGCTCAAAGGCGAACC-1	MZ286197_1_ORF1	0	0	1	1	FALSE	TRUE
GGCTCAAAGGCTTCGT-1	MZ286102_1_ORF2	1	1	11	12	TRUE	TRUE
GGCTCAAAGGCTTGCT-1	MZ286102_1_ORF2	0	0	1	1	FALSE	FALSE
GGCTCAAAGGTCTACC-1	OP549859_1_ORF2	1	0	6	6	TRUE	TRUE
GGCTCAAAGTAATGTG-1	meGFP	0	0	1	1	FALSE	TRUE
GGCTCTGTCAAGGCGC-1	OZ258728_1_ORF2	0	0	3	4	TRUE	TRUE
GGCTCTGTCACATGAA-1	MZ286258_1_ORF2	0	0	1	1	FALSE	FALSE
GGCTCTGTCACATGCC-1	OP549859_1_ORF2	0	0	2	2	TRUE	TRUE
GGCTCTGTCCCGTAGT-1	OZ258728_1_ORF2	1	1	49	50	TRUE	TRUE
GGCTCTGTCCCTCTAT-1	OZ258728_1_ORF2	1	1	17	17	TRUE	TRUE
GGCTCTGTCCGCCTGA-1	MZ286102_1_ORF2	0	0	1	1	FALSE	TRUE
GGCTCTGTCCTGAGAG-1	meGFP	0	0	1	1	FALSE	FALSE
GGCTCTGTCTCGATCA-1	MZ286258_1_ORF2	0	0	1	1	FALSE	FALSE
GGCTCTGTCTGAGTAA-1	meGFP	0	0	1	1	FALSE	FALSE
GGCTCTGTCTGGCTTA-1	MZ286102_1_ORF2	0	0	1	1	FALSE	FALSE
GGCTGGGTCGGCGTAA-1	MZ286102_1_ORF2	0	0	2	2	TRUE	FALSE
GGCTGGGTCTAGGCTC-1	MZ286197_1_ORF2	0	0	0	0	FALSE	TRUE
GGCTGGGTCTCCTAAG-1	MZ286258_1_ORF1	0	0	1	1	FALSE	TRUE
GGCTGGGTCTGCACTA-1	OZ258728_1_ORF2	1	1	75	75	TRUE	TRUE
GGCTGGGTCTTGGTGC-1	OZ258728_1_ORF2	0	0	1	1	FALSE	FALSE
GGCTGGTAGACGCGAC-1	MZ286102_1_ORF2	1	1	29	29	TRUE	TRUE
GGCTGGTAGAGGTTAC-1	MZ286258_1_ORF1	0	0	2	3	FALSE	TRUE
GGCTGGTAGCAATGAC-1	meGFP	0	0	1	2	FALSE	TRUE
GGCTGGTAGCCCGATT-1	OZ258728_1_ORF2	1	1	75	75	TRUE	TRUE
GGCTGGTAGCTGTCGT-1	OP549859_1_ORF1	1	1	73	73	TRUE	TRUE
GGCTGGTAGGCTCTGT-1	OZ258728_1_ORF2	0	0	2	3	FALSE	TRUE
GGCTTATGTAACGGAC-1	OZ258728_1_ORF2	0	0	1	1	FALSE	TRUE
GGCTTATGTAGAGCCG-1	OZ258728_1_ORF1	0	0	1	1	FALSE	TRUE
GGCTTATGTCATGAGA-1	MZ286258_1_ORF1	0	0	1	1	FALSE	TRUE
GGCTTATGTCTCCAAG-1	MZ286102_1_ORF2	0	0	1	1	FALSE	TRUE
GGCTTATGTGGTGATA-1	MZ286188_1_ORF1	0	0	1	1	FALSE	FALSE
GGCTTATGTTAGTTGC-1	MZ286197_1_ORF2	0	0	2	6	FALSE	TRUE
GGCTTATGTTTGCGGC-1	OZ258728_1_ORF2	0	0	2	2	TRUE	FALSE
GGCTTCAGTAACCGAA-1	OZ258728_1_ORF2	0	0	1	1	FALSE	FALSE
GGCTTCAGTACCCAGC-1	OZ258728_1_ORF2	0	0	1	1	FALSE	FALSE
GGCTTCAGTAGAGCCG-1	MZ286197_1_ORF2	1	0	4	4	TRUE	TRUE
GGCTTCAGTCGTTAGT-1	MZ286102_1_ORF2	1	1	11	11	TRUE	TRUE
GGCTTCAGTGCATGAA-1	MZ286258_1_ORF1	0	0	2	2	TRUE	TRUE
GGCTTCAGTGTGTCGC-1	OP549859_1_ORF2	0	0	1	1	FALSE	FALSE
GGCTTCAGTTAACGTC-1	MZ286102_1_ORF2	0	0	1	1	FALSE	FALSE
GGCTTCAGTTATCTAG-1	MZ286188_1_ORF1	1	0	6	9	TRUE	TRUE
GGCTTCAGTTTCGATA-1	OP549859_1_ORF1	0	0	1	1	FALSE	FALSE
GGGAACACACGCCATC-1	MZ286197_1_ORF1	0	0	2	2	TRUE	TRUE
GGGAACACAGGCTATA-1	MZ286258_1_ORF1	1	0	4	5	TRUE	TRUE
GGGAACACAGGTACAC-1	meGFP	0	0	1	1	FALSE	FALSE
GGGAACACATCAGTCT-1	MZ286258_1_ORF2	1	0	4	4	TRUE	TRUE
GGGAACACATCCATAC-1	OZ258728_1_ORF2	1	0	6	6	TRUE	TRUE
GGGAACCTCAATCCAT-1	MZ286258_1_ORF2	0	0	1	1	FALSE	FALSE
GGGAACCTCCCCAGAT-1	OZ258728_1_ORF1	0	0	2	3	FALSE	TRUE
GGGAACCTCCGACAGA-1	OZ258728_1_ORF1	1	1	11	11	TRUE	TRUE
GGGAACCTCCTACGGT-1	OP549859_1_ORF1	1	1	49	49	TRUE	TRUE
GGGAACCTCGAATGGT-1	MZ286197_1_ORF1	0	0	1	1	FALSE	TRUE
GGGAACCTCTTACCTC-1	MZ286197_1_ORF2	1	0	7	7	TRUE	TRUE
GGGAACCTCTTGGATT-1	OP549859_1_ORF1	0	0	1	1	FALSE	FALSE
GGGACGAAGAACGAAG-1	MZ286188_1_ORF1	1	1	15	16	TRUE	TRUE
GGGACGAAGCCTCTGG-1	OP549859_1_ORF1	0	0	1	1	FALSE	FALSE
GGGACGAAGCGAACTG-1	OP549859_1_ORF2	0	0	1	1	FALSE	FALSE
GGGACGAAGGAATGTC-1	MZ286258_1_ORF2	1	1	25	27	TRUE	TRUE
GGGACGAAGGTAGGAA-1	OP549859_1_ORF1	2	2	53	69	TRUE	TRUE
GGGACGAAGTAGTTGA-1	OP549859_1_ORF1	1	1	10	10	TRUE	TRUE
GGGACGAAGTCCGTTA-1	OP549859_1_ORF1	1	1	14	14	TRUE	TRUE
GGGACGAAGTGGCTTC-1	MZ286188_1_ORF1	0	0	1	1	FALSE	TRUE
GGGAGCAAGAAGGACA-1	OZ258728_1_ORF1	0	0	1	1	FALSE	TRUE
GGGAGCAAGATCAAGC-1	MZ286258_1_ORF1	1	1	48	49	TRUE	TRUE
GGGAGCAAGCCCTGCA-1	MZ286258_1_ORF1	1	0	4	4	TRUE	TRUE
GGGAGCAAGCGTGCTT-1	MZ286258_1_ORF1	0	0	1	1	FALSE	FALSE
GGGAGCAAGGACATAC-1	OZ258728_1_ORF2	0	0	1	1	FALSE	FALSE
GGGAGCAAGGACGTTG-1	meGFP	0	0	1	1	FALSE	FALSE
GGGAGCAAGGGTATGT-1	OZ258728_1_ORF1	1	0	8	8	TRUE	TRUE
GGGAGCAAGTCTAGGG-1	MZ286188_1_ORF1	0	0	1	2	FALSE	TRUE
GGGAGTGAGACACTAA-1	meGFP	1	1	26	26	TRUE	TRUE
GGGAGTGAGACGCCTT-1	meGFP	0	0	1	1	FALSE	TRUE
GGGAGTGAGCTCATAT-1	OZ258728_1_ORF1	0	0	1	1	FALSE	FALSE
GGGAGTGAGCTTAATC-1	OZ258728_1_ORF1	0	0	1	1	FALSE	TRUE
GGGAGTGAGGGTAACT-1	meGFP	0	0	1	2	FALSE	TRUE
GGGAGTGAGTACCCGT-1	MZ286188_1_ORF1	0	0	1	1	FALSE	TRUE
GGGAGTGAGTCCACGT-1	meGFP	0	0	1	1	FALSE	FALSE
GGGAGTGAGTGCAGAT-1	meGFP	0	0	1	1	FALSE	FALSE
GGGAGTGAGTGCCTGT-1	MZ286258_1_ORF2	0	0	1	3	FALSE	TRUE
GGGAGTGAGTTAACCT-1	OZ258728_1_ORF1	0	0	1	1	FALSE	TRUE
GGGAGTGAGTTGAATG-1	MZ286188_1_ORF1	0	0	1	1	FALSE	TRUE
GGGATCCAGAAGTGAG-1	OZ258728_1_ORF2	0	0	2	3	FALSE	TRUE
GGGATCCAGACCCAAG-1	MZ286102_1_ORF1	1	1	11	11	TRUE	TRUE
GGGATCCAGACCCATC-1	OZ258728_1_ORF2	0	0	1	1	FALSE	FALSE
GGGATCCAGATGCGGC-1	OZ258728_1_ORF2	0	0	1	1	FALSE	FALSE
GGGATCCAGCACGTTC-1	OP549859_1_ORF2	1	1	15	15	TRUE	TRUE
GGGATCCAGCCTGGAA-1	MZ286258_1_ORF2	0	0	3	4	TRUE	TRUE
GGGATGGAGAATCCGG-1	MZ286102_1_ORF2	1	0	5	6	TRUE	TRUE
GGGATGGAGACGATAC-1	OZ258728_1_ORF2	1	1	17	17	TRUE	TRUE
GGGATGGAGATGGTGT-1	OZ258728_1_ORF2	0	0	1	1	FALSE	FALSE
GGGATGGAGATTAGGC-1	MZ286258_1_ORF1	0	0	1	1	FALSE	FALSE
GGGATGGAGCCATGAG-1	MZ286102_1_ORF2	0	0	1	1	FALSE	TRUE
GGGATGGAGCGGTAAT-1	MZ286188_1_ORF1	0	0	1	1	FALSE	FALSE
GGGATGGAGGCGTAAT-1	MZ286258_1_ORF2	0	0	1	1	FALSE	FALSE
GGGATGGAGGGCAACC-1	OP549859_1_ORF2	0	0	1	1	FALSE	FALSE
GGGATGGAGGGTTAGT-1	MZ286102_1_ORF2	0	0	1	1	FALSE	FALSE
GGGATGGAGGTTGGGC-1	MZ286188_1_ORF1	1	1	50	50	TRUE	TRUE
GGGATGGAGTAGAGGA-1	MZ286258_1_ORF2	0	0	1	1	FALSE	TRUE
GGGATGGAGTCATTAC-1	MZ286188_1_ORF1	1	1	17	17	TRUE	TRUE
GGGCAACTCACGTTCA-1	MZ286258_1_ORF2	0	0	1	2	FALSE	TRUE
GGGCAACTCAGGCAAT-1	OZ258728_1_ORF2	0	0	3	4	TRUE	TRUE
GGGCAACTCCAATGCC-1	meGFP	0	0	1	1	FALSE	FALSE
GGGCAACTCCCATCCC-1	MZ286102_1_ORF2	0	0	2	2	TRUE	TRUE
GGGCAACTCCGAAGCA-1	OP549859_1_ORF1	0	0	3	3	TRUE	TRUE
GGGCAACTCGTGCTGT-1	OP549859_1_ORF1	0	0	1	2	FALSE	TRUE
GGGCAACTCTCGCTCC-1	OP549859_1_ORF2	1	0	4	4	TRUE	TRUE
GGGCAGTTCAACTGGG-1	OP549859_1_ORF2	0	0	1	1	FALSE	FALSE
GGGCAGTTCAAGGGTT-1	OZ258728_1_ORF2	0	0	1	1	FALSE	TRUE
GGGCAGTTCAATCACT-1	MZ286258_1_ORF2	0	0	1	1	FALSE	FALSE
GGGCAGTTCACACACC-1	MZ286258_1_ORF2	0	0	1	1	FALSE	FALSE
GGGCAGTTCCCTGCGA-1	MZ286188_1_ORF2	0	0	1	1	FALSE	TRUE
GGGCAGTTCCGTAGCT-1	MZ286102_1_ORF1	1	0	8	8	TRUE	TRUE
GGGCAGTTCGATCCCG-1	MZ286258_1_ORF2	0	0	3	3	TRUE	TRUE
GGGCAGTTCGCACGAA-1	OZ258728_1_ORF2	0	0	1	1	FALSE	TRUE
GGGCAGTTCGCGAGGT-1	OZ258728_1_ORF1	0	0	1	1	FALSE	TRUE
GGGCAGTTCTGCCATA-1	OZ258728_1_ORF2	0	0	1	1	FALSE	FALSE
GGGCATGGTAGTCGTT-1	OP549859_1_ORF1	0	0	1	1	FALSE	TRUE
GGGCATGGTCCATTAA-1	MZ286258_1_ORF2	1	0	7	7	TRUE	TRUE
GGGCATGGTGAAGCCG-1	MZ286258_1_ORF2	0	0	1	2	FALSE	TRUE
GGGCATGGTGGAAGCT-1	OZ258728_1_ORF1	0	0	1	1	FALSE	FALSE
GGGCATGGTTAATTCG-1	MZ286102_1_ORF2	1	0	8	9	TRUE	TRUE
GGGCATGGTTGCCACA-1	OZ258728_1_ORF1	1	1	14	14	TRUE	TRUE
GGGCCCTTCAATCCAT-1	MZ286258_1_ORF2	0	0	1	1	FALSE	FALSE
GGGCCCTTCCCAGTAC-1	MZ286188_1_ORF1	1	1	10	12	TRUE	TRUE
GGGCCCTTCGCTTAAT-1	MZ286258_1_ORF1	0	0	1	1	FALSE	TRUE
GGGCCCTTCGGATGCA-1	OZ258728_1_ORF2	0	0	1	1	FALSE	FALSE
GGGCCCTTCGGTTAGG-1	OZ258728_1_ORF2	0	0	1	1	FALSE	TRUE
GGGCCCTTCGTGCTAC-1	MZ286258_1_ORF2	0	0	2	3	FALSE	TRUE
GGGCCCTTCTCTCGCC-1	OP549859_1_ORF1	0	0	1	3	FALSE	TRUE
GGGCCTGAGAGGCGTC-1	MZ286102_1_ORF2	1	0	4	4	TRUE	TRUE
GGGCCTGAGATTAGGC-1	OP549859_1_ORF2	0	0	1	2	FALSE	TRUE
GGGCCTGAGCATCACC-1	OZ258728_1_ORF2	0	0	1	1	FALSE	FALSE
GGGCCTGAGTATAGGC-1	OP549859_1_ORF1	0	0	1	2	FALSE	TRUE
GGGCGCATCACTCGCG-1	MZ286102_1_ORF2	1	1	27	27	TRUE	TRUE
GGGCGCATCCATCGCG-1	MZ286258_1_ORF2	1	1	27	28	TRUE	TRUE
GGGCGCATCCCATCCC-1	MZ286188_1_ORF1	0	0	1	1	FALSE	FALSE
GGGCGCATCCTGGGAA-1	MZ286197_1_ORF1	0	0	1	1	FALSE	TRUE
GGGCGCATCGACGGGT-1	MZ286258_1_ORF1	1	0	5	5	TRUE	TRUE
GGGCGCATCGTGCTAC-1	OP549859_1_ORF1	0	0	3	3	TRUE	FALSE
GGGCTACAGAGCCAAT-1	OZ258728_1_ORF2	0	0	1	1	FALSE	TRUE
GGGCTACAGCAAGTAC-1	OZ258728_1_ORF2	0	0	1	1	FALSE	TRUE
GGGCTACAGCATCACC-1	OZ258728_1_ORF2	0	0	1	1	FALSE	TRUE
GGGCTACAGCTGGTGA-1	OZ258728_1_ORF2	0	0	1	1	FALSE	TRUE
GGGCTACAGTGGAGCC-1	MZ286197_1_ORF1	0	0	1	1	FALSE	FALSE
GGGCTATCAACAGAGG-1	OP549859_1_ORF1	1	1	15	15	TRUE	TRUE
GGGCTATCAACCTCAT-1	meGFP	1	1	36	36	TRUE	TRUE
GGGCTATCAAGTGAGG-1	OZ258728_1_ORF1	1	1	25	26	TRUE	TRUE
GGGCTATCACACCGCT-1	MZ286258_1_ORF2	1	1	10	10	TRUE	TRUE
GGGCTATCAGGACGAA-1	OZ258728_1_ORF1	1	0	8	9	TRUE	TRUE
GGGCTATCAGTAAGGG-1	OZ258728_1_ORF1	0	0	1	1	FALSE	FALSE
GGGCTATCATCCTTCC-1	MZ286102_1_ORF1	1	0	5	5	TRUE	TRUE
GGGCTATCATGAAGGG-1	OZ258728_1_ORF2	1	1	40	40	TRUE	TRUE
GGGGATTGTATTGGGA-1	MZ286102_1_ORF2	1	1	43	43	TRUE	TRUE
GGGGATTGTGGCCTAC-1	MZ286258_1_ORF2	0	0	1	1	FALSE	TRUE
GGGGATTGTTACACCG-1	OZ258728_1_ORF2	1	0	6	6	TRUE	TRUE
GGGGCAAAGAACGAAG-1	OZ258728_1_ORF1	1	1	47	47	TRUE	TRUE
GGGGCAAAGCAAGCTG-1	OZ258728_1_ORF2	0	0	1	1	FALSE	TRUE
GGGGCAAAGCTCATAT-1	MZ286258_1_ORF1	0	0	1	1	FALSE	TRUE
GGGGCAAAGGATCGTG-1	OZ258728_1_ORF2	1	1	47	47	TRUE	TRUE
GGGGCAAAGGCTCTGT-1	OZ258728_1_ORF1	0	0	1	1	FALSE	TRUE
GGGGCAAAGGTAGGCC-1	meGFP	1	0	8	8	TRUE	TRUE
GGGGCAAAGTTGACTT-1	meGFP	0	0	1	1	FALSE	TRUE
GGGGCAAAGTTGGAAC-1	meGFP	1	1	99	99	TRUE	TRUE
GGGGCTTAGCAAGCTG-1	OP549859_1_ORF2	0	0	1	1	FALSE	TRUE
GGGGCTTAGCTCTCAA-1	MZ286258_1_ORF2	0	0	1	1	FALSE	TRUE
GGGGCTTAGGAGTCTG-1	MZ286197_1_ORF1	1	0	4	4	TRUE	FALSE
GGGGCTTAGTTACACT-1	OZ258728_1_ORF1	2	2	18	29	FALSE	TRUE
GGGGTCTAGAACGGCC-1	OZ258728_1_ORF2	0	0	1	1	FALSE	FALSE
GGGGTCTAGATTGATG-1	OZ258728_1_ORF2	1	1	11	15	TRUE	TRUE
GGGGTCTAGCGAGAGG-1	meGFP	0	0	1	1	FALSE	FALSE
GGGGTCTAGCGGAACC-1	OZ258728_1_ORF2	0	0	1	1	FALSE	FALSE
GGGGTCTAGGCTTCGT-1	MZ286102_1_ORF2	1	0	6	6	TRUE	TRUE
GGGGTCTAGTCCGTTA-1	MZ286102_1_ORF2	0	0	2	2	TRUE	TRUE
GGGGTCTAGTGATAGC-1	meGFP	0	0	1	1	FALSE	FALSE
GGGGTTATCCATAGCC-1	OZ258728_1_ORF2	0	0	1	1	FALSE	FALSE
GGGGTTATCGAGCAGC-1	OZ258728_1_ORF2	0	0	1	1	FALSE	FALSE
GGGGTTATCGCCTATA-1	MZ286258_1_ORF1	0	0	1	1	FALSE	TRUE
GGGGTTATCTGGGACA-1	MZ286102_1_ORF2	0	0	1	1	FALSE	FALSE
GGGGTTATCTTAAGCT-1	OP549859_1_ORF2	1	0	5	5	TRUE	TRUE
GGGGTTGGTACGACTT-1	meGFP	0	0	0	0	FALSE	TRUE
GGGGTTGGTCGATGAA-1	meGFP	0	0	1	1	FALSE	TRUE
GGGGTTGGTGACCCTA-1	OZ258728_1_ORF2	0	0	2	3	FALSE	TRUE
GGGGTTGGTGATCAAG-1	meGFP	0	0	3	3	TRUE	TRUE
GGGGTTGGTGCCGGAA-1	OZ258728_1_ORF1	0	0	2	2	TRUE	TRUE
GGGGTTGGTTATGGAG-1	OP549859_1_ORF1	0	0	1	1	FALSE	TRUE
GGGGTTGGTTGTCTGG-1	MZ286102_1_ORF1	1	1	10	11	TRUE	TRUE
GGGGTTGGTTTAATCG-1	OP549859_1_ORF1	0	0	1	1	FALSE	TRUE
GGGGTTGGTTTGCCCT-1	MZ286102_1_ORF2	0	0	1	1	FALSE	TRUE
GGGGTTGGTTTGGATC-1	MZ286102_1_ORF2	1	1	22	22	TRUE	TRUE
GGGTAGACAATAGAGA-1	OZ258728_1_ORF2	1	1	79	79	TRUE	TRUE
GGGTAGACAATGGACC-1	OP549859_1_ORF1	0	0	1	1	FALSE	FALSE
GGGTAGACAATTGCCT-1	OP549859_1_ORF2	0	0	1	1	FALSE	FALSE
GGGTAGACACAGCCAG-1	MZ286197_1_ORF1	1	1	34	34	TRUE	TRUE
GGGTAGACACTCGTCA-1	meGFP	2	2	19	33	FALSE	TRUE
GGGTAGACATAGGATT-1	MZ286197_1_ORF2	0	0	1	1	FALSE	FALSE
GGGTAGACATAGGCAC-1	meGFP	0	0	1	1	FALSE	FALSE
GGGTAGACATCTATCA-1	OZ258728_1_ORF1	0	0	1	1	FALSE	TRUE
GGGTCAATCACCAGGA-1	MZ286102_1_ORF2	1	0	9	9	TRUE	TRUE
GGGTCAATCAGGCTAG-1	meGFP	0	0	1	1	FALSE	FALSE
GGGTCAATCATGATCT-1	MZ286188_1_ORF1	0	0	3	4	TRUE	TRUE
GGGTCAATCGCGAGGT-1	OZ258728_1_ORF2	1	0	4	6	TRUE	TRUE
GGGTCAATCTGCACTA-1	meGFP	0	0	1	1	FALSE	FALSE
GGGTCACAGAATCAGC-1	OP549859_1_ORF2	0	0	1	1	FALSE	TRUE
GGGTCACAGAGGCGTC-1	meGFP	0	0	1	2	FALSE	TRUE
GGGTCACAGCTCCGCA-1	MZ286188_1_ORF1	1	1	22	23	TRUE	TRUE
GGGTCACAGGACGAGG-1	OP549859_1_ORF1	1	1	33	33	TRUE	TRUE
GGGTCACAGGAGGTCC-1	MZ286102_1_ORF1	0	0	1	1	FALSE	FALSE
GGGTCACAGGAGTCTG-1	OZ258728_1_ORF1	0	0	2	2	TRUE	TRUE
GGGTCACAGGTTGCGA-1	OZ258728_1_ORF2	0	0	1	1	FALSE	TRUE
GGGTCCACAACACCGG-1	MZ286197_1_ORF1	0	0	2	4	FALSE	TRUE
GGGTCCACAAGATGAA-1	OZ258728_1_ORF2	0	0	2	2	TRUE	TRUE
GGGTCCACAAGATGGG-1	MZ286197_1_ORF1	0	0	1	1	FALSE	TRUE
GGGTCCACACCCTGAC-1	OP549859_1_ORF2	1	0	8	9	TRUE	TRUE
GGGTCCACACGAATGC-1	OZ258728_1_ORF2	0	0	1	1	FALSE	FALSE
GGGTCCACAGGACGAA-1	OP549859_1_ORF1	1	0	4	4	TRUE	TRUE
GGGTCCACAGGTACGT-1	OZ258728_1_ORF2	0	0	1	1	FALSE	TRUE
GGGTCCACAGGTAGCT-1	OZ258728_1_ORF2	2	1	36	42	TRUE	TRUE
GGGTCCACATCCGCAC-1	OZ258728_1_ORF2	0	0	1	1	FALSE	FALSE
GGGTCCACATGGTAAT-1	OZ258728_1_ORF2	0	0	1	1	FALSE	FALSE
GGGTCCACATTGCGAA-1	MZ286102_1_ORF2	1	0	6	8	TRUE	TRUE
GGGTTAAGTTGCCACA-1	OP549859_1_ORF1	1	0	7	8	TRUE	TRUE
GGGTTAAGTTGGAGCG-1	MZ286102_1_ORF2	1	0	8	9	TRUE	TRUE
GGGTTAAGTTTCCGTC-1	MZ286197_1_ORF1	1	1	39	39	TRUE	TRUE
GGGTTCCGTAGGTAGC-1	MZ286258_1_ORF1	0	0	1	1	FALSE	FALSE
GGGTTCCGTAGTGACA-1	MZ286258_1_ORF2	1	0	8	8	TRUE	TRUE
GGGTTCCGTCACACCA-1	OZ258728_1_ORF2	0	0	1	1	FALSE	TRUE
GGGTTCCGTCATTCCC-1	OZ258728_1_ORF2	0	0	1	1	FALSE	FALSE
GGGTTCCGTCCGCGAT-1	MZ286197_1_ORF2	1	0	4	5	TRUE	TRUE
GGGTTCCGTGAGGTAC-1	MZ286258_1_ORF1	0	0	2	3	FALSE	TRUE
GGGTTCCGTGCAGGCA-1	OZ258728_1_ORF2	0	0	1	1	FALSE	FALSE
GGGTTCCGTGCTTCCT-1	OZ258728_1_ORF2	0	0	1	1	FALSE	TRUE
GGGTTCCGTTAGCTTA-1	OZ258728_1_ORF2	0	0	1	1	FALSE	TRUE
GGTAAACTCAATGTGA-1	meGFP	0	0	1	1	FALSE	FALSE
GGTAAACTCACAGATA-1	MZ286197_1_ORF1	1	1	37	39	TRUE	TRUE
GGTAAACTCATGATCT-1	OZ258728_1_ORF2	0	0	1	1	FALSE	FALSE
GGTAAACTCCCAGTAC-1	MZ286188_1_ORF1	1	0	4	7	TRUE	TRUE
GGTAAACTCCCGTTGG-1	MZ286197_1_ORF1	0	0	1	1	FALSE	FALSE
GGTAAACTCCGCTCGA-1	OZ258728_1_ORF2	0	0	1	1	FALSE	TRUE
GGTAAACTCGACACAG-1	MZ286102_1_ORF2	1	1	16	17	TRUE	TRUE
GGTAAATGTATCGCCA-1	OZ258728_1_ORF2	0	0	1	1	FALSE	FALSE
GGTAAATGTCCACATG-1	MZ286258_1_ORF2	0	0	1	1	FALSE	TRUE
GGTAAATGTGAACGGT-1	MZ286102_1_ORF2	0	0	1	1	FALSE	FALSE
GGTAAATGTGATCAAG-1	MZ286258_1_ORF2	1	1	12	12	TRUE	TRUE
GGTAAATGTGATTGCT-1	OP549859_1_ORF1	0	0	1	1	FALSE	FALSE
GGTAAATGTTGTCCTC-1	OZ258728_1_ORF2	0	0	1	1	FALSE	FALSE
GGTAAATGTTGTGCGC-1	OP549859_1_ORF1	2	1	79	89	TRUE	TRUE
GGTAAATGTTTCCAGG-1	MZ286197_1_ORF1	1	1	17	17	TRUE	TRUE
GGTAAATGTTTCGGGC-1	MZ286188_1_ORF2	0	0	1	1	FALSE	TRUE
GGTAACAGTAGCTGAA-1	MZ286197_1_ORF1	1	0	8	9	TRUE	TRUE
GGTAACAGTAGTCCCA-1	meGFP	1	1	17	18	TRUE	TRUE
GGTAACAGTAGTCCTG-1	MZ286102_1_ORF2	0	0	1	1	FALSE	FALSE
GGTAACAGTATCGAGA-1	OZ258728_1_ORF2	0	0	1	1	FALSE	TRUE
GGTAACAGTCAGCATT-1	OZ258728_1_ORF2	0	0	1	1	FALSE	FALSE
GGTAACAGTCAGCCAC-1	OP549859_1_ORF1	0	0	1	1	FALSE	FALSE
GGTAACAGTCAGTCGC-1	OP549859_1_ORF1	0	0	1	1	FALSE	TRUE
GGTAACAGTCCAGCTA-1	OP549859_1_ORF1	1	1	58	58	TRUE	TRUE
GGTAACAGTCTGCACA-1	meGFP	0	0	1	1	FALSE	TRUE
GGTAACAGTGAACGGT-1	OP549859_1_ORF1	0	0	2	3	FALSE	TRUE
GGTAACAGTGACCAGG-1	OP549859_1_ORF1	0	0	1	2	FALSE	TRUE
GGTAACAGTGGAAGCT-1	OZ258728_1_ORF1	1	1	64	65	TRUE	TRUE
GGTAACAGTGGATGAC-1	MZ286258_1_ORF2	0	0	2	2	TRUE	TRUE
GGTAACAGTGGCCTAC-1	MZ286102_1_ORF1	1	1	10	10	TRUE	TRUE
GGTAACAGTTCGCTGA-1	OP549859_1_ORF1	0	0	2	3	FALSE	TRUE
GGTAACGTCACGGTCT-1	MZ286197_1_ORF2	0	0	1	1	FALSE	TRUE
GGTAACGTCACTCGCG-1	OZ258728_1_ORF2	0	0	1	2	FALSE	TRUE
GGTAACGTCTTACCTC-1	OP549859_1_ORF1	1	0	5	5	TRUE	TRUE
GGTAACTAGACACCTC-1	MZ286197_1_ORF2	0	0	3	6	FALSE	TRUE
GGTAACTAGATAGACC-1	OP549859_1_ORF1	0	0	1	1	FALSE	FALSE
GGTAACTAGCACGTAG-1	OZ258728_1_ORF1	0	0	1	1	FALSE	FALSE
GGTAACTAGCTCGTTA-1	MZ286258_1_ORF1	0	0	3	4	TRUE	TRUE
GGTAACTAGCTTGGTC-1	OP549859_1_ORF1	0	0	1	1	FALSE	TRUE
GGTAACTAGGTGTGGC-1	OZ258728_1_ORF1	1	0	6	6	TRUE	FALSE
GGTAACTAGTCATTAC-1	MZ286197_1_ORF1	1	0	6	6	TRUE	TRUE
GGTAACTAGTGCCCAT-1	MZ286188_1_ORF1	0	0	1	1	FALSE	TRUE
GGTAATATCGAGGTCA-1	OZ258728_1_ORF2	0	0	2	2	TRUE	FALSE
GGTAATATCGCTATGC-1	meGFP	1	0	6	6	TRUE	TRUE
GGTAATATCGCTTAAT-1	meGFP	1	1	25	25	TRUE	TRUE
GGTAATATCTTCATCC-1	MZ286197_1_ORF2	0	0	2	3	FALSE	TRUE
GGTAATTCAAATGACT-1	MZ286258_1_ORF2	0	0	1	1	FALSE	FALSE
GGTAATTCACGTATAG-1	MZ286102_1_ORF2	0	0	1	1	FALSE	TRUE
GGTAATTCACTTCCAG-1	MZ286197_1_ORF2	1	0	5	6	TRUE	TRUE
GGTAATTCAGAATGGG-1	MZ286258_1_ORF1	0	0	1	1	FALSE	FALSE
GGTAATTCAGAGCCTG-1	MZ286258_1_ORF2	0	0	3	3	TRUE	TRUE
GGTAATTCAGGAAGCA-1	MZ286102_1_ORF2	0	0	1	1	FALSE	TRUE
GGTAATTCATCCATAC-1	MZ286102_1_ORF2	0	0	1	1	FALSE	FALSE
GGTACACCAAATGACT-1	MZ286197_1_ORF2	0	0	1	1	FALSE	TRUE
GGTACACCACGGATTA-1	OZ258728_1_ORF2	0	0	1	1	FALSE	TRUE
GGTACACCAGAACGGA-1	MZ286258_1_ORF2	1	1	44	44	TRUE	TRUE
GGTACACCAGAATGAA-1	OZ258728_1_ORF2	1	1	38	41	TRUE	TRUE
GGTACCTTCAAGGGTT-1	OP549859_1_ORF1	0	0	1	2	FALSE	TRUE
GGTACCTTCCCATTGA-1	meGFP	0	0	1	1	FALSE	FALSE
GGTACCTTCCCTTACT-1	meGFP	0	0	1	1	FALSE	TRUE
GGTACCTTCCGTAATT-1	OP549859_1_ORF1	0	0	1	2	FALSE	TRUE
GGTACCTTCGTGAAGT-1	OZ258728_1_ORF1	0	0	1	1	FALSE	FALSE
GGTACCTTCTAGATGA-1	MZ286197_1_ORF1	1	1	10	10	TRUE	TRUE
GGTACCTTCTAGGCAG-1	OZ258728_1_ORF2	0	0	1	1	FALSE	FALSE
GGTACCTTCTTACCTC-1	meGFP	0	0	1	1	FALSE	FALSE
GGTACGATCAACTATC-1	OZ258728_1_ORF1	1	0	4	4	TRUE	TRUE
GGTACGATCCGGATGA-1	MZ286102_1_ORF2	1	0	5	5	TRUE	TRUE
GGTACGATCGTTACCA-1	OZ258728_1_ORF2	0	0	1	1	FALSE	FALSE
GGTACGATCGTTACTG-1	OZ258728_1_ORF2	0	0	1	1	FALSE	FALSE
GGTACGATCTCTATCC-1	OZ258728_1_ORF2	1	1	72	72	TRUE	TRUE
GGTACTGAGAAGCGTT-1	meGFP	0	0	1	1	FALSE	FALSE
GGTACTGAGCTTGACC-1	OZ258728_1_ORF1	0	0	1	1	FALSE	FALSE
GGTACTGAGGACGTTG-1	MZ286102_1_ORF1	0	0	2	2	TRUE	TRUE
GGTAGCATCACACACC-1	OP549859_1_ORF1	1	0	8	8	TRUE	TRUE
GGTAGCATCACCGCAT-1	MZ286102_1_ORF2	0	0	1	1	FALSE	TRUE
GGTAGCATCACGGGAC-1	MZ286197_1_ORF1	0	0	1	1	FALSE	FALSE
GGTAGCATCACGTTCA-1	meGFP	1	1	19	22	TRUE	FALSE
GGTAGCATCATCAATC-1	MZ286258_1_ORF2	1	1	10	10	TRUE	TRUE
GGTAGCATCCGTGATC-1	OZ258728_1_ORF2	0	0	1	1	FALSE	FALSE
GGTAGCATCCGTGGAA-1	OZ258728_1_ORF2	1	1	51	51	TRUE	TRUE
GGTAGCATCGACTCTA-1	MZ286102_1_ORF2	0	0	1	1	FALSE	FALSE
GGTAGCATCGAGCGAC-1	meGFP	0	0	1	1	FALSE	FALSE
GGTAGCATCGATCGCT-1	MZ286258_1_ORF1	1	0	8	9	TRUE	TRUE
GGTAGCATCGCGCCTA-1	MZ286102_1_ORF1	0	0	1	1	FALSE	TRUE
GGTAGCATCGCTATGC-1	meGFP	1	1	116	116	TRUE	TRUE
GGTAGCATCTTCGTAG-1	MZ286102_1_ORF2	1	0	9	9	TRUE	TRUE
GGTAGCCAGAAGGATG-1	OZ258728_1_ORF2	0	0	1	1	FALSE	FALSE
GGTAGCCAGAGCTAGT-1	OZ258728_1_ORF2	0	0	1	2	FALSE	TRUE
GGTAGCCAGAGGAAGC-1	OP549859_1_ORF2	0	0	1	1	FALSE	FALSE
GGTAGCCAGATACTGA-1	MZ286102_1_ORF2	1	0	7	7	TRUE	TRUE
GGTAGCCAGCACGGAC-1	OZ258728_1_ORF2	0	0	1	1	FALSE	TRUE
GGTAGCCAGCGTACCT-1	OZ258728_1_ORF2	0	0	1	1	FALSE	FALSE
GGTAGCCAGCTCATAT-1	MZ286197_1_ORF2	0	0	1	1	FALSE	FALSE
GGTAGCCAGCTCATGC-1	meGFP	0	0	1	1	FALSE	FALSE
GGTAGCCAGCTCCTGG-1	OZ258728_1_ORF2	2	2	52	67	TRUE	TRUE
GGTAGCCAGCTTGAGG-1	OZ258728_1_ORF2	0	0	1	1	FALSE	FALSE
GGTAGCCAGGAGTCTG-1	OZ258728_1_ORF2	1	1	97	97	TRUE	TRUE
GGTAGCCAGGCGTGGT-1	OZ258728_1_ORF1	0	0	1	1	FALSE	FALSE
GGTAGCCAGGGATGGG-1	MZ286258_1_ORF2	1	1	11	12	TRUE	TRUE
GGTAGCCAGTATCGAA-1	MZ286102_1_ORF2	0	0	1	2	FALSE	TRUE
GGTAGCCAGTGTAATG-1	OP549859_1_ORF2	1	0	4	4	TRUE	TRUE
GGTAGTCCAATTGCCT-1	MZ286102_1_ORF2	0	0	2	2	TRUE	TRUE
GGTAGTCCACCATGCC-1	OZ258728_1_ORF2	1	1	38	38	TRUE	TRUE
GGTAGTCCACTTGGAA-1	MZ286258_1_ORF2	1	0	8	8	TRUE	TRUE
GGTAGTCCAGAGCCTG-1	MZ286102_1_ORF2	2	0	5	9	FALSE	TRUE
GGTAGTCCAGATTGGC-1	OZ258728_1_ORF2	0	0	1	1	FALSE	FALSE
GGTAGTCCATAGACCA-1	OP549859_1_ORF1	0	0	1	1	FALSE	FALSE
GGTAGTGTCACCGCAT-1	OZ258728_1_ORF2	1	1	114	114	TRUE	TRUE
GGTAGTGTCACGTTCA-1	OZ258728_1_ORF2	0	0	1	1	FALSE	FALSE
GGTAGTGTCATTGCCA-1	OZ258728_1_ORF2	0	0	1	1	FALSE	TRUE
GGTAGTGTCCTCGACG-1	OZ258728_1_ORF2	0	0	1	1	FALSE	TRUE
GGTAGTGTCGACCTTA-1	MZ286197_1_ORF2	1	0	8	9	TRUE	TRUE
GGTAGTGTCGAGCAGC-1	OZ258728_1_ORF2	0	0	1	1	FALSE	FALSE
GGTATGAGTCAGCATT-1	OZ258728_1_ORF2	0	0	1	1	FALSE	FALSE
GGTATGAGTCGCTACA-1	OP549859_1_ORF1	1	0	6	7	TRUE	TRUE
GGTATGAGTGACCCTA-1	OZ258728_1_ORF2	0	0	2	4	FALSE	TRUE
GGTATGAGTGCAGCCT-1	OP549859_1_ORF1	1	1	17	19	TRUE	TRUE
GGTATGAGTGGCGTGA-1	MZ286258_1_ORF1	0	0	1	1	FALSE	TRUE
GGTATGAGTTTCATCT-1	MZ286188_1_ORF2	0	0	3	3	TRUE	TRUE
GGTATGTAGACGCCTT-1	OP549859_1_ORF1	1	1	32	32	TRUE	TRUE
GGTATGTAGATAGTCA-1	MZ286197_1_ORF1	0	0	1	1	FALSE	TRUE
GGTATGTAGCACGGAC-1	MZ286102_1_ORF2	0	0	2	3	FALSE	TRUE
GGTATGTAGGATAGAG-1	MZ286197_1_ORF2	0	0	2	2	TRUE	TRUE
GGTATGTAGGGTGTCA-1	OZ258728_1_ORF1	0	0	1	1	FALSE	TRUE
GGTATTGCAACGGCCA-1	OZ258728_1_ORF1	0	0	2	3	FALSE	TRUE
GGTATTGCAATTCGGA-1	MZ286258_1_ORF1	0	0	1	1	FALSE	TRUE
GGTATTGCACGCTACC-1	MZ286197_1_ORF1	1	1	31	32	TRUE	TRUE
GGTATTGCACTTCAAC-1	MZ286188_1_ORF1	0	0	1	1	FALSE	FALSE
GGTATTGCAGTCCCGT-1	MZ286102_1_ORF2	0	0	1	1	FALSE	FALSE
GGTATTGCATATGCTC-1	MZ286258_1_ORF2	0	0	1	1	FALSE	FALSE
GGTATTGCATTGACCT-1	MZ286188_1_ORF2	0	0	3	4	TRUE	TRUE
GGTCAAAGTCTCCTCG-1	MZ286197_1_ORF1	1	1	50	50	TRUE	TRUE
GGTCAAAGTGAGACCG-1	MZ286197_1_ORF1	1	1	43	43	TRUE	TRUE
GGTCAAAGTGAGTTAG-1	MZ286188_1_ORF2	0	0	2	2	TRUE	TRUE
GGTCAAAGTGGAAGGA-1	meGFP	0	0	1	1	FALSE	FALSE
GGTCAAAGTTACTTGA-1	MZ286102_1_ORF2	2	2	16	30	FALSE	TRUE
GGTCAACCAATTGCAG-1	MZ286102_1_ORF2	0	0	1	1	FALSE	FALSE
GGTCAACCACAAGGGA-1	OP549859_1_ORF2	1	0	4	5	TRUE	TRUE
GGTCAACCACGGATCG-1	MZ286197_1_ORF1	0	0	1	1	FALSE	FALSE
GGTCAACCACTGACTT-1	meGFP	0	0	1	1	FALSE	FALSE
GGTCAACCAGCCCGAA-1	OZ258728_1_ORF2	1	1	53	53	TRUE	TRUE
GGTCAACCATCATAGG-1	MZ286197_1_ORF1	0	0	1	1	FALSE	TRUE
GGTCAACCATGAGGAG-1	OP549859_1_ORF1	0	0	2	2	TRUE	FALSE
GGTCAACCATGTCTGT-1	meGFP	0	0	1	1	FALSE	FALSE
GGTCAGGGTCAGCCGT-1	OZ258728_1_ORF2	0	0	1	1	FALSE	FALSE
GGTCAGGGTCGGGACA-1	OZ258728_1_ORF2	0	0	1	1	FALSE	FALSE
GGTCAGGGTGAAGCCG-1	OZ258728_1_ORF2	0	0	1	1	FALSE	FALSE
GGTCAGGGTGCTTCCT-1	MZ286197_1_ORF1	0	0	1	1	FALSE	TRUE
GGTCAGGGTGGCGCAA-1	MZ286258_1_ORF2	1	1	27	27	TRUE	TRUE
GGTCATACAATCACGA-1	OZ258728_1_ORF2	0	0	1	1	FALSE	TRUE
GGTCATACACCGTTCA-1	meGFP	0	0	1	1	FALSE	FALSE
GGTCATACACGCTACC-1	MZ286197_1_ORF2	1	0	4	4	TRUE	TRUE
GGTCATACACTAGGCG-1	OZ258728_1_ORF1	0	0	1	1	FALSE	TRUE
GGTCATACATCCAGCC-1	MZ286102_1_ORF2	0	0	1	1	FALSE	FALSE
GGTCATACATTACTCA-1	OP549859_1_ORF2	0	0	1	1	FALSE	TRUE
GGTCATACATTGGATG-1	OZ258728_1_ORF2	2	1	52	57	TRUE	TRUE
GGTCCCCAGCGCTTAC-1	OZ258728_1_ORF2	0	0	1	1	FALSE	TRUE
GGTCCCCAGGAATCTA-1	MZ286102_1_ORF2	1	1	11	11	TRUE	TRUE
GGTCCCCAGGTCCACT-1	OZ258728_1_ORF2	0	0	1	1	FALSE	FALSE
GGTCCCCAGGTCTACC-1	meGFP	0	0	2	2	TRUE	TRUE
GGTCCCCAGTATAGGC-1	MZ286102_1_ORF1	0	0	1	1	FALSE	TRUE
GGTCCCCAGTATCGAA-1	OP549859_1_ORF1	0	0	2	2	TRUE	TRUE
GGTCCCCAGTGGGTTG-1	MZ286102_1_ORF2	1	1	18	18	TRUE	TRUE
GGTCCCTCAACTCTAC-1	OZ258728_1_ORF1	0	0	2	2	TRUE	TRUE
GGTCCCTCAAGCCATA-1	meGFP	0	0	1	1	FALSE	TRUE
GGTCCCTCACAACGGT-1	MZ286102_1_ORF2	0	0	3	3	TRUE	TRUE
GGTCCCTCAGATTCGA-1	OP549859_1_ORF2	1	1	13	15	TRUE	TRUE
GGTCCCTCAGGCAACT-1	MZ286258_1_ORF2	1	1	25	26	TRUE	TRUE
GGTCCCTCAGGGTAAG-1	MZ286197_1_ORF2	0	0	1	1	FALSE	TRUE
GGTCCCTCAGGTAGCT-1	MZ286258_1_ORF2	0	0	1	1	FALSE	TRUE
GGTCCGTGTCCGTCAA-1	OZ258728_1_ORF2	0	0	1	1	FALSE	FALSE
GGTCCGTGTCTGGTCA-1	OP549859_1_ORF2	0	0	3	3	TRUE	TRUE
GGTCCGTGTCTTGCAG-1	OZ258728_1_ORF1	0	0	2	3	FALSE	TRUE
GGTCCGTGTTATCCAA-1	MZ286102_1_ORF2	0	0	1	1	FALSE	TRUE
GGTCCGTGTTCGCTGA-1	MZ286197_1_ORF1	1	0	8	8	TRUE	TRUE
GGTCCGTGTTGGACTT-1	OZ258728_1_ORF2	0	0	1	1	FALSE	FALSE
GGTCCGTGTTGTACGT-1	MZ286197_1_ORF1	0	0	3	3	TRUE	TRUE
GGTCCGTGTTGTCTGG-1	MZ286258_1_ORF2	0	0	1	1	FALSE	FALSE
GGTCTTGGTCGAGAGT-1	OZ258728_1_ORF2	1	0	9	9	TRUE	FALSE
GGTCTTGGTCTGGTCA-1	OP549859_1_ORF1	0	0	1	1	FALSE	FALSE
GGTCTTGGTGATCGTT-1	MZ286258_1_ORF1	0	0	1	1	FALSE	TRUE
GGTCTTGGTGTCAGTT-1	OZ258728_1_ORF2	0	0	1	1	FALSE	FALSE
GGTGAAGCAAACTTCC-1	MZ286258_1_ORF2	1	1	10	10	TRUE	TRUE
GGTGAAGCACAATCCT-1	meGFP	0	0	1	1	FALSE	FALSE
GGTGAAGCACCGCAAG-1	OZ258728_1_ORF2	0	0	1	1	FALSE	TRUE
GGTGAAGCACCGGATG-1	OP549859_1_ORF1	0	0	3	3	TRUE	TRUE
GGTGAAGCACCTGTGC-1	MZ286102_1_ORF2	0	0	1	1	FALSE	FALSE
GGTGAAGCACGCCTGT-1	MZ286188_1_ORF2	0	0	2	4	FALSE	TRUE
GGTGAAGCAGCAGGAA-1	MZ286102_1_ORF1	0	0	3	3	TRUE	FALSE
GGTGAAGCAGGCATTA-1	MZ286102_1_ORF2	1	0	5	5	TRUE	TRUE
GGTGAAGCATAGATAC-1	OP549859_1_ORF1	2	1	51	55	TRUE	TRUE
GGTGAAGCATGTCGAA-1	MZ286197_1_ORF2	1	0	5	6	TRUE	TRUE
GGTGGAACAACATCCT-1	OZ258728_1_ORF2	0	0	1	1	FALSE	TRUE
GGTGGAACACGTGGAT-1	OZ258728_1_ORF2	0	0	1	1	FALSE	FALSE
GGTGGAACAGCTGATA-1	meGFP	0	0	1	1	FALSE	FALSE
GGTGGAGAGACGCCTT-1	MZ286102_1_ORF2	1	0	6	7	TRUE	TRUE
GGTGGAGAGATACTGA-1	OP549859_1_ORF2	0	0	1	3	FALSE	TRUE
GGTGGAGAGCAAGTAC-1	OP549859_1_ORF2	0	0	1	1	FALSE	TRUE
GGTGGAGAGCCTAATT-1	OZ258728_1_ORF2	1	1	47	47	TRUE	TRUE
GGTGGAGAGCGCAAGC-1	OZ258728_1_ORF2	0	0	1	1	FALSE	FALSE
GGTGGAGAGGCAGGGA-1	OZ258728_1_ORF2	0	0	1	1	FALSE	FALSE
GGTGGATGTACCGATT-1	OP549859_1_ORF1	0	0	1	1	FALSE	FALSE
GGTGGATGTAGTCCTG-1	MZ286102_1_ORF2	0	0	1	1	FALSE	FALSE
GGTGGATGTATACTGC-1	MZ286188_1_ORF1	1	1	11	12	TRUE	TRUE
GGTGGATGTCCTCACT-1	OZ258728_1_ORF2	1	1	17	17	TRUE	TRUE
GGTGGATGTCGCGAGA-1	OZ258728_1_ORF1	3	1	27	38	FALSE	TRUE
GGTGGATGTGAGAGCT-1	OP549859_1_ORF1	1	1	70	70	TRUE	TRUE
GGTGGATGTGCTATGT-1	MZ286102_1_ORF1	1	1	36	36	TRUE	TRUE
GGTGGATGTTATGCAC-1	OZ258728_1_ORF2	0	0	1	1	FALSE	TRUE
GGTGGATGTTCGGTTG-1	MZ286258_1_ORF1	0	0	2	3	FALSE	TRUE
GGTGGATGTTGGACCC-1	MZ286102_1_ORF1	0	0	1	1	FALSE	FALSE
GGTGGATGTTTCAAGC-1	OZ258728_1_ORF2	0	0	2	2	TRUE	FALSE
GGTGGATGTTTCAGTA-1	OZ258728_1_ORF1	0	0	1	1	FALSE	TRUE
GGTGGCAGTACGCCTA-1	OP549859_1_ORF1	1	1	23	23	TRUE	TRUE
GGTGGCAGTAGGCTCC-1	OZ258728_1_ORF2	0	0	1	1	FALSE	FALSE
GGTGGCAGTAGGTCAA-1	OZ258728_1_ORF2	0	0	2	2	TRUE	TRUE
GGTGGCAGTCAATCTA-1	MZ286258_1_ORF2	0	0	1	1	FALSE	TRUE
GGTGGCAGTCATACTA-1	MZ286102_1_ORF1	0	0	1	1	FALSE	TRUE
GGTGGCAGTCCACGGT-1	MZ286102_1_ORF2	0	0	2	3	FALSE	TRUE
GGTGGCAGTCTGGTCA-1	OP549859_1_ORF1	1	1	103	103	TRUE	TRUE
GGTGGCAGTGGGATTA-1	OP549859_1_ORF1	0	0	1	1	FALSE	FALSE
GGTGGCAGTTCCGTTC-1	MZ286258_1_ORF1	0	0	2	2	TRUE	FALSE
GGTGGCAGTTGTACGT-1	OP549859_1_ORF1	0	0	1	1	FALSE	FALSE
GGTGGCAGTTTACGAC-1	MZ286102_1_ORF2	1	0	4	4	TRUE	TRUE
GGTGGCAGTTTAGGCT-1	OZ258728_1_ORF1	0	0	1	1	FALSE	FALSE
GGTGTGGGTCACTAAC-1	MZ286188_1_ORF1	0	0	1	1	FALSE	FALSE
GGTGTGGGTCGATGAA-1	OZ258728_1_ORF2	1	1	33	33	TRUE	TRUE
GGTGTGGGTGCATGAA-1	meGFP	0	0	1	1	FALSE	TRUE
GGTGTGGGTGTGGATA-1	meGFP	0	0	2	2	TRUE	TRUE
GGTGTGGGTGTTCGGC-1	OZ258728_1_ORF2	0	0	1	1	FALSE	TRUE
GGTGTGGGTTAGGCAA-1	OZ258728_1_ORF2	0	0	1	1	FALSE	FALSE
GGTGTGGGTTGGACCC-1	OZ258728_1_ORF2	1	1	25	26	TRUE	TRUE
GGTGTGTCAGGGTCTG-1	OZ258728_1_ORF2	0	0	1	1	FALSE	FALSE
GGTGTGTCAGTACGGT-1	OZ258728_1_ORF2	0	0	1	1	FALSE	FALSE
GGTGTGTCATAGCGCG-1	MZ286258_1_ORF2	1	0	5	6	TRUE	TRUE
GGTGTGTCATATGCTC-1	meGFP	0	0	1	1	FALSE	TRUE
GGTGTGTCATCGCATT-1	OZ258728_1_ORF2	0	0	1	1	FALSE	FALSE
GGTGTGTCATGCGTGG-1	OZ258728_1_ORF2	0	0	2	2	TRUE	FALSE
GGTGTGTCATGGCCTC-1	OZ258728_1_ORF2	0	0	1	1	FALSE	TRUE
GGTGTGTCATGTCCAT-1	MZ286102_1_ORF2	1	0	8	9	TRUE	TRUE
GGTGTTGAGAAGGACA-1	OZ258728_1_ORF2	0	0	1	1	FALSE	FALSE
GGTGTTGAGCAAGCTG-1	MZ286258_1_ORF1	0	0	1	1	FALSE	FALSE
GGTGTTGAGCCTAATT-1	OZ258728_1_ORF2	0	0	1	1	FALSE	FALSE
GGTGTTGAGCGATTAA-1	OP549859_1_ORF2	0	0	1	2	FALSE	TRUE
GGTGTTGAGTCATTAC-1	OP549859_1_ORF1	0	0	1	1	FALSE	FALSE
GGTTAAATCAACCGGA-1	OZ258728_1_ORF1	0	0	1	2	FALSE	TRUE
GGTTAAATCATCCGGT-1	OP549859_1_ORF2	0	0	2	2	TRUE	TRUE
GGTTAAATCCCGCAAT-1	OZ258728_1_ORF2	0	0	1	1	FALSE	FALSE
GGTTAAATCGCCAGTT-1	OZ258728_1_ORF2	0	0	1	1	FALSE	TRUE
GGTTAGGTCATAGAGC-1	OP549859_1_ORF2	1	0	8	8	TRUE	TRUE
GGTTAGGTCTAGATGA-1	meGFP	1	1	12	12	TRUE	TRUE
GGTTAGGTCTGTAATC-1	meGFP	0	0	1	1	FALSE	FALSE
GGTTCATGTAAGGTAT-1	OZ258728_1_ORF2	1	1	25	28	TRUE	TRUE
GGTTCATGTACCCAAT-1	OZ258728_1_ORF1	0	0	1	3	FALSE	TRUE
GGTTCATGTAGCACTT-1	MZ286258_1_ORF2	1	1	30	33	TRUE	TRUE
GGTTCATGTGATCCTG-1	MZ286197_1_ORF1	1	0	8	9	TRUE	TRUE
GGTTCATGTGATTGCT-1	MZ286258_1_ORF2	0	0	1	1	FALSE	FALSE
GGTTCATGTGGAAGGA-1	meGFP	1	1	33	33	TRUE	TRUE
GGTTCATGTGGCCATC-1	MZ286188_1_ORF2	1	0	7	7	TRUE	TRUE
GGTTCATGTGGCGTCT-1	OP549859_1_ORF1	1	0	5	5	TRUE	TRUE
GGTTCATGTTCTATGA-1	MZ286197_1_ORF1	0	0	1	1	FALSE	TRUE
GGTTCCCCAACCCAGG-1	meGFP	0	0	1	1	FALSE	FALSE
GGTTCCCCAAGACTAT-1	MZ286197_1_ORF1	0	0	1	1	FALSE	TRUE
GGTTCCCCAAGATGAA-1	MZ286258_1_ORF2	0	0	2	2	TRUE	TRUE
GGTTCCCCAATCCAAG-1	MZ286102_1_ORF1	1	0	4	4	TRUE	FALSE
GGTTCCCCAGATTAAC-1	MZ286102_1_ORF1	1	1	12	12	TRUE	TRUE
GGTTCCCCAGCATCAA-1	MZ286197_1_ORF1	1	1	54	55	TRUE	TRUE
GGTTCCCCAGCTGATA-1	OP549859_1_ORF1	1	0	5	5	TRUE	TRUE
GGTTCCCCAGTGAATT-1	OZ258728_1_ORF2	0	0	1	1	FALSE	FALSE
GGTTCCCCAGTGTCCC-1	meGFP	0	0	1	1	FALSE	TRUE
GGTTCCCCAGTTCGTT-1	OZ258728_1_ORF1	0	0	1	1	FALSE	FALSE
GGTTCCCCATAAGCCA-1	OP549859_1_ORF2	0	0	2	2	TRUE	TRUE
GGTTCCCCATTGGACA-1	MZ286102_1_ORF2	0	0	1	1	FALSE	TRUE
GGTTGAGTCCACGCAT-1	OZ258728_1_ORF2	0	0	1	1	FALSE	FALSE
GGTTGAGTCCGCGCTA-1	MZ286102_1_ORF2	0	0	1	1	FALSE	FALSE
GGTTGAGTCCGTAGCT-1	MZ286102_1_ORF2	1	0	4	4	TRUE	TRUE
GGTTGAGTCCTCATAG-1	OZ258728_1_ORF2	0	0	1	1	FALSE	FALSE
GGTTGAGTCGAATGGT-1	meGFP	0	0	1	1	FALSE	FALSE
GGTTGAGTCGCGGAGT-1	OP549859_1_ORF1	0	0	1	1	FALSE	FALSE
GGTTGAGTCTCAGTGC-1	MZ286102_1_ORF2	1	0	7	8	TRUE	TRUE
GGTTGCTTCCGTACCG-1	MZ286102_1_ORF1	0	0	1	1	FALSE	TRUE
GGTTGCTTCGAGCGAC-1	MZ286197_1_ORF1	1	1	54	54	TRUE	TRUE
GGTTGCTTCGCTAGTC-1	MZ286102_1_ORF1	0	0	1	1	FALSE	TRUE
GGTTGCTTCTGGAAGT-1	MZ286188_1_ORF2	0	0	1	1	FALSE	FALSE
GGTTGCTTCTGGTTGC-1	OZ258728_1_ORF2	0	0	1	1	FALSE	FALSE
GGTTGGATCAATCGCC-1	meGFP	1	1	64	64	TRUE	TRUE
GGTTGGATCACTAATC-1	OP549859_1_ORF1	1	1	32	32	TRUE	TRUE
GGTTGGATCAGGACGC-1	meGFP	1	0	4	4	TRUE	TRUE
GGTTGGATCATCCGGT-1	MZ286258_1_ORF1	1	1	18	18	TRUE	TRUE
GGTTGGATCCCCGTGA-1	MZ286197_1_ORF1	0	0	3	3	TRUE	TRUE
GGTTGGATCGATCCCG-1	OZ258728_1_ORF1	1	0	9	9	TRUE	TRUE
GGTTGGATCGCATCGT-1	meGFP	0	0	1	1	FALSE	FALSE
GGTTGGATCGTAGACG-1	MZ286188_1_ORF2	0	0	1	1	FALSE	TRUE
GGTTGGATCTAACCAT-1	MZ286258_1_ORF2	1	1	20	20	TRUE	TRUE
GGTTGGATCTGGCTTA-1	OZ258728_1_ORF2	1	1	44	47	TRUE	TRUE
GGTTGGATCTGTGCGT-1	OZ258728_1_ORF2	0	0	3	3	TRUE	TRUE
GGTTGGGGTAATGCAG-1	OZ258728_1_ORF2	0	0	1	1	FALSE	FALSE
GGTTGGGGTAGACCAA-1	OZ258728_1_ORF2	0	0	1	1	FALSE	FALSE
GGTTGGGGTAGCGTGG-1	meGFP	1	1	92	93	TRUE	TRUE
GGTTGGGGTCAAGCCC-1	OZ258728_1_ORF2	0	0	1	1	FALSE	FALSE
GGTTGGGGTCAAGTTC-1	MZ286197_1_ORF1	1	0	7	8	TRUE	TRUE
GGTTGGGGTCTTGGGC-1	MZ286197_1_ORF1	1	1	61	61	TRUE	TRUE
GGTTGGGGTGATCGTT-1	meGFP	0	0	1	1	FALSE	FALSE
GGTTGGGGTGGAAGGA-1	meGFP	0	0	1	1	FALSE	FALSE
GGTTGGGGTGGCTTGC-1	OZ258728_1_ORF1	0	0	1	1	FALSE	FALSE
GGTTGGGGTGTACCGC-1	OZ258728_1_ORF1	0	0	1	1	FALSE	TRUE
GGTTGGGGTTCGTCTC-1	MZ286102_1_ORF2	1	1	14	15	TRUE	TRUE
GGTTGGGGTTGGAGCG-1	OZ258728_1_ORF1	0	0	1	1	FALSE	FALSE
GGTTGGGGTTGGGATA-1	meGFP	0	0	1	1	FALSE	TRUE
GGTTGGGGTTGTACGT-1	MZ286197_1_ORF1	0	0	1	1	FALSE	FALSE
GGTTGGGGTTTCAAGC-1	OZ258728_1_ORF2	0	0	1	1	FALSE	FALSE
GGTTGTGAGAGGTTAC-1	OZ258728_1_ORF2	1	1	67	67	TRUE	TRUE
GGTTGTGAGCTCATAT-1	MZ286258_1_ORF2	0	0	3	3	TRUE	TRUE
GGTTGTGAGGACACCA-1	OZ258728_1_ORF2	0	0	1	1	FALSE	FALSE
GGTTGTGAGGACGTTG-1	MZ286197_1_ORF2	0	0	1	1	FALSE	TRUE
GGTTGTGAGGCATCCT-1	OZ258728_1_ORF1	0	0	1	1	FALSE	FALSE
GGTTGTGAGGCATGTG-1	meGFP	1	1	33	33	TRUE	TRUE
GGTTGTGAGTTCGAGG-1	OZ258728_1_ORF2	1	0	8	8	TRUE	TRUE
GGTTGTGAGTTGGCCT-1	MZ286258_1_ORF2	0	0	1	1	FALSE	FALSE
GGTTTACGTATTGGCT-1	OZ258728_1_ORF1	1	0	7	8	TRUE	TRUE
GGTTTACGTCCCTTCG-1	OZ258728_1_ORF2	0	0	1	1	FALSE	FALSE
GGTTTACGTGAACGAC-1	MZ286188_1_ORF1	0	0	2	2	TRUE	TRUE
GGTTTACGTGAGGAGA-1	MZ286197_1_ORF2	1	0	9	9	TRUE	TRUE
GGTTTACGTGCTTAGT-1	OP549859_1_ORF2	1	0	5	6	TRUE	TRUE
GGTTTACGTGTTGCGC-1	MZ286102_1_ORF2	0	0	1	1	FALSE	TRUE
GGTTTACGTTAGGGTA-1	meGFP	1	1	27	29	TRUE	TRUE
GGTTTACGTTTGCCCT-1	MZ286188_1_ORF2	0	0	2	4	FALSE	TRUE
GGTTTCATCCTCTACT-1	OP549859_1_ORF1	0	0	1	1	FALSE	FALSE
GGTTTCATCGGACCAA-1	MZ286258_1_ORF2	0	0	1	1	FALSE	FALSE
GGTTTCATCGGCTCCA-1	meGFP	0	0	2	2	TRUE	TRUE
GGTTTCATCGGGATCA-1	MZ286258_1_ORF2	1	1	26	26	TRUE	TRUE
GGTTTCATCTAATGGA-1	OP549859_1_ORF1	0	0	1	1	FALSE	FALSE
GGTTTCCAGGCATGTG-1	OZ258728_1_ORF2	0	0	1	1	FALSE	TRUE
GGTTTCCAGGCTCTGT-1	MZ286102_1_ORF2	1	1	14	14	TRUE	TRUE
GGTTTCCAGGGCGTGT-1	OZ258728_1_ORF2	0	0	1	1	FALSE	TRUE
GGTTTCCAGTCAGCAG-1	MZ286102_1_ORF2	0	0	1	1	FALSE	FALSE
GGTTTGACAAACGTAT-1	OZ258728_1_ORF2	0	0	1	1	FALSE	TRUE
GGTTTGACACTTGGAA-1	MZ286197_1_ORF2	0	0	3	4	TRUE	TRUE
GGTTTGACAGTTCGGG-1	MZ286197_1_ORF1	0	0	1	1	FALSE	TRUE
GGTTTGACAGTTGGTA-1	MZ286188_1_ORF1	0	0	1	1	FALSE	FALSE
GGTTTGGAGCACGTAG-1	meGFP	0	0	1	1	FALSE	TRUE
GGTTTGGAGGCATGTG-1	meGFP	0	0	1	1	FALSE	TRUE
GGTTTGGAGTTCGGCT-1	MZ286258_1_ORF2	1	0	9	9	TRUE	TRUE
GTAAACCAGCATCACC-1	meGFP	0	0	1	1	FALSE	FALSE
GTAAACCAGCATCCGT-1	OZ258728_1_ORF2	0	0	1	1	FALSE	FALSE
GTAAACCAGCATTGGG-1	OZ258728_1_ORF1	0	0	1	1	FALSE	TRUE
GTAAACCAGCCTGTAC-1	MZ286258_1_ORF2	0	0	1	1	FALSE	TRUE
GTAAACCAGGAATGTC-1	MZ286258_1_ORF2	0	0	1	2	FALSE	TRUE
GTAAACCAGGCACTTC-1	meGFP	0	0	1	1	FALSE	TRUE
GTAAACCAGGGACTCA-1	MZ286102_1_ORF2	0	0	1	1	FALSE	TRUE
GTAAACGGTCACCAGC-1	MZ286102_1_ORF2	0	0	1	1	FALSE	FALSE
GTAAACGGTCCATTAA-1	MZ286258_1_ORF1	1	0	6	6	TRUE	FALSE
GTAAACGGTCTTGCAG-1	OP549859_1_ORF1	1	0	4	4	TRUE	TRUE
GTAAACGGTGAGGAGA-1	OP549859_1_ORF2	0	0	1	3	FALSE	TRUE
GTAAACGGTGCCTAAT-1	meGFP	0	0	1	1	FALSE	FALSE
GTAAACGGTGGAGAGA-1	OZ258728_1_ORF2	0	0	1	1	FALSE	TRUE
GTAAACGGTTAGGCAA-1	OP549859_1_ORF1	0	0	1	1	FALSE	TRUE
GTAAACGGTTGTACGT-1	MZ286258_1_ORF2	0	0	3	3	TRUE	TRUE
GTAAACGGTTTCCTGC-1	meGFP	1	1	19	19	TRUE	TRUE
GTAAATCCACAAGGCT-1	OP549859_1_ORF1	1	1	11	11	TRUE	FALSE
GTAAATCCACATGCGG-1	MZ286258_1_ORF1	0	0	1	1	FALSE	TRUE
GTAAATCCACCCAACC-1	MZ286258_1_ORF2	0	0	1	1	FALSE	FALSE
GTAAATCCACGTTAAG-1	OZ258728_1_ORF2	0	0	1	1	FALSE	FALSE
GTAAATCCAGGGACTT-1	OP549859_1_ORF2	0	0	3	3	TRUE	TRUE
GTAAATCCAGTACCAA-1	MZ286102_1_ORF2	1	1	18	19	TRUE	TRUE
GTAAATCCATGCAGGT-1	OP549859_1_ORF2	0	0	2	2	TRUE	TRUE
GTAAATCCATTCATTG-1	OZ258728_1_ORF2	0	0	2	3	FALSE	TRUE
GTAACGCCAAGATGGG-1	MZ286102_1_ORF2	0	0	3	7	FALSE	TRUE
GTAACGCCAAGGGTAG-1	OP549859_1_ORF2	0	0	2	2	TRUE	TRUE
GTAACGCCACCAAGCG-1	OZ258728_1_ORF2	0	0	1	2	FALSE	TRUE
GTAACGCCACCTCGAC-1	MZ286258_1_ORF1	0	0	1	1	FALSE	FALSE
GTAACGCCAGAGCTTA-1	MZ286258_1_ORF2	0	0	2	3	FALSE	TRUE
GTAACGCCATAATCCC-1	meGFP	0	0	1	1	FALSE	TRUE
GTAACTGCAATGTAGT-1	OZ258728_1_ORF1	0	0	1	1	FALSE	FALSE
GTAACTGCACTCACAT-1	MZ286197_1_ORF2	0	0	1	2	FALSE	TRUE
GTAACTGCATGTCGAA-1	MZ286102_1_ORF1	1	0	6	6	TRUE	TRUE
GTAACTTTCACCGTTA-1	meGFP	0	0	1	1	FALSE	FALSE
GTAACTTTCATGATCT-1	OZ258728_1_ORF2	0	0	1	1	FALSE	FALSE
GTAACTTTCCCCGACA-1	MZ286197_1_ORF2	0	0	2	3	FALSE	TRUE
GTAACTTTCGATTCAT-1	OZ258728_1_ORF2	0	0	1	1	FALSE	FALSE
GTAACTTTCGCTTGAC-1	OZ258728_1_ORF1	0	0	1	1	FALSE	FALSE
GTAACTTTCTAATTGC-1	OP549859_1_ORF2	0	0	2	2	TRUE	FALSE
GTAACTTTCTCGATCA-1	OZ258728_1_ORF2	0	0	1	1	FALSE	TRUE
GTACAACAGAGATAGG-1	MZ286102_1_ORF2	1	1	18	18	TRUE	TRUE
GTACAACAGAGGCATT-1	MZ286258_1_ORF2	1	0	7	7	TRUE	TRUE
GTACAACAGGACGTTG-1	meGFP	0	0	1	1	FALSE	TRUE
GTACAACAGGAGTGCC-1	OZ258728_1_ORF2	0	0	1	1	FALSE	TRUE
GTACAACAGGATCACG-1	MZ286258_1_ORF2	0	0	1	1	FALSE	TRUE
GTACAACAGGGATGAA-1	MZ286258_1_ORF1	1	0	4	4	TRUE	TRUE
GTACAACAGGTTCGGA-1	MZ286102_1_ORF2	0	0	1	1	FALSE	TRUE
GTACAACAGTGCAACG-1	OP549859_1_ORF2	0	0	1	1	FALSE	TRUE
GTACAACAGTGGATTA-1	MZ286188_1_ORF1	0	0	1	1	FALSE	TRUE
GTACAACAGTTACCGC-1	OZ258728_1_ORF2	2	1	50	59	TRUE	TRUE
GTACAAGGTACGTAAG-1	OP549859_1_ORF1	1	0	6	6	TRUE	TRUE
GTACAAGGTAGTCCTG-1	OP549859_1_ORF2	0	0	1	1	FALSE	TRUE
GTACAAGGTATGGTTC-1	MZ286188_1_ORF1	0	0	1	1	FALSE	FALSE
GTACAAGGTCTTACCC-1	MZ286102_1_ORF1	1	0	7	7	TRUE	TRUE
GTACAAGGTTCGATTA-1	MZ286188_1_ORF2	0	0	1	2	FALSE	TRUE
GTACAAGGTTCGTGCA-1	OP549859_1_ORF1	0	0	1	1	FALSE	FALSE
GTACAATCAACTATGG-1	OZ258728_1_ORF2	0	0	3	3	TRUE	TRUE
GTACAATCACTATCGT-1	OZ258728_1_ORF2	0	0	1	1	FALSE	TRUE
GTACAATCAGTTGGTA-1	meGFP	0	0	1	2	FALSE	TRUE
GTACAATCATATGCTC-1	meGFP	0	0	1	1	FALSE	TRUE
GTACAATCATCAAGTG-1	meGFP	0	0	1	1	FALSE	FALSE
GTACAATCATCAGAGC-1	OZ258728_1_ORF2	1	0	6	6	TRUE	TRUE
GTACAATCATCCGCAC-1	MZ286102_1_ORF1	0	0	1	2	FALSE	TRUE
GTACTGTGTAACCCTG-1	MZ286102_1_ORF2	1	0	8	8	TRUE	TRUE
GTACTGTGTAATGCAG-1	MZ286258_1_ORF2	1	1	12	12	TRUE	TRUE
GTACTGTGTACCTAGT-1	OZ258728_1_ORF2	0	0	1	1	FALSE	TRUE
GTACTGTGTAGCGAGT-1	MZ286197_1_ORF1	0	0	3	3	TRUE	TRUE
GTACTGTGTGCCCGAT-1	OP549859_1_ORF2	1	0	5	5	TRUE	TRUE
GTACTGTGTTCCACTC-1	OP549859_1_ORF2	0	0	3	3	TRUE	TRUE
GTACTGTGTTCCCAGA-1	OP549859_1_ORF1	0	0	1	1	FALSE	FALSE
GTACTGTGTTGCAATC-1	MZ286197_1_ORF1	0	0	1	1	FALSE	FALSE
GTACTGTGTTTGAACC-1	MZ286102_1_ORF2	0	0	1	2	FALSE	TRUE
GTAGACCCAAACTGTG-1	MZ286258_1_ORF2	1	0	6	6	TRUE	TRUE
GTAGACCCAACCTCAT-1	meGFP	0	0	1	1	FALSE	FALSE
GTAGACCCACTCATAC-1	OZ258728_1_ORF1	0	0	2	2	TRUE	FALSE
GTAGACCCACTGAGGT-1	MZ286258_1_ORF2	0	0	1	1	FALSE	FALSE
GTAGACCCAGGCTATA-1	OZ258728_1_ORF2	0	0	2	2	TRUE	TRUE
GTAGACCCAGTACGGT-1	MZ286102_1_ORF2	1	0	5	5	TRUE	TRUE
GTAGACCCATTGGATG-1	MZ286102_1_ORF1	0	0	1	1	FALSE	FALSE
GTAGAGGCAACTGCCC-1	OP549859_1_ORF1	0	0	1	1	FALSE	TRUE
GTAGAGGCAATGGCTA-1	MZ286258_1_ORF2	1	0	8	8	TRUE	TRUE
GTAGAGGCACCGGATG-1	meGFP	0	0	1	1	FALSE	FALSE
GTAGAGGCACGCCATC-1	OZ258728_1_ORF2	0	0	1	1	FALSE	TRUE
GTAGCATAGCTAGAGT-1	MZ286258_1_ORF1	0	0	1	1	FALSE	TRUE
GTAGCATAGCTATACT-1	MZ286258_1_ORF1	1	0	7	8	TRUE	TRUE
GTAGCATAGGTTCCCG-1	OZ258728_1_ORF2	0	0	1	1	FALSE	FALSE
GTAGGAGCAATGTCCT-1	MZ286188_1_ORF1	1	1	24	24	TRUE	TRUE
GTAGGAGCAGCCTCGT-1	meGFP	0	0	1	1	FALSE	FALSE
GTAGGAGCAGCGCTTC-1	meGFP	0	0	2	2	TRUE	TRUE
GTAGGAGCATAGGCAC-1	MZ286102_1_ORF1	1	1	37	37	TRUE	TRUE
GTAGGAGCATCAGTCT-1	MZ286197_1_ORF1	0	0	1	1	FALSE	FALSE
GTAGGAGCATGGCTGG-1	OZ258728_1_ORF2	0	0	1	2	FALSE	TRUE
GTAGGCTCAAAGTCAT-1	OP549859_1_ORF1	0	0	1	1	FALSE	TRUE
GTAGGCTCAATACCGA-1	meGFP	0	0	1	1	FALSE	FALSE
GTAGGCTCAGGAAGTG-1	MZ286197_1_ORF2	1	1	15	15	TRUE	TRUE
GTAGGCTCATGACGGT-1	MZ286258_1_ORF2	1	0	5	5	TRUE	TRUE
GTAGGTAGTAACCGAA-1	MZ286258_1_ORF2	1	1	14	14	TRUE	TRUE
GTAGGTAGTAGTATCC-1	OZ258728_1_ORF2	0	0	1	1	FALSE	FALSE
GTAGGTAGTGATCCCA-1	MZ286102_1_ORF2	0	0	1	1	FALSE	FALSE
GTAGGTAGTGCCGGAA-1	MZ286102_1_ORF1	0	0	1	2	FALSE	TRUE
GTAGGTAGTTCGTGCA-1	MZ286258_1_ORF1	1	1	46	47	TRUE	TRUE
GTAGGTAGTTTGCCCT-1	MZ286188_1_ORF1	1	1	11	12	TRUE	TRUE
GTAGGTTAGAGGACTT-1	meGFP	1	1	15	15	TRUE	TRUE
GTAGGTTAGATCAAGC-1	OP549859_1_ORF1	0	0	1	1	FALSE	FALSE
GTAGGTTAGCCAGACA-1	OZ258728_1_ORF2	0	0	1	1	FALSE	TRUE
GTAGGTTAGCGGAACC-1	OZ258728_1_ORF2	0	0	1	1	FALSE	FALSE
GTAGGTTAGCTCATGC-1	OP549859_1_ORF1	0	0	2	2	TRUE	TRUE
GTAGGTTAGGGGTCTA-1	OZ258728_1_ORF2	0	0	1	1	FALSE	FALSE
GTAGTAATCACACACC-1	MZ286102_1_ORF1	0	0	0	0	FALSE	TRUE
GTAGTAATCAGTAGTA-1	OP549859_1_ORF2	0	0	1	1	FALSE	FALSE
GTAGTAATCATCGTTG-1	OP549859_1_ORF2	0	0	1	1	FALSE	FALSE
GTAGTAATCCCTTCCA-1	MZ286197_1_ORF1	1	0	4	4	TRUE	TRUE
GTAGTAATCGCGAGGT-1	OZ258728_1_ORF2	2	1	30	35	TRUE	TRUE
GTAGTAATCGTCTAGC-1	OP549859_1_ORF2	1	1	12	12	TRUE	TRUE
GTAGTAATCTACGCCG-1	meGFP	0	0	1	1	FALSE	TRUE
GTATACTTCAATCGAA-1	meGFP	0	0	1	1	FALSE	TRUE
GTATACTTCACTAATC-1	OZ258728_1_ORF2	0	0	2	2	TRUE	TRUE
GTATACTTCGGGAAGG-1	OP549859_1_ORF1	0	0	2	3	FALSE	TRUE
GTATACTTCTGCAATT-1	OZ258728_1_ORF2	0	0	1	1	FALSE	TRUE
GTATCCCAGAAGGACA-1	meGFP	0	0	1	1	FALSE	FALSE
GTATCCCAGGAAGTAG-1	MZ286197_1_ORF1	0	0	1	1	FALSE	TRUE
GTATCCCAGGAGGTCC-1	MZ286258_1_ORF1	0	0	1	2	FALSE	TRUE
GTATTGAAGAATCGTA-1	OP549859_1_ORF1	0	0	1	1	FALSE	TRUE
GTATTGAAGCAATGAC-1	MZ286188_1_ORF2	0	0	2	3	FALSE	TRUE
GTATTGAAGCCCTGCA-1	OZ258728_1_ORF2	0	0	1	1	FALSE	FALSE
GTATTGAAGCTCCGCA-1	OZ258728_1_ORF1	1	0	4	4	TRUE	TRUE
GTATTGAAGGCCATTC-1	MZ286102_1_ORF2	1	0	4	6	TRUE	TRUE
GTATTGAAGGGACTCA-1	OP549859_1_ORF1	0	0	1	3	FALSE	TRUE
GTATTGAAGGTGTGGC-1	OZ258728_1_ORF2	0	0	1	1	FALSE	TRUE
GTCAAGGTCACTAATC-1	MZ286258_1_ORF1	1	0	9	9	TRUE	TRUE
GTCAAGGTCCGACATC-1	OZ258728_1_ORF1	0	0	2	2	TRUE	TRUE
GTCAAGGTCCTCCGTC-1	MZ286102_1_ORF2	0	0	2	4	FALSE	TRUE
GTCAAGGTCGAGGCGT-1	OP549859_1_ORF1	0	0	1	1	FALSE	FALSE
GTCAAGGTCGCCCTGA-1	OZ258728_1_ORF2	0	0	1	1	FALSE	FALSE
GTCAAGGTCGCTTAAT-1	MZ286102_1_ORF2	1	1	10	10	TRUE	TRUE
GTCAAGGTCTTCGGCG-1	MZ286197_1_ORF1	0	0	1	2	FALSE	TRUE
GTCAATTTCAGTGTGG-1	OZ258728_1_ORF2	0	0	1	1	FALSE	TRUE
GTCAATTTCCATTAGT-1	MZ286258_1_ORF1	0	0	3	3	TRUE	TRUE
GTCAATTTCGACGGGT-1	OZ258728_1_ORF1	0	0	1	1	FALSE	TRUE
GTCAATTTCTAGAGGT-1	OZ258728_1_ORF1	1	1	46	46	TRUE	TRUE
GTCACGCGTAAGTTGG-1	MZ286102_1_ORF2	0	0	3	4	TRUE	TRUE
GTCACGCGTCGCGAGA-1	meGFP	1	1	11	11	TRUE	TRUE
GTCACGCGTGGGAATC-1	meGFP	0	0	1	1	FALSE	FALSE
GTCACGCGTTCCCAGA-1	MZ286102_1_ORF2	1	0	9	9	TRUE	TRUE
GTCACGCGTTTCAAGC-1	OZ258728_1_ORF1	0	0	1	1	FALSE	FALSE
GTCACGTTCAATGCAA-1	MZ286102_1_ORF2	1	0	4	4	TRUE	TRUE
GTCACGTTCATAGAGC-1	OZ258728_1_ORF2	0	0	1	1	FALSE	TRUE
GTCACGTTCCCTGCGA-1	OP549859_1_ORF1	0	0	1	1	FALSE	FALSE
GTCACGTTCGAATGAC-1	MZ286102_1_ORF1	0	0	1	1	FALSE	FALSE
GTCACGTTCGACTCTA-1	OZ258728_1_ORF2	1	0	9	9	TRUE	TRUE
GTCACGTTCGCACCAT-1	MZ286258_1_ORF1	0	0	1	1	FALSE	TRUE
GTCACGTTCTACGCCG-1	MZ286188_1_ORF1	1	0	6	7	TRUE	TRUE
GTCACGTTCTCGCTCC-1	OP549859_1_ORF2	1	0	6	6	TRUE	TRUE
GTCACGTTCTCTAACG-1	MZ286188_1_ORF2	0	0	2	4	FALSE	TRUE
GTCACGTTCTGCATCA-1	meGFP	1	1	115	116	TRUE	TRUE
GTCATCGGTAAGCATG-1	OZ258728_1_ORF1	0	0	1	1	FALSE	TRUE
GTCATCGGTACAGCAA-1	OP549859_1_ORF2	0	0	1	1	FALSE	FALSE
GTCATCGGTAGTCCTG-1	OZ258728_1_ORF2	1	1	29	33	TRUE	TRUE
GTCATCGGTCTGGATT-1	MZ286102_1_ORF2	0	0	1	1	FALSE	FALSE
GTCATCGGTGTTCGGC-1	meGFP	0	0	1	1	FALSE	FALSE
GTCATCGGTTGCGGTC-1	OP549859_1_ORF1	1	1	17	17	TRUE	TRUE
GTCATTTAGAGGCGAG-1	MZ286197_1_ORF1	0	0	1	1	FALSE	TRUE
GTCATTTAGCTGGACA-1	MZ286102_1_ORF2	0	0	1	1	FALSE	TRUE
GTCATTTAGCTGGGTA-1	OZ258728_1_ORF2	0	0	1	2	FALSE	TRUE
GTCATTTAGGCATCCT-1	OZ258728_1_ORF2	0	0	1	1	FALSE	FALSE
GTCATTTAGTACTAAG-1	MZ286258_1_ORF1	0	0	1	1	FALSE	FALSE
GTCATTTAGTACTTCG-1	OP549859_1_ORF1	0	0	1	2	FALSE	TRUE
GTCCAACTCAATGCTT-1	MZ286188_1_ORF1	0	0	3	3	TRUE	TRUE
GTCCAACTCCAGAGAT-1	meGFP	0	0	1	1	FALSE	TRUE
GTCCAACTCCTCTAAG-1	MZ286102_1_ORF1	0	0	1	1	FALSE	FALSE
GTCCAACTCCTGTCAA-1	OP549859_1_ORF2	1	0	4	5	TRUE	TRUE
GTCCAACTCGTACGGA-1	MZ286188_1_ORF1	1	0	9	9	TRUE	TRUE
GTCCAACTCGTCACCG-1	OZ258728_1_ORF2	1	1	65	65	TRUE	TRUE
GTCCAACTCGTTCCGG-1	OP549859_1_ORF2	0	0	2	3	FALSE	TRUE
GTCCAACTCTCGATTG-1	OZ258728_1_ORF2	0	0	1	1	FALSE	FALSE
GTCCAACTCTCTCACT-1	MZ286102_1_ORF1	0	0	2	2	TRUE	TRUE
GTCCAACTCTGGTGTC-1	OZ258728_1_ORF2	0	0	1	1	FALSE	FALSE
GTCCACTAGAACTTAG-1	meGFP	1	1	169	170	TRUE	TRUE
GTCCACTAGACGCCTT-1	MZ286258_1_ORF2	0	0	2	2	TRUE	TRUE
GTCCACTAGATTCACT-1	meGFP	0	0	1	1	FALSE	FALSE
GTCCACTAGCCATGAG-1	OP549859_1_ORF2	1	1	12	15	TRUE	TRUE
GTCCACTAGCTCGAAG-1	OZ258728_1_ORF1	0	0	1	1	FALSE	FALSE
GTCCACTAGTTAAGTG-1	OP549859_1_ORF1	0	0	1	1	FALSE	FALSE
GTCCACTAGTTGACTT-1	MZ286258_1_ORF2	1	0	4	6	TRUE	TRUE
GTCCATGGTAGAGGCT-1	OZ258728_1_ORF2	0	0	2	2	TRUE	TRUE
GTCCATGGTAGCATAG-1	OP549859_1_ORF1	0	0	1	1	FALSE	TRUE
GTCCATGGTATCTCAA-1	MZ286102_1_ORF2	1	0	5	6	TRUE	TRUE
GTCCATGGTCTCCTTA-1	meGFP	0	0	1	1	FALSE	TRUE
GTCCATGGTGTGTCGC-1	meGFP	1	1	78	78	TRUE	TRUE
GTCCATGGTTCGTAAC-1	OP549859_1_ORF1	0	0	1	1	FALSE	FALSE
GTCCATGGTTTCAAGC-1	OZ258728_1_ORF2	0	0	1	1	FALSE	FALSE
GTCCATGGTTTGCCCT-1	OZ258728_1_ORF2	1	1	12	12	TRUE	TRUE
GTCCCTCTCAAGGTAC-1	MZ286258_1_ORF1	0	0	1	1	FALSE	FALSE
GTCCCTCTCCACGCAT-1	OZ258728_1_ORF2	2	0	8	14	FALSE	TRUE
GTCCCTCTCGCGCCTA-1	meGFP	0	0	2	3	FALSE	TRUE
GTCCCTCTCGGTAAGT-1	OZ258728_1_ORF2	0	0	1	1	FALSE	FALSE
GTCCCTCTCTATCGTG-1	OZ258728_1_ORF2	0	0	1	1	FALSE	FALSE
GTCCCTCTCTCCCAGG-1	MZ286102_1_ORF1	0	0	1	1	FALSE	FALSE
GTCCCTCTCTTGGATT-1	OZ258728_1_ORF2	0	0	1	1	FALSE	FALSE
GTCCCTGAGACACTAA-1	MZ286102_1_ORF1	0	0	1	1	FALSE	TRUE
GTCCCTGAGACCCTGT-1	OZ258728_1_ORF2	1	1	32	32	TRUE	TRUE
GTCCCTGAGACGACTG-1	meGFP	0	0	2	3	FALSE	TRUE
GTCCCTGAGAGCTGGC-1	MZ286102_1_ORF2	3	1	12	28	FALSE	TRUE
GTCCCTGAGCGATTCC-1	MZ286258_1_ORF1	0	0	3	3	TRUE	FALSE
GTCCCTGAGCTGGTTC-1	OZ258728_1_ORF2	0	0	1	1	FALSE	FALSE
GTCCCTGAGCTTGACC-1	meGFP	1	1	12	13	TRUE	TRUE
GTCCCTGAGGCATCCT-1	meGFP	0	0	1	1	FALSE	FALSE
GTCCCTGAGGGAGACG-1	OP549859_1_ORF1	0	0	1	1	FALSE	FALSE
GTCCCTGAGGGATGAA-1	OP549859_1_ORF2	0	0	1	1	FALSE	FALSE
GTCCCTGAGTAGCTCC-1	MZ286188_1_ORF2	0	0	1	1	FALSE	TRUE
GTCCCTGAGTCCACGT-1	MZ286188_1_ORF1	1	1	19	19	TRUE	TRUE
GTCCCTTGTAAGTCTC-1	OP549859_1_ORF1	0	0	1	1	FALSE	FALSE
GTCCCTTGTATCTCAA-1	MZ286102_1_ORF2	0	0	3	3	TRUE	TRUE
GTCCCTTGTCAAGTTC-1	MZ286258_1_ORF2	0	0	1	1	FALSE	FALSE
GTCCCTTGTCCACATG-1	OP549859_1_ORF1	0	0	1	1	FALSE	FALSE
GTCCCTTGTGATTGCT-1	MZ286102_1_ORF2	1	0	6	8	TRUE	TRUE
GTCCCTTGTGGAAGGA-1	OZ258728_1_ORF2	0	0	1	1	FALSE	FALSE
GTCCCTTGTGGTTCGC-1	meGFP	0	0	1	1	FALSE	FALSE
GTCCCTTGTTCGTCTC-1	OZ258728_1_ORF2	0	0	1	2	FALSE	TRUE
GTCCGAAAGAAGGACA-1	MZ286102_1_ORF1	1	1	21	21	TRUE	TRUE
GTCCGAAAGCACGTAG-1	OZ258728_1_ORF1	1	1	38	39	TRUE	TRUE
GTCCGAAAGCTGGTGA-1	OZ258728_1_ORF1	0	0	1	1	FALSE	TRUE
GTCCGAAAGGCAGGGA-1	meGFP	0	0	1	1	FALSE	FALSE
GTCCGAAAGGGGACAG-1	OZ258728_1_ORF1	0	0	1	1	FALSE	FALSE
GTCCGAAAGTCAGCAG-1	MZ286188_1_ORF2	1	0	4	4	TRUE	TRUE
GTCCGGCTCACGAAGT-1	OP549859_1_ORF2	1	0	6	6	TRUE	TRUE
GTCCGGCTCCGGCTCA-1	meGFP	0	0	1	1	FALSE	FALSE
GTCCGGCTCCGGTTAC-1	OP549859_1_ORF2	1	1	11	12	TRUE	TRUE
GTCCGGCTCGTCAATT-1	MZ286258_1_ORF2	0	0	2	3	FALSE	TRUE
GTCCGGCTCTTGGATT-1	meGFP	0	0	1	1	FALSE	TRUE
GTCCGTCCACCTCGAC-1	OP549859_1_ORF2	1	1	10	10	TRUE	TRUE
GTCCGTCCAGAGAGGC-1	OP549859_1_ORF2	0	0	1	1	FALSE	FALSE
GTCCGTTAGAACGGCC-1	OP549859_1_ORF2	0	0	1	1	FALSE	TRUE
GTCCGTTAGCCTGTAC-1	MZ286197_1_ORF1	0	0	1	1	FALSE	FALSE
GTCCGTTAGCGGAACC-1	OZ258728_1_ORF2	0	0	1	1	FALSE	FALSE
GTCCGTTAGCTGTCGT-1	meGFP	0	0	1	1	FALSE	FALSE
GTCCGTTAGTCCGTTA-1	MZ286102_1_ORF2	0	0	2	2	TRUE	FALSE
GTCCTCCTCAACTGGG-1	OP549859_1_ORF2	0	0	3	3	TRUE	TRUE
GTCCTCCTCAATCACT-1	OP549859_1_ORF1	1	1	62	62	TRUE	TRUE
GTCCTCCTCACATATC-1	meGFP	1	1	21	21	TRUE	TRUE
GTCCTCCTCACGGAAT-1	OZ258728_1_ORF2	0	0	1	1	FALSE	FALSE
GTCCTCCTCCAATGCC-1	MZ286258_1_ORF2	1	1	15	15	TRUE	TRUE
GTCCTCCTCCGACTAC-1	OZ258728_1_ORF2	0	0	1	2	FALSE	TRUE
GTCCTCCTCCGCCACA-1	OP549859_1_ORF2	0	0	1	1	FALSE	FALSE
GTCCTCCTCCTCGACG-1	OP549859_1_ORF2	0	0	1	1	FALSE	FALSE
GTCCTCCTCGTCTAGC-1	OP549859_1_ORF1	0	0	1	1	FALSE	FALSE
GTCCTCCTCTCACGTA-1	OZ258728_1_ORF2	1	0	8	8	TRUE	TRUE
GTCCTCGAGATTCGGG-1	MZ286188_1_ORF1	0	0	1	1	FALSE	TRUE
GTCCTCGAGGCATCCT-1	MZ286102_1_ORF2	1	1	13	13	TRUE	TRUE
GTCCTCGAGTGGGTCA-1	OZ258728_1_ORF1	0	0	2	6	FALSE	TRUE
GTCCTGAGTAATGTCC-1	OP549859_1_ORF1	0	0	1	1	FALSE	TRUE
GTCCTGAGTGAGTAAT-1	MZ286258_1_ORF2	0	0	1	1	FALSE	FALSE
GTCCTGAGTGATTGCT-1	OP549859_1_ORF2	0	0	2	3	FALSE	TRUE
GTCCTGAGTGCGCGTT-1	MZ286258_1_ORF2	0	0	1	1	FALSE	TRUE
GTCCTGAGTGGGTCGA-1	OP549859_1_ORF1	0	0	1	1	FALSE	FALSE
GTCCTGAGTGTCAGTT-1	MZ286188_1_ORF2	0	0	1	2	FALSE	TRUE
GTCCTGAGTTACCGTG-1	OZ258728_1_ORF2	0	0	1	1	FALSE	FALSE
GTCCTGAGTTATAGCC-1	meGFP	0	0	1	1	FALSE	FALSE
GTCCTGAGTTATCTAG-1	MZ286102_1_ORF2	1	0	7	8	TRUE	TRUE
GTCCTGAGTTCTGTCC-1	MZ286188_1_ORF1	0	0	1	1	FALSE	FALSE
GTCCTGCCAAATGAGA-1	OZ258728_1_ORF2	1	1	30	30	TRUE	TRUE
GTCCTGCCACTAGACA-1	MZ286102_1_ORF2	1	0	7	7	TRUE	TRUE
GTCCTGCCATTGACCT-1	MZ286258_1_ORF2	0	0	2	2	TRUE	TRUE
GTCGAATAGACGCCTT-1	MZ286102_1_ORF2	0	0	1	1	FALSE	TRUE
GTCGAATAGATCAGTA-1	meGFP	0	0	1	1	FALSE	FALSE
GTCGAATAGGAGTCTG-1	meGFP	0	0	1	1	FALSE	FALSE
GTCGAATAGGCATCCT-1	MZ286258_1_ORF2	0	0	2	2	TRUE	FALSE
GTCGAATAGGGGAACG-1	OZ258728_1_ORF2	0	0	1	2	FALSE	TRUE
GTCGAATAGGTAGGAA-1	OZ258728_1_ORF2	1	1	59	60	TRUE	TRUE
GTCGAATAGTAATCCT-1	OP549859_1_ORF1	0	0	1	2	FALSE	TRUE
GTCGAATAGTAGAGGA-1	MZ286258_1_ORF2	0	0	1	1	FALSE	TRUE
GTCGAATAGTTAACCT-1	MZ286258_1_ORF2	0	0	1	1	FALSE	TRUE
GTCGACTTCAATGCTT-1	MZ286102_1_ORF2	0	0	1	1	FALSE	FALSE
GTCGACTTCATATGTC-1	OZ258728_1_ORF2	0	0	3	3	TRUE	TRUE
GTCGACTTCATTCGAT-1	OZ258728_1_ORF2	1	1	112	112	TRUE	TRUE
GTCGACTTCCGACAGA-1	MZ286258_1_ORF2	1	1	11	12	TRUE	TRUE
GTCGACTTCCGGCTTG-1	OZ258728_1_ORF2	0	0	1	1	FALSE	FALSE
GTCGACTTCGGCGTAA-1	OZ258728_1_ORF2	0	0	1	2	FALSE	FALSE
GTCGACTTCGTACCCG-1	OZ258728_1_ORF2	0	0	1	1	FALSE	TRUE
GTCGCAAAGAATGGAG-1	MZ286197_1_ORF1	1	0	4	4	TRUE	TRUE
GTCGCAAAGACCTACC-1	OZ258728_1_ORF2	0	0	1	1	FALSE	TRUE
GTCGCAAAGCTGAGAT-1	meGFP	1	1	20	21	TRUE	TRUE
GTCGCAAAGGACGAGG-1	MZ286258_1_ORF2	1	0	7	7	TRUE	TRUE
GTCGCAAAGGCTTGCT-1	OZ258728_1_ORF2	1	1	33	33	TRUE	TRUE
GTCGCAAAGGGTTCGA-1	MZ286258_1_ORF2	0	0	1	1	FALSE	FALSE
GTCGCAAAGTTGCGTC-1	MZ286102_1_ORF1	0	0	1	1	FALSE	FALSE
GTCGCACGTAGTGACA-1	MZ286102_1_ORF2	0	0	2	2	TRUE	TRUE
GTCGCACGTCGACATT-1	OP549859_1_ORF1	0	0	1	1	FALSE	FALSE
GTCGCACGTTAGAGAT-1	MZ286188_1_ORF2	2	0	7	12	FALSE	TRUE
GTCGCACGTTAGTTGC-1	MZ286102_1_ORF2	1	1	13	13	TRUE	TRUE
GTCGCACGTTTAATCG-1	MZ286258_1_ORF2	0	0	1	1	FALSE	TRUE
GTCGCACGTTTACGAC-1	MZ286258_1_ORF2	1	0	5	6	TRUE	TRUE
GTCGCATTCAAGCCAG-1	OZ258728_1_ORF2	0	0	1	1	FALSE	FALSE
GTCGCATTCCAAGTCC-1	meGFP	0	0	3	3	TRUE	TRUE
GTCGCATTCGTGAGGC-1	meGFP	0	0	1	1	FALSE	TRUE
GTCGCATTCTCAGGGA-1	OZ258728_1_ORF1	0	0	1	1	FALSE	FALSE
GTCGCGCTCATGGCTC-1	meGFP	0	0	1	1	FALSE	FALSE
GTCGCGCTCCGGATTC-1	meGFP	0	0	1	1	FALSE	FALSE
GTCGCGCTCCTCCTAT-1	meGFP	0	0	2	3	FALSE	TRUE
GTCGCGCTCGACCTTA-1	MZ286258_1_ORF2	1	0	9	11	TRUE	TRUE
GTCGCGCTCGCCTATA-1	OZ258728_1_ORF2	0	0	1	1	FALSE	FALSE
GTCGCGCTCTCTAACG-1	meGFP	0	0	3	4	TRUE	TRUE
GTCGCGCTCTGTGGAG-1	MZ286188_1_ORF2	1	0	4	4	TRUE	TRUE
GTCGCGCTCTGTGGCT-1	meGFP	0	0	1	1	FALSE	FALSE
GTCGCTAGTACCGACC-1	OP549859_1_ORF1	0	0	1	3	FALSE	TRUE
GTCGCTAGTCAAGTTC-1	MZ286258_1_ORF1	0	0	1	1	FALSE	FALSE
GTCGCTAGTGGAAGGA-1	meGFP	0	0	1	1	FALSE	FALSE
GTCGCTAGTGTGGATA-1	MZ286258_1_ORF2	1	0	4	4	TRUE	TRUE
GTCGCTCCAACCCTGC-1	MZ286102_1_ORF2	1	0	7	9	TRUE	TRUE
GTCGCTCCACCCAACC-1	OZ258728_1_ORF2	0	0	1	1	FALSE	FALSE
GTCGCTCCACCCTATG-1	OZ258728_1_ORF2	1	1	53	53	TRUE	TRUE
GTCGCTCCACTATCGT-1	OZ258728_1_ORF2	0	0	1	1	FALSE	TRUE
GTCGGGGTCACCAGGA-1	MZ286102_1_ORF1	0	0	2	2	TRUE	TRUE
GTCGGGGTCAGGATAC-1	MZ286102_1_ORF2	0	0	1	1	FALSE	TRUE
GTCGGGGTCATGGCAG-1	MZ286258_1_ORF2	0	0	1	1	FALSE	FALSE
GTCGGGGTCCTACGGT-1	OZ258728_1_ORF2	0	0	1	1	FALSE	FALSE
GTCGGGGTCCTCCTGC-1	meGFP	0	0	1	1	FALSE	TRUE
GTCGGGGTCGAACGTG-1	OP549859_1_ORF2	1	0	5	5	TRUE	TRUE
GTCGGGGTCGAGGTCA-1	MZ286258_1_ORF2	1	0	9	9	TRUE	TRUE
GTCGGGGTCGCGAGGT-1	MZ286258_1_ORF1	0	0	1	1	FALSE	TRUE
GTCGGGGTCGCGCATT-1	meGFP	0	0	1	1	FALSE	TRUE
GTCGGGGTCTAACTAC-1	OP549859_1_ORF2	1	0	5	5	TRUE	TRUE
GTCGGGGTCTACCAGC-1	MZ286188_1_ORF1	0	0	1	1	FALSE	TRUE
GTCGGTAAGAGGTTAC-1	MZ286188_1_ORF1	0	0	1	1	FALSE	FALSE
GTCGGTAAGGAAGGGT-1	meGFP	0	0	1	1	FALSE	TRUE
GTCGGTAAGGATGGTT-1	OZ258728_1_ORF2	0	0	1	1	FALSE	TRUE
GTCGGTAAGGGCAACC-1	MZ286102_1_ORF2	1	0	7	8	TRUE	TRUE
GTCGGTAAGTACCCGT-1	MZ286258_1_ORF2	0	0	3	4	TRUE	TRUE
GTCGTAACAAAGGATA-1	OZ258728_1_ORF1	0	0	1	1	FALSE	TRUE
GTCGTAACAAGATCCA-1	OP549859_1_ORF2	0	0	1	1	FALSE	TRUE
GTCGTAACACAACTAG-1	OZ258728_1_ORF2	2	1	28	35	TRUE	TRUE
GTCGTAACACCTGTAT-1	MZ286258_1_ORF2	0	0	1	1	FALSE	FALSE
GTCGTAACACGGGTAT-1	MZ286188_1_ORF1	0	0	1	1	FALSE	FALSE
GTCGTAACACGGTAAC-1	MZ286102_1_ORF2	0	0	1	1	FALSE	FALSE
GTCGTAACACTACGGG-1	MZ286188_1_ORF1	1	1	42	42	TRUE	TRUE
GTCGTAACATCTATCA-1	MZ286188_1_ORF1	0	0	1	1	FALSE	FALSE
GTCGTAACATTACAGG-1	OZ258728_1_ORF2	1	0	4	4	TRUE	TRUE
GTCGTAACATTGAGGC-1	OZ258728_1_ORF1	1	0	4	4	TRUE	TRUE
GTCGTCCCAACTTCGT-1	OZ258728_1_ORF2	1	1	46	46	TRUE	TRUE
GTCGTCCCAAGATGAA-1	meGFP	0	0	1	1	FALSE	FALSE
GTCGTCCCAAGATGGG-1	meGFP	1	1	51	51	TRUE	TRUE
GTCGTCCCAATGTAAC-1	MZ286258_1_ORF2	1	1	27	27	TRUE	TRUE
GTCGTCCCACATACAG-1	OP549859_1_ORF1	0	0	1	1	FALSE	FALSE
GTCGTCCCAGGCGCTA-1	MZ286258_1_ORF2	1	1	10	10	TRUE	TRUE
GTCGTCCCATCCCAAT-1	meGFP	0	0	1	1	FALSE	FALSE
GTCGTCCCATCCCGAC-1	meGFP	1	1	13	15	TRUE	TRUE
GTCTAAGCAAATGCGC-1	OP549859_1_ORF1	0	0	1	1	FALSE	FALSE
GTCTAAGCAATGTAGT-1	MZ286197_1_ORF2	0	0	2	2	TRUE	TRUE
GTCTAAGCACAACTAG-1	MZ286258_1_ORF2	1	0	7	7	TRUE	TRUE
GTCTAAGCACCGGATG-1	meGFP	0	0	1	1	FALSE	TRUE
GTCTAAGCAGATTAGT-1	meGFP	0	0	1	1	FALSE	FALSE
GTCTAAGCATAAGCCA-1	MZ286102_1_ORF2	1	1	10	10	TRUE	TRUE
GTCTAAGCATACTCCG-1	OP549859_1_ORF1	0	0	2	2	TRUE	TRUE
GTCTATCCAATGGGTC-1	MZ286188_1_ORF1	0	0	1	1	FALSE	FALSE
GTCTATCCAGAACTAT-1	OZ258728_1_ORF1	0	0	1	1	FALSE	FALSE
GTCTATCCAGTTGGTA-1	MZ286197_1_ORF2	0	0	1	1	FALSE	FALSE
GTCTATCCATAAGTCG-1	OZ258728_1_ORF2	0	0	1	1	FALSE	FALSE
GTCTATCCATATGCAG-1	meGFP	0	0	1	1	FALSE	FALSE
GTCTCCTGTCCATCCT-1	MZ286258_1_ORF1	1	1	44	44	TRUE	TRUE
GTCTCCTGTGATCCTG-1	OZ258728_1_ORF2	0	0	1	1	FALSE	FALSE
GTCTCCTGTTAGATGG-1	MZ286258_1_ORF2	1	0	6	9	TRUE	TRUE
GTCTGTATCACAGGCA-1	OZ258728_1_ORF2	0	0	1	1	FALSE	FALSE
GTCTGTATCACCGTTA-1	meGFP	1	1	84	86	TRUE	TRUE
GTCTGTATCCATAGGG-1	MZ286197_1_ORF1	1	1	26	26	TRUE	TRUE
GTCTGTATCCTGCCTC-1	OP549859_1_ORF2	0	0	1	1	FALSE	TRUE
GTCTGTATCTAAGCGG-1	OP549859_1_ORF1	0	0	1	1	FALSE	TRUE
GTCTGTATCTCCCAGG-1	meGFP	1	1	10	10	TRUE	TRUE
GTCTTACCAAAGGGCA-1	MZ286197_1_ORF1	0	0	1	1	FALSE	TRUE
GTCTTACCAATAGCAT-1	OP549859_1_ORF1	0	0	1	1	FALSE	TRUE
GTCTTACCAATGTAAC-1	meGFP	0	0	1	1	FALSE	TRUE
GTCTTACCACAAGGCT-1	OZ258728_1_ORF2	1	1	29	29	TRUE	TRUE
GTCTTACCACCAGGCA-1	OZ258728_1_ORF2	1	0	4	5	TRUE	TRUE
GTCTTACCAGTAGGAG-1	OZ258728_1_ORF2	0	0	1	1	FALSE	TRUE
GTCTTACCATAATCCC-1	OZ258728_1_ORF2	0	0	1	1	FALSE	FALSE
GTCTTACCATCAAGTG-1	MZ286188_1_ORF1	1	1	31	31	TRUE	TRUE
GTCTTACCATGAACCA-1	meGFP	0	0	1	1	FALSE	TRUE
GTCTTACCATGCAATG-1	MZ286188_1_ORF1	1	1	35	35	TRUE	TRUE
GTCTTGATCAACCGTC-1	OZ258728_1_ORF2	0	0	1	1	FALSE	TRUE
GTCTTGATCAGCTTCA-1	MZ286102_1_ORF2	1	0	6	8	TRUE	TRUE
GTCTTGATCCAGAGAT-1	OZ258728_1_ORF2	1	1	50	50	TRUE	TRUE
GTCTTGATCCATCGCG-1	OZ258728_1_ORF1	0	0	1	1	FALSE	TRUE
GTCTTGATCCCAGTGT-1	OZ258728_1_ORF2	0	0	1	1	FALSE	TRUE
GTCTTGATCCGCCTGA-1	OZ258728_1_ORF2	0	0	1	1	FALSE	FALSE
GTCTTGATCCTCTACT-1	MZ286197_1_ORF2	1	0	8	8	TRUE	TRUE
GTCTTGATCGCAACTC-1	OZ258728_1_ORF2	0	0	1	1	FALSE	FALSE
GTCTTGATCGCCTATA-1	meGFP	0	0	1	1	FALSE	FALSE
GTCTTGATCGTCCATA-1	MZ286188_1_ORF2	0	0	0	0	FALSE	FALSE
GTCTTGATCTAAGTCT-1	MZ286197_1_ORF1	1	1	13	16	TRUE	TRUE
GTCTTGATCTACTCCT-1	MZ286188_1_ORF1	0	0	1	1	FALSE	FALSE
GTCTTGATCTCGAAGG-1	meGFP	0	0	1	1	FALSE	TRUE
GTCTTGATCTCTATCC-1	OP549859_1_ORF1	0	0	1	1	FALSE	FALSE
GTCTTGATCTTCGTCT-1	MZ286102_1_ORF2	0	0	1	1	FALSE	FALSE
GTCTTGATCTTGGATT-1	MZ286197_1_ORF1	0	0	1	1	FALSE	FALSE
GTGAAGCGTACTTACA-1	MZ286102_1_ORF2	0	0	1	1	FALSE	TRUE
GTGAAGCGTCTTGGGC-1	MZ286188_1_ORF2	0	0	1	1	FALSE	TRUE
GTGAAGCGTTCTGTCC-1	OZ258728_1_ORF2	0	0	1	1	FALSE	FALSE
GTGAAGCGTTGTGCGC-1	OP549859_1_ORF1	0	0	3	4	TRUE	TRUE
GTGAATGGTAACCCTG-1	OZ258728_1_ORF2	2	1	49	55	TRUE	TRUE
GTGAATGGTCGACATT-1	OP549859_1_ORF1	0	0	1	1	FALSE	TRUE
GTGAATGGTCTATCGG-1	OZ258728_1_ORF2	0	0	1	1	FALSE	TRUE
GTGAATGGTGATTACC-1	OZ258728_1_ORF1	0	0	1	2	FALSE	TRUE
GTGAATGGTGTTGAGA-1	MZ286102_1_ORF1	0	0	3	3	TRUE	TRUE
GTGACCGCAAGGTGCT-1	meGFP	0	0	1	1	FALSE	FALSE
GTGACCGCAATAGCAT-1	MZ286102_1_ORF2	0	0	1	1	FALSE	TRUE
GTGACCGCACAACCAA-1	MZ286197_1_ORF1	1	0	4	4	TRUE	TRUE
GTGACCGCACCTCGAC-1	OZ258728_1_ORF2	0	0	1	1	FALSE	TRUE
GTGACCGCACTACTAC-1	OP549859_1_ORF2	1	0	8	8	TRUE	TRUE
GTGACCGCATAGTAAC-1	MZ286258_1_ORF2	1	0	8	8	TRUE	TRUE
GTGACCGCATAGTAGT-1	OZ258728_1_ORF1	1	1	33	34	TRUE	TRUE
GTGACCGCATCTATCA-1	OP549859_1_ORF2	0	0	1	1	FALSE	TRUE
GTGACCGCATGCTCGC-1	OZ258728_1_ORF2	1	1	66	66	TRUE	TRUE
GTGACCGCATGGAGCT-1	OZ258728_1_ORF2	0	0	1	1	FALSE	FALSE
GTGAGATTCAATCGCC-1	MZ286197_1_ORF1	0	0	3	3	TRUE	TRUE
GTGAGATTCATTCGAT-1	MZ286102_1_ORF2	1	0	9	9	TRUE	TRUE
GTGAGATTCCCAGTAC-1	meGFP	0	0	1	1	FALSE	FALSE
GTGAGATTCCCCGACA-1	OZ258728_1_ORF2	0	0	1	1	FALSE	TRUE
GTGAGATTCCTGAGAG-1	MZ286197_1_ORF2	0	0	1	1	FALSE	TRUE
GTGAGATTCGATCCCG-1	MZ286102_1_ORF2	0	0	1	1	FALSE	FALSE
GTGAGATTCGCGTCCA-1	MZ286258_1_ORF1	1	1	30	31	TRUE	TRUE
GTGAGATTCGTACGTC-1	MZ286102_1_ORF2	0	0	1	1	FALSE	FALSE
GTGAGGACAAACTTCC-1	MZ286102_1_ORF2	0	0	2	6	FALSE	TRUE
GTGAGGACAAAGTCAT-1	MZ286188_1_ORF1	0	0	2	2	TRUE	TRUE
GTGAGGACAACCTCGC-1	OZ258728_1_ORF1	1	1	44	44	TRUE	TRUE
GTGAGGACAGATCCTT-1	MZ286188_1_ORF1	2	0	6	12	FALSE	TRUE
GTGAGGACAGCTTGCC-1	MZ286197_1_ORF2	0	0	2	3	FALSE	TRUE
GTGAGGACATACCGGG-1	OP549859_1_ORF1	2	1	10	15	FALSE	TRUE
GTGAGGACATCAAGTG-1	MZ286258_1_ORF1	1	0	6	7	TRUE	TRUE
GTGAGGGAGAAGCATC-1	OP549859_1_ORF1	0	0	1	1	FALSE	TRUE
GTGAGGGAGAGGTCTG-1	OZ258728_1_ORF2	0	0	2	2	TRUE	FALSE
GTGAGGGAGCATATCT-1	OZ258728_1_ORF2	0	0	2	2	TRUE	FALSE
GTGAGGGAGCCAACCT-1	MZ286197_1_ORF1	0	0	1	1	FALSE	FALSE
GTGAGGGAGCCACTTA-1	MZ286197_1_ORF1	0	0	1	2	FALSE	TRUE
GTGAGGGAGCCTTCAA-1	MZ286258_1_ORF1	0	0	1	1	FALSE	TRUE
GTGAGGGAGCGACACA-1	MZ286197_1_ORF1	1	1	12	12	TRUE	TRUE
GTGAGGGAGCGTGCAA-1	MZ286102_1_ORF2	0	0	1	2	FALSE	TRUE
GTGAGGGAGGCACTTC-1	OP549859_1_ORF2	0	0	1	1	FALSE	FALSE
GTGAGGGAGGGGCAAG-1	OZ258728_1_ORF2	1	1	26	26	TRUE	TRUE
GTGAGGGAGTATCGGG-1	OZ258728_1_ORF2	1	1	35	36	TRUE	TRUE
GTGAGGGAGTTGGCCT-1	OZ258728_1_ORF2	0	0	1	1	FALSE	FALSE
GTGAGTAGTAACGATG-1	OZ258728_1_ORF2	0	0	1	1	FALSE	TRUE
GTGAGTAGTAAGCGGT-1	OP549859_1_ORF1	1	1	22	22	TRUE	TRUE
GTGAGTAGTATACGTC-1	MZ286188_1_ORF1	1	1	29	30	TRUE	TRUE
GTGAGTAGTCCATCCT-1	OP549859_1_ORF2	0	0	1	1	FALSE	TRUE
GTGAGTAGTCGACCGT-1	MZ286102_1_ORF2	0	0	1	1	FALSE	FALSE
GTGAGTAGTGCGCGAA-1	MZ286258_1_ORF2	0	0	1	1	FALSE	FALSE
GTGAGTAGTTTGAAGG-1	MZ286197_1_ORF1	0	0	1	3	FALSE	TRUE
GTGAGTTAGATCAAGC-1	MZ286258_1_ORF2	1	1	33	33	TRUE	TRUE
GTGAGTTAGCCTGTAC-1	meGFP	0	0	1	1	FALSE	FALSE
GTGAGTTAGGGTCAGC-1	meGFP	0	0	1	1	FALSE	FALSE
GTGAGTTAGGTTCATT-1	OZ258728_1_ORF1	0	0	1	1	FALSE	FALSE
GTGAGTTAGTCCTCAA-1	meGFP	1	1	38	40	TRUE	TRUE
GTGAGTTAGTCTAGTT-1	MZ286102_1_ORF2	0	0	2	2	TRUE	TRUE
GTGATGGTCACGTTCA-1	OZ258728_1_ORF1	0	0	1	1	FALSE	FALSE
GTGATGGTCGGCTTCG-1	OZ258728_1_ORF2	0	0	1	1	FALSE	FALSE
GTGATGGTCTTAGTGT-1	OZ258728_1_ORF1	1	0	5	6	TRUE	TRUE
GTGATTAAGGGCGTAC-1	MZ286188_1_ORF1	0	0	1	1	FALSE	FALSE
GTGCAATAGACTCAGG-1	OZ258728_1_ORF2	0	0	1	1	FALSE	FALSE
GTGCAATAGACTTACT-1	OZ258728_1_ORF2	1	0	7	8	TRUE	TRUE
GTGCAATAGCCACACT-1	MZ286197_1_ORF2	0	0	2	3	FALSE	TRUE
GTGCAATAGGAGTCTG-1	MZ286258_1_ORF2	1	0	5	5	TRUE	TRUE
GTGCAATAGGGGTTCA-1	MZ286102_1_ORF1	1	0	9	9	TRUE	TRUE
GTGCACGCAAAGTTAC-1	OZ258728_1_ORF2	0	0	1	1	FALSE	FALSE
GTGCACGCAAGGTGCT-1	MZ286258_1_ORF2	1	0	6	6	TRUE	TRUE
GTGCACGCAAGTGTCA-1	OZ258728_1_ORF1	1	1	11	12	TRUE	TRUE
GTGCACGCACTGAGGT-1	OP549859_1_ORF2	0	0	3	3	TRUE	TRUE
GTGCACGCATACCGGG-1	OZ258728_1_ORF2	1	1	53	57	TRUE	TRUE
GTGCACGCATCCATAC-1	meGFP	0	0	2	2	TRUE	TRUE
GTGCATTGTAACCTAC-1	MZ286188_1_ORF1	0	0	2	2	TRUE	TRUE
GTGCATTGTAAGGTAT-1	MZ286258_1_ORF2	1	0	5	5	TRUE	TRUE
GTGCATTGTACCGATT-1	OZ258728_1_ORF2	0	0	1	1	FALSE	TRUE
GTGCATTGTAGGATAT-1	MZ286197_1_ORF1	0	0	2	2	TRUE	TRUE
GTGCATTGTCACACCA-1	OZ258728_1_ORF1	1	1	10	12	TRUE	TRUE
GTGCATTGTCGCATAT-1	MZ286102_1_ORF2	0	0	1	1	FALSE	TRUE
GTGCATTGTTGCCACA-1	OZ258728_1_ORF2	0	0	3	3	TRUE	TRUE
GTGCATTGTTTGAACC-1	OP549859_1_ORF2	2	0	8	16	FALSE	TRUE
GTGCCCATCAAGGTAC-1	OZ258728_1_ORF2	1	1	116	116	TRUE	TRUE
GTGCCCATCCCGTTGG-1	MZ286258_1_ORF2	1	0	9	10	TRUE	TRUE
GTGCCCATCCGGATGA-1	MZ286258_1_ORF1	0	0	1	1	FALSE	TRUE
GTGCCCATCTGATAGA-1	MZ286197_1_ORF1	1	0	6	7	TRUE	TRUE
GTGCCCATCTGCACTA-1	MZ286197_1_ORF1	1	0	9	11	TRUE	TRUE
GTGCCCATCTGGATGG-1	MZ286197_1_ORF1	0	0	1	1	FALSE	TRUE
GTGCCCATCTGGGTAG-1	OP549859_1_ORF1	0	0	1	1	FALSE	TRUE
GTGCGCCTCAGGATAC-1	OZ258728_1_ORF2	0	0	1	1	FALSE	FALSE
GTGCGCCTCATCATAC-1	meGFP	0	0	1	1	FALSE	FALSE
GTGCGCCTCCAATGAA-1	meGFP	1	0	4	4	TRUE	FALSE
GTGCGCCTCCGGCTTG-1	MZ286102_1_ORF2	0	0	1	1	FALSE	FALSE
GTGCGCCTCGGACCAA-1	MZ286102_1_ORF2	1	1	19	19	TRUE	TRUE
GTGCGCCTCGGGATTG-1	OZ258728_1_ORF2	1	1	46	46	TRUE	TRUE
GTGCGCCTCTCTCAAG-1	OZ258728_1_ORF2	0	0	1	1	FALSE	FALSE
GTGCGGAGTAAGTCTC-1	MZ286102_1_ORF2	1	0	4	5	TRUE	TRUE
GTGCGGAGTAGTCGGG-1	MZ286102_1_ORF1	0	0	1	1	FALSE	FALSE
GTGCGGAGTATCTCAA-1	MZ286102_1_ORF1	1	0	9	9	TRUE	TRUE
GTGCGGAGTGCTATGT-1	MZ286188_1_ORF1	0	0	1	1	FALSE	FALSE
GTGCGGAGTGTTGCGC-1	MZ286197_1_ORF2	1	1	13	13	TRUE	TRUE
GTGCGGAGTTGTAAGG-1	OZ258728_1_ORF2	0	0	1	1	FALSE	TRUE
GTGCGGAGTTTCAAGC-1	OZ258728_1_ORF2	0	0	1	1	FALSE	FALSE
GTGCGGAGTTTGGCGC-1	meGFP	0	0	1	1	FALSE	TRUE
GTGCGGGTCCCTTCCA-1	meGFP	0	0	1	1	FALSE	TRUE
GTGCGGGTCCGTGGAA-1	OZ258728_1_ORF2	0	0	1	1	FALSE	TRUE
GTGCGGGTCGAACCCT-1	OP549859_1_ORF1	0	0	1	1	FALSE	FALSE
GTGCGGGTCGAACGTG-1	MZ286102_1_ORF1	1	1	10	10	TRUE	TRUE
GTGCGGGTCGCCCTGA-1	OZ258728_1_ORF2	0	0	1	1	FALSE	TRUE
GTGCGGGTCGGGAACC-1	OP549859_1_ORF1	0	0	2	4	FALSE	TRUE
GTGCGGGTCTTGCGAC-1	meGFP	0	0	2	3	FALSE	TRUE
GTGCTACTCAGTAGTA-1	MZ286188_1_ORF1	1	0	5	5	TRUE	TRUE
GTGCTACTCATTGCCA-1	OP549859_1_ORF1	0	0	1	1	FALSE	FALSE
GTGCTACTCCAATCAT-1	OZ258728_1_ORF2	0	0	1	1	FALSE	TRUE
GTGCTACTCCATAGCC-1	OZ258728_1_ORF2	1	0	5	5	TRUE	TRUE
GTGCTACTCGCCCGTA-1	OP549859_1_ORF2	0	0	2	2	TRUE	TRUE
GTGCTACTCGGCGTAA-1	OP549859_1_ORF1	0	0	1	1	FALSE	TRUE
GTGCTACTCGGCTTCG-1	meGFP	0	0	1	1	FALSE	FALSE
GTGCTACTCTCCTTCG-1	OP549859_1_ORF1	0	0	1	1	FALSE	FALSE
GTGCTACTCTGTAATC-1	OZ258728_1_ORF2	0	0	2	2	TRUE	TRUE
GTGCTACTCTTCATCC-1	meGFP	0	0	1	1	FALSE	FALSE
GTGCTTCAGATTGGTA-1	MZ286258_1_ORF2	0	0	1	2	FALSE	FALSE
GTGCTTCAGGCATCCT-1	MZ286258_1_ORF1	0	0	1	1	FALSE	FALSE
GTGCTTCAGGCTTCGT-1	MZ286102_1_ORF2	0	0	1	1	FALSE	FALSE
GTGCTTCAGTACCAGG-1	OZ258728_1_ORF2	0	0	1	1	FALSE	TRUE
GTGCTTCAGTACCCGT-1	OZ258728_1_ORF2	0	0	0	0	FALSE	FALSE
GTGCTTCAGTGGGTCA-1	MZ286197_1_ORF1	0	0	1	1	FALSE	TRUE
GTGCTTCAGTGTAATG-1	MZ286258_1_ORF1	0	0	2	2	TRUE	TRUE
GTGCTTTCAACTTCGT-1	MZ286258_1_ORF2	1	0	7	7	TRUE	TRUE
GTGCTTTCAATACCCT-1	MZ286102_1_ORF2	1	0	5	5	TRUE	TRUE
GTGCTTTCACAGTATG-1	meGFP	1	0	7	7	TRUE	TRUE
GTGCTTTCACTCGTCA-1	MZ286102_1_ORF2	0	0	1	1	FALSE	TRUE
GTGCTTTCAGATTAGT-1	MZ286102_1_ORF2	0	0	1	1	FALSE	FALSE
GTGCTTTCAGGCTATA-1	OP549859_1_ORF2	0	0	3	3	TRUE	TRUE
GTGCTTTCATGCGTGG-1	meGFP	2	2	27	37	FALSE	TRUE
GTGGACATCACCGCAT-1	OZ258728_1_ORF2	0	0	1	1	FALSE	FALSE
GTGGACATCCCTCTAT-1	MZ286102_1_ORF2	1	1	19	20	TRUE	TRUE
GTGGACATCGAATGGT-1	MZ286197_1_ORF1	0	0	1	1	FALSE	TRUE
GTGGACATCTCTCAAG-1	OZ258728_1_ORF2	1	1	13	13	TRUE	TRUE
GTGGACATCTGAGTAA-1	meGFP	1	1	101	101	TRUE	TRUE
GTGGCCCTCAATGCTT-1	OZ258728_1_ORF2	1	1	10	10	TRUE	TRUE
GTGGCCCTCACGGGAC-1	OP549859_1_ORF1	1	1	21	22	TRUE	TRUE
GTGGCCCTCATTGCCA-1	OZ258728_1_ORF2	0	0	1	1	FALSE	FALSE
GTGGCCCTCGAGCAGC-1	meGFP	0	0	1	1	FALSE	TRUE
GTGGCCCTCGCCCTGA-1	MZ286188_1_ORF1	0	0	1	1	FALSE	TRUE
GTGGCCCTCGCCTGCA-1	meGFP	1	0	9	9	TRUE	TRUE
GTGGCCCTCGGGACTA-1	MZ286188_1_ORF1	0	0	2	3	FALSE	TRUE
GTGGCCCTCTGGAAGT-1	MZ286197_1_ORF2	0	0	1	1	FALSE	TRUE
GTGGCCCTCTGGTTGC-1	OP549859_1_ORF1	0	0	1	1	FALSE	FALSE
GTGGCCCTCTTAGGCC-1	MZ286258_1_ORF2	2	0	7	15	FALSE	TRUE
GTGGCCCTCTTCGCAA-1	OP549859_1_ORF1	1	1	37	39	TRUE	TRUE
GTGGCCCTCTTCGTAG-1	MZ286258_1_ORF2	1	1	12	12	TRUE	TRUE
GTGGGTCAGACCAGCA-1	MZ286197_1_ORF1	0	0	1	1	FALSE	TRUE
GTGGGTCAGAGAGCTT-1	OZ258728_1_ORF1	0	0	1	1	FALSE	TRUE
GTGGGTCAGCGGTAAT-1	meGFP	1	1	26	26	TRUE	TRUE
GTGGGTCAGCTAGAGT-1	MZ286102_1_ORF2	1	0	4	5	TRUE	TRUE
GTGGGTCAGTACTGGG-1	MZ286102_1_ORF1	0	0	1	1	FALSE	FALSE
GTGGGTCAGTATAGGC-1	OZ258728_1_ORF1	1	1	43	43	TRUE	TRUE
GTGGGTTCACAGGTGT-1	meGFP	0	0	1	1	FALSE	FALSE
GTGGGTTCACCCAACC-1	MZ286258_1_ORF2	1	1	18	19	TRUE	TRUE
GTGGGTTCACCGGACA-1	OP549859_1_ORF1	0	0	1	1	FALSE	FALSE
GTGGGTTCAGAACGGA-1	MZ286188_1_ORF1	0	0	1	1	FALSE	FALSE
GTGGGTTCAGCCTCGT-1	meGFP	0	0	1	1	FALSE	FALSE
GTGGGTTCATTCCGTG-1	OZ258728_1_ORF1	1	1	23	23	TRUE	TRUE
GTGGTGATCACCCTAA-1	MZ286102_1_ORF2	0	0	1	1	FALSE	FALSE
GTGGTGATCAGGCTAG-1	OZ258728_1_ORF2	0	0	1	1	FALSE	FALSE
GTGGTGATCCAACCTA-1	MZ286102_1_ORF2	0	0	3	4	TRUE	TRUE
GTGGTGATCCTACTTC-1	OZ258728_1_ORF2	2	1	39	44	TRUE	TRUE
GTGGTGATCGAGGCGT-1	OZ258728_1_ORF2	0	0	1	1	FALSE	FALSE
GTGGTGATCGGCCATT-1	MZ286102_1_ORF2	0	0	1	1	FALSE	FALSE
GTGGTGATCTAAGCGG-1	OP549859_1_ORF2	1	0	7	14	TRUE	TRUE
GTGGTGATCTAATTGC-1	OP549859_1_ORF1	0	0	1	1	FALSE	FALSE
GTGGTGATCTATCGTG-1	OP549859_1_ORF1	1	1	40	40	TRUE	TRUE
GTGGTGATCTTCGTAG-1	MZ286102_1_ORF2	1	1	10	10	TRUE	TRUE
GTGGTTCTCCAACCTA-1	MZ286102_1_ORF2	1	1	17	18	TRUE	TRUE
GTGGTTCTCCACCAGT-1	OZ258728_1_ORF1	1	1	22	22	TRUE	TRUE
GTGGTTCTCCTACGGT-1	OP549859_1_ORF1	1	0	7	7	TRUE	TRUE
GTGGTTCTCCTACTTC-1	OZ258728_1_ORF2	0	0	1	1	FALSE	FALSE
GTGGTTCTCGAGTTGG-1	OP549859_1_ORF2	1	0	5	5	TRUE	TRUE
GTGGTTCTCGCTACTA-1	OP549859_1_ORF1	1	1	10	11	TRUE	TRUE
GTGGTTCTCGTTCACA-1	OP549859_1_ORF1	0	0	1	1	FALSE	TRUE
GTGGTTCTCTACCAGC-1	OP549859_1_ORF2	0	0	3	3	TRUE	TRUE
GTGGTTCTCTCAGCAC-1	MZ286197_1_ORF2	1	0	5	5	TRUE	TRUE
GTGTAAGGTATACGTC-1	OZ258728_1_ORF1	0	0	1	1	FALSE	FALSE
GTGTAAGGTTTCCAGG-1	MZ286197_1_ORF1	0	0	1	1	FALSE	FALSE
GTGTAAGGTTTGGATC-1	MZ286102_1_ORF2	0	0	1	1	FALSE	FALSE
GTGTAATCAAGTGTCA-1	MZ286102_1_ORF2	1	1	32	32	TRUE	TRUE
GTGTAATCACAGGTGT-1	MZ286258_1_ORF2	1	0	6	6	TRUE	TRUE
GTGTAATCACTCATAC-1	OZ258728_1_ORF2	1	1	103	103	TRUE	TRUE
GTGTAATCAGAACTAT-1	MZ286258_1_ORF1	2	1	10	18	FALSE	TRUE
GTGTAATCAGCGCACA-1	MZ286258_1_ORF1	1	1	21	21	TRUE	TRUE
GTGTAATCAGCTGATA-1	OZ258728_1_ORF2	1	1	23	24	TRUE	TRUE
GTGTCAACAACCTCGC-1	MZ286102_1_ORF1	0	0	1	1	FALSE	TRUE
GTGTCAACAAGCGAAG-1	meGFP	1	1	56	57	TRUE	TRUE
GTGTCAACACACAGCG-1	OZ258728_1_ORF2	0	0	1	1	FALSE	FALSE
GTGTCAACATTACTCA-1	OP549859_1_ORF1	1	1	31	31	TRUE	TRUE
GTGTCGAAGACACGCA-1	OZ258728_1_ORF1	1	1	41	41	TRUE	TRUE
GTGTCGAAGACGACTG-1	MZ286188_1_ORF1	0	0	1	1	FALSE	FALSE
GTGTCGAAGAGCCAAT-1	MZ286258_1_ORF2	1	1	34	34	TRUE	TRUE
GTGTCGAAGATGGTGT-1	meGFP	0	0	1	1	FALSE	TRUE
GTGTCGAAGCCTGGAA-1	OZ258728_1_ORF1	0	0	1	1	FALSE	TRUE
GTGTCGAAGGGGCTTA-1	OP549859_1_ORF2	1	0	6	7	TRUE	TRUE
GTGTCGAAGTACTAAG-1	meGFP	0	0	1	1	FALSE	TRUE
GTGTCGCGTCGTTGGC-1	meGFP	0	0	1	1	FALSE	FALSE
GTGTCGCGTTGAAGTG-1	meGFP	1	1	28	29	TRUE	TRUE
GTGTCGCGTTTACCAA-1	OZ258728_1_ORF2	0	0	1	1	FALSE	FALSE
GTGTCGCGTTTCCTGC-1	MZ286188_1_ORF2	0	0	2	4	FALSE	FALSE
GTGTCGTTCAATCCAT-1	MZ286102_1_ORF1	0	0	1	1	FALSE	FALSE
GTGTCGTTCAGTGTGG-1	MZ286258_1_ORF1	1	1	47	49	TRUE	TRUE
GTGTCGTTCCAAGTAA-1	OZ258728_1_ORF2	0	0	1	1	FALSE	TRUE
GTGTCGTTCGCTAGAG-1	meGFP	0	0	1	1	FALSE	FALSE
GTGTCGTTCGTGCTGT-1	OZ258728_1_ORF2	0	0	1	1	FALSE	FALSE
GTGTCGTTCTGATTAC-1	OZ258728_1_ORF1	0	0	1	1	FALSE	FALSE
GTGTGACCAAACGACC-1	meGFP	0	0	1	1	FALSE	FALSE
GTGTGACCAATAGAGA-1	meGFP	0	0	1	1	FALSE	FALSE
GTGTGACCAATCGTTC-1	OZ258728_1_ORF2	1	1	22	22	TRUE	TRUE
GTGTGACCAATCTGTC-1	OZ258728_1_ORF2	0	0	1	1	FALSE	FALSE
GTGTGACCACCACAGG-1	MZ286102_1_ORF2	1	1	10	11	TRUE	TRUE
GTGTGACCACGGCTCT-1	OZ258728_1_ORF2	1	0	4	9	TRUE	TRUE
GTGTTCTCAACAGAGG-1	MZ286102_1_ORF2	0	0	1	1	FALSE	FALSE
GTGTTCTCAAGCGCCA-1	MZ286258_1_ORF1	0	0	1	1	FALSE	FALSE
GTGTTCTCACCATTAC-1	MZ286258_1_ORF2	0	0	1	1	FALSE	TRUE
GTGTTCTCAGAGGTTC-1	MZ286102_1_ORF1	0	0	1	1	FALSE	FALSE
GTGTTCTCATAACTGG-1	OP549859_1_ORF1	1	1	31	31	TRUE	TRUE
GTTAATGAGGCATCCT-1	OZ258728_1_ORF2	1	1	16	16	TRUE	TRUE
GTTAATGAGGTCCAGA-1	meGFP	0	0	3	3	TRUE	FALSE
GTTAATGAGGTCGTCT-1	MZ286258_1_ORF2	0	0	1	1	FALSE	TRUE
GTTAATGAGGTTAATG-1	meGFP	0	0	1	1	FALSE	TRUE
GTTAATGAGTAACCAA-1	MZ286188_1_ORF1	0	0	2	3	FALSE	TRUE
GTTAATGAGTTACACT-1	MZ286197_1_ORF1	0	0	1	1	FALSE	TRUE
GTTACCATCATATGTC-1	MZ286258_1_ORF2	1	0	9	9	TRUE	TRUE
GTTACCATCCGTACCG-1	OP549859_1_ORF2	1	0	5	5	TRUE	TRUE
GTTACCATCGAGCAGC-1	meGFP	1	0	8	9	TRUE	TRUE
GTTACCATCGTTCACA-1	MZ286258_1_ORF1	0	0	1	1	FALSE	TRUE
GTTACCATCTAATGGA-1	MZ286197_1_ORF2	1	0	5	5	TRUE	TRUE
GTTACCATCTAGCCCG-1	OP549859_1_ORF1	0	0	1	1	FALSE	FALSE
GTTACCCAGATTAGGC-1	MZ286188_1_ORF1	0	0	1	1	FALSE	TRUE
GTTACCCAGCGAACTG-1	MZ286258_1_ORF2	0	0	2	2	TRUE	TRUE
GTTACCCAGCTGAGAT-1	OZ258728_1_ORF2	0	0	1	1	FALSE	FALSE
GTTACCCAGGCAGGCT-1	meGFP	0	0	1	1	FALSE	FALSE
GTTACCCAGGGCGTGT-1	meGFP	0	0	2	2	TRUE	TRUE
GTTACCCAGGGGCTTA-1	OZ258728_1_ORF2	0	0	1	1	FALSE	FALSE
GTTACCTCAATTGAAC-1	MZ286188_1_ORF2	0	0	3	3	TRUE	TRUE
GTTACCTCACATACAG-1	MZ286258_1_ORF2	0	0	1	1	FALSE	TRUE
GTTACCTCACGTGAAC-1	OZ258728_1_ORF2	0	0	1	1	FALSE	TRUE
GTTACCTCACTAATGG-1	OP549859_1_ORF2	1	1	10	10	TRUE	TRUE
GTTACCTCACTAGGCG-1	MZ286188_1_ORF1	1	1	41	41	TRUE	TRUE
GTTACCTCACTCACGC-1	OZ258728_1_ORF2	0	0	1	1	FALSE	FALSE
GTTACCTCACTGATGA-1	OZ258728_1_ORF1	1	0	8	11	TRUE	TRUE
GTTACCTCATAGGATT-1	OZ258728_1_ORF2	1	1	24	24	TRUE	TRUE
GTTACCTCATGCATCT-1	OP549859_1_ORF1	0	0	1	1	FALSE	TRUE
GTTACGGAGAGATAGG-1	OZ258728_1_ORF2	1	1	11	11	TRUE	TRUE
GTTACGGAGATCCTGC-1	OZ258728_1_ORF2	0	0	1	1	FALSE	FALSE
GTTACGGAGCATCCGT-1	MZ286258_1_ORF1	1	1	28	28	TRUE	TRUE
GTTACGGAGCCAACCT-1	OZ258728_1_ORF2	0	0	1	1	FALSE	FALSE
GTTACGGAGCTCTCAA-1	MZ286188_1_ORF1	0	0	1	1	FALSE	FALSE
GTTACGGAGGACGTTG-1	MZ286102_1_ORF2	1	0	9	9	TRUE	TRUE
GTTACGGAGTAATGTG-1	OZ258728_1_ORF2	0	0	1	1	FALSE	FALSE
GTTACGGAGTGTAATG-1	OZ258728_1_ORF2	0	0	1	1	FALSE	TRUE
GTTACTAGTAATGGAT-1	meGFP	1	1	25	25	TRUE	TRUE
GTTACTAGTAGACCAA-1	OZ258728_1_ORF1	0	0	1	1	FALSE	FALSE
GTTACTAGTCAGTCGC-1	MZ286197_1_ORF1	0	0	2	4	FALSE	TRUE
GTTACTAGTCGGGCTT-1	MZ286102_1_ORF2	0	0	1	1	FALSE	FALSE
GTTACTAGTCTGGATT-1	meGFP	0	0	1	1	FALSE	FALSE
GTTACTAGTGTCCTTC-1	OZ258728_1_ORF2	1	1	27	27	TRUE	TRUE
GTTACTAGTTACCGTG-1	OZ258728_1_ORF2	0	0	0	0	FALSE	TRUE
GTTACTAGTTCTGGCA-1	OZ258728_1_ORF2	0	0	1	1	FALSE	FALSE
GTTACTTAGACACCTC-1	OZ258728_1_ORF2	0	0	1	1	FALSE	FALSE
GTTACTTAGACATCAA-1	OP549859_1_ORF2	0	0	1	1	FALSE	TRUE
GTTACTTAGACCCAAG-1	MZ286258_1_ORF2	1	1	33	35	TRUE	TRUE
GTTACTTAGAGGCGAG-1	OP549859_1_ORF1	0	0	1	1	FALSE	FALSE
GTTACTTAGATGCGGC-1	meGFP	0	0	1	1	FALSE	FALSE
GTTACTTAGCATCACC-1	OZ258728_1_ORF2	0	0	1	1	FALSE	TRUE
GTTACTTAGCGTGCTT-1	OZ258728_1_ORF2	2	1	23	33	FALSE	TRUE
GTTACTTAGCTGAGAT-1	meGFP	0	0	1	1	FALSE	FALSE
GTTACTTAGGAAGGGT-1	OP549859_1_ORF1	0	0	1	1	FALSE	TRUE
GTTACTTAGGCGTAAT-1	meGFP	1	0	7	7	TRUE	TRUE
GTTACTTAGGGCAACC-1	MZ286102_1_ORF2	1	0	7	7	TRUE	TRUE
GTTACTTAGGGTGATT-1	meGFP	0	0	1	1	FALSE	FALSE
GTTAGAGGTACGCCTA-1	OZ258728_1_ORF1	0	0	1	1	FALSE	TRUE
GTTAGAGGTAGTCGGG-1	MZ286188_1_ORF1	1	1	46	46	TRUE	TRUE
GTTAGAGGTATACTGC-1	meGFP	1	1	66	66	TRUE	TRUE
GTTAGAGGTCATTCCC-1	OP549859_1_ORF1	0	0	1	1	FALSE	TRUE
GTTAGAGGTCGGGACA-1	MZ286188_1_ORF1	0	0	1	1	FALSE	FALSE
GTTAGAGGTGCAGGCA-1	OP549859_1_ORF2	0	0	1	1	FALSE	FALSE
GTTAGAGGTGGTGATA-1	OP549859_1_ORF1	1	1	22	22	TRUE	TRUE
GTTAGAGGTGTAAGTG-1	OZ258728_1_ORF1	0	0	1	1	FALSE	FALSE
GTTAGAGGTTTAGCAC-1	MZ286197_1_ORF1	1	1	14	14	TRUE	TRUE
GTTAGAGGTTTCGGGC-1	MZ286102_1_ORF1	0	0	3	3	TRUE	TRUE
GTTAGGAGTAACCGGG-1	MZ286197_1_ORF1	0	0	1	1	FALSE	FALSE
GTTAGGAGTACACCTG-1	MZ286197_1_ORF1	0	0	2	2	TRUE	TRUE
GTTAGGAGTACCGGAG-1	OP549859_1_ORF2	0	0	1	1	FALSE	TRUE
GTTAGGAGTCGCAGGA-1	OP549859_1_ORF1	0	0	1	1	FALSE	FALSE
GTTAGGAGTGGCGTCT-1	MZ286258_1_ORF2	0	0	1	1	FALSE	FALSE
GTTAGGAGTTGCAATC-1	MZ286188_1_ORF1	0	0	1	1	FALSE	TRUE
GTTAGGCCAAACGGGA-1	MZ286102_1_ORF2	1	1	12	12	TRUE	TRUE
GTTAGGCCAAAGTAAG-1	meGFP	1	1	27	28	TRUE	TRUE
GTTAGGCCAACGGCCA-1	MZ286258_1_ORF2	0	0	1	2	FALSE	TRUE
GTTAGGCCAACTTCGT-1	OZ258728_1_ORF2	0	0	2	4	FALSE	TRUE
GTTAGGCCAAGTGAGG-1	meGFP	0	0	1	1	FALSE	FALSE
GTTAGGCCAATCGTTC-1	MZ286188_1_ORF2	0	0	1	1	FALSE	FALSE
GTTAGGCCACAAGGCT-1	OP549859_1_ORF1	1	1	21	21	TRUE	TRUE
GTTAGGCCACACTAAG-1	MZ286102_1_ORF2	0	0	1	1	FALSE	TRUE
GTTAGGCCACTTCGAT-1	MZ286197_1_ORF2	0	0	2	5	FALSE	TRUE
GTTAGGCCAGCGCTTC-1	OP549859_1_ORF1	0	0	1	1	FALSE	TRUE
GTTAGGCCAGGCCAAT-1	MZ286102_1_ORF1	0	0	1	2	FALSE	TRUE
GTTAGGCCAGGCGCTA-1	OP549859_1_ORF2	0	0	1	1	FALSE	FALSE
GTTAGGCCAGTGAATT-1	OP549859_1_ORF1	0	0	1	1	FALSE	TRUE
GTTAGGTAGAATCCGG-1	MZ286258_1_ORF2	1	0	4	4	TRUE	TRUE
GTTAGGTAGAGTTAGC-1	meGFP	0	0	1	1	FALSE	FALSE
GTTAGGTAGCATATCT-1	OZ258728_1_ORF2	0	0	2	3	FALSE	TRUE
GTTAGGTAGGAGTCTG-1	meGFP	0	0	1	1	FALSE	FALSE
GTTAGGTAGGCGTAAT-1	MZ286188_1_ORF2	1	1	12	12	TRUE	TRUE
GTTAGGTAGGGCAATT-1	meGFP	0	0	1	1	FALSE	FALSE
GTTAGGTAGGGTATGT-1	MZ286188_1_ORF1	0	0	1	1	FALSE	FALSE
GTTAGTCGTAAGGTGC-1	MZ286258_1_ORF2	0	0	2	2	TRUE	TRUE
GTTAGTCGTAATCGCT-1	OP549859_1_ORF2	0	0	1	2	FALSE	TRUE
GTTAGTCGTACACCTG-1	MZ286197_1_ORF2	0	0	3	5	FALSE	TRUE
GTTAGTCGTCACACCA-1	MZ286258_1_ORF2	0	0	1	1	FALSE	FALSE
GTTAGTCGTCCGGGTT-1	MZ286197_1_ORF1	1	1	18	18	TRUE	TRUE
GTTAGTCGTCGGGCTT-1	MZ286188_1_ORF1	1	1	27	27	TRUE	TRUE
GTTAGTCGTCTCCAAG-1	meGFP	0	0	1	1	FALSE	FALSE
GTTAGTCGTGAATGTG-1	OP549859_1_ORF2	1	0	7	7	TRUE	TRUE
GTTAGTCGTGCGGTGA-1	OP549859_1_ORF1	2	2	34	58	FALSE	TRUE
GTTAGTCGTGGCCGTT-1	MZ286197_1_ORF2	0	0	1	1	FALSE	TRUE
GTTAGTCGTGTGTGAA-1	MZ286258_1_ORF1	0	0	1	1	FALSE	FALSE
GTTAGTCGTTCCGCAA-1	MZ286197_1_ORF2	1	0	4	4	TRUE	TRUE
GTTAGTCGTTCTGGCA-1	meGFP	0	0	1	2	FALSE	TRUE
GTTATCAGTCGACATT-1	meGFP	0	0	1	1	FALSE	TRUE
GTTATCAGTGATAGTG-1	MZ286102_1_ORF2	0	0	1	1	FALSE	FALSE
GTTATCAGTGCTGGCT-1	OZ258728_1_ORF2	1	1	14	14	TRUE	TRUE
GTTATCAGTTGCGGAG-1	MZ286258_1_ORF2	1	1	19	19	TRUE	TRUE
GTTATCCCAAGAGGTG-1	OP549859_1_ORF1	0	0	1	1	FALSE	FALSE
GTTATCCCACAGTATG-1	meGFP	0	0	1	1	FALSE	TRUE
GTTATCCCACTACCCA-1	OP549859_1_ORF1	0	0	1	2	FALSE	FALSE
GTTATCCCAGCTTAGA-1	MZ286258_1_ORF1	1	1	15	16	TRUE	TRUE
GTTATCCCATCGCTCA-1	OZ258728_1_ORF1	1	0	8	8	TRUE	TRUE
GTTATGAAGCCTTCCC-1	OZ258728_1_ORF2	0	0	1	1	FALSE	TRUE
GTTATGAAGCTAACCC-1	MZ286188_1_ORF1	1	0	8	13	TRUE	TRUE
GTTATGAAGGAAGTAG-1	OZ258728_1_ORF1	0	0	1	1	FALSE	FALSE
GTTATGAAGGACACCA-1	MZ286197_1_ORF1	1	1	43	44	TRUE	TRUE
GTTATGAAGGGGCCAT-1	OP549859_1_ORF1	0	0	1	1	FALSE	TRUE
GTTATGAAGGTGGCTA-1	MZ286258_1_ORF1	0	0	1	1	FALSE	TRUE
GTTATGAAGTCGCTCG-1	MZ286258_1_ORF1	0	0	1	1	FALSE	TRUE
GTTATGAAGTTGCGTC-1	MZ286102_1_ORF1	1	1	30	31	TRUE	TRUE
GTTATGCGTATGAGTG-1	OZ258728_1_ORF1	0	0	2	3	FALSE	TRUE
GTTATGCGTATTGACC-1	MZ286188_1_ORF1	0	0	1	1	FALSE	TRUE
GTTATGCGTCGAGAGT-1	MZ286258_1_ORF2	0	0	1	1	FALSE	TRUE
GTTATGCGTGAGAGCT-1	MZ286197_1_ORF1	0	0	1	1	FALSE	TRUE
GTTATGCGTGAGAGGA-1	OP549859_1_ORF1	1	1	17	19	TRUE	TRUE
GTTATGCGTGCCTGGT-1	MZ286102_1_ORF2	1	0	7	9	TRUE	TRUE
GTTATGCGTGGAAGGA-1	OZ258728_1_ORF2	0	0	1	2	FALSE	FALSE
GTTATGCGTTGTCTAA-1	MZ286102_1_ORF1	0	0	1	1	FALSE	FALSE
GTTATGCGTTTACGAC-1	meGFP	0	0	1	1	FALSE	FALSE
GTTATGCGTTTCGATA-1	OZ258728_1_ORF1	0	0	1	1	FALSE	FALSE
GTTATGTTCACTTGCA-1	MZ286102_1_ORF1	0	0	3	3	TRUE	TRUE
GTTATGTTCAGCGGAC-1	OZ258728_1_ORF2	1	1	129	129	TRUE	TRUE
GTTATGTTCAGTATCT-1	meGFP	0	0	2	2	TRUE	TRUE
GTTATGTTCCCTCTAT-1	MZ286258_1_ORF2	0	0	1	1	FALSE	FALSE
GTTATGTTCGCATCGT-1	OP549859_1_ORF2	0	0	3	3	TRUE	TRUE
GTTATGTTCGCCTATA-1	OZ258728_1_ORF1	0	0	1	2	FALSE	TRUE
GTTATGTTCGGCTCTG-1	OZ258728_1_ORF1	1	1	13	15	TRUE	TRUE
GTTATGTTCTCGATTG-1	OZ258728_1_ORF2	0	0	1	1	FALSE	FALSE
GTTCACGGTACCGATT-1	OP549859_1_ORF1	1	1	25	26	TRUE	TRUE
GTTCACGGTACTTCCC-1	meGFP	1	0	4	4	TRUE	TRUE
GTTCACGGTATTGGGA-1	OP549859_1_ORF1	0	0	1	1	FALSE	TRUE
GTTCACGGTCAAGTTC-1	MZ286102_1_ORF2	0	0	1	1	FALSE	FALSE
GTTCACGGTGCAACCC-1	MZ286188_1_ORF1	1	0	8	8	TRUE	TRUE
GTTCACTCAACCAGCG-1	OP549859_1_ORF1	1	0	7	8	TRUE	TRUE
GTTCACTCAATAGAGA-1	MZ286188_1_ORF2	0	0	1	1	FALSE	TRUE
GTTCACTCAGAACTAT-1	OZ258728_1_ORF2	0	0	1	1	FALSE	FALSE
GTTCACTCAGCACTCC-1	MZ286197_1_ORF1	0	0	1	1	FALSE	FALSE
GTTCATCCAAATGCGC-1	MZ286102_1_ORF1	1	0	4	5	TRUE	TRUE
GTTCATCCAACGGGTT-1	OP549859_1_ORF2	1	0	7	7	TRUE	TRUE
GTTCATCCAATCGTTC-1	OZ258728_1_ORF1	0	0	1	1	FALSE	FALSE
GTTCATCCACAAGCCG-1	OZ258728_1_ORF1	1	1	23	24	TRUE	TRUE
GTTCATCCAGCGCTTC-1	OP549859_1_ORF1	1	1	195	195	TRUE	TRUE
GTTCATCCAGCTTGCC-1	meGFP	1	1	110	111	TRUE	TRUE
GTTCATCCAGTCCAGG-1	MZ286188_1_ORF2	0	0	1	1	FALSE	FALSE
GTTCATCCATAGCGCG-1	MZ286188_1_ORF1	0	0	1	1	FALSE	TRUE
GTTCATCCATGTGGCG-1	MZ286197_1_ORF1	1	1	10	11	TRUE	TRUE
GTTCATTAGAACCGTG-1	MZ286258_1_ORF2	1	0	8	8	TRUE	TRUE
GTTCATTAGAACCTAA-1	MZ286102_1_ORF2	1	0	4	6	TRUE	TRUE
GTTCATTAGACACGCA-1	MZ286102_1_ORF2	0	0	1	1	FALSE	TRUE
GTTCATTAGACCCTGT-1	OZ258728_1_ORF2	1	1	38	38	TRUE	TRUE
GTTCATTAGACTTACT-1	OZ258728_1_ORF2	0	0	1	1	FALSE	TRUE
GTTCATTAGACTTGGG-1	MZ286102_1_ORF2	1	0	8	8	TRUE	TRUE
GTTCATTAGAGAGGTA-1	MZ286102_1_ORF2	0	0	1	1	FALSE	TRUE
GTTCATTAGCAAGGTT-1	MZ286102_1_ORF2	0	0	1	1	FALSE	FALSE
GTTCATTAGCTGGTGA-1	MZ286102_1_ORF2	0	0	1	1	FALSE	FALSE
GTTCATTAGGGTTGCA-1	OP549859_1_ORF1	0	0	1	1	FALSE	FALSE
GTTCATTAGGTGTGGC-1	MZ286102_1_ORF2	1	0	8	8	TRUE	TRUE
GTTCATTAGTTACGAA-1	MZ286102_1_ORF2	0	0	1	1	FALSE	TRUE
GTTCCAGGTAACCCTG-1	MZ286258_1_ORF2	0	0	1	1	FALSE	FALSE
GTTCCAGGTATCGAGA-1	meGFP	0	0	1	1	FALSE	FALSE
GTTCCAGGTCCCATCT-1	OP549859_1_ORF1	0	0	1	1	FALSE	TRUE
GTTCCAGGTCTAAGCT-1	MZ286197_1_ORF1	0	0	1	1	FALSE	TRUE
GTTCCAGGTGGGACCA-1	OZ258728_1_ORF2	0	0	2	2	TRUE	TRUE
GTTCCAGGTGGTGCGA-1	OZ258728_1_ORF2	1	1	36	36	TRUE	TRUE
GTTCCAGGTGTACCGC-1	MZ286197_1_ORF1	1	0	4	4	TRUE	TRUE
GTTCCATCAACGGACT-1	OZ258728_1_ORF2	0	0	1	1	FALSE	FALSE
GTTCCATCAAGATGAA-1	OP549859_1_ORF1	0	0	1	1	FALSE	TRUE
GTTCCATCAAGTCGGT-1	OZ258728_1_ORF2	2	2	72	122	FALSE	TRUE
GTTCCATCACCTTGAT-1	OZ258728_1_ORF1	0	0	1	1	FALSE	TRUE
GTTCCATCACTAATGG-1	OZ258728_1_ORF2	0	0	1	1	FALSE	FALSE
GTTCGCGTCAACCGGA-1	MZ286258_1_ORF1	0	0	1	1	FALSE	FALSE
GTTCGCGTCACTAGGG-1	OZ258728_1_ORF1	0	0	2	2	TRUE	FALSE
GTTCGCGTCATTGCCA-1	MZ286102_1_ORF2	1	0	7	10	TRUE	TRUE
GTTCGCGTCCCAACTA-1	MZ286197_1_ORF2	0	0	2	3	FALSE	TRUE
GTTCGCGTCGCAACTC-1	MZ286102_1_ORF1	0	0	2	2	TRUE	TRUE
GTTCGCGTCTAAGCAA-1	MZ286258_1_ORF2	1	0	4	5	TRUE	TRUE
GTTCGCGTCTACCGAC-1	MZ286197_1_ORF1	1	0	9	9	TRUE	TRUE
GTTCGCGTCTCTAACG-1	MZ286258_1_ORF1	0	0	1	1	FALSE	FALSE
GTTCGCTAGCATCCGT-1	MZ286102_1_ORF2	1	1	10	11	TRUE	TRUE
GTTCGCTAGCGTACCT-1	OP549859_1_ORF1	0	0	1	1	FALSE	FALSE
GTTCGCTAGCTTAATC-1	MZ286102_1_ORF2	1	1	23	24	TRUE	TRUE
GTTCGCTAGTCCTCAA-1	MZ286258_1_ORF1	0	0	1	1	FALSE	FALSE
GTTCGCTAGTGTAATG-1	MZ286258_1_ORF2	1	0	8	9	TRUE	TRUE
GTTCGCTAGTTACCAT-1	MZ286258_1_ORF2	0	0	0	0	FALSE	TRUE
GTTCGGCGTATCTCAA-1	OZ258728_1_ORF2	0	0	2	2	TRUE	FALSE
GTTCGGCGTATGTGGA-1	OZ258728_1_ORF2	1	1	14	17	TRUE	TRUE
GTTCGGCGTCACCAGC-1	OZ258728_1_ORF2	0	0	1	1	FALSE	FALSE
GTTCGGCGTCGGGCTT-1	MZ286102_1_ORF2	0	0	0	0	FALSE	FALSE
GTTCGGCGTGACCAGG-1	OZ258728_1_ORF2	1	1	60	66	TRUE	TRUE
GTTCGGCGTGAGAGGA-1	OZ258728_1_ORF2	0	0	1	1	FALSE	FALSE
GTTCGGCGTTTGGCGC-1	MZ286197_1_ORF2	0	0	3	3	TRUE	TRUE
GTTCGGGCAAAGGATA-1	OZ258728_1_ORF1	1	0	6	6	TRUE	TRUE
GTTCGGGCACATAGTG-1	meGFP	0	0	1	1	FALSE	FALSE
GTTCGGGCAGCGCACA-1	OZ258728_1_ORF2	1	1	31	31	TRUE	TRUE
GTTCGTTCAAGTGTCA-1	MZ286102_1_ORF2	0	0	1	1	FALSE	TRUE
GTTCGTTCACGGGTAT-1	OZ258728_1_ORF2	0	0	1	1	FALSE	FALSE
GTTCGTTCACTACCCA-1	OZ258728_1_ORF2	1	1	80	80	TRUE	TRUE
GTTCGTTCAGATTGGC-1	OZ258728_1_ORF1	0	0	1	1	FALSE	FALSE
GTTCGTTCAGCTCAGG-1	MZ286258_1_ORF2	1	1	11	11	TRUE	TRUE
GTTCGTTCATATCACC-1	MZ286188_1_ORF1	0	0	2	2	TRUE	TRUE
GTTCTAAGTATTGACC-1	MZ286258_1_ORF1	0	0	1	1	FALSE	FALSE
GTTCTAAGTCCGGGTT-1	MZ286102_1_ORF2	0	0	3	3	TRUE	TRUE
GTTCTAAGTCTTGACG-1	meGFP	0	0	1	1	FALSE	FALSE
GTTCTAAGTTACCGTG-1	MZ286188_1_ORF1	2	0	7	12	FALSE	TRUE
GTTCTAAGTTATCTAG-1	OZ258728_1_ORF2	0	0	1	1	FALSE	FALSE
GTTCTAAGTTCGCAGC-1	meGFP	1	0	4	4	TRUE	FALSE
GTTCTAAGTTTCGGGC-1	OZ258728_1_ORF2	0	0	2	2	TRUE	FALSE
GTTCTAGTCCGGATGA-1	MZ286102_1_ORF2	0	0	1	1	FALSE	FALSE
GTTCTAGTCGATACTT-1	MZ286197_1_ORF2	0	0	1	1	FALSE	TRUE
GTTCTAGTCTAGAGGT-1	OP549859_1_ORF2	1	0	5	5	TRUE	TRUE
GTTCTAGTCTCTGGTA-1	MZ286258_1_ORF2	1	0	4	4	TRUE	TRUE
GTTGACACAAAGTCAT-1	OP549859_1_ORF1	0	0	1	2	FALSE	TRUE
GTTGACACACCAATGA-1	MZ286102_1_ORF1	0	0	1	1	FALSE	FALSE
GTTGACACACTCCGTA-1	OZ258728_1_ORF2	0	0	1	1	FALSE	FALSE
GTTGACACAGAACGCT-1	MZ286197_1_ORF1	1	1	39	39	TRUE	TRUE
GTTGACACATAAGCCA-1	OZ258728_1_ORF2	0	0	2	4	FALSE	FALSE
GTTGACACATACCGTT-1	OZ258728_1_ORF1	0	0	1	1	FALSE	FALSE
GTTGACACATGTCGAA-1	meGFP	0	0	1	2	FALSE	TRUE
GTTGACACATTGGACA-1	OZ258728_1_ORF1	0	0	1	1	FALSE	TRUE
GTTGACGAGAACGGCC-1	MZ286258_1_ORF2	0	0	1	1	FALSE	FALSE
GTTGACGAGACTAGCG-1	OZ258728_1_ORF2	0	0	1	1	FALSE	FALSE
GTTGACGAGATTCACT-1	MZ286258_1_ORF1	1	1	26	29	TRUE	TRUE
GTTGACGAGATTGATG-1	MZ286102_1_ORF2	0	0	1	1	FALSE	FALSE
GTTGACGAGCCTTGCG-1	OZ258728_1_ORF2	1	1	44	44	TRUE	TRUE
GTTGACGAGCGCTTAC-1	OZ258728_1_ORF2	0	0	1	1	FALSE	FALSE
GTTGACGAGGTAATTG-1	MZ286197_1_ORF2	0	0	1	1	FALSE	TRUE
GTTGAGCCAACAGGCT-1	meGFP	0	0	1	1	FALSE	TRUE
GTTGAGCCACGCACGA-1	meGFP	0	0	1	1	FALSE	TRUE
GTTGAGCCAGAATGAA-1	OZ258728_1_ORF2	0	0	1	1	FALSE	FALSE
GTTGAGCCATGTGATG-1	OP549859_1_ORF2	1	0	5	6	TRUE	TRUE
GTTGAGTAGAAGCCTG-1	MZ286102_1_ORF2	1	0	7	8	TRUE	TRUE
GTTGAGTAGAATCCGG-1	MZ286197_1_ORF2	1	0	8	9	TRUE	TRUE
GTTGAGTAGTGCCTGT-1	MZ286102_1_ORF2	0	0	2	2	TRUE	TRUE
GTTGCACTCAACTGGG-1	MZ286258_1_ORF2	0	0	1	1	FALSE	FALSE
GTTGCACTCACCACGT-1	MZ286197_1_ORF1	0	0	1	1	FALSE	FALSE
GTTGCACTCATCGTTG-1	OP549859_1_ORF2	0	0	2	4	FALSE	TRUE
GTTGCACTCCAATGCC-1	OZ258728_1_ORF2	0	0	1	2	FALSE	FALSE
GTTGCACTCCTCATTC-1	OZ258728_1_ORF1	2	0	4	8	FALSE	TRUE
GTTGCACTCGACACAG-1	MZ286258_1_ORF2	1	1	10	10	TRUE	TRUE
GTTGCACTCTCTGTGA-1	meGFP	0	0	1	1	FALSE	TRUE
GTTGCGAAGCGTACCT-1	MZ286197_1_ORF1	1	1	28	28	TRUE	TRUE
GTTGCGAAGGGACATT-1	MZ286197_1_ORF2	0	0	1	1	FALSE	FALSE
GTTGCGAAGGTAGGTT-1	MZ286188_1_ORF1	0	0	1	1	FALSE	FALSE
GTTGCGAAGTGTCGCT-1	OP549859_1_ORF1	1	0	7	7	TRUE	TRUE
GTTGCGAAGTTCGAGG-1	MZ286102_1_ORF2	0	0	1	1	FALSE	FALSE
GTTGCGCGTAACCTAC-1	OP549859_1_ORF1	0	0	1	1	FALSE	FALSE
GTTGCGCGTACCTGGC-1	OZ258728_1_ORF2	0	0	1	1	FALSE	FALSE
GTTGCGCGTACGCCTA-1	OP549859_1_ORF1	0	0	1	1	FALSE	FALSE
GTTGCGCGTCTATCGG-1	meGFP	0	0	1	2	FALSE	TRUE
GTTGCGCGTTCGGTTG-1	MZ286258_1_ORF2	0	0	1	1	FALSE	TRUE
GTTGCTCAGAACCTAA-1	OZ258728_1_ORF2	0	0	1	1	FALSE	FALSE
GTTGCTCAGATAGTCA-1	OP549859_1_ORF2	1	1	18	18	TRUE	TRUE
GTTGCTCAGCATATCT-1	OP549859_1_ORF2	0	0	1	1	FALSE	TRUE
GTTGCTCAGCATTGGG-1	MZ286188_1_ORF1	0	0	1	1	FALSE	FALSE
GTTGCTCAGCCAGGGT-1	OZ258728_1_ORF2	0	0	1	1	FALSE	FALSE
GTTGCTCAGCGGATTG-1	MZ286197_1_ORF1	0	0	1	1	FALSE	FALSE
GTTGCTCAGCGTACCT-1	OP549859_1_ORF2	0	0	2	2	TRUE	TRUE
GTTGCTCAGGCCTAAG-1	OP549859_1_ORF2	1	1	14	14	TRUE	TRUE
GTTGCTCAGTACCTGC-1	MZ286102_1_ORF2	0	0	2	2	TRUE	FALSE
GTTGCTCAGTCGCTCG-1	OZ258728_1_ORF2	0	0	1	1	FALSE	FALSE
GTTGCTGGTAGTCGGG-1	MZ286188_1_ORF2	0	0	1	1	FALSE	FALSE
GTTGCTGGTCATACTA-1	MZ286197_1_ORF1	1	1	38	38	TRUE	TRUE
GTTGCTGGTGAGAGGA-1	MZ286188_1_ORF1	1	0	7	7	TRUE	TRUE
GTTGCTGGTGCGTACC-1	OZ258728_1_ORF2	0	0	1	1	FALSE	FALSE
GTTGCTGGTGGACACG-1	MZ286102_1_ORF2	1	0	4	4	TRUE	TRUE
GTTGCTGGTGTACCGC-1	MZ286102_1_ORF2	0	0	1	1	FALSE	FALSE
GTTGCTGGTGTCTATA-1	MZ286188_1_ORF1	1	1	34	35	TRUE	TRUE
GTTGCTGGTTTACGAC-1	OZ258728_1_ORF2	0	0	1	1	FALSE	FALSE
GTTGCTGGTTTGGATC-1	OZ258728_1_ORF2	0	0	1	1	FALSE	FALSE
GTTGGATAGAAGCAAG-1	OZ258728_1_ORF2	0	0	1	1	FALSE	FALSE
GTTGGATAGACACGCA-1	meGFP	0	0	2	2	TRUE	FALSE
GTTGGATAGACATTAG-1	MZ286197_1_ORF2	1	0	5	5	TRUE	TRUE
GTTGGATAGCCTCTGG-1	OZ258728_1_ORF2	1	0	5	5	TRUE	TRUE
GTTGGATAGCGCAGTA-1	MZ286197_1_ORF2	0	0	1	1	FALSE	FALSE
GTTGGATAGGAGTATC-1	OP549859_1_ORF2	0	0	1	1	FALSE	FALSE
GTTGGATAGTGCCTGT-1	MZ286188_1_ORF1	1	1	16	16	TRUE	TRUE
GTTGGCCGTGATGTCT-1	MZ286258_1_ORF2	1	0	7	7	TRUE	TRUE
GTTGGCCGTGGCCAGA-1	MZ286188_1_ORF1	1	0	8	8	TRUE	TRUE
GTTGGCCGTTAACGTC-1	meGFP	0	0	1	1	FALSE	TRUE
GTTGGCCGTTGGACTT-1	MZ286258_1_ORF2	1	1	14	15	TRUE	TRUE
GTTGGCCGTTTAGCAC-1	OZ258728_1_ORF1	0	0	1	1	FALSE	FALSE
GTTGGCGCACCTCTCT-1	MZ286102_1_ORF1	0	0	1	1	FALSE	FALSE
GTTGGCGCACGATGTA-1	OP549859_1_ORF2	1	0	7	7	TRUE	TRUE
GTTGGCGCACTTCAAC-1	OZ258728_1_ORF1	1	1	16	19	TRUE	TRUE
GTTGGCGCACTTCCTC-1	MZ286102_1_ORF2	1	0	7	7	TRUE	TRUE
GTTGGCGCAGAGCTTA-1	MZ286258_1_ORF2	0	0	1	1	FALSE	FALSE
GTTGGCGCAGGGACTT-1	meGFP	0	0	1	1	FALSE	FALSE
GTTGGCGCATAGTTGG-1	MZ286258_1_ORF2	0	0	1	1	FALSE	FALSE
GTTGGCGCATATGAAC-1	OZ258728_1_ORF2	0	0	1	1	FALSE	TRUE
GTTGGCGCATTGGTTC-1	MZ286197_1_ORF1	1	0	4	4	TRUE	TRUE
GTTGGGCAGAGGCGTC-1	meGFP	1	1	39	39	TRUE	TRUE
GTTGGGCAGATGCCAG-1	OZ258728_1_ORF1	1	1	16	16	TRUE	TRUE
GTTGGGCAGCGCAGTA-1	OZ258728_1_ORF1	1	1	18	18	TRUE	TRUE
GTTGGGCAGGTTCGGA-1	MZ286102_1_ORF2	1	1	10	10	TRUE	TRUE
GTTGGGCAGTATACCT-1	OP549859_1_ORF1	1	1	47	47	TRUE	TRUE
GTTGGGCAGTGTGATA-1	meGFP	0	0	1	1	FALSE	FALSE
GTTGGTACAACAGACC-1	OZ258728_1_ORF2	2	2	18	34	FALSE	TRUE
GTTGGTACAACGAGCT-1	MZ286258_1_ORF2	0	0	1	1	FALSE	TRUE
GTTGGTACAAGATGGG-1	OP549859_1_ORF1	0	0	1	1	FALSE	TRUE
GTTGGTACACCTTGAT-1	meGFP	0	0	1	1	FALSE	FALSE
GTTGGTACACGCTACC-1	MZ286102_1_ORF2	0	0	1	2	FALSE	TRUE
GTTGGTACACGGGTAT-1	MZ286188_1_ORF1	0	0	1	1	FALSE	TRUE
GTTGGTACACGTGGAT-1	OZ258728_1_ORF2	0	0	1	1	FALSE	TRUE
GTTGGTACATCCAGCC-1	MZ286258_1_ORF1	0	0	1	1	FALSE	FALSE
GTTGTCGGTAAGTAAC-1	OZ258728_1_ORF2	1	1	18	22	TRUE	TRUE
GTTGTCGGTAGTGACA-1	MZ286197_1_ORF1	0	0	1	1	FALSE	FALSE
GTTGTCGGTCTCCTTA-1	MZ286258_1_ORF1	1	0	4	4	TRUE	TRUE
GTTGTCGGTGGTTAAG-1	MZ286102_1_ORF1	0	0	1	1	FALSE	TRUE
GTTGTCGGTTCCGCAA-1	OP549859_1_ORF2	0	0	1	1	FALSE	FALSE
GTTGTCGGTTGCCACA-1	MZ286188_1_ORF1	1	1	27	28	TRUE	TRUE
TAAACCCGTAAGCCAA-1	meGFP	0	0	1	1	FALSE	TRUE
TAAACCCGTATTGCGT-1	MZ286258_1_ORF2	0	0	1	1	FALSE	TRUE
TAAACCCGTCCTGTGA-1	OP549859_1_ORF2	0	0	1	1	FALSE	FALSE
TAAACCCGTGTTGCAT-1	meGFP	0	0	1	1	FALSE	FALSE
TAAACCCGTTGGACCC-1	OZ258728_1_ORF1	1	0	5	5	TRUE	TRUE
TAAACCCGTTTCCAGG-1	OZ258728_1_ORF2	0	0	1	2	FALSE	TRUE
TAAACGTCAAACGGGA-1	meGFP	0	0	1	1	FALSE	FALSE
TAAACGTCAAAGTCAT-1	MZ286188_1_ORF2	0	0	1	1	FALSE	FALSE
TAAACGTCACATAGTG-1	MZ286258_1_ORF2	0	0	1	1	FALSE	FALSE
TAAACGTCACGTGAAC-1	MZ286197_1_ORF1	1	1	97	98	TRUE	TRUE
TAAACGTCACTACCCA-1	OZ258728_1_ORF2	0	0	1	1	FALSE	FALSE
TAAACGTCATCATAGG-1	OP549859_1_ORF1	1	1	51	51	TRUE	TRUE
TAAACGTCATCCACAT-1	MZ286258_1_ORF1	0	0	1	1	FALSE	FALSE
TAAACGTCATCCATAC-1	MZ286258_1_ORF1	1	1	126	126	TRUE	TRUE
TAAACGTCATGGAGCT-1	MZ286258_1_ORF2	0	0	1	1	FALSE	FALSE
TAAACGTCATTGCGAA-1	OP549859_1_ORF1	0	0	1	1	FALSE	FALSE
TAAACTGAGACACCTC-1	OZ258728_1_ORF2	0	0	1	1	FALSE	FALSE
TAAACTGAGAGATAGG-1	MZ286258_1_ORF1	0	0	1	1	FALSE	TRUE
TAAACTGAGAGGAAGC-1	meGFP	0	0	1	1	FALSE	FALSE
TAAACTGAGATACAGC-1	MZ286197_1_ORF1	1	0	6	6	TRUE	TRUE
TAAACTGAGGAGTATC-1	OP549859_1_ORF2	1	1	21	22	TRUE	TRUE
TAAACTGAGGATGGCC-1	OZ258728_1_ORF2	0	0	1	1	FALSE	TRUE
TAAACTGAGGCACGGT-1	MZ286102_1_ORF1	0	0	1	1	FALSE	TRUE
TAAACTGAGGGGCCAT-1	OP549859_1_ORF1	0	0	1	2	FALSE	TRUE
TAAACTGAGTGCCCAT-1	MZ286258_1_ORF2	0	0	2	2	TRUE	TRUE
TAAACTTGTACAGGAC-1	OZ258728_1_ORF1	0	0	1	1	FALSE	TRUE
TAAACTTGTCACTCCT-1	MZ286258_1_ORF2	0	0	1	1	FALSE	FALSE
TAAACTTGTCCGGGTT-1	OP549859_1_ORF1	0	0	1	1	FALSE	TRUE
TAAACTTGTCCTCACT-1	meGFP	0	0	1	1	FALSE	FALSE
TAAACTTGTCGCGTGT-1	OP549859_1_ORF1	0	0	1	1	FALSE	FALSE
TAAACTTGTGCGCGTT-1	MZ286258_1_ORF1	0	0	1	1	FALSE	TRUE
TAAACTTGTTTGAGTC-1	MZ286102_1_ORF2	0	0	2	2	TRUE	TRUE
TAAACTTGTTTGGTAC-1	OZ258728_1_ORF1	1	1	17	17	TRUE	TRUE
TAAATCTGTCAGTCGC-1	OP549859_1_ORF2	0	0	1	1	FALSE	TRUE
TAAATCTGTCCACACA-1	OP549859_1_ORF2	0	0	2	2	TRUE	TRUE
TAAATCTGTGCGTAGG-1	meGFP	0	0	2	3	FALSE	TRUE
TAAATCTGTGCTTCCT-1	MZ286102_1_ORF2	1	0	9	9	TRUE	TRUE
TAAATCTGTGGGTTCC-1	OZ258728_1_ORF2	0	0	1	1	FALSE	FALSE
TAAATCTGTTAACTGC-1	MZ286258_1_ORF2	0	0	3	3	TRUE	TRUE
TAAATCTGTTCCACTC-1	meGFP	0	0	1	1	FALSE	FALSE
TAAATCTGTTTAGGAG-1	MZ286102_1_ORF2	1	1	10	10	TRUE	TRUE
TAAATTCGTAGGTCAA-1	MZ286188_1_ORF1	0	0	1	1	FALSE	FALSE
TAAATTCGTATGTGGA-1	MZ286102_1_ORF1	1	0	7	8	TRUE	TRUE
TAAATTCGTCAAGTAG-1	OP549859_1_ORF2	1	1	16	16	TRUE	TRUE
TAAATTCGTTAGTTGC-1	MZ286197_1_ORF2	1	0	8	9	TRUE	TRUE
TAAATTCGTTGTAAGG-1	MZ286102_1_ORF2	1	0	8	8	TRUE	TRUE
TAAATTCGTTTCCGTC-1	MZ286188_1_ORF2	0	0	1	1	FALSE	TRUE
TAAATTGCAAAGGCGA-1	OP549859_1_ORF2	1	0	6	6	TRUE	TRUE
TAAATTGCAAGTGAGG-1	MZ286258_1_ORF2	0	0	1	1	FALSE	FALSE
TAAATTGCAATCGTTC-1	OZ258728_1_ORF2	1	1	16	16	TRUE	TRUE
TAAATTGCAATTGCAG-1	OP549859_1_ORF1	0	0	1	1	FALSE	TRUE
TAAATTGCAGGCCAAT-1	OP549859_1_ORF2	0	0	3	3	TRUE	TRUE
TAAATTGCAGTGAATT-1	MZ286102_1_ORF2	1	1	22	22	TRUE	TRUE
TAAATTGCATATGAAC-1	MZ286197_1_ORF1	0	0	1	1	FALSE	TRUE
TAAATTGCATATGCAG-1	MZ286188_1_ORF1	1	1	27	27	TRUE	TRUE
TAAATTGCATGCGTGG-1	MZ286188_1_ORF1	0	0	1	2	FALSE	TRUE
TAAATTGCATGTCTGT-1	meGFP	0	0	3	4	TRUE	TRUE
TAACACTTCCGCCACA-1	MZ286188_1_ORF1	1	1	24	24	TRUE	TRUE
TAACACTTCCGGATGA-1	OZ258728_1_ORF2	0	0	1	1	FALSE	FALSE
TAACACTTCCGGTTAC-1	OZ258728_1_ORF2	0	0	1	1	FALSE	FALSE
TAACACTTCCTCCGTC-1	MZ286102_1_ORF2	1	0	6	9	TRUE	TRUE
TAACACTTCGATCGCT-1	MZ286102_1_ORF2	0	0	1	1	FALSE	TRUE
TAACACTTCGGACCAA-1	meGFP	0	0	1	1	FALSE	FALSE
TAACACTTCTCGAAGG-1	OZ258728_1_ORF2	1	1	119	119	TRUE	TRUE
TAACACTTCTCTGGCG-1	MZ286197_1_ORF2	0	0	3	6	FALSE	TRUE
TAACGACAGAGGCGAG-1	MZ286197_1_ORF1	1	1	41	41	TRUE	TRUE
TAACGACAGCATCCGT-1	MZ286102_1_ORF2	1	0	4	5	TRUE	TRUE
TAACGACAGGTAGGAA-1	OZ258728_1_ORF2	0	0	1	1	FALSE	FALSE
TAACGACAGTAAGGTC-1	OZ258728_1_ORF2	0	0	1	1	FALSE	FALSE
TAACGACAGTGGAGCC-1	MZ286188_1_ORF1	1	1	67	67	TRUE	TRUE
TAACGGAGTAGCTGAA-1	OP549859_1_ORF1	0	0	1	1	FALSE	FALSE
TAACGGAGTAGTGACA-1	OP549859_1_ORF2	0	0	1	1	FALSE	TRUE
TAACGGAGTCACACCA-1	meGFP	0	0	1	1	FALSE	FALSE
TAACGGAGTGAATGTG-1	OP549859_1_ORF1	0	0	3	9	FALSE	TRUE
TAACGGAGTGTCCTTC-1	OP549859_1_ORF1	0	0	1	1	FALSE	FALSE
TAACGGAGTTAACTGC-1	meGFP	0	0	1	1	FALSE	FALSE
TAACGGGTCACTAGGG-1	MZ286197_1_ORF1	0	0	3	4	TRUE	TRUE
TAACGGGTCCCACAGT-1	MZ286197_1_ORF1	2	1	12	17	FALSE	TRUE
TAACGGGTCGAATGAC-1	meGFP	0	0	1	1	FALSE	FALSE
TAACGGGTCGGCGTAA-1	OP549859_1_ORF2	0	0	2	2	TRUE	TRUE
TAACGGGTCGGGATCA-1	OP549859_1_ORF2	0	0	1	1	FALSE	FALSE
TAACGGGTCGTTACCA-1	OZ258728_1_ORF2	0	0	1	1	FALSE	TRUE
TAACGGGTCTATAGGA-1	MZ286258_1_ORF1	0	0	1	2	FALSE	TRUE
TAACGGGTCTCAGTGC-1	MZ286188_1_ORF2	0	0	1	1	FALSE	FALSE
TAACGGGTCTCGCTCC-1	MZ286197_1_ORF1	0	0	1	1	FALSE	FALSE
TAACGGTAGAGCTGGC-1	OZ258728_1_ORF2	0	0	1	1	FALSE	TRUE
TAACGGTAGCAATCCC-1	OZ258728_1_ORF2	0	0	1	1	FALSE	FALSE
TAACGGTAGCACGTAG-1	OP549859_1_ORF1	0	0	1	1	FALSE	TRUE
TAACGGTAGGGATGAA-1	OZ258728_1_ORF2	1	0	6	9	TRUE	TRUE
TAACGGTAGGTACGCA-1	meGFP	0	0	1	1	FALSE	FALSE
TAACGGTAGTGCCTGT-1	OP549859_1_ORF2	1	1	10	11	TRUE	TRUE
TAAGCCCTCAACCGGA-1	MZ286258_1_ORF2	0	0	1	1	FALSE	TRUE
TAAGCCCTCACATGAA-1	MZ286102_1_ORF2	0	0	1	1	FALSE	TRUE
TAAGCCCTCACCAATT-1	OP549859_1_ORF1	0	0	1	1	FALSE	FALSE
TAAGCCCTCATCCGAC-1	OP549859_1_ORF1	0	0	1	1	FALSE	FALSE
TAAGCCCTCATGGCTC-1	OP549859_1_ORF1	1	0	5	5	TRUE	TRUE
TAAGCCCTCATTAACC-1	meGFP	0	0	1	2	FALSE	TRUE
TAAGCCCTCCAATGCC-1	MZ286258_1_ORF2	0	0	1	2	FALSE	TRUE
TAAGCCCTCCCGTCGA-1	meGFP	1	1	40	40	TRUE	TRUE
TAAGCCCTCCGAAGCA-1	OZ258728_1_ORF2	0	0	1	2	FALSE	FALSE
TAAGCCCTCCGGGTAA-1	MZ286188_1_ORF1	1	0	7	7	TRUE	TRUE
TAAGCCCTCCTCATTC-1	OP549859_1_ORF2	1	0	7	7	TRUE	TRUE
TAAGCCTGTCACTAAC-1	OP549859_1_ORF1	1	0	6	7	TRUE	TRUE
TAAGCCTGTCCATTAA-1	OP549859_1_ORF1	0	0	1	1	FALSE	TRUE
TAAGCCTGTGAGACCG-1	meGFP	0	0	3	3	TRUE	TRUE
TAAGCCTGTGATAGTG-1	MZ286102_1_ORF2	1	0	7	8	TRUE	TRUE
TAAGCCTGTGATCCCA-1	meGFP	0	0	1	1	FALSE	FALSE
TAAGCCTGTGCGTGCT-1	MZ286197_1_ORF1	0	0	1	1	FALSE	TRUE
TAAGCCTGTGGGAATC-1	MZ286188_1_ORF1	0	0	1	1	FALSE	FALSE
TAAGCCTGTTCTATGA-1	OP549859_1_ORF2	1	0	7	8	TRUE	TRUE
TAAGCGAGTGAAGCCG-1	meGFP	0	0	1	1	FALSE	FALSE
TAAGCGAGTGACCCTA-1	meGFP	1	1	15	17	TRUE	TRUE
TAAGCGGTCGATGGGC-1	MZ286102_1_ORF2	1	0	5	5	TRUE	TRUE
TAAGCGGTCTACCGAC-1	OZ258728_1_ORF2	1	1	45	45	TRUE	TRUE
TAAGGACTCACATGAA-1	MZ286188_1_ORF1	0	0	1	1	FALSE	FALSE
TAAGGACTCATCGTTG-1	MZ286197_1_ORF1	0	0	1	1	FALSE	FALSE
TAAGGACTCCCCGTGA-1	OP549859_1_ORF1	0	0	1	1	FALSE	TRUE
TAAGGACTCCTTCACT-1	MZ286102_1_ORF1	0	0	1	1	FALSE	TRUE
TAAGGACTCGAATCAA-1	MZ286102_1_ORF1	1	1	15	16	TRUE	TRUE
TAAGGACTCGAGCAGC-1	MZ286188_1_ORF1	0	0	1	1	FALSE	TRUE
TAAGGACTCGGGATTG-1	MZ286197_1_ORF1	1	1	18	19	TRUE	TRUE
TAAGGACTCGTCCGTG-1	OZ258728_1_ORF2	0	0	1	1	FALSE	FALSE
TAAGGACTCGTTCCGG-1	MZ286102_1_ORF2	0	0	2	4	FALSE	TRUE
TAAGGACTCTAACTAC-1	MZ286188_1_ORF1	1	0	6	6	TRUE	FALSE
TAAGGACTCTCTGGTA-1	OP549859_1_ORF1	0	0	1	2	FALSE	TRUE
TAAGGACTCTGGAAGT-1	MZ286188_1_ORF2	0	0	1	1	FALSE	FALSE
TAAGGAGAGAACCGTG-1	MZ286197_1_ORF2	1	0	5	6	TRUE	TRUE
TAAGGAGAGAAGCAAG-1	MZ286102_1_ORF2	0	0	1	1	FALSE	TRUE
TAAGGAGAGAGGAAGC-1	OP549859_1_ORF2	0	0	1	1	FALSE	FALSE
TAAGGAGAGCTTAGTT-1	OZ258728_1_ORF1	0	0	1	2	FALSE	TRUE
TAAGGAGAGGCCAGGT-1	MZ286102_1_ORF1	1	1	28	28	TRUE	TRUE
TAAGGAGAGTGCCCAT-1	meGFP	1	1	27	27	TRUE	TRUE
TAAGGAGAGTTAACCT-1	MZ286197_1_ORF1	0	0	1	1	FALSE	FALSE
TAAGGAGAGTTGCACC-1	MZ286258_1_ORF2	1	0	7	8	TRUE	TRUE
TAAGGGGCACAGATCA-1	MZ286258_1_ORF2	1	0	6	6	TRUE	TRUE
TAAGGGGCACATAGTG-1	meGFP	0	0	1	1	FALSE	TRUE
TAAGGGGCACTAGACA-1	OP549859_1_ORF1	0	0	1	1	FALSE	TRUE
TAAGGGGCACTTCGAT-1	MZ286258_1_ORF1	0	0	1	1	FALSE	FALSE
TAAGGGGCAGCTGGCA-1	MZ286258_1_ORF1	1	1	13	13	TRUE	TRUE
TAAGGGGCATCCCGAC-1	MZ286258_1_ORF2	0	0	1	1	FALSE	FALSE
TAAGGGGCATGGTCCC-1	OP549859_1_ORF1	0	0	1	1	FALSE	FALSE
TAAGGGGCATGTCGAA-1	meGFP	1	1	13	14	TRUE	TRUE
TAAGTCAAGATTCCGC-1	MZ286188_1_ORF1	0	0	2	2	TRUE	TRUE
TAAGTCAAGCACCATC-1	OP549859_1_ORF2	1	0	9	9	TRUE	TRUE
TAAGTCAAGCGCCTAT-1	MZ286188_1_ORF1	1	1	13	13	TRUE	TRUE
TAAGTCAAGTCTCACA-1	OP549859_1_ORF1	0	0	1	1	FALSE	TRUE
TAAGTGGGTAGCTCGC-1	OZ258728_1_ORF1	0	0	1	1	FALSE	TRUE
TAAGTGGGTAGTCCTG-1	MZ286102_1_ORF2	0	0	1	1	FALSE	FALSE
TAAGTGGGTGACCTCA-1	MZ286102_1_ORF2	0	0	1	1	FALSE	FALSE
TAAGTGGGTGGCCGTT-1	OP549859_1_ORF1	1	0	5	5	TRUE	TRUE
TAAGTGGGTGGTTCGC-1	OP549859_1_ORF2	0	0	1	1	FALSE	TRUE
TAAGTGGGTTCGATTA-1	MZ286258_1_ORF2	2	1	10	16	FALSE	TRUE
TAATACCTCACTCGCG-1	OZ258728_1_ORF1	1	1	14	15	TRUE	TRUE
TAATACCTCGCTAGTC-1	OP549859_1_ORF2	0	0	1	1	FALSE	FALSE
TAATACCTCTACGCCG-1	OZ258728_1_ORF2	0	0	1	1	FALSE	TRUE
TAATACCTCTAGGTAA-1	OZ258728_1_ORF2	2	1	32	39	TRUE	TRUE
TAATACCTCTCGATTG-1	MZ286188_1_ORF1	0	0	1	1	FALSE	FALSE
TAATACCTCTTGCCTT-1	OZ258728_1_ORF1	0	0	1	1	FALSE	TRUE
TAATACTGTACCGGAG-1	MZ286197_1_ORF2	0	0	2	2	TRUE	FALSE
TAATACTGTCACTAAC-1	meGFP	0	0	1	1	FALSE	FALSE
TAATACTGTGAATGTG-1	MZ286188_1_ORF2	0	0	1	1	FALSE	FALSE
TAATACTGTGACGAAC-1	MZ286258_1_ORF1	2	0	5	10	FALSE	TRUE
TAATACTGTTGTGCGC-1	OP549859_1_ORF1	0	0	1	1	FALSE	TRUE
TAATACTGTTTAGGCT-1	meGFP	0	0	1	1	FALSE	FALSE
TAATCACTCACGGAAT-1	OP549859_1_ORF1	1	1	69	69	TRUE	TRUE
TAATCACTCACTAGGG-1	MZ286188_1_ORF1	1	1	37	37	TRUE	TRUE
TAATCACTCATCCGAC-1	MZ286197_1_ORF2	0	0	3	3	TRUE	TRUE
TAATCACTCCAGAGAT-1	MZ286102_1_ORF1	1	0	5	5	TRUE	TRUE
TAATCACTCGCGTTAC-1	OZ258728_1_ORF1	1	1	12	14	TRUE	TRUE
TAATCACTCTACCCAA-1	OP549859_1_ORF2	0	0	2	2	TRUE	TRUE
TAATCATGTATTGCGT-1	OP549859_1_ORF2	1	0	4	5	TRUE	TRUE
TAATCATGTGAGGTGT-1	MZ286197_1_ORF1	1	0	7	7	TRUE	TRUE
TAATCATGTGGACACG-1	MZ286197_1_ORF1	0	0	1	1	FALSE	FALSE
TAATCATGTTTACCAA-1	meGFP	0	0	1	1	FALSE	FALSE
TAATCGAAGAGTCCCT-1	MZ286188_1_ORF2	0	0	1	1	FALSE	TRUE
TAATCGAAGATGACAC-1	OZ258728_1_ORF2	0	0	1	1	FALSE	TRUE
TAATCGAAGGATCACG-1	OZ258728_1_ORF2	0	0	1	1	FALSE	FALSE
TAATGGCAGACACTAA-1	MZ286188_1_ORF1	0	0	3	3	TRUE	TRUE
TAATGGCAGATGAGGA-1	OZ258728_1_ORF1	0	0	3	3	TRUE	TRUE
TAATGGCAGCCTGTGT-1	MZ286258_1_ORF2	0	0	1	1	FALSE	FALSE
TAATGGCAGCGAGAGG-1	MZ286102_1_ORF2	1	0	8	8	TRUE	TRUE
TAATGGCAGCGTACCT-1	MZ286102_1_ORF2	0	0	1	1	FALSE	FALSE
TAATGGCAGCGTGCTT-1	OP549859_1_ORF2	1	1	11	12	TRUE	TRUE
TAATGGCAGCTCCGCA-1	meGFP	1	1	24	24	TRUE	TRUE
TAATGGCAGCTCTCAA-1	OP549859_1_ORF1	1	1	10	11	TRUE	TRUE
TAATGGCAGGCGGTGT-1	OZ258728_1_ORF2	2	1	43	50	TRUE	TRUE
TAATGGCAGGCTTAGG-1	MZ286188_1_ORF2	0	0	1	1	FALSE	FALSE
TAATGGCAGGGTTGCA-1	MZ286258_1_ORF2	0	0	1	1	FALSE	FALSE
TAATGGCAGTACCAGG-1	OZ258728_1_ORF1	0	0	1	1	FALSE	FALSE
TAATGGGGTATCGAGA-1	MZ286102_1_ORF2	1	0	5	5	TRUE	TRUE
TAATGGGGTATGAGTG-1	MZ286102_1_ORF2	1	0	4	4	TRUE	TRUE
TAATGTGAGACACGCA-1	OZ258728_1_ORF2	0	0	1	1	FALSE	FALSE
TAATGTGAGAGTTAGC-1	MZ286102_1_ORF2	0	0	1	1	FALSE	FALSE
TAATGTGAGCACGGAC-1	MZ286102_1_ORF2	1	0	4	5	TRUE	TRUE
TAATGTGAGGGGCCAT-1	OZ258728_1_ORF2	0	0	1	1	FALSE	FALSE
TAATGTGAGGGTAACT-1	MZ286258_1_ORF1	0	0	1	1	FALSE	TRUE
TAATGTTGTAAGCTAG-1	meGFP	1	1	38	38	TRUE	TRUE
TAATGTTGTATGAGTG-1	meGFP	0	0	1	1	FALSE	FALSE
TAATGTTGTCGCGTGT-1	MZ286197_1_ORF1	0	0	1	1	FALSE	FALSE
TAATGTTGTGCGTAGG-1	OP549859_1_ORF1	2	0	7	17	FALSE	TRUE
TAATGTTGTGGAAGGA-1	meGFP	0	0	1	1	FALSE	FALSE
TAATGTTGTTATCTCT-1	MZ286258_1_ORF2	0	0	1	1	FALSE	TRUE
TAATGTTGTTCATCGG-1	OP549859_1_ORF1	1	0	4	4	TRUE	TRUE
TAATTGACAAACCACA-1	MZ286258_1_ORF2	0	0	1	1	FALSE	TRUE
TAATTGACAACATCCT-1	MZ286197_1_ORF1	1	1	39	39	TRUE	TRUE
TAATTGACAGCACTCC-1	MZ286102_1_ORF2	0	0	1	2	FALSE	FALSE
TAATTGACAGCTATCT-1	MZ286258_1_ORF2	1	0	5	5	TRUE	TRUE
TAATTGACAGCTGGCA-1	MZ286102_1_ORF1	0	0	1	1	FALSE	TRUE
TAATTGACAGGGTTAC-1	MZ286188_1_ORF1	0	0	3	3	TRUE	TRUE
TAATTGACATCATAGG-1	meGFP	0	0	1	1	FALSE	TRUE
TAATTGACATTCGCTG-1	OZ258728_1_ORF2	1	1	14	14	TRUE	TRUE
TAATTGACATTGACCT-1	MZ286197_1_ORF2	0	0	3	3	TRUE	TRUE
TAATTGCTCGCCTCTC-1	MZ286258_1_ORF2	0	0	1	1	FALSE	TRUE
TAATTGCTCGTTACTG-1	MZ286197_1_ORF1	1	1	33	33	TRUE	TRUE
TAATTGCTCTAAGCGG-1	MZ286197_1_ORF2	0	0	2	2	TRUE	TRUE
TACAACCGTAAGTCTC-1	OZ258728_1_ORF1	0	0	1	1	FALSE	FALSE
TACAACCGTAGCTGAA-1	MZ286197_1_ORF2	0	0	2	2	TRUE	TRUE
TACAACCGTCACACCA-1	meGFP	1	1	59	60	TRUE	TRUE
TACAACCGTCCGAATT-1	MZ286258_1_ORF1	1	1	19	21	TRUE	TRUE
TACAACCGTCGATGCC-1	OZ258728_1_ORF1	0	0	1	1	FALSE	FALSE
TACAACCGTGAAGGCT-1	MZ286102_1_ORF2	1	1	31	31	TRUE	TRUE
TACAACCGTGCCGGAA-1	MZ286102_1_ORF1	0	0	1	1	FALSE	FALSE
TACAACCGTGGGAATC-1	meGFP	1	1	18	18	TRUE	FALSE
TACAACCGTTCGTCTC-1	OZ258728_1_ORF2	1	1	72	72	TRUE	TRUE
TACAACCGTTTGATGC-1	OP549859_1_ORF1	0	0	3	3	TRUE	TRUE
TACAACTTCAATGCAA-1	MZ286258_1_ORF2	0	0	1	2	FALSE	TRUE
TACAACTTCATTGCCA-1	OP549859_1_ORF1	0	0	1	1	FALSE	FALSE
TACAATCTCACGAAGT-1	MZ286102_1_ORF2	1	0	8	8	TRUE	TRUE
TACAATCTCATCTAGT-1	MZ286258_1_ORF1	1	1	16	16	TRUE	TRUE
TACAATCTCCCATCAA-1	OZ258728_1_ORF1	0	0	1	1	FALSE	FALSE
TACAATCTCCCGCTGA-1	OP549859_1_ORF2	0	0	1	1	FALSE	TRUE
TACAATCTCCCGTCGA-1	MZ286188_1_ORF1	0	0	2	2	TRUE	FALSE
TACAATCTCTCAGCAC-1	MZ286197_1_ORF1	0	0	1	1	FALSE	FALSE
TACACCGGTAGTCGGG-1	MZ286258_1_ORF1	0	0	1	1	FALSE	FALSE
TACACCGGTATTGACC-1	MZ286258_1_ORF2	1	1	15	17	TRUE	TRUE
TACACCGGTGGAAGGA-1	meGFP	0	0	1	1	FALSE	FALSE
TACACCGGTGTGGATA-1	OZ258728_1_ORF1	0	0	1	1	FALSE	FALSE
TACACCGGTTATCTAG-1	MZ286188_1_ORF2	0	0	1	1	FALSE	TRUE
TACACCGGTTCGTGCA-1	OZ258728_1_ORF1	1	0	8	8	TRUE	TRUE
TACACCGGTTGGTTAC-1	MZ286197_1_ORF1	0	0	1	1	FALSE	TRUE
TACACCGGTTTCCTGC-1	MZ286102_1_ORF1	1	1	10	10	TRUE	TRUE
TACACTTAGAATGGAG-1	MZ286188_1_ORF1	0	0	2	3	FALSE	TRUE
TACACTTAGAATGGTC-1	MZ286258_1_ORF1	0	0	1	1	FALSE	TRUE
TACACTTAGCCCTGCA-1	OP549859_1_ORF1	0	0	1	1	FALSE	TRUE
TACACTTAGCGGTAAT-1	meGFP	0	0	1	1	FALSE	FALSE
TACACTTAGCTCGAAG-1	MZ286258_1_ORF2	0	0	1	1	FALSE	TRUE
TACACTTAGGTAGGCC-1	OP549859_1_ORF1	0	0	2	2	TRUE	TRUE
TACACTTAGTGTCGCT-1	OP549859_1_ORF1	0	0	1	1	FALSE	TRUE
TACAGAATCTAGGTAA-1	OP549859_1_ORF1	0	0	2	2	TRUE	TRUE
TACAGAATCTCTCACT-1	MZ286102_1_ORF2	2	1	10	15	FALSE	TRUE
TACAGGCCAAAGGGCA-1	OZ258728_1_ORF2	0	0	3	4	TRUE	FALSE
TACAGGCCACAGATCA-1	MZ286197_1_ORF1	0	0	1	1	FALSE	TRUE
TACAGGCCAGAACTAT-1	OP549859_1_ORF1	0	0	1	1	FALSE	FALSE
TACAGGCCAGAGCTTA-1	MZ286258_1_ORF2	1	0	8	8	TRUE	TRUE
TACAGGCCATAGTTGG-1	MZ286258_1_ORF2	0	0	1	1	FALSE	FALSE
TACAGGCCATATCACC-1	MZ286102_1_ORF2	1	0	7	7	TRUE	TRUE
TACAGGTAGACTCGCT-1	MZ286258_1_ORF2	1	0	9	9	TRUE	TRUE
TACAGGTAGAGCTAGT-1	OZ258728_1_ORF1	1	1	11	11	TRUE	TRUE
TACAGGTAGGACGTTG-1	OZ258728_1_ORF2	0	0	1	1	FALSE	FALSE
TACAGGTAGGACTCTC-1	meGFP	0	0	1	1	FALSE	FALSE
TACAGGTAGGAGGTCC-1	OZ258728_1_ORF2	1	1	18	18	TRUE	TRUE
TACAGTTTCATACAGA-1	OZ258728_1_ORF2	0	0	1	1	FALSE	TRUE
TACAGTTTCCCTTACT-1	MZ286188_1_ORF1	0	0	1	1	FALSE	FALSE
TACAGTTTCCTCCTAT-1	MZ286258_1_ORF1	0	0	1	1	FALSE	FALSE
TACAGTTTCGCGTTAC-1	OP549859_1_ORF2	0	0	1	1	FALSE	FALSE
TACAGTTTCTAAGTGA-1	MZ286197_1_ORF2	1	0	4	4	TRUE	TRUE
TACAGTTTCTGCACTA-1	MZ286188_1_ORF2	0	0	2	2	TRUE	TRUE
TACATAACAACTGCCC-1	OP549859_1_ORF1	0	0	1	1	FALSE	TRUE
TACATAACAGCTTGCC-1	MZ286102_1_ORF2	0	0	1	1	FALSE	FALSE
TACATAACAGTGTCCC-1	OP549859_1_ORF2	1	0	9	9	TRUE	TRUE
TACATAACATTACTTG-1	MZ286258_1_ORF1	1	0	4	6	TRUE	TRUE
TACCAACGTAAGCATG-1	OP549859_1_ORF1	0	0	1	1	FALSE	TRUE
TACCAACGTAGCCCTA-1	OP549859_1_ORF1	0	0	1	1	FALSE	FALSE
TACCAACGTCAGCCAC-1	OZ258728_1_ORF2	0	0	1	1	FALSE	TRUE
TACCAACGTCATGAGA-1	MZ286102_1_ORF2	0	0	1	1	FALSE	TRUE
TACCAACGTCGTCACA-1	MZ286188_1_ORF1	0	0	1	2	FALSE	TRUE
TACCAACGTGGAACCG-1	MZ286197_1_ORF1	1	1	15	15	TRUE	TRUE
TACCAACGTGGAAGGA-1	meGFP	0	0	1	1	FALSE	FALSE
TACCAACGTGTTGAGA-1	meGFP	0	0	3	3	TRUE	TRUE
TACCAACGTTAACGAG-1	MZ286102_1_ORF2	1	0	8	8	TRUE	TRUE
TACCCCTGTAATGGGC-1	OZ258728_1_ORF2	0	0	1	1	FALSE	TRUE
TACCCCTGTAGGTCAA-1	MZ286258_1_ORF1	1	1	32	32	TRUE	TRUE
TACCCCTGTATCTGGT-1	MZ286102_1_ORF2	0	0	2	2	TRUE	TRUE
TACCCCTGTCAATCTA-1	OZ258728_1_ORF2	0	0	1	1	FALSE	TRUE
TACCCCTGTCCATGAT-1	MZ286258_1_ORF2	0	0	2	2	TRUE	TRUE
TACCCCTGTCGCGAGA-1	OZ258728_1_ORF1	0	0	1	1	FALSE	TRUE
TACCCCTGTCGCTACA-1	MZ286188_1_ORF1	1	0	4	4	TRUE	TRUE
TACCCCTGTTAGCTTA-1	MZ286258_1_ORF2	1	1	12	12	TRUE	TRUE
TACCCCTGTTTAATCG-1	meGFP	0	0	1	1	FALSE	TRUE
TACCCTAAGAAGTTGC-1	MZ286197_1_ORF1	1	0	5	5	TRUE	TRUE
TACCCTAAGACTTGCC-1	meGFP	0	0	1	1	FALSE	TRUE
TACCCTAAGCGGATTG-1	OZ258728_1_ORF2	1	0	7	11	TRUE	TRUE
TACCCTAAGGGTAACT-1	OP549859_1_ORF1	1	1	10	10	TRUE	TRUE
TACCCTCGTCCAACTG-1	OP549859_1_ORF1	0	0	1	1	FALSE	FALSE
TACCCTCGTGAACGGT-1	MZ286102_1_ORF2	0	0	1	1	FALSE	TRUE
TACCCTCGTGATCCTG-1	OP549859_1_ORF2	0	0	1	1	FALSE	FALSE
TACCCTCGTGTCCAAT-1	MZ286197_1_ORF1	0	0	2	2	TRUE	TRUE
TACCGTTCAAGCGCCA-1	MZ286102_1_ORF2	0	0	1	1	FALSE	TRUE
TACCGTTCACGGATCG-1	OZ258728_1_ORF2	1	0	5	5	TRUE	FALSE
TACCGTTCAGCTGCGA-1	MZ286102_1_ORF2	0	0	1	1	FALSE	FALSE
TACCGTTCAGCTTGGG-1	OP549859_1_ORF2	1	1	10	11	TRUE	TRUE
TACCGTTCAGTGTCCC-1	MZ286188_1_ORF1	0	0	1	1	FALSE	TRUE
TACCGTTCAGTTCGGG-1	OP549859_1_ORF2	0	0	2	2	TRUE	TRUE
TACCGTTCATGAACCA-1	OP549859_1_ORF2	1	0	5	5	TRUE	TRUE
TACCTCCGTCGCTACA-1	MZ286258_1_ORF2	0	0	1	1	FALSE	TRUE
TACCTCCGTGCCTAAT-1	OP549859_1_ORF2	1	0	5	7	TRUE	TRUE
TACCTCCGTTTCAAGC-1	OZ258728_1_ORF2	0	0	1	1	FALSE	FALSE
TACGATTTCATCCCTT-1	MZ286188_1_ORF1	0	0	1	1	FALSE	FALSE
TACGATTTCCCGTCGA-1	MZ286102_1_ORF2	1	0	9	10	TRUE	TRUE
TACGATTTCCGAAGCA-1	MZ286188_1_ORF2	0	0	3	3	TRUE	TRUE
TACGATTTCCGCCTGA-1	OZ258728_1_ORF2	0	0	1	1	FALSE	TRUE
TACGATTTCTGTAATC-1	OZ258728_1_ORF1	0	0	1	1	FALSE	FALSE
TACGCAACACAAGGCT-1	meGFP	0	0	1	1	FALSE	FALSE
TACGCAACACAGCCAG-1	MZ286188_1_ORF1	0	0	1	1	FALSE	FALSE
TACGGGCAGACACCTC-1	meGFP	2	1	27	37	FALSE	TRUE
TACGGGCAGAGATTGC-1	MZ286188_1_ORF1	0	0	2	3	FALSE	TRUE
TACGGGCAGGAGGTCC-1	MZ286197_1_ORF2	1	0	5	5	TRUE	TRUE
TACGGGCAGGATCCCT-1	meGFP	1	1	35	36	TRUE	TRUE
TACGGGCAGGTAGGTT-1	OZ258728_1_ORF1	1	1	33	33	TRUE	TRUE
TACGGGTCAACTGGTA-1	OZ258728_1_ORF1	1	1	17	17	TRUE	TRUE
TACGGGTCAAGCGTTA-1	MZ286197_1_ORF1	1	1	13	13	TRUE	TRUE
TACGGGTCAATCCGGG-1	MZ286188_1_ORF1	0	0	1	1	FALSE	FALSE
TACGGGTCACCGTTCA-1	OZ258728_1_ORF1	0	0	1	1	FALSE	TRUE
TACGGGTCACTACGGG-1	MZ286258_1_ORF2	1	1	14	14	TRUE	TRUE
TACGGGTCACTAGGCG-1	OP549859_1_ORF1	0	0	1	1	FALSE	FALSE
TACGGGTCAGCTCTAT-1	OZ258728_1_ORF2	0	0	1	1	FALSE	FALSE
TACGGGTCAGGCTATA-1	MZ286258_1_ORF2	1	0	6	6	TRUE	TRUE
TACGGGTCATTGAAGT-1	OZ258728_1_ORF1	0	0	1	1	FALSE	TRUE
TACGTAGCAAATCCGA-1	MZ286197_1_ORF1	0	0	1	1	FALSE	TRUE
TACGTAGCAAGATGGG-1	MZ286197_1_ORF1	1	1	20	20	TRUE	TRUE
TACGTAGCAATCCAAG-1	MZ286102_1_ORF1	1	1	20	20	TRUE	TRUE
TACGTAGCATGACGAC-1	meGFP	1	1	12	13	TRUE	TRUE
TACGTAGCATGGCTGG-1	meGFP	1	1	37	37	TRUE	TRUE
TACGTAGCATTAACGG-1	meGFP	0	0	1	1	FALSE	FALSE
TACGTTGTCACGTGCT-1	MZ286258_1_ORF2	1	1	14	15	TRUE	TRUE
TACGTTGTCCCAGTAC-1	meGFP	0	0	1	1	FALSE	TRUE
TACGTTGTCCTCTACT-1	MZ286258_1_ORF2	1	1	26	27	TRUE	TRUE
TACGTTGTCTAGATGA-1	OP549859_1_ORF1	1	0	5	6	TRUE	TRUE
TACGTTGTCTTAGTGT-1	MZ286258_1_ORF2	1	0	6	6	TRUE	TRUE
TACGTTTAGAGGAAGC-1	OP549859_1_ORF1	0	0	1	1	FALSE	FALSE
TACGTTTAGAGGCCAC-1	MZ286188_1_ORF1	0	0	0	0	FALSE	FALSE
TACGTTTAGAGGCGAG-1	OP549859_1_ORF1	0	0	2	2	TRUE	FALSE
TACGTTTAGAGTTAGC-1	MZ286258_1_ORF2	0	0	1	1	FALSE	TRUE
TACGTTTAGCGGGCAT-1	MZ286102_1_ORF1	0	0	1	1	FALSE	TRUE
TACGTTTAGCGTGCTT-1	meGFP	0	0	1	1	FALSE	FALSE
TACGTTTAGCGTTCGT-1	OZ258728_1_ORF2	0	0	1	1	FALSE	FALSE
TACGTTTAGCTCCGCA-1	OZ258728_1_ORF2	0	0	3	3	TRUE	TRUE
TACGTTTAGCTCGTTA-1	meGFP	1	0	9	10	TRUE	TRUE
TACGTTTAGCTCTAGC-1	meGFP	1	1	100	100	TRUE	TRUE
TACGTTTAGCTGGGTA-1	MZ286197_1_ORF1	1	1	10	11	TRUE	TRUE
TACGTTTAGCTGTCGT-1	meGFP	0	0	1	1	FALSE	FALSE
TACGTTTAGTGGGTTG-1	OZ258728_1_ORF2	0	0	1	2	FALSE	TRUE
TACGTTTAGTTGCATT-1	OP549859_1_ORF1	1	0	5	5	TRUE	FALSE
TACGTTTAGTTGGCCT-1	meGFP	2	2	31	46	FALSE	TRUE
TACTAGAAGAGGTTAC-1	meGFP	1	1	33	33	TRUE	TRUE
TACTAGAAGGGGCAAG-1	meGFP	0	0	1	1	FALSE	FALSE
TACTAGAAGGTGTGGC-1	MZ286102_1_ORF1	0	0	1	1	FALSE	FALSE
TACTATGGTAGCATAG-1	MZ286102_1_ORF2	1	1	25	27	TRUE	TRUE
TACTATGGTAGTCCTG-1	MZ286102_1_ORF2	0	0	1	1	FALSE	FALSE
TACTATGGTCGATGCC-1	MZ286188_1_ORF1	1	0	6	6	TRUE	TRUE
TACTATGGTGAACGAC-1	MZ286102_1_ORF2	1	0	4	4	TRUE	TRUE
TACTATGGTGCGCGTT-1	MZ286188_1_ORF1	0	0	1	1	FALSE	FALSE
TACTATGGTTCTGGCA-1	MZ286102_1_ORF2	1	0	5	5	TRUE	TRUE
TACTATGGTTGTAAGG-1	meGFP	0	0	1	1	FALSE	TRUE
TACTCAAGTAACCGAA-1	meGFP	0	0	1	1	FALSE	FALSE
TACTCAAGTAATCCGT-1	MZ286197_1_ORF2	0	0	3	4	TRUE	TRUE
TACTCAAGTAGCGTGG-1	MZ286258_1_ORF1	0	0	1	1	FALSE	FALSE
TACTCAAGTCGTCACA-1	MZ286258_1_ORF1	2	2	21	31	FALSE	TRUE
TACTCAAGTCTCAGGC-1	MZ286258_1_ORF2	0	0	1	2	FALSE	TRUE
TACTCAAGTGAACCAA-1	MZ286197_1_ORF2	1	0	5	5	TRUE	TRUE
TACTCAAGTGATCAAG-1	MZ286258_1_ORF2	0	0	1	1	FALSE	FALSE
TACTCAAGTGCAACCC-1	OZ258728_1_ORF2	0	0	1	1	FALSE	FALSE
TACTCAAGTGCGTACC-1	meGFP	1	1	29	29	TRUE	TRUE
TACTCAAGTTGACCGC-1	meGFP	0	0	1	1	FALSE	TRUE
TACTCCGCAATTGCAG-1	MZ286102_1_ORF2	0	0	1	1	FALSE	FALSE
TACTCCGCAGAGAGGC-1	OP549859_1_ORF1	0	0	1	1	FALSE	FALSE
TACTCCGCATCAGCAA-1	OP549859_1_ORF1	1	1	79	79	TRUE	TRUE
TACTCCGCATGAAGGG-1	OZ258728_1_ORF2	0	0	1	1	FALSE	FALSE
TACTCCGCATGCCCTA-1	MZ286258_1_ORF2	0	0	1	1	FALSE	TRUE
TACTCCGCATGCTCGC-1	MZ286258_1_ORF2	1	0	6	6	TRUE	TRUE
TACTCGATCACTTGCA-1	meGFP	1	1	23	23	TRUE	TRUE
TACTCGATCCAAGTCC-1	MZ286188_1_ORF2	0	0	1	1	FALSE	FALSE
TACTCGATCCTACTTC-1	MZ286258_1_ORF2	0	0	1	2	FALSE	TRUE
TACTCGATCGACCCAT-1	OP549859_1_ORF1	0	0	1	1	FALSE	FALSE
TACTCGATCGCACCAT-1	meGFP	1	0	9	9	TRUE	TRUE
TACTCGCAGAAGGATG-1	OZ258728_1_ORF2	0	0	1	1	FALSE	FALSE
TACTCGCAGAGGCATT-1	meGFP	0	0	1	1	FALSE	TRUE
TACTCGCAGATTCGTT-1	MZ286102_1_ORF1	0	0	1	1	FALSE	FALSE
TACTCGCAGCCTTCAA-1	OZ258728_1_ORF2	1	1	13	16	TRUE	TRUE
TACTCGCAGCGGATTG-1	OP549859_1_ORF2	1	0	5	5	TRUE	TRUE
TACTCGCAGGAAGTAG-1	OP549859_1_ORF1	0	0	1	1	FALSE	FALSE
TACTCGCAGGGGAACG-1	OZ258728_1_ORF1	1	0	4	5	TRUE	TRUE
TACTCGCAGTACTAAG-1	OP549859_1_ORF1	0	0	1	1	FALSE	FALSE
TACTCGCAGTGGAGCC-1	OP549859_1_ORF2	0	0	1	1	FALSE	FALSE
TACTCGCAGTGTGTCC-1	MZ286102_1_ORF1	1	1	13	13	TRUE	TRUE
TACTCGTCAAACTAAC-1	meGFP	0	0	1	1	FALSE	TRUE
TACTCGTCAAAGCCCG-1	OZ258728_1_ORF2	0	0	2	3	FALSE	TRUE
TACTCGTCAAATGAGA-1	OZ258728_1_ORF1	0	0	2	3	FALSE	TRUE
TACTCGTCAATGTAGT-1	MZ286188_1_ORF1	0	0	1	1	FALSE	TRUE
TACTCGTCACCGTTCA-1	MZ286258_1_ORF2	1	0	4	4	TRUE	TRUE
TACTCGTCACGGTAAC-1	MZ286188_1_ORF1	2	1	18	26	FALSE	TRUE
TACTCGTCACGTGGAT-1	MZ286102_1_ORF2	0	0	3	3	TRUE	TRUE
TACTCGTCACTGATGA-1	MZ286258_1_ORF2	0	0	1	1	FALSE	TRUE
TACTCGTCATGTGGCG-1	OZ258728_1_ORF2	0	0	1	1	FALSE	TRUE
TACTCGTCATTGACCT-1	MZ286197_1_ORF1	0	0	2	2	TRUE	FALSE
TACTCGTCATTGGACA-1	MZ286188_1_ORF1	0	0	1	1	FALSE	FALSE
TACTGATTCAAGGTAC-1	OZ258728_1_ORF2	0	0	1	1	FALSE	FALSE
TACTGATTCACATGCC-1	OZ258728_1_ORF1	0	0	1	1	FALSE	FALSE
TACTGATTCACTAGGG-1	OZ258728_1_ORF2	0	0	1	2	FALSE	TRUE
TACTGATTCCTCATTC-1	OP549859_1_ORF1	0	0	1	1	FALSE	FALSE
TACTGATTCTCACGTA-1	MZ286188_1_ORF2	0	0	3	3	TRUE	TRUE
TACTGATTCTCAGGGA-1	OZ258728_1_ORF2	1	1	31	32	TRUE	TRUE
TACTGATTCTCTCACT-1	OZ258728_1_ORF1	0	0	2	2	TRUE	FALSE
TACTGCGGTAAGTAAC-1	MZ286102_1_ORF1	0	0	1	1	FALSE	FALSE
TACTGCGGTAATGAAC-1	MZ286258_1_ORF2	1	0	7	7	TRUE	TRUE
TACTGCGGTCTGGCGT-1	meGFP	1	1	35	35	TRUE	TRUE
TACTGCGGTCTTGCTC-1	meGFP	0	0	1	1	FALSE	FALSE
TACTGCGGTGATTGCT-1	OP549859_1_ORF1	0	0	1	1	FALSE	FALSE
TACTGCGGTGGCCTAC-1	OP549859_1_ORF1	1	1	21	21	TRUE	TRUE
TACTGTCCAGATATAC-1	OZ258728_1_ORF1	1	0	6	6	TRUE	TRUE
TACTTAATCAATGCGG-1	OP549859_1_ORF1	1	0	4	5	TRUE	TRUE
TACTTAATCTTCGTCT-1	OZ258728_1_ORF2	0	0	1	1	FALSE	FALSE
TACTTCACACACACTT-1	MZ286258_1_ORF1	1	1	18	18	TRUE	TRUE
TACTTCACAGCCGATG-1	MZ286197_1_ORF2	0	0	2	3	FALSE	TRUE
TACTTCACATGAGCCG-1	OZ258728_1_ORF2	1	1	202	203	TRUE	TRUE
TACTTGGTCAATCACT-1	meGFP	1	1	24	25	TRUE	TRUE
TACTTGGTCACAGGCA-1	meGFP	0	0	1	1	FALSE	FALSE
TACTTGGTCCCAACTA-1	MZ286102_1_ORF1	0	0	1	1	FALSE	TRUE
TACTTGGTCCGTTGCG-1	MZ286258_1_ORF2	1	0	4	4	TRUE	FALSE
TACTTGGTCTTCATCC-1	MZ286258_1_ORF2	0	0	1	1	FALSE	FALSE
TACTTGTAGCAGGCAC-1	meGFP	1	0	5	5	TRUE	TRUE
TACTTGTAGCAGGGCT-1	MZ286197_1_ORF1	0	0	1	1	FALSE	FALSE
TACTTGTAGCCATGAG-1	OZ258728_1_ORF2	0	0	1	1	FALSE	FALSE
TACTTGTAGCTCTCAA-1	MZ286197_1_ORF1	1	1	56	56	TRUE	TRUE
TACTTGTAGGAGGAGT-1	MZ286102_1_ORF2	2	0	8	12	FALSE	TRUE
TACTTGTAGGGCAATT-1	MZ286258_1_ORF2	1	0	4	4	TRUE	TRUE
TACTTGTAGGTTCATT-1	OZ258728_1_ORF2	0	0	1	2	FALSE	TRUE
TACTTGTAGTACTAAG-1	MZ286102_1_ORF2	0	0	1	1	FALSE	FALSE
TACTTTCGTACACCTG-1	OZ258728_1_ORF2	0	0	1	1	FALSE	TRUE
TACTTTCGTAGTCGGG-1	OP549859_1_ORF1	0	0	3	4	TRUE	TRUE
TACTTTCGTGAACGAC-1	meGFP	0	0	1	1	FALSE	FALSE
TACTTTCGTGAGGAGA-1	OP549859_1_ORF1	0	0	3	3	TRUE	TRUE
TACTTTCGTGCGCGTT-1	MZ286188_1_ORF1	0	0	3	4	TRUE	TRUE
TACTTTCGTTCGCTTC-1	OZ258728_1_ORF2	1	0	6	7	TRUE	TRUE
TAGCCACTCACATGAA-1	MZ286258_1_ORF2	0	0	2	2	TRUE	TRUE
TAGCCACTCACATGCC-1	OZ258728_1_ORF1	1	0	9	9	TRUE	TRUE
TAGCCACTCCAAGTAA-1	MZ286258_1_ORF2	0	0	1	1	FALSE	TRUE
TAGCCACTCCCCAGAT-1	MZ286258_1_ORF2	0	0	1	1	FALSE	TRUE
TAGCCACTCCGTAGAG-1	MZ286258_1_ORF1	1	1	41	42	TRUE	TRUE
TAGCCACTCGCGGAGT-1	OZ258728_1_ORF1	1	1	12	12	TRUE	TRUE
TAGCCACTCGTTACCA-1	OZ258728_1_ORF2	1	1	21	21	TRUE	TRUE
TAGCCACTCTCCTTCG-1	OZ258728_1_ORF2	0	0	1	1	FALSE	FALSE
TAGCCACTCTCTGTGA-1	OZ258728_1_ORF2	1	1	71	71	TRUE	TRUE
TAGCCACTCTGTATGT-1	meGFP	0	0	1	1	FALSE	TRUE
TAGCCACTCTTAGTAC-1	MZ286102_1_ORF1	0	0	2	2	TRUE	TRUE
TAGCCTGGTAAGCTAG-1	MZ286102_1_ORF1	0	0	1	1	FALSE	FALSE
TAGCCTGGTCGGGACA-1	MZ286102_1_ORF2	0	0	1	1	FALSE	TRUE
TAGCCTGGTCTTACCC-1	OZ258728_1_ORF2	1	1	48	48	TRUE	TRUE
TAGCCTGGTGCGCGAA-1	MZ286102_1_ORF1	0	0	2	2	TRUE	FALSE
TAGCCTGGTGCTTAGT-1	MZ286188_1_ORF2	1	0	6	7	TRUE	TRUE
TAGCCTGGTGGCGCAA-1	OZ258728_1_ORF2	0	0	1	1	FALSE	TRUE
TAGCGAAGTAACTGAG-1	OP549859_1_ORF1	0	0	1	1	FALSE	TRUE
TAGCGAAGTGGGTCGA-1	meGFP	1	0	7	7	TRUE	TRUE
TAGCGAAGTTCACGAT-1	OZ258728_1_ORF1	1	0	4	5	TRUE	TRUE
TAGCGCTTCAACCGTC-1	MZ286197_1_ORF1	1	1	26	26	TRUE	TRUE
TAGCGCTTCAAGCTAA-1	MZ286102_1_ORF2	0	0	1	1	FALSE	TRUE
TAGCGCTTCAGCGGAC-1	MZ286188_1_ORF1	0	0	1	1	FALSE	FALSE
TAGCGCTTCGAACTAA-1	OZ258728_1_ORF2	0	0	1	1	FALSE	TRUE
TAGCGCTTCGCAACTC-1	OZ258728_1_ORF2	0	0	1	2	FALSE	TRUE
TAGCGCTTCTAGCTTG-1	OP549859_1_ORF2	0	0	2	4	FALSE	TRUE
TAGCTTGTCAACCTTG-1	MZ286188_1_ORF1	0	0	2	2	TRUE	FALSE
TAGCTTGTCAATTACC-1	OZ258728_1_ORF2	0	0	1	1	FALSE	FALSE
TAGCTTGTCACTAGGG-1	OP549859_1_ORF1	1	1	71	71	TRUE	TRUE
TAGCTTGTCCACGCAT-1	MZ286188_1_ORF1	0	0	2	2	TRUE	TRUE
TAGCTTGTCCCTTCCA-1	MZ286197_1_ORF1	0	0	1	1	FALSE	TRUE
TAGCTTGTCCGCATGT-1	OP549859_1_ORF1	0	0	1	1	FALSE	TRUE
TAGCTTGTCGACCTCG-1	MZ286258_1_ORF2	0	0	1	1	FALSE	FALSE
TAGCTTGTCGATGGGC-1	OZ258728_1_ORF1	1	0	9	9	TRUE	TRUE
TAGCTTGTCGTGAGGC-1	OP549859_1_ORF1	0	0	1	1	FALSE	FALSE
TAGCTTGTCTTAGGCC-1	MZ286102_1_ORF1	0	0	1	1	FALSE	TRUE
TAGGAATGTAAGCTAG-1	OP549859_1_ORF2	0	0	2	2	TRUE	TRUE
TAGGAATGTACACTAC-1	OP549859_1_ORF1	1	1	22	22	TRUE	TRUE
TAGGAATGTAGGATAT-1	MZ286258_1_ORF2	1	0	8	8	TRUE	TRUE
TAGGAATGTCCACGGT-1	MZ286258_1_ORF2	0	0	1	1	FALSE	TRUE
TAGGAATGTCCCGAAC-1	OZ258728_1_ORF2	0	0	1	1	FALSE	TRUE
TAGGAATGTCTTAATG-1	meGFP	0	0	1	1	FALSE	FALSE
TAGGAATGTTAGCTTA-1	OZ258728_1_ORF2	0	0	1	1	FALSE	TRUE
TAGGAATGTTATAGCC-1	OZ258728_1_ORF2	0	0	1	1	FALSE	TRUE
TAGGAATGTTTGCGGC-1	OZ258728_1_ORF2	0	0	1	1	FALSE	FALSE
TAGGATGGTAGTATCC-1	OZ258728_1_ORF2	0	0	1	1	FALSE	FALSE
TAGGATGGTCGACCGT-1	OZ258728_1_ORF2	0	0	1	1	FALSE	FALSE
TAGGATTCAAACGTAT-1	OP549859_1_ORF1	0	0	1	1	FALSE	TRUE
TAGGATTCAATCCAAG-1	MZ286197_1_ORF1	0	0	1	1	FALSE	TRUE
TAGGATTCACTAATGG-1	meGFP	0	0	1	2	FALSE	TRUE
TAGGATTCACTCACAT-1	OP549859_1_ORF1	0	0	1	1	FALSE	TRUE
TAGGATTCAGATTCGA-1	MZ286102_1_ORF2	1	0	8	8	TRUE	TRUE
TAGGCCCGTAAGGTAT-1	MZ286197_1_ORF1	0	0	1	1	FALSE	TRUE
TAGGCCCGTAAGTAAC-1	OP549859_1_ORF2	0	0	1	1	FALSE	FALSE
TAGGCCCGTACCGACC-1	OZ258728_1_ORF2	1	1	113	113	TRUE	TRUE
TAGGCCCGTCACTCCT-1	OZ258728_1_ORF2	0	0	1	1	FALSE	FALSE
TAGGCCCGTGAACGAC-1	OZ258728_1_ORF2	1	1	58	58	TRUE	TRUE
TAGGCCCGTGAAGCCG-1	MZ286102_1_ORF2	0	0	1	1	FALSE	TRUE
TAGGCCCGTGCGGTGA-1	MZ286102_1_ORF2	0	0	1	1	FALSE	FALSE
TAGGCCCGTTATAGGG-1	MZ286102_1_ORF2	0	0	1	1	FALSE	TRUE
TAGGCCCGTTGGAGCG-1	MZ286188_1_ORF1	1	1	14	14	TRUE	TRUE
TAGGCCCGTTTAGGCT-1	OZ258728_1_ORF1	0	0	1	1	FALSE	TRUE
TAGGCGATCCAACCTA-1	MZ286258_1_ORF2	1	0	6	6	TRUE	TRUE
TAGGCGATCGATGGGC-1	meGFP	1	1	50	50	TRUE	TRUE
TAGGCGATCGGCTTCG-1	meGFP	0	0	1	1	FALSE	FALSE
TAGGCGATCTGATAGA-1	meGFP	2	1	36	40	TRUE	TRUE
TAGGCGATCTGGTTGC-1	OZ258728_1_ORF2	1	1	22	22	TRUE	TRUE
TAGGCGATCTTAGTGT-1	OP549859_1_ORF2	0	0	1	1	FALSE	TRUE
TAGGCTCTCCAAGTGG-1	MZ286258_1_ORF2	0	0	1	2	FALSE	FALSE
TAGGCTCTCGCAAGGC-1	OZ258728_1_ORF2	0	0	1	1	FALSE	TRUE
TAGGCTCTCGGATGCA-1	meGFP	0	0	1	3	FALSE	FALSE
TAGGCTCTCGTTACTG-1	OZ258728_1_ORF1	1	0	4	4	TRUE	TRUE
TAGGCTGAGACACTAA-1	MZ286258_1_ORF1	0	0	1	1	FALSE	FALSE
TAGGCTGAGCCAACCT-1	OZ258728_1_ORF2	1	1	13	13	TRUE	FALSE
TAGGCTGAGGTAGGAA-1	meGFP	0	0	1	1	FALSE	FALSE
TAGGCTGAGTATGGTA-1	OZ258728_1_ORF2	0	0	1	1	FALSE	FALSE
TAGGGCATCAACTGGG-1	meGFP	1	1	30	30	TRUE	TRUE
TAGGGCATCACTAGGG-1	MZ286258_1_ORF2	0	0	1	1	FALSE	FALSE
TAGGGCATCAGTATGA-1	MZ286188_1_ORF2	1	0	6	6	TRUE	TRUE
TAGGGCATCGACGGGT-1	OZ258728_1_ORF2	1	1	76	77	TRUE	TRUE
TAGGGCCAGAATGCTA-1	meGFP	0	0	1	1	FALSE	FALSE
TAGGGCCAGACCCAAG-1	MZ286188_1_ORF1	0	0	1	1	FALSE	TRUE
TAGGGCCAGATTGATG-1	MZ286188_1_ORF1	0	0	1	1	FALSE	FALSE
TAGGGCCAGCACGTTC-1	meGFP	0	0	1	1	FALSE	FALSE
TAGGGGACACGCACGA-1	OZ258728_1_ORF2	0	0	1	1	FALSE	FALSE
TAGGGGACAGCTCAGG-1	meGFP	0	0	3	3	TRUE	TRUE
TAGGGGACATAGATAC-1	OZ258728_1_ORF1	0	0	1	1	FALSE	TRUE
TAGGGGACATGGTGTA-1	OP549859_1_ORF2	1	0	5	5	TRUE	TRUE
TAGGGGACATTAACGG-1	MZ286197_1_ORF1	0	0	1	1	FALSE	TRUE
TAGGGGACATTACTTG-1	MZ286197_1_ORF1	1	0	5	6	TRUE	TRUE
TAGGTACAGAAGGATG-1	OZ258728_1_ORF2	1	1	12	13	TRUE	TRUE
TAGGTACAGAGGAAGC-1	OZ258728_1_ORF2	0	0	1	1	FALSE	TRUE
TAGGTACAGAGGCATT-1	MZ286188_1_ORF2	0	0	2	2	TRUE	TRUE
TAGGTACAGAGTTAGC-1	OP549859_1_ORF1	0	0	1	1	FALSE	FALSE
TAGGTACAGCCTTCAA-1	MZ286102_1_ORF2	0	0	1	1	FALSE	FALSE
TAGGTACAGCTCGAAG-1	OP549859_1_ORF2	0	0	1	1	FALSE	TRUE
TAGGTACAGCTTAATC-1	OZ258728_1_ORF2	0	0	1	1	FALSE	TRUE
TAGGTACAGGCCTCAT-1	MZ286197_1_ORF1	0	0	1	1	FALSE	TRUE
TAGGTACAGTGCGGAC-1	MZ286258_1_ORF2	0	0	2	3	FALSE	TRUE
TAGGTACAGTTAGGTA-1	OZ258728_1_ORF2	0	0	2	3	FALSE	FALSE
TAGGTTGCAACCGTGG-1	MZ286258_1_ORF1	1	0	7	8	TRUE	TRUE
TAGGTTGCACCGGTAG-1	OZ258728_1_ORF1	1	1	11	11	TRUE	TRUE
TAGGTTGCACGCTACC-1	MZ286258_1_ORF2	1	0	7	7	TRUE	TRUE
TAGGTTGCACGTGAAC-1	OZ258728_1_ORF2	2	2	53	68	TRUE	TRUE
TAGGTTGCATCAGTCT-1	OZ258728_1_ORF2	0	0	1	1	FALSE	FALSE
TAGGTTGCATGACGGT-1	meGFP	1	1	94	94	TRUE	TRUE
TAGGTTGCATGGAGCT-1	MZ286188_1_ORF2	0	0	2	2	TRUE	TRUE
TAGTATCTCATCAATC-1	OP549859_1_ORF2	0	0	3	5	FALSE	TRUE
TAGTATCTCCAATGAA-1	MZ286258_1_ORF2	1	1	10	10	TRUE	TRUE
TAGTATCTCCTACTGA-1	MZ286188_1_ORF1	0	0	1	1	FALSE	FALSE
TAGTATCTCGCCCGTA-1	MZ286258_1_ORF1	0	0	1	1	FALSE	FALSE
TAGTATCTCGCTTAAT-1	MZ286102_1_ORF2	0	0	3	3	TRUE	TRUE
TAGTATCTCGGTCTAC-1	OP549859_1_ORF2	0	0	3	4	TRUE	FALSE
TAGTATCTCTGATAGA-1	MZ286102_1_ORF1	0	0	1	1	FALSE	TRUE
TAGTATTGTAGTCGTT-1	OZ258728_1_ORF2	0	0	1	2	FALSE	TRUE
TAGTATTGTGGGATTA-1	OZ258728_1_ORF1	1	1	21	21	TRUE	TRUE
TAGTATTGTGGGTAGT-1	OP549859_1_ORF1	1	1	78	78	TRUE	TRUE
TAGTATTGTTCATCGG-1	MZ286258_1_ORF1	1	1	10	10	TRUE	TRUE
TAGTATTGTTCGTGCA-1	MZ286197_1_ORF1	0	0	1	1	FALSE	FALSE
TAGTATTGTTTAATCG-1	OZ258728_1_ORF2	0	0	1	1	FALSE	FALSE
TAGTCATTCACAGGCA-1	meGFP	0	0	1	1	FALSE	FALSE
TAGTCATTCCCCAGAT-1	MZ286258_1_ORF2	1	1	13	13	TRUE	TRUE
TAGTCATTCCTACTGA-1	MZ286258_1_ORF2	0	0	1	1	FALSE	FALSE
TAGTCATTCGAATCAA-1	MZ286258_1_ORF1	0	0	1	1	FALSE	FALSE
TAGTCATTCGGGATTG-1	MZ286188_1_ORF2	0	0	2	2	TRUE	FALSE
TAGTCATTCTACCGAC-1	MZ286102_1_ORF2	0	0	1	1	FALSE	TRUE
TAGTCATTCTAGTCAT-1	MZ286258_1_ORF2	1	1	21	21	TRUE	TRUE
TAGTCTTAGAAGTGAG-1	MZ286102_1_ORF2	1	1	10	13	TRUE	TRUE
TAGTCTTAGAATGGTC-1	MZ286197_1_ORF1	0	0	1	1	FALSE	FALSE
TAGTCTTAGACCCTGT-1	MZ286102_1_ORF2	0	0	2	2	TRUE	TRUE
TAGTCTTAGACGCAAT-1	MZ286102_1_ORF2	0	0	1	1	FALSE	TRUE
TAGTCTTAGCTGTCGT-1	OP549859_1_ORF1	0	0	1	2	FALSE	TRUE
TAGTCTTAGGATTACA-1	MZ286188_1_ORF2	0	0	1	1	FALSE	TRUE
TAGTCTTAGGCGAACC-1	OZ258728_1_ORF1	0	0	1	1	FALSE	FALSE
TAGTCTTAGGTCGAAT-1	meGFP	0	0	1	1	FALSE	FALSE
TAGTCTTAGTGCGGAC-1	MZ286258_1_ORF2	1	1	13	13	TRUE	TRUE
TAGTCTTAGTTACACT-1	MZ286258_1_ORF2	1	0	7	8	TRUE	TRUE
TAGTGACAGCGTTCGT-1	OP549859_1_ORF1	0	0	1	1	FALSE	TRUE
TAGTGACAGGTTCCCG-1	MZ286102_1_ORF1	1	1	10	10	TRUE	TRUE
TAGTGAGGTAATGGAT-1	OZ258728_1_ORF2	0	0	1	1	FALSE	TRUE
TAGTGAGGTACTTGGT-1	OP549859_1_ORF2	0	0	1	1	FALSE	FALSE
TAGTGAGGTGCGCATC-1	MZ286102_1_ORF2	1	0	7	7	TRUE	TRUE
TAGTGAGGTGGTTAAG-1	MZ286102_1_ORF2	0	0	2	3	FALSE	TRUE
TAGTGAGGTGTCTGTG-1	MZ286197_1_ORF1	0	0	1	1	FALSE	FALSE
TAGTGAGGTTCCACTC-1	MZ286102_1_ORF2	0	0	1	1	FALSE	TRUE
TAGTGATCAAACGGGA-1	OZ258728_1_ORF1	1	0	4	7	TRUE	TRUE
TAGTGATCAACCAGTA-1	MZ286102_1_ORF2	1	0	8	8	TRUE	TRUE
TAGTGATCACGAAGGA-1	MZ286197_1_ORF1	0	0	1	1	FALSE	TRUE
TAGTGATCACTTCCAG-1	OZ258728_1_ORF2	1	0	6	6	TRUE	TRUE
TAGTGATCAGATTAGT-1	OP549859_1_ORF1	1	1	12	12	TRUE	TRUE
TAGTGATCATGTCCAT-1	OZ258728_1_ORF1	0	0	3	3	TRUE	TRUE
TAGTGGCCAACATCCT-1	OZ258728_1_ORF1	1	0	5	8	TRUE	TRUE
TAGTGGCCAACCCAGG-1	meGFP	1	1	56	57	TRUE	TRUE
TAGTGGCCAAGTCAAT-1	OZ258728_1_ORF2	0	0	1	1	FALSE	TRUE
TAGTGGCCACCGTTCA-1	OZ258728_1_ORF2	0	0	1	1	FALSE	TRUE
TAGTGGCCACTACTAC-1	MZ286258_1_ORF1	0	0	1	2	FALSE	TRUE
TAGTGGCCAGAACGCT-1	OZ258728_1_ORF1	1	0	5	5	TRUE	TRUE
TAGTGGCCAGCAGGAA-1	MZ286102_1_ORF2	0	0	2	2	TRUE	TRUE
TAGTGGCCAGCTTGCC-1	meGFP	1	1	20	21	TRUE	TRUE
TAGTGGCCAGGTAGAG-1	MZ286197_1_ORF1	2	0	9	16	FALSE	TRUE
TAGTGGCCATAAGGTT-1	MZ286258_1_ORF2	1	0	5	8	TRUE	TRUE
TAGTGGCCATCAGAGC-1	OP549859_1_ORF1	0	0	1	1	FALSE	FALSE
TAGTGGCCATGAATCG-1	OZ258728_1_ORF2	0	0	1	1	FALSE	FALSE
TAGTTAACAACGGGTT-1	MZ286102_1_ORF2	0	0	1	1	FALSE	TRUE
TAGTTAACACAAGCCG-1	OP549859_1_ORF2	1	0	7	8	TRUE	TRUE
TAGTTAACAGGTAGAG-1	meGFP	0	0	1	2	FALSE	TRUE
TAGTTGCGTAGACCAA-1	OZ258728_1_ORF2	1	1	23	26	TRUE	TRUE
TAGTTGCGTCACTAAC-1	MZ286188_1_ORF1	0	0	1	1	FALSE	FALSE
TAGTTGCGTCCACATG-1	OZ258728_1_ORF2	0	0	1	1	FALSE	TRUE
TAGTTGCGTGACCTTG-1	OP549859_1_ORF2	0	0	2	2	TRUE	TRUE
TAGTTGCGTTGTCCGA-1	MZ286102_1_ORF2	0	0	1	1	FALSE	FALSE
TAGTTGCGTTTACCAA-1	MZ286258_1_ORF2	1	0	6	6	TRUE	TRUE
TAGTTTGGTAACCGGG-1	OZ258728_1_ORF2	0	0	1	1	FALSE	TRUE
TAGTTTGGTAATCACC-1	OP549859_1_ORF2	0	0	3	3	TRUE	TRUE
TAGTTTGGTACCTCTC-1	OZ258728_1_ORF2	1	0	7	7	TRUE	TRUE
TAGTTTGGTATTGCGT-1	OP549859_1_ORF2	0	0	1	1	FALSE	TRUE
TAGTTTGGTCGCGAGA-1	OZ258728_1_ORF1	1	0	6	6	TRUE	TRUE
TAGTTTGGTCTATCCC-1	MZ286188_1_ORF2	0	0	1	1	FALSE	TRUE
TAGTTTGGTGATCCCA-1	meGFP	0	0	1	1	FALSE	FALSE
TAGTTTGGTTCGATTA-1	OZ258728_1_ORF1	0	0	3	3	TRUE	TRUE
TAGTTTGGTTCTCATT-1	MZ286197_1_ORF1	2	0	9	13	FALSE	TRUE
TAGTTTGGTTTGGATC-1	MZ286197_1_ORF2	1	0	4	5	TRUE	TRUE
TATAACCTCAATTAGG-1	MZ286258_1_ORF2	0	0	1	1	FALSE	TRUE
TATAACCTCACAGGCA-1	meGFP	0	0	1	1	FALSE	TRUE
TATAACCTCCAAGTCC-1	MZ286188_1_ORF1	1	1	34	34	TRUE	TRUE
TATAACCTCCATTCCT-1	MZ286197_1_ORF1	0	0	3	3	TRUE	TRUE
TATAACCTCCTCATAG-1	MZ286102_1_ORF1	0	0	1	1	FALSE	TRUE
TATAACCTCGAACCGA-1	OZ258728_1_ORF2	0	0	1	1	FALSE	FALSE
TATAACTGTACTGTCG-1	meGFP	0	0	1	1	FALSE	FALSE
TATAACTGTAGCATAG-1	MZ286258_1_ORF1	0	0	1	1	FALSE	FALSE
TATAACTGTGATTACC-1	OZ258728_1_ORF1	1	0	7	7	TRUE	TRUE
TATAACTGTGCGCGAA-1	OZ258728_1_ORF2	1	1	51	52	TRUE	TRUE
TATAACTGTGGTTAAG-1	MZ286197_1_ORF1	0	0	1	1	FALSE	FALSE
TATAACTGTTCGCTGA-1	MZ286188_1_ORF2	0	0	1	1	FALSE	FALSE
TATAATCGTAACCGAA-1	MZ286197_1_ORF2	1	0	9	10	TRUE	TRUE
TATAATCGTAAGTCTC-1	MZ286102_1_ORF2	0	0	1	1	FALSE	TRUE
TATAATCGTACTTGGT-1	MZ286188_1_ORF1	0	0	1	1	FALSE	FALSE
TATAATCGTAGACCAA-1	OZ258728_1_ORF2	0	0	1	1	FALSE	FALSE
TATAATCGTAGGTAGC-1	MZ286258_1_ORF2	1	1	11	11	TRUE	TRUE
TATAATCGTAGTGTCT-1	OP549859_1_ORF2	2	2	15	25	FALSE	TRUE
TATAATCGTCACACCA-1	MZ286258_1_ORF2	0	0	1	1	FALSE	FALSE
TATAATCGTGCCGGAA-1	OZ258728_1_ORF2	0	0	2	2	TRUE	FALSE
TATAATCGTGGAGAGA-1	MZ286258_1_ORF2	1	1	27	27	TRUE	TRUE
TATAATCGTGGCAACG-1	OZ258728_1_ORF2	0	0	1	1	FALSE	TRUE
TATAATCGTTGTAGCT-1	MZ286102_1_ORF2	1	0	5	6	TRUE	TRUE
TATACCTAGAACCTAA-1	MZ286197_1_ORF2	0	0	1	1	FALSE	TRUE
TATACCTAGGAGTATC-1	OP549859_1_ORF2	0	0	1	1	FALSE	FALSE
TATACCTAGGCAGGCT-1	OP549859_1_ORF1	1	1	27	28	TRUE	TRUE
TATACCTAGTAGCTCC-1	MZ286102_1_ORF2	1	1	24	24	TRUE	TRUE
TATACTCAGGAAGGGT-1	OZ258728_1_ORF2	1	1	34	34	TRUE	TRUE
TATACTCAGGGTGTCA-1	MZ286102_1_ORF2	1	0	4	4	TRUE	TRUE
TATACTCAGGTAGGAA-1	MZ286102_1_ORF1	0	0	1	1	FALSE	TRUE
TATACTCAGTACCTGC-1	OZ258728_1_ORF2	0	0	1	2	FALSE	TRUE
TATAGAAGTAATGGAT-1	meGFP	1	1	50	50	TRUE	TRUE
TATAGAAGTCCCATCT-1	MZ286197_1_ORF1	1	0	4	5	TRUE	TRUE
TATAGAAGTGATTACC-1	MZ286102_1_ORF1	0	0	1	1	FALSE	TRUE
TATAGAAGTGGAGAGA-1	MZ286258_1_ORF2	0	0	1	1	FALSE	FALSE
TATAGAAGTGGGATTA-1	OZ258728_1_ORF2	0	0	1	1	FALSE	FALSE
TATAGAAGTTACACCG-1	OP549859_1_ORF2	1	0	7	7	TRUE	TRUE
TATAGAAGTTCGTGCA-1	OZ258728_1_ORF1	1	1	28	29	TRUE	TRUE
TATAGAGTCAACTATC-1	OP549859_1_ORF2	1	0	7	8	TRUE	TRUE
TATAGAGTCACAGATA-1	OZ258728_1_ORF2	0	0	1	1	FALSE	TRUE
TATAGAGTCCCCGGTA-1	meGFP	2	2	31	44	FALSE	TRUE
TATAGAGTCGACACAG-1	MZ286258_1_ORF2	0	0	1	1	FALSE	TRUE
TATAGAGTCTAGGCTC-1	MZ286102_1_ORF1	0	0	1	1	FALSE	TRUE
TATAGAGTCTCTGGCG-1	meGFP	0	0	1	1	FALSE	FALSE
TATAGATAGACATCCC-1	meGFP	0	0	1	2	FALSE	TRUE
TATAGATAGCAAGCTG-1	MZ286188_1_ORF2	0	0	1	1	FALSE	FALSE
TATAGATAGCCCTGCA-1	MZ286102_1_ORF2	1	0	8	8	TRUE	TRUE
TATAGATAGGTAGGAA-1	OZ258728_1_ORF2	0	0	1	1	FALSE	FALSE
TATAGGGGTAAGGTGC-1	OZ258728_1_ORF2	0	0	1	1	FALSE	FALSE
TATAGGGGTCCGAATT-1	OP549859_1_ORF2	0	0	2	4	FALSE	TRUE
TATAGGGGTGGCCGTT-1	meGFP	1	1	16	16	TRUE	TRUE
TATAGGGGTTCTATCT-1	OZ258728_1_ORF1	0	0	1	1	FALSE	FALSE
TATAGGGGTTTCCTAT-1	OZ258728_1_ORF2	0	0	1	1	FALSE	TRUE
TATAGTCTCATAGAGC-1	OZ258728_1_ORF2	1	1	40	41	TRUE	TRUE
TATAGTCTCATTGCCA-1	MZ286258_1_ORF1	0	0	1	1	FALSE	TRUE
TATAGTCTCCAGCGAA-1	OP549859_1_ORF2	1	0	4	5	TRUE	TRUE
TATAGTCTCGAAGCGC-1	MZ286102_1_ORF2	0	0	1	1	FALSE	TRUE
TATAGTCTCGAGGTCA-1	meGFP	0	0	1	1	FALSE	TRUE
TATAGTCTCGCTTGAC-1	MZ286197_1_ORF1	0	0	1	1	FALSE	FALSE
TATAGTCTCTGGGTTC-1	MZ286102_1_ORF1	1	1	10	10	TRUE	TRUE
TATAGTTGTGGCATGG-1	MZ286102_1_ORF2	1	0	5	5	TRUE	FALSE
TATAGTTGTTCCACTC-1	MZ286258_1_ORF2	1	1	24	24	TRUE	TRUE
TATATAGCAACCCGTC-1	OP549859_1_ORF2	1	1	14	14	TRUE	TRUE
TATATAGCAATATAGC-1	MZ286197_1_ORF1	0	0	1	1	FALSE	TRUE
TATATAGCACTAGGCG-1	meGFP	0	0	1	1	FALSE	FALSE
TATATAGCAGATAGGG-1	OP549859_1_ORF2	0	0	1	1	FALSE	FALSE
TATATAGCAGGGTCCA-1	OZ258728_1_ORF2	0	0	1	1	FALSE	FALSE
TATATAGCATGTCGGG-1	MZ286258_1_ORF2	0	0	1	2	FALSE	TRUE
TATATCCAGAACCCAG-1	MZ286197_1_ORF2	0	0	1	1	FALSE	TRUE
TATATCCAGCGTACCT-1	MZ286258_1_ORF1	1	1	12	12	TRUE	TRUE
TATATCCAGGATTACA-1	OP549859_1_ORF1	0	0	1	1	FALSE	TRUE
TATATCCAGGCTCTGT-1	MZ286188_1_ORF2	0	0	3	5	FALSE	TRUE
TATATCCAGGGGCAAG-1	MZ286258_1_ORF2	0	0	2	2	TRUE	TRUE
TATATCCAGGTTCGGA-1	MZ286258_1_ORF2	3	0	9	20	FALSE	TRUE
TATATCCAGTTCGAGG-1	meGFP	0	0	1	1	FALSE	TRUE
TATATCCAGTTGAATG-1	MZ286188_1_ORF1	1	1	42	43	TRUE	TRUE
TATATTGTCAATTACC-1	MZ286188_1_ORF2	0	0	1	1	FALSE	TRUE
TATATTGTCACTAGGG-1	OZ258728_1_ORF2	0	0	1	1	FALSE	FALSE
TATATTGTCCGAACGA-1	MZ286188_1_ORF2	0	0	3	3	TRUE	TRUE
TATATTGTCGGGATTG-1	OP549859_1_ORF1	0	0	1	1	FALSE	FALSE
TATATTGTCGTACGGA-1	OZ258728_1_ORF2	0	0	2	2	TRUE	FALSE
TATCACAGTAAGCTAG-1	MZ286102_1_ORF2	1	1	13	13	TRUE	TRUE
TATCACAGTAGAGCCG-1	MZ286258_1_ORF1	0	0	1	1	FALSE	FALSE
TATCACAGTAGTATCC-1	meGFP	1	1	30	30	TRUE	TRUE
TATCACAGTCACTAAC-1	MZ286188_1_ORF1	0	0	1	1	FALSE	FALSE
TATCACAGTGAGGAGA-1	OZ258728_1_ORF2	0	0	1	1	FALSE	FALSE
TATCACAGTGTTGCGC-1	OP549859_1_ORF1	0	0	1	1	FALSE	TRUE
TATCACAGTTCGCTGA-1	OP549859_1_ORF1	1	1	55	55	TRUE	TRUE
TATCACAGTTGTGTGT-1	OZ258728_1_ORF2	1	0	7	7	TRUE	TRUE
TATCACAGTTTAGGCT-1	MZ286197_1_ORF1	0	0	2	2	TRUE	TRUE
TATCAGGCAACTTAGG-1	OZ258728_1_ORF2	1	1	64	64	TRUE	TRUE
TATCAGGCACTCGCTA-1	MZ286197_1_ORF2	0	0	1	1	FALSE	FALSE
TATCAGGCAGAACGGA-1	OP549859_1_ORF2	0	0	1	2	FALSE	TRUE
TATCAGGCAGTAAGGG-1	meGFP	0	0	1	1	FALSE	FALSE
TATCAGGCATAGATAC-1	MZ286258_1_ORF1	0	0	1	1	FALSE	FALSE
TATCAGGCATGCAGAC-1	MZ286258_1_ORF1	1	0	7	7	TRUE	TRUE
TATCAGGCATGTGATG-1	OZ258728_1_ORF2	0	0	1	1	FALSE	FALSE
TATCCACCAAGATGGG-1	meGFP	0	0	1	1	FALSE	FALSE
TATCCACCAAGGCAAG-1	OP549859_1_ORF1	0	0	1	1	FALSE	TRUE
TATCCACCACAAGGCT-1	MZ286102_1_ORF2	0	0	1	1	FALSE	FALSE
TATCCACCATACTTCA-1	OZ258728_1_ORF1	0	0	1	2	FALSE	TRUE
TATCCACCATGAGCCG-1	MZ286188_1_ORF2	0	0	3	3	TRUE	TRUE
TATCCATAGACGCAAT-1	MZ286188_1_ORF1	0	0	1	1	FALSE	TRUE
TATCCATAGACTTACT-1	MZ286258_1_ORF1	1	1	26	28	TRUE	TRUE
TATCCATAGATGAGGA-1	MZ286102_1_ORF2	0	0	3	3	TRUE	TRUE
TATCCATAGTGCGGAC-1	MZ286197_1_ORF1	0	0	2	4	FALSE	TRUE
TATCCCGCAAAGGTCC-1	OZ258728_1_ORF2	0	0	3	3	TRUE	TRUE
TATCCCGCAAAGTGCC-1	MZ286258_1_ORF2	0	0	1	1	FALSE	TRUE
TATCCCGCAAGACTAT-1	MZ286258_1_ORF2	2	2	33	62	FALSE	TRUE
TATCCCGCACGTTAAG-1	MZ286197_1_ORF2	1	0	5	5	TRUE	TRUE
TATCCCGCACGTTGGG-1	MZ286258_1_ORF2	1	1	21	21	TRUE	TRUE
TATCCCGCAGAGAGGC-1	OP549859_1_ORF1	0	0	1	1	FALSE	FALSE
TATCCCGCATACCGTT-1	MZ286188_1_ORF1	2	1	37	43	TRUE	TRUE
TATCCCGCATCGGGCA-1	MZ286197_1_ORF2	0	0	1	1	FALSE	FALSE
TATCCCGCATGAACCA-1	MZ286188_1_ORF1	1	1	22	22	TRUE	TRUE
TATCCCGCATGCAGAC-1	OZ258728_1_ORF2	0	0	1	1	FALSE	FALSE
TATCCGGGTAAGTAAC-1	MZ286102_1_ORF1	1	1	17	17	TRUE	TRUE
TATCCGGGTGCTGACC-1	OP549859_1_ORF1	1	1	59	60	TRUE	TRUE
TATCCGGGTGTTGCGC-1	meGFP	0	0	2	2	TRUE	TRUE
TATCCTGAGAGGCCAC-1	MZ286102_1_ORF1	0	0	1	1	FALSE	FALSE
TATCCTGAGAGGTCTG-1	MZ286258_1_ORF2	1	1	15	15	TRUE	TRUE
TATCCTGAGAGTCCCT-1	MZ286102_1_ORF2	1	1	18	18	TRUE	TRUE
TATCCTGAGATCAAGC-1	OZ258728_1_ORF2	1	0	4	6	TRUE	TRUE
TATCCTGAGGATCCCT-1	MZ286197_1_ORF1	0	0	1	2	FALSE	TRUE
TATCCTGAGGTGTGGC-1	MZ286258_1_ORF2	0	0	1	1	FALSE	FALSE
TATCCTGAGTAAGGTC-1	OZ258728_1_ORF1	0	0	1	1	FALSE	FALSE
TATCCTGAGTATACCT-1	OZ258728_1_ORF2	0	0	1	1	FALSE	FALSE
TATCGACGTCATCGTG-1	MZ286258_1_ORF2	0	0	1	1	FALSE	FALSE
TATCGACGTTTCCGTC-1	OZ258728_1_ORF2	0	0	1	1	FALSE	TRUE
TATCGAGCAATCTGTC-1	MZ286102_1_ORF1	0	0	1	1	FALSE	FALSE
TATCGAGCACCTGTGC-1	OZ258728_1_ORF1	1	0	6	6	TRUE	TRUE
TATCGAGCAGGCATTA-1	OZ258728_1_ORF2	0	0	1	1	FALSE	FALSE
TATCGAGCATATGAAC-1	meGFP	1	1	25	25	TRUE	TRUE
TATCGAGCATATGCTC-1	meGFP	0	0	1	1	FALSE	TRUE
TATCGAGCATGGTAAT-1	MZ286258_1_ORF2	1	0	4	4	TRUE	TRUE
TATCGATTCAATCCAT-1	OZ258728_1_ORF2	0	0	1	1	FALSE	FALSE
TATCGATTCACTTACG-1	OP549859_1_ORF1	0	0	1	2	FALSE	TRUE
TATCGATTCATGGCTC-1	MZ286102_1_ORF2	0	0	1	1	FALSE	FALSE
TATCGATTCCTACTGA-1	meGFP	0	0	1	1	FALSE	FALSE
TATCGATTCGAACCCT-1	MZ286258_1_ORF1	0	0	1	1	FALSE	FALSE
TATCGATTCGAATCAA-1	MZ286188_1_ORF1	1	1	26	30	TRUE	TRUE
TATCGATTCGATCGCT-1	meGFP	1	0	5	6	TRUE	TRUE
TATCGATTCGGGACTA-1	OZ258728_1_ORF2	0	0	1	1	FALSE	TRUE
TATCGATTCTGCACTA-1	OZ258728_1_ORF2	0	0	1	1	FALSE	TRUE
TATCGGCTCGAAGCGC-1	MZ286258_1_ORF2	1	0	5	5	TRUE	TRUE
TATCGGCTCGGGATTG-1	meGFP	2	2	45	82	FALSE	TRUE
TATCGGCTCGTCAATT-1	MZ286102_1_ORF2	1	1	13	13	TRUE	TRUE
TATCGGCTCTGTAATC-1	OP549859_1_ORF1	0	0	1	1	FALSE	TRUE
TATCGGCTCTTACCTC-1	MZ286197_1_ORF2	0	0	2	2	TRUE	TRUE
TATCTTAAGAGAGGTA-1	OZ258728_1_ORF2	0	0	1	1	FALSE	TRUE
TATCTTAAGAGCTAGT-1	meGFP	1	1	11	12	TRUE	TRUE
TATCTTAAGATTCGGG-1	MZ286197_1_ORF1	1	1	69	70	TRUE	TRUE
TATCTTAAGATTGGTA-1	OZ258728_1_ORF1	1	0	8	9	TRUE	TRUE
TATCTTAAGCCATGAG-1	meGFP	0	0	1	1	FALSE	FALSE
TATCTTAAGGACGAGG-1	MZ286188_1_ORF2	0	0	1	1	FALSE	TRUE
TATCTTAAGGAGTGAA-1	MZ286197_1_ORF2	0	0	3	3	TRUE	TRUE
TATCTTAAGGCGGTGT-1	OZ258728_1_ORF2	0	0	1	1	FALSE	TRUE
TATCTTAAGGCTTCAC-1	MZ286197_1_ORF2	0	0	2	2	TRUE	TRUE
TATCTTAAGGTCTACC-1	meGFP	1	1	12	12	TRUE	TRUE
TATCTTAAGTTGACTT-1	MZ286197_1_ORF1	0	0	1	1	FALSE	FALSE
TATGACAAGAACCCAG-1	MZ286197_1_ORF2	0	0	1	1	FALSE	FALSE
TATGACAAGATATCCT-1	MZ286188_1_ORF1	1	1	45	45	TRUE	TRUE
TATGACAAGCCCGATT-1	OP549859_1_ORF1	0	0	1	1	FALSE	TRUE
TATGACAAGCGGTAAT-1	MZ286197_1_ORF2	0	0	1	1	FALSE	TRUE
TATGACAAGGACTAAC-1	MZ286258_1_ORF2	1	0	4	5	TRUE	TRUE
TATGACAAGGAGTATC-1	MZ286197_1_ORF2	0	0	2	2	TRUE	FALSE
TATGACAAGGATCCCT-1	OZ258728_1_ORF2	0	0	1	1	FALSE	TRUE
TATGACAAGTATCGAA-1	OP549859_1_ORF2	1	1	12	13	TRUE	TRUE
TATGACAAGTCCGCTG-1	MZ286197_1_ORF2	0	0	2	2	TRUE	TRUE
TATGACCGTAAGTAAC-1	MZ286188_1_ORF1	0	0	1	1	FALSE	FALSE
TATGACCGTAGAGCCG-1	OZ258728_1_ORF2	0	0	1	1	FALSE	FALSE
TATGACCGTAGTCCTG-1	MZ286258_1_ORF2	0	0	1	3	FALSE	TRUE
TATGACCGTCATGAGA-1	MZ286102_1_ORF2	0	0	2	2	TRUE	TRUE
TATGACCGTCGGGACA-1	OZ258728_1_ORF1	0	0	1	1	FALSE	FALSE
TATGACCGTGCTTCCT-1	MZ286258_1_ORF2	1	1	17	17	TRUE	TRUE
TATGACCGTGTAACTC-1	OZ258728_1_ORF2	0	0	1	1	FALSE	FALSE
TATGACCGTTGAAGCA-1	MZ286188_1_ORF2	0	0	1	1	FALSE	TRUE
TATGACCGTTGCCACA-1	OZ258728_1_ORF2	0	0	1	1	FALSE	FALSE
TATGAGGGTAGTGACA-1	MZ286197_1_ORF1	1	1	126	127	TRUE	TRUE
TATGAGGGTATTGGGA-1	MZ286258_1_ORF2	0	0	1	1	FALSE	FALSE
TATGAGGGTCCATGAT-1	OP549859_1_ORF1	0	0	1	1	FALSE	FALSE
TATGAGGGTCTTGGGC-1	MZ286258_1_ORF1	3	1	10	21	FALSE	TRUE
TATGAGGGTGACCTTG-1	MZ286197_1_ORF1	0	0	1	1	FALSE	FALSE
TATGAGGGTGAGAGGA-1	meGFP	1	1	44	44	TRUE	TRUE
TATGAGGGTGATTGCT-1	OZ258728_1_ORF2	0	0	1	2	FALSE	TRUE
TATGAGGGTGTCCGGT-1	OP549859_1_ORF2	0	0	1	1	FALSE	FALSE
TATGAGGGTTAACGTC-1	meGFP	0	0	1	1	FALSE	TRUE
TATGAGGGTTAATTCG-1	OZ258728_1_ORF1	0	0	1	2	FALSE	TRUE
TATGAGGGTTATAGCC-1	MZ286102_1_ORF2	0	0	1	1	FALSE	FALSE
TATGCTCCAACCAGTA-1	MZ286102_1_ORF2	1	0	4	4	TRUE	TRUE
TATGCTCCAATCTGTC-1	MZ286102_1_ORF1	0	0	1	1	FALSE	FALSE
TATGCTCCATAGGCAC-1	meGFP	1	1	15	16	TRUE	TRUE
TATGCTCCATCACTGT-1	MZ286258_1_ORF1	0	0	1	1	FALSE	TRUE
TATGCTCCATTGGATG-1	MZ286197_1_ORF2	0	0	2	2	TRUE	TRUE
TATGGATCAACGGGTT-1	MZ286102_1_ORF2	1	1	13	14	TRUE	TRUE
TATGGATCAAGATCCA-1	MZ286258_1_ORF2	1	0	4	4	TRUE	TRUE
TATGGATCAATGGTTG-1	meGFP	0	0	1	1	FALSE	TRUE
TATGGATCACGGATTA-1	OP549859_1_ORF1	1	1	34	34	TRUE	TRUE
TATGGATCACTTGGAA-1	OZ258728_1_ORF2	0	0	1	1	FALSE	FALSE
TATGGATCAGAGCTTA-1	OP549859_1_ORF2	0	0	1	2	FALSE	TRUE
TATGGATCATAGTAGT-1	MZ286197_1_ORF1	1	1	69	69	TRUE	TRUE
TATGGATCATCCGCAC-1	MZ286102_1_ORF2	0	0	1	1	FALSE	FALSE
TATGGATCATTCATTG-1	MZ286258_1_ORF2	0	0	1	1	FALSE	FALSE
TATGGCCTCATCCGAC-1	OZ258728_1_ORF1	0	0	1	1	FALSE	FALSE
TATGGCCTCCAACCTA-1	OZ258728_1_ORF2	0	0	1	1	FALSE	FALSE
TATGGCCTCCATAGGG-1	MZ286197_1_ORF2	0	0	3	3	TRUE	TRUE
TATGGCCTCCCCAGAT-1	MZ286258_1_ORF2	0	0	1	1	FALSE	FALSE
TATGGCCTCCGTGGTT-1	OZ258728_1_ORF1	0	0	1	1	FALSE	FALSE
TATGGCCTCGCTTGAC-1	OZ258728_1_ORF1	1	1	43	44	TRUE	TRUE
TATGGCCTCGGGATTG-1	OZ258728_1_ORF1	1	1	31	33	TRUE	TRUE
TATGGCCTCTAACCAT-1	meGFP	0	0	1	3	FALSE	TRUE
TATGGTAAGAAGCATC-1	MZ286102_1_ORF1	0	0	2	2	TRUE	TRUE
TATGGTAAGAAGGATG-1	MZ286102_1_ORF1	0	0	1	1	FALSE	TRUE
TATGGTAAGCGTGCAA-1	meGFP	0	0	1	1	FALSE	TRUE
TATGGTAAGCTTGATT-1	meGFP	0	0	1	1	FALSE	TRUE
TATGGTAAGGATCACG-1	MZ286258_1_ORF1	1	1	16	16	TRUE	FALSE
TATGGTAAGGATTACA-1	MZ286258_1_ORF2	1	1	14	15	TRUE	TRUE
TATGGTAAGGCGTGGT-1	OP549859_1_ORF1	1	1	19	19	TRUE	FALSE
TATGGTAAGTATCGAA-1	MZ286258_1_ORF1	0	0	3	4	TRUE	TRUE
TATGTTATCAAGGTAC-1	MZ286188_1_ORF1	1	1	12	13	TRUE	TRUE
TATGTTATCACAGATA-1	MZ286258_1_ORF2	1	0	6	6	TRUE	TRUE
TATGTTATCAGTGTGG-1	OZ258728_1_ORF2	0	0	1	1	FALSE	FALSE
TATGTTATCATGGCAG-1	MZ286197_1_ORF2	1	0	7	7	TRUE	TRUE
TATGTTATCCCATCCC-1	OP549859_1_ORF2	0	0	1	1	FALSE	FALSE
TATGTTATCGCCAGTT-1	OZ258728_1_ORF2	0	0	1	2	FALSE	TRUE
TATGTTATCGCGGAGT-1	meGFP	0	0	1	1	FALSE	TRUE
TATGTTATCGCTGGAA-1	OP549859_1_ORF2	1	0	5	6	TRUE	TRUE
TATGTTATCGGGAAGG-1	OP549859_1_ORF2	1	0	9	9	TRUE	TRUE
TATGTTATCGTGCGAA-1	MZ286102_1_ORF1	1	1	28	28	TRUE	TRUE
TATGTTATCTGCCATA-1	OZ258728_1_ORF2	1	1	26	26	TRUE	TRUE
TATGTTATCTGGTGTC-1	MZ286102_1_ORF1	0	0	1	1	FALSE	FALSE
TATGTTGGTAATCGCT-1	MZ286102_1_ORF2	0	0	1	1	FALSE	FALSE
TATGTTGGTACAGGGT-1	OP549859_1_ORF1	0	0	1	1	FALSE	FALSE
TATGTTGGTACCTAGT-1	MZ286258_1_ORF2	0	0	1	1	FALSE	FALSE
TATGTTGGTACTGCCA-1	OP549859_1_ORF1	0	0	1	1	FALSE	TRUE
TATGTTGGTAGAGCCG-1	MZ286102_1_ORF2	1	1	13	13	TRUE	TRUE
TATGTTGGTAGCACTT-1	MZ286258_1_ORF2	0	0	1	1	FALSE	TRUE
TATGTTGGTCCATTAA-1	OZ258728_1_ORF2	0	0	1	1	FALSE	FALSE
TATGTTGGTGAGTTAG-1	meGFP	1	1	12	12	TRUE	TRUE
TATGTTGGTTATAGCC-1	MZ286102_1_ORF2	1	1	11	11	TRUE	TRUE
TATGTTGGTTATAGGG-1	OP549859_1_ORF1	1	1	19	19	TRUE	TRUE
TATGTTGGTTTACCAA-1	MZ286102_1_ORF2	1	0	6	8	TRUE	TRUE
TATGTTGGTTTGGATC-1	meGFP	1	0	4	5	TRUE	TRUE
TCAACAGCAAAGTTAC-1	MZ286197_1_ORF2	0	0	0	0	FALSE	FALSE
TCAACAGCAAGTCAAT-1	MZ286258_1_ORF1	0	0	1	1	FALSE	FALSE
TCAACAGCACAGGTGT-1	MZ286258_1_ORF2	0	0	1	1	FALSE	FALSE
TCAACAGCACGCACGA-1	OZ258728_1_ORF2	0	0	1	1	FALSE	FALSE
TCAACAGCACTTCCAG-1	MZ286258_1_ORF1	0	0	1	1	FALSE	TRUE
TCAACAGCAGATTAGT-1	MZ286197_1_ORF1	0	0	1	1	FALSE	TRUE
TCAACAGCATAGGCAC-1	OZ258728_1_ORF2	1	1	49	49	TRUE	TRUE
TCAACAGCATCCGCAC-1	OZ258728_1_ORF2	0	0	1	1	FALSE	FALSE
TCAACAGCATGGCCTC-1	OZ258728_1_ORF2	0	0	1	1	FALSE	FALSE
TCAACAGCATGGTCCC-1	MZ286102_1_ORF2	0	0	1	1	FALSE	TRUE
TCAACAGCATGTCTGT-1	MZ286258_1_ORF1	0	0	1	2	FALSE	TRUE
TCAACAGCATTAGAGT-1	MZ286258_1_ORF2	2	1	11	15	FALSE	TRUE
TCAACCGGTGGTTCGC-1	OZ258728_1_ORF2	0	0	1	1	FALSE	TRUE
TCAACCGGTGTCTATA-1	MZ286258_1_ORF2	0	0	1	1	FALSE	FALSE
TCAACCGGTTATAGGG-1	OP549859_1_ORF1	0	0	1	1	FALSE	FALSE
TCAACCGGTTGGACCC-1	MZ286258_1_ORF2	0	0	1	1	FALSE	TRUE
TCAACCTCAAATCTGG-1	meGFP	0	0	1	1	FALSE	TRUE
TCAACCTCAACTGGTA-1	MZ286258_1_ORF2	0	0	1	1	FALSE	FALSE
TCAACCTCACCCTGAC-1	MZ286258_1_ORF2	1	1	19	19	TRUE	TRUE
TCAACCTCAGTGTCCC-1	meGFP	0	0	2	2	TRUE	FALSE
TCAACCTCATAGGATT-1	OZ258728_1_ORF2	0	0	1	1	FALSE	TRUE
TCAACCTCATCAAGTG-1	MZ286258_1_ORF2	1	0	7	8	TRUE	TRUE
TCAACCTCATCGCATT-1	meGFP	1	1	61	62	TRUE	TRUE
TCAATCAGTAGCACTT-1	MZ286102_1_ORF2	0	0	1	1	FALSE	FALSE
TCAATCAGTAGGCAGT-1	OP549859_1_ORF1	2	2	30	44	FALSE	TRUE
TCAATCAGTCAAGCCC-1	OP549859_1_ORF2	0	0	1	2	FALSE	TRUE
TCAATCAGTCGGGCTT-1	OP549859_1_ORF1	0	0	1	1	FALSE	FALSE
TCAATCAGTCTATCCC-1	MZ286188_1_ORF2	0	0	2	3	FALSE	TRUE
TCAATCAGTGAATGTG-1	OP549859_1_ORF2	0	0	1	1	FALSE	TRUE
TCAATCAGTGAGAGGA-1	OZ258728_1_ORF2	1	1	46	47	TRUE	TRUE
TCAATCAGTGAGTAAT-1	MZ286258_1_ORF2	0	0	1	1	FALSE	FALSE
TCAATCAGTGCTTAGT-1	OP549859_1_ORF1	1	1	55	55	TRUE	TRUE
TCAATCAGTGGTGTGG-1	meGFP	0	0	2	2	TRUE	FALSE
TCAATCAGTGGTTCAT-1	OZ258728_1_ORF2	0	0	3	3	TRUE	TRUE
TCAATCAGTTCATCGG-1	OZ258728_1_ORF2	1	0	6	10	TRUE	TRUE
TCAATCCCAAGCCACG-1	OP549859_1_ORF1	0	0	1	1	FALSE	TRUE
TCAATCCCACCGGATG-1	MZ286197_1_ORF1	0	0	1	1	FALSE	TRUE
TCAATCCCAGTAGGAG-1	meGFP	1	0	9	9	TRUE	TRUE
TCAATCCCAGTGTGAC-1	MZ286102_1_ORF2	1	0	8	8	TRUE	TRUE
TCAATCCCATGAGTAT-1	OP549859_1_ORF1	0	0	1	1	FALSE	TRUE
TCAATCCCATGTGGCG-1	MZ286102_1_ORF1	0	0	1	1	FALSE	FALSE
TCAATCCCATTCGCTG-1	OZ258728_1_ORF2	1	1	76	76	TRUE	TRUE
TCAATCTAGAGTCGCA-1	OZ258728_1_ORF2	0	0	1	1	FALSE	FALSE
TCAATCTAGATACAGC-1	MZ286102_1_ORF2	0	0	1	1	FALSE	FALSE
TCAATCTAGCACCATC-1	MZ286102_1_ORF2	1	1	10	11	TRUE	TRUE
TCAATCTAGCCTGCCA-1	MZ286197_1_ORF1	0	0	1	1	FALSE	FALSE
TCAATCTAGCGTAAGT-1	MZ286188_1_ORF1	0	0	1	1	FALSE	FALSE
TCAATCTAGTCTCACA-1	OP549859_1_ORF2	1	0	5	5	TRUE	TRUE
TCAATGGCAAAGGATA-1	OP549859_1_ORF2	0	0	1	2	FALSE	TRUE
TCAATGGCAAAGTCAT-1	MZ286102_1_ORF1	0	0	1	1	FALSE	FALSE
TCAATGGCAAGTGAGG-1	OP549859_1_ORF1	1	1	66	66	TRUE	TRUE
TCAATGGCACAGCCAG-1	MZ286258_1_ORF1	1	1	25	28	TRUE	TRUE
TCAATGGCACCGGATG-1	OZ258728_1_ORF2	0	0	1	1	FALSE	FALSE
TCAATGGCACGTATAG-1	OP549859_1_ORF1	0	0	1	1	FALSE	FALSE
TCAATGGCAGCCGATG-1	meGFP	0	0	1	1	FALSE	TRUE
TCAATGGCATCAAGTG-1	meGFP	1	1	110	110	TRUE	TRUE
TCAATGGCATCACTGT-1	MZ286188_1_ORF1	2	1	11	22	FALSE	TRUE
TCACAGACAAAGTAAG-1	OZ258728_1_ORF2	0	0	1	1	FALSE	FALSE
TCACAGACAACAGGCT-1	MZ286197_1_ORF1	1	1	12	14	TRUE	TRUE
TCACAGACAACCCAGG-1	MZ286188_1_ORF2	0	0	1	2	FALSE	TRUE
TCACAGACAACTTAGG-1	MZ286258_1_ORF2	1	0	6	8	TRUE	TRUE
TCACAGACAAGAGGTG-1	meGFP	0	0	1	1	FALSE	FALSE
TCACAGACAGGAAGTG-1	MZ286102_1_ORF2	1	0	5	6	TRUE	TRUE
TCACAGACAGTTGCTT-1	meGFP	0	0	1	2	FALSE	TRUE
TCACAGACATCGCATT-1	meGFP	0	0	1	1	FALSE	FALSE
TCACAGACATCTATCA-1	OZ258728_1_ORF2	0	0	1	1	FALSE	FALSE
TCACAGACATGTGCAA-1	MZ286258_1_ORF1	1	0	6	6	TRUE	TRUE
TCACAGGAGAAGGATG-1	OZ258728_1_ORF2	0	0	1	1	FALSE	TRUE
TCACAGGAGCGTTCGT-1	MZ286188_1_ORF1	0	0	1	1	FALSE	TRUE
TCACAGGAGGGCAACC-1	MZ286258_1_ORF1	1	1	24	24	TRUE	TRUE
TCACAGGAGGGGTTCA-1	OZ258728_1_ORF2	0	0	1	1	FALSE	TRUE
TCACAGGAGGTCCACT-1	OZ258728_1_ORF1	0	0	1	1	FALSE	FALSE
TCACAGGAGGTTCATT-1	OP549859_1_ORF2	0	0	1	1	FALSE	FALSE
TCACAGGAGTTGGCCT-1	meGFP	0	0	1	1	FALSE	FALSE
TCACATTAGACCGATG-1	MZ286258_1_ORF2	0	0	3	4	TRUE	TRUE
TCACATTAGACTTGAA-1	OP549859_1_ORF1	0	0	1	1	FALSE	FALSE
TCACATTAGATACTGA-1	meGFP	0	0	3	3	TRUE	TRUE
TCACATTAGCAACGAT-1	OP549859_1_ORF2	0	0	1	1	FALSE	TRUE
TCACATTAGCGGATTG-1	OP549859_1_ORF1	0	0	1	1	FALSE	TRUE
TCACATTAGCTCTCAA-1	MZ286197_1_ORF1	0	0	1	1	FALSE	FALSE
TCACATTAGGTCGTCT-1	meGFP	1	0	9	9	TRUE	TRUE
TCACATTAGGTGTGGC-1	OZ258728_1_ORF2	0	0	1	1	FALSE	TRUE
TCACATTAGTACTTCG-1	meGFP	0	0	1	2	FALSE	TRUE
TCACATTAGTGCAGAT-1	meGFP	2	0	6	12	FALSE	TRUE
TCACATTAGTTGGAAC-1	OZ258728_1_ORF2	0	0	1	1	FALSE	FALSE
TCACGATGTAAGTCTC-1	MZ286102_1_ORF2	0	0	3	3	TRUE	TRUE
TCACGATGTACTTCCC-1	meGFP	0	0	1	1	FALSE	TRUE
TCACGATGTCTTGCAG-1	MZ286188_1_ORF1	1	0	5	5	TRUE	FALSE
TCACGATGTGCTTAGT-1	OP549859_1_ORF1	0	0	1	1	FALSE	TRUE
TCACGATGTGTTGCGC-1	OP549859_1_ORF2	1	0	7	8	TRUE	TRUE
TCACGATGTTTCAAGC-1	OZ258728_1_ORF2	0	0	1	1	FALSE	FALSE
TCACGTGGTAGGCTCC-1	MZ286188_1_ORF1	0	0	1	1	FALSE	TRUE
TCACGTGGTCGGGCTT-1	MZ286258_1_ORF2	1	0	4	4	TRUE	TRUE
TCACGTGGTCTGCACA-1	OP549859_1_ORF1	0	0	1	1	FALSE	FALSE
TCACGTGGTGGCATGG-1	OP549859_1_ORF1	0	0	1	1	FALSE	FALSE
TCACGTGGTGTGTCAT-1	MZ286102_1_ORF2	2	2	28	50	FALSE	TRUE
TCACGTGGTGTTCGGC-1	MZ286102_1_ORF1	0	0	1	1	FALSE	FALSE
TCACGTGGTTGCAATC-1	OZ258728_1_ORF2	1	1	54	55	TRUE	TRUE
TCACTATAGACATCGG-1	MZ286102_1_ORF2	1	0	8	8	TRUE	TRUE
TCACTATAGAGTCATA-1	meGFP	0	0	1	1	FALSE	FALSE
TCACTATAGATTCGTT-1	MZ286197_1_ORF2	0	0	2	2	TRUE	TRUE
TCACTATAGCAATGAC-1	OP549859_1_ORF2	0	0	1	1	FALSE	TRUE
TCACTATAGCGGTAAT-1	MZ286102_1_ORF2	0	0	1	3	FALSE	TRUE
TCACTATAGGAGTATC-1	MZ286258_1_ORF2	0	0	2	2	TRUE	TRUE
TCACTATAGGCACGGT-1	meGFP	0	0	1	1	FALSE	FALSE
TCACTATAGGTTCCCG-1	MZ286258_1_ORF2	1	1	13	13	TRUE	TRUE
TCACTGGGTCCGGGTT-1	OP549859_1_ORF1	0	0	1	1	FALSE	TRUE
TCACTGGGTCGATGCC-1	MZ286258_1_ORF2	0	0	1	1	FALSE	FALSE
TCACTGGGTGGAAGGA-1	meGFP	0	0	1	1	FALSE	FALSE
TCACTGGGTGGAGAGA-1	meGFP	0	0	1	1	FALSE	FALSE
TCACTGGGTGGTTCGC-1	OZ258728_1_ORF2	0	0	1	1	FALSE	FALSE
TCACTGGGTTCGTAGT-1	OZ258728_1_ORF2	1	1	10	10	TRUE	TRUE
TCACTGGGTTGGGATA-1	MZ286102_1_ORF2	1	0	8	8	TRUE	TRUE
TCAGAGAGTAATGTCC-1	MZ286258_1_ORF2	0	0	1	1	FALSE	FALSE
TCAGAGAGTCATTCGG-1	MZ286258_1_ORF2	0	0	1	1	FALSE	FALSE
TCAGAGAGTCGCTGGT-1	MZ286258_1_ORF2	0	0	1	1	FALSE	TRUE
TCAGAGAGTCTGCACA-1	OP549859_1_ORF1	0	0	2	2	TRUE	FALSE
TCAGAGAGTGACCTCA-1	OP549859_1_ORF1	0	0	1	2	FALSE	TRUE
TCAGAGAGTTCACGAT-1	OZ258728_1_ORF2	0	0	1	1	FALSE	TRUE
TCAGAGAGTTCGGTTG-1	OP549859_1_ORF2	0	0	1	1	FALSE	FALSE
TCAGAGAGTTCGTCTC-1	OP549859_1_ORF2	0	0	1	1	FALSE	FALSE
TCAGAGAGTTTGAGTC-1	MZ286258_1_ORF2	0	0	1	1	FALSE	FALSE
TCAGAGCCAAATCCGA-1	OZ258728_1_ORF2	2	2	30	42	FALSE	TRUE
TCAGAGCCAACTGCCC-1	MZ286197_1_ORF2	0	0	3	3	TRUE	TRUE
TCAGAGCCAAGGGTAG-1	MZ286102_1_ORF2	0	0	1	1	FALSE	FALSE
TCAGAGCCACGGTCAG-1	OP549859_1_ORF1	1	1	12	12	TRUE	TRUE
TCAGAGCCACGTTACT-1	meGFP	1	1	32	32	TRUE	TRUE
TCAGAGCCACTACGGG-1	MZ286258_1_ORF2	0	0	1	2	FALSE	TRUE
TCAGAGCCATAGTAGT-1	MZ286197_1_ORF1	0	0	1	2	FALSE	TRUE
TCAGAGCCATGATTCC-1	OZ258728_1_ORF2	0	0	1	1	FALSE	TRUE
TCAGCGAAGACTCCGT-1	MZ286102_1_ORF2	0	0	1	1	FALSE	TRUE
TCAGCGAAGCGACGGT-1	OP549859_1_ORF2	1	0	6	6	TRUE	TRUE
TCAGCGAAGCGGATCA-1	OP549859_1_ORF1	0	0	1	1	FALSE	TRUE
TCAGCGAAGGGCTTGA-1	OP549859_1_ORF1	0	0	1	1	FALSE	FALSE
TCAGCGAAGGTACCCT-1	OP549859_1_ORF2	1	0	6	7	TRUE	TRUE
TCAGCGAAGTACCCGT-1	meGFP	0	0	1	1	FALSE	TRUE
TCAGCGAAGTGCCCAT-1	meGFP	0	0	1	3	FALSE	TRUE
TCAGCGAAGTTGAATG-1	meGFP	1	1	60	60	TRUE	TRUE
TCAGCTGGTACAGGGT-1	OP549859_1_ORF2	1	1	11	12	TRUE	TRUE
TCAGCTGGTATGGCCC-1	MZ286102_1_ORF2	0	0	1	1	FALSE	FALSE
TCAGCTGGTCCAACTG-1	OZ258728_1_ORF2	0	0	1	1	FALSE	TRUE
TCAGCTGGTGTGATTC-1	OZ258728_1_ORF2	0	0	2	2	TRUE	TRUE
TCAGCTGGTGTGTCAT-1	MZ286258_1_ORF2	1	1	15	15	TRUE	TRUE
TCAGGATAGACTCCGT-1	OZ258728_1_ORF2	0	0	1	1	FALSE	FALSE
TCAGGATAGCAAGGTT-1	MZ286102_1_ORF2	0	0	1	2	FALSE	TRUE
TCAGGATAGGAGCCTA-1	MZ286102_1_ORF2	0	0	2	2	TRUE	TRUE
TCAGGATAGGGGCAAG-1	meGFP	1	1	25	25	TRUE	TRUE
TCAGGATAGGGGTAGG-1	MZ286102_1_ORF1	1	1	11	11	TRUE	TRUE
TCAGGATAGGGTGATT-1	MZ286102_1_ORF2	0	0	1	1	FALSE	FALSE
TCAGGATAGGTCGAAT-1	MZ286102_1_ORF1	0	0	3	3	TRUE	TRUE
TCAGGATAGGTTCCCG-1	OP549859_1_ORF2	0	0	1	1	FALSE	TRUE
TCAGGATAGTGGGTCA-1	MZ286102_1_ORF2	0	0	3	3	TRUE	TRUE
TCAGGCTTCTAAGCGG-1	MZ286258_1_ORF2	0	0	1	2	FALSE	TRUE
TCAGTACGTATCCCGA-1	OP549859_1_ORF1	0	0	1	1	FALSE	TRUE
TCAGTACGTTAGAGAT-1	MZ286258_1_ORF1	0	0	1	1	FALSE	FALSE
TCAGTACGTTCAAGTC-1	OP549859_1_ORF1	1	1	35	39	TRUE	TRUE
TCAGTACGTTTCCAGG-1	OP549859_1_ORF2	1	1	14	15	TRUE	TRUE
TCAGTAGCAACCTCGC-1	MZ286197_1_ORF2	0	0	2	2	TRUE	TRUE
TCAGTAGCAATCCGGG-1	OZ258728_1_ORF1	0	0	1	1	FALSE	FALSE
TCAGTAGCAATTGGTG-1	MZ286102_1_ORF2	0	0	1	1	FALSE	FALSE
TCAGTAGCACAAGGGA-1	OZ258728_1_ORF2	1	1	39	39	TRUE	TRUE
TCAGTAGCACGATTGA-1	OZ258728_1_ORF2	1	1	17	17	TRUE	TRUE
TCAGTAGCACTCACAT-1	MZ286188_1_ORF1	0	0	3	4	TRUE	TRUE
TCAGTAGCACTTACCG-1	OZ258728_1_ORF1	1	1	32	32	TRUE	TRUE
TCAGTAGCACTTCCAG-1	OP549859_1_ORF2	0	0	1	1	FALSE	FALSE
TCAGTAGCAGGAAGTG-1	MZ286188_1_ORF2	1	0	5	5	TRUE	TRUE
TCAGTAGCATCGGGCA-1	MZ286258_1_ORF2	1	0	6	7	TRUE	TRUE
TCAGTAGCATGACAGC-1	OP549859_1_ORF1	1	1	10	10	TRUE	TRUE
TCAGTAGCATGCTGAA-1	OZ258728_1_ORF1	1	0	5	7	TRUE	TRUE
TCAGTAGCATGGTCCC-1	MZ286197_1_ORF1	0	0	1	1	FALSE	TRUE
TCAGTAGCATGTCGAA-1	MZ286197_1_ORF2	0	0	1	1	FALSE	FALSE
TCAGTAGCATTACTTG-1	MZ286258_1_ORF2	1	0	5	5	TRUE	TRUE
TCATACCCAATTGAAC-1	MZ286188_1_ORF1	1	1	24	24	TRUE	TRUE
TCATACCCATCCCAAT-1	MZ286197_1_ORF1	0	0	1	1	FALSE	TRUE
TCATCACCAAACTTCC-1	OP549859_1_ORF2	1	0	7	8	TRUE	TRUE
TCATCACCACACTAAG-1	OZ258728_1_ORF2	0	0	1	1	FALSE	FALSE
TCATCACCACCAATCT-1	MZ286188_1_ORF2	1	0	8	8	TRUE	TRUE
TCATCACCACTCCGTA-1	meGFP	0	0	2	3	FALSE	TRUE
TCATCACCAGAATGGG-1	OP549859_1_ORF1	1	1	18	18	TRUE	TRUE
TCATCACCATCACTGT-1	MZ286258_1_ORF1	0	0	1	1	FALSE	TRUE
TCATCACCATGAGCCG-1	OZ258728_1_ORF2	0	0	1	1	FALSE	FALSE
TCATCCTTCCTTCACT-1	OZ258728_1_ORF2	1	1	71	71	TRUE	TRUE
TCATCCTTCGACTCCG-1	MZ286258_1_ORF1	0	0	2	2	TRUE	FALSE
TCATCCTTCGCGCTCA-1	OZ258728_1_ORF1	0	0	1	1	FALSE	FALSE
TCATCCTTCTGTCGGT-1	MZ286197_1_ORF1	1	1	27	27	TRUE	TRUE
TCATCCTTCTTCGGCG-1	meGFP	1	1	52	53	TRUE	TRUE
TCATCCTTCTTGCGGT-1	meGFP	0	0	1	1	FALSE	FALSE
TCATGCCAGCGGGACT-1	MZ286102_1_ORF1	0	0	1	1	FALSE	TRUE
TCATGCCAGGGTATGT-1	OZ258728_1_ORF2	0	0	1	1	FALSE	FALSE
TCATGCCAGTAGTTGA-1	MZ286258_1_ORF2	1	0	7	7	TRUE	TRUE
TCATGGCTCACCCTAA-1	OZ258728_1_ORF2	0	0	2	2	TRUE	TRUE
TCATGGCTCCAATGCC-1	OZ258728_1_ORF2	0	0	1	1	FALSE	TRUE
TCATGGCTCCATTCCT-1	OP549859_1_ORF1	0	0	1	1	FALSE	FALSE
TCATGGCTCCCACAGT-1	OP549859_1_ORF2	1	0	4	5	TRUE	TRUE
TCATGGCTCCCTCTAT-1	MZ286188_1_ORF1	1	1	13	13	TRUE	TRUE
TCATGGCTCCTTACAG-1	MZ286102_1_ORF2	1	1	12	12	TRUE	TRUE
TCATGGCTCGAGCAGC-1	MZ286197_1_ORF2	0	0	3	3	TRUE	TRUE
TCATGGCTCGCATCGT-1	MZ286197_1_ORF2	0	0	1	3	FALSE	TRUE
TCATGGCTCTAGGCTC-1	MZ286188_1_ORF2	0	0	2	3	FALSE	TRUE
TCATGGCTCTATAGGA-1	MZ286197_1_ORF1	0	0	2	2	TRUE	TRUE
TCATGGCTCTCGACCG-1	MZ286188_1_ORF2	0	0	1	1	FALSE	FALSE
TCATGGCTCTGCACTA-1	OP549859_1_ORF1	1	1	60	61	TRUE	TRUE
TCATGGCTCTGGTGTC-1	OP549859_1_ORF1	0	0	3	6	FALSE	TRUE
TCATGGCTCTTCGTCT-1	MZ286102_1_ORF2	1	1	10	10	TRUE	TRUE
TCATTCTGTACGATAG-1	OZ258728_1_ORF2	0	0	1	1	FALSE	FALSE
TCATTCTGTAGCTGAA-1	meGFP	0	0	1	1	FALSE	FALSE
TCATTCTGTAGGCTCC-1	MZ286258_1_ORF2	0	0	1	1	FALSE	TRUE
TCATTCTGTCGAGAGT-1	OZ258728_1_ORF2	1	0	4	4	TRUE	TRUE
TCATTCTGTGCGACAG-1	MZ286102_1_ORF2	1	0	5	7	TRUE	TRUE
TCATTCTGTGGAAGGA-1	meGFP	0	0	1	1	FALSE	FALSE
TCATTCTGTGGCCAGA-1	MZ286188_1_ORF1	0	0	1	2	FALSE	TRUE
TCATTGGTCAGTATGA-1	meGFP	0	0	1	1	FALSE	TRUE
TCATTGGTCCCATCCC-1	OZ258728_1_ORF1	1	0	4	5	TRUE	TRUE
TCATTGGTCCCTTACT-1	meGFP	1	1	16	16	TRUE	TRUE
TCATTGGTCCGTGGTT-1	MZ286102_1_ORF2	1	0	4	4	TRUE	TRUE
TCATTGGTCGAAGTTA-1	MZ286258_1_ORF2	0	0	1	2	FALSE	TRUE
TCATTGGTCGTCCATA-1	MZ286102_1_ORF2	0	0	1	1	FALSE	TRUE
TCATTGGTCGTGAGGC-1	MZ286197_1_ORF1	1	0	5	5	TRUE	TRUE
TCATTGGTCTCACGTA-1	OZ258728_1_ORF1	0	0	1	1	FALSE	TRUE
TCATTGGTCTCAGCAC-1	OP549859_1_ORF1	0	0	1	1	FALSE	FALSE
TCATTTCGTAATGGAT-1	OZ258728_1_ORF2	1	0	4	4	TRUE	TRUE
TCATTTCGTCTCCAAG-1	OZ258728_1_ORF2	0	0	2	2	TRUE	TRUE
TCATTTCGTGAAGCCG-1	MZ286258_1_ORF2	1	0	7	10	TRUE	TRUE
TCATTTCGTGGCTTGC-1	OZ258728_1_ORF2	0	0	1	1	FALSE	FALSE
TCATTTCGTGGTTCGC-1	OZ258728_1_ORF2	0	0	1	1	FALSE	FALSE
TCATTTCGTGTTGAGA-1	OZ258728_1_ORF2	1	1	24	25	TRUE	TRUE
TCATTTCGTTTCAGTA-1	MZ286188_1_ORF2	1	0	4	6	TRUE	TRUE
TCATTTGCAACCTTAC-1	OZ258728_1_ORF2	0	0	1	2	FALSE	TRUE
TCATTTGCAAGGCAAG-1	MZ286197_1_ORF1	0	0	2	2	TRUE	TRUE
TCATTTGCACCAATGA-1	OZ258728_1_ORF2	0	0	1	1	FALSE	FALSE
TCATTTGCACCACAGG-1	MZ286258_1_ORF1	0	0	1	1	FALSE	FALSE
TCCAAAGCACCCAGCT-1	meGFP	1	1	50	52	TRUE	TRUE
TCCAAAGCACCCTATG-1	MZ286102_1_ORF1	0	0	1	1	FALSE	FALSE
TCCAAAGCACTCGTCA-1	OP549859_1_ORF1	0	0	1	1	FALSE	FALSE
TCCAAAGCAGCTGATA-1	meGFP	1	1	17	17	TRUE	TRUE
TCCAAAGCATCCAGCC-1	OP549859_1_ORF2	1	1	11	12	TRUE	TRUE
TCCAAGTGTGGTTCAT-1	OZ258728_1_ORF1	0	0	1	1	FALSE	FALSE
TCCAAGTGTTAATTCG-1	OZ258728_1_ORF2	0	0	1	1	FALSE	FALSE
TCCAAGTGTTCACGAT-1	MZ286102_1_ORF1	0	0	1	1	FALSE	TRUE
TCCAAGTGTTCTCATT-1	OZ258728_1_ORF2	1	1	99	100	TRUE	TRUE
TCCAAGTGTTTACCAA-1	OZ258728_1_ORF1	0	0	1	1	FALSE	FALSE
TCCAATCCAATACCCT-1	MZ286197_1_ORF2	0	0	1	1	FALSE	TRUE
TCCAATCCAGGACGAA-1	meGFP	0	0	2	2	TRUE	TRUE
TCCAATTAGCTAACCC-1	OZ258728_1_ORF2	0	0	1	2	FALSE	TRUE
TCCAATTAGGGTGTCA-1	MZ286102_1_ORF2	0	0	1	1	FALSE	TRUE
TCCAATTAGGGTTCGA-1	OZ258728_1_ORF2	1	1	28	28	TRUE	TRUE
TCCAATTAGTCCTCAA-1	OP549859_1_ORF1	0	0	1	1	FALSE	TRUE
TCCACAGGTAACTTGC-1	OZ258728_1_ORF2	0	0	1	1	FALSE	TRUE
TCCACAGGTAGTCGGG-1	meGFP	2	1	23	27	TRUE	TRUE
TCCACAGGTGAGTAAT-1	MZ286258_1_ORF2	1	1	13	13	TRUE	TRUE
TCCACAGGTGATTACC-1	MZ286258_1_ORF2	0	0	3	3	TRUE	TRUE
TCCACAGGTGCTGACC-1	OP549859_1_ORF1	0	0	1	1	FALSE	FALSE
TCCACAGGTGGTTCAT-1	MZ286258_1_ORF2	1	1	13	14	TRUE	TRUE
TCCACAGGTTACCGTG-1	OZ258728_1_ORF1	0	0	1	1	FALSE	FALSE
TCCACAGGTTTCGGGC-1	MZ286188_1_ORF2	0	0	1	1	FALSE	FALSE
TCCACGGTCAATCACT-1	MZ286197_1_ORF1	1	1	16	16	TRUE	TRUE
TCCACGGTCAATGTGA-1	OP549859_1_ORF1	0	0	1	1	FALSE	TRUE
TCCACGGTCAGTAGTA-1	meGFP	1	1	15	15	TRUE	TRUE
TCCACGGTCCACCAAC-1	MZ286258_1_ORF2	0	0	1	1	FALSE	FALSE
TCCACGGTCCACCAGT-1	MZ286258_1_ORF2	0	0	2	2	TRUE	TRUE
TCCACGGTCGGCTGAA-1	meGFP	0	0	1	1	FALSE	FALSE
TCCACTCGTACCGGAG-1	MZ286188_1_ORF2	0	0	3	3	TRUE	TRUE
TCCACTCGTAGTCGGG-1	MZ286258_1_ORF2	0	0	1	1	FALSE	TRUE
TCCACTCGTCATACTA-1	OP549859_1_ORF2	0	0	2	2	TRUE	TRUE
TCCACTCGTTGTCCGA-1	OZ258728_1_ORF2	0	0	1	1	FALSE	TRUE
TCCACTCGTTGTCCTC-1	OP549859_1_ORF1	0	0	1	1	FALSE	FALSE
TCCACTCGTTTCGGGC-1	OZ258728_1_ORF1	0	0	1	1	FALSE	TRUE
TCCAGAGAGAACCCAG-1	MZ286258_1_ORF1	0	0	1	1	FALSE	FALSE
TCCAGAGAGAATGCTA-1	meGFP	0	0	1	2	FALSE	TRUE
TCCAGAGAGACACTAA-1	OP549859_1_ORF1	0	0	1	1	FALSE	TRUE
TCCAGAGAGACGACTG-1	MZ286102_1_ORF2	0	0	3	7	FALSE	TRUE
TCCAGAGAGCCCTGCA-1	OZ258728_1_ORF2	0	0	3	3	TRUE	TRUE
TCCAGAGAGCGACGGT-1	OP549859_1_ORF1	0	0	1	1	FALSE	TRUE
TCCAGAGAGGCATGTG-1	MZ286258_1_ORF2	0	0	1	1	FALSE	FALSE
TCCAGAGAGGGTATGT-1	OZ258728_1_ORF2	0	0	1	1	FALSE	FALSE
TCCAGAGAGGTAGGAA-1	meGFP	0	0	1	1	FALSE	TRUE
TCCAGAGAGGTTCATT-1	OP549859_1_ORF1	0	0	1	1	FALSE	TRUE
TCCAGAGAGTAGTTGA-1	OP549859_1_ORF2	1	0	8	10	TRUE	TRUE
TCCAGAGAGTATCGTT-1	MZ286188_1_ORF1	1	1	59	59	TRUE	TRUE
TCCAGAGAGTCATCCA-1	OP549859_1_ORF1	0	0	1	1	FALSE	FALSE
TCCAGAGAGTCCAATT-1	OZ258728_1_ORF2	1	1	19	19	TRUE	TRUE
TCCAGAGAGTTCGGCT-1	OP549859_1_ORF2	1	1	10	10	TRUE	TRUE
TCCAGGCGTCATTCAA-1	MZ286102_1_ORF2	1	1	15	15	TRUE	TRUE
TCCAGGCGTCGCGAGA-1	MZ286102_1_ORF2	1	0	9	9	TRUE	TRUE
TCCAGGCGTCTTGACG-1	MZ286197_1_ORF1	0	0	1	1	FALSE	FALSE
TCCAGGCGTTGTCTGG-1	OP549859_1_ORF2	0	0	3	4	TRUE	TRUE
TCCAGGCGTTTAATCG-1	MZ286258_1_ORF1	0	0	1	1	FALSE	FALSE
TCCATCGCAAAGTAAG-1	MZ286102_1_ORF2	1	1	18	18	TRUE	TRUE
TCCATCGCAACTGGTA-1	MZ286258_1_ORF2	1	0	4	5	TRUE	TRUE
TCCATCGCACGTGGAT-1	MZ286258_1_ORF1	0	0	1	1	FALSE	FALSE
TCCATCGCACGTTAAG-1	MZ286258_1_ORF1	1	1	20	22	TRUE	TRUE
TCCATCGCAGACACAC-1	OZ258728_1_ORF1	0	0	1	1	FALSE	FALSE
TCCATCGCAGCACTCC-1	MZ286258_1_ORF2	0	0	1	1	FALSE	TRUE
TCCATCGCAGTCGAGT-1	MZ286197_1_ORF1	0	0	1	1	FALSE	TRUE
TCCATCGCATCACTGT-1	MZ286188_1_ORF2	0	0	1	1	FALSE	TRUE
TCCATCGCATCGTAAG-1	meGFP	1	0	9	9	TRUE	TRUE
TCCATGCAGAACCACG-1	OZ258728_1_ORF2	2	1	150	156	TRUE	TRUE
TCCATGCAGAACGGCC-1	meGFP	0	0	1	1	FALSE	TRUE
TCCATGCAGAAGCGCC-1	MZ286258_1_ORF2	0	0	1	1	FALSE	TRUE
TCCATGCAGAGATTGC-1	MZ286102_1_ORF1	0	0	1	1	FALSE	TRUE
TCCATGCAGCATTGGG-1	OP549859_1_ORF2	1	0	7	7	TRUE	TRUE
TCCATGCAGCCACTCG-1	OP549859_1_ORF2	0	0	1	1	FALSE	FALSE
TCCATGCAGCGGTAGC-1	OP549859_1_ORF1	0	0	1	1	FALSE	FALSE
TCCATGCAGCTGGGTA-1	OZ258728_1_ORF1	1	0	9	10	TRUE	TRUE
TCCATGCAGGGTTCGA-1	MZ286258_1_ORF2	1	0	8	8	TRUE	TRUE
TCCATGCAGTACCAGG-1	MZ286258_1_ORF2	2	0	5	10	FALSE	TRUE
TCCATGCAGTCAACTT-1	MZ286258_1_ORF2	3	1	14	27	FALSE	TRUE
TCCATGCAGTTGAATG-1	OP549859_1_ORF1	1	0	7	7	TRUE	TRUE
TCCATTGAGAGCCAAT-1	OZ258728_1_ORF2	0	0	1	2	FALSE	TRUE
TCCATTGAGAGGTTAC-1	OZ258728_1_ORF2	0	0	1	1	FALSE	FALSE
TCCATTGAGCAAGTAC-1	OZ258728_1_ORF2	0	0	1	1	FALSE	FALSE
TCCATTGAGCCCGATT-1	MZ286188_1_ORF1	1	1	17	18	TRUE	TRUE
TCCATTGAGCGGAACC-1	OZ258728_1_ORF2	0	0	1	1	FALSE	FALSE
TCCATTGAGCGTACCT-1	meGFP	0	0	1	1	FALSE	FALSE
TCCATTGAGCTGTCGT-1	OZ258728_1_ORF2	0	0	1	1	FALSE	FALSE
TCCATTGAGGATAGAG-1	meGFP	1	1	28	28	TRUE	TRUE
TCCATTGAGGTACCCT-1	OZ258728_1_ORF2	0	0	1	2	FALSE	TRUE
TCCATTGAGGTTCATT-1	MZ286197_1_ORF2	0	0	2	2	TRUE	TRUE
TCCATTGAGTGTCGCT-1	MZ286197_1_ORF1	0	0	1	1	FALSE	FALSE
TCCCAACAGAGGCATT-1	OZ258728_1_ORF2	0	0	1	1	FALSE	FALSE
TCCCAACAGCTAGAGT-1	MZ286258_1_ORF1	0	0	1	1	FALSE	FALSE
TCCCAACAGTACTAAG-1	OZ258728_1_ORF2	1	1	43	44	TRUE	TRUE
TCCCAACAGTCAGCAG-1	OZ258728_1_ORF2	0	0	1	1	FALSE	TRUE
TCCCAACAGTCTAGGG-1	MZ286102_1_ORF2	0	0	1	1	FALSE	TRUE
TCCCAACAGTGTAATG-1	OP549859_1_ORF1	0	0	1	3	FALSE	TRUE
TCCCAGCCAAGTCAAT-1	MZ286197_1_ORF1	0	0	1	3	FALSE	TRUE
TCCCAGCCAATCTGTC-1	OZ258728_1_ORF1	1	0	4	4	TRUE	TRUE
TCCCAGCCAATTAAGC-1	OP549859_1_ORF2	0	0	1	1	FALSE	FALSE
TCCCAGCCACAGCATA-1	OZ258728_1_ORF2	0	0	1	1	FALSE	TRUE
TCCCAGCCACGAACCG-1	OZ258728_1_ORF1	1	1	25	26	TRUE	TRUE
TCCCAGCCACTCACAT-1	MZ286102_1_ORF1	1	0	9	9	TRUE	TRUE
TCCCAGCCAGGTAGCT-1	MZ286102_1_ORF2	0	0	1	1	FALSE	FALSE
TCCCAGCCATTCCGTG-1	MZ286188_1_ORF1	1	0	6	6	TRUE	TRUE
TCCCAGCCATTGCGAA-1	MZ286102_1_ORF2	0	0	1	1	FALSE	TRUE
TCCCATCGTTGCGGTC-1	MZ286258_1_ORF2	0	0	3	3	TRUE	TRUE
TCCCATCGTTTGATGC-1	MZ286258_1_ORF2	0	0	1	1	FALSE	FALSE
TCCCCAACACATGCTT-1	MZ286258_1_ORF2	0	0	3	4	TRUE	TRUE
TCCCCAACAGCTTAGA-1	MZ286197_1_ORF2	1	0	4	4	TRUE	TRUE
TCCCCGAAGAAGTGAG-1	MZ286258_1_ORF1	0	0	1	2	FALSE	TRUE
TCCCCGAAGACATTAG-1	MZ286102_1_ORF2	1	1	44	45	TRUE	TRUE
TCCCCGAAGCGATTAA-1	OP549859_1_ORF1	0	0	1	1	FALSE	TRUE
TCCCCGAAGGACATAC-1	OZ258728_1_ORF2	0	0	1	1	FALSE	FALSE
TCCCCGAAGGACGTTG-1	MZ286102_1_ORF2	1	1	15	16	TRUE	TRUE
TCCCCGAAGTAATGTG-1	OZ258728_1_ORF2	0	0	1	1	FALSE	TRUE
TCCCCGAAGTAGAGGA-1	meGFP	1	1	19	19	TRUE	TRUE
TCCCCGAAGTATAGGC-1	MZ286102_1_ORF1	0	0	1	1	FALSE	TRUE
TCCCCGAAGTGATAGC-1	MZ286197_1_ORF1	0	0	2	3	FALSE	TRUE
TCCCCTATCAACCGTC-1	MZ286197_1_ORF1	0	0	1	1	FALSE	TRUE
TCCCCTATCAATGCAA-1	meGFP	1	0	8	8	TRUE	TRUE
TCCCCTATCACGAAGT-1	MZ286102_1_ORF2	2	1	13	18	FALSE	TRUE
TCCCCTATCATGATCT-1	OP549859_1_ORF2	0	0	1	1	FALSE	FALSE
TCCCCTATCATTGCCA-1	OZ258728_1_ORF2	0	0	1	1	FALSE	FALSE
TCCCCTATCCGCGCTA-1	OZ258728_1_ORF2	0	0	1	1	FALSE	TRUE
TCCCCTATCCTGAGAG-1	OZ258728_1_ORF2	1	1	20	20	TRUE	TRUE
TCCCCTATCTCGCTCC-1	MZ286197_1_ORF2	0	0	1	1	FALSE	FALSE
TCCCCTGGTAACCGGG-1	OZ258728_1_ORF2	0	0	2	2	TRUE	TRUE
TCCCCTGGTCACTAAC-1	OP549859_1_ORF1	0	0	1	1	FALSE	TRUE
TCCCCTGGTCCCATCT-1	MZ286258_1_ORF1	0	0	1	1	FALSE	TRUE
TCCCCTGGTCGCATAT-1	OZ258728_1_ORF2	0	0	1	1	FALSE	TRUE
TCCCCTGGTGGTTCGC-1	MZ286188_1_ORF1	0	0	1	2	FALSE	TRUE
TCCCCTTCAACTCTAC-1	MZ286102_1_ORF1	0	0	1	1	FALSE	FALSE
TCCCCTTCAATCGTTC-1	OZ258728_1_ORF2	0	0	1	1	FALSE	FALSE
TCCCCTTCACGCCATC-1	OZ258728_1_ORF2	0	0	1	1	FALSE	FALSE
TCCCCTTCACTAGACA-1	MZ286197_1_ORF2	0	0	2	2	TRUE	TRUE
TCCCCTTCAGGCATTA-1	OZ258728_1_ORF2	1	1	42	42	TRUE	TRUE
TCCCCTTCATCACTGT-1	MZ286102_1_ORF2	0	0	3	6	FALSE	TRUE
TCCCCTTCATCGGGCA-1	OZ258728_1_ORF2	0	0	1	1	FALSE	TRUE
TCCCCTTCATGAACCA-1	MZ286258_1_ORF2	1	1	11	13	TRUE	TRUE
TCCCGAAGTAGAGCCG-1	MZ286102_1_ORF2	0	0	1	1	FALSE	FALSE
TCCCGAAGTAGCACTT-1	meGFP	0	0	1	1	FALSE	FALSE
TCCCGAAGTAGTCCCA-1	OZ258728_1_ORF2	0	0	1	1	FALSE	FALSE
TCCCGAAGTATGGTTC-1	MZ286188_1_ORF1	0	0	1	1	FALSE	FALSE
TCCCGAAGTCGACATT-1	meGFP	0	0	1	1	FALSE	FALSE
TCCCGAAGTGCGCATC-1	meGFP	0	0	1	1	FALSE	FALSE
TCCCGAAGTGGAACCG-1	MZ286258_1_ORF2	0	0	1	1	FALSE	FALSE
TCCCGAAGTGTCAGTT-1	MZ286102_1_ORF1	0	0	2	3	FALSE	TRUE
TCCCGAAGTTATAGGG-1	MZ286258_1_ORF2	0	0	1	1	FALSE	TRUE
TCCCGAAGTTCAAGTC-1	MZ286258_1_ORF2	0	0	3	4	TRUE	TRUE
TCCCGAAGTTCCCAGA-1	OZ258728_1_ORF2	0	0	2	2	TRUE	FALSE
TCCCGAAGTTTACCAA-1	MZ286258_1_ORF1	0	0	2	2	TRUE	FALSE
TCCCGATAGACCGATG-1	MZ286197_1_ORF1	1	0	8	9	TRUE	TRUE
TCCCGATAGCGTGCAA-1	MZ286102_1_ORF2	0	0	1	2	FALSE	FALSE
TCCCGATAGGGCTTGA-1	OP549859_1_ORF2	0	0	1	1	FALSE	FALSE
TCCCGATAGTCTCACA-1	MZ286258_1_ORF2	0	0	2	2	TRUE	TRUE
TCCCGTACAAGCGTTA-1	MZ286197_1_ORF1	1	1	10	11	TRUE	TRUE
TCCCGTACAAGGTGCT-1	OP549859_1_ORF1	0	0	1	1	FALSE	FALSE
TCCCGTACAGATCCTT-1	OP549859_1_ORF2	0	0	1	1	FALSE	FALSE
TCCCGTACAGCTTAGA-1	OZ258728_1_ORF2	1	1	37	37	TRUE	TRUE
TCCCGTACAGTCCCGT-1	meGFP	0	0	1	1	FALSE	FALSE
TCCCGTACATACCGGG-1	MZ286102_1_ORF2	0	0	2	2	TRUE	TRUE
TCCCGTACATACTTCA-1	OZ258728_1_ORF2	0	0	1	1	FALSE	FALSE
TCCCGTACATCTATCA-1	OZ258728_1_ORF1	0	0	1	1	FALSE	TRUE
TCCCGTACATGCAATG-1	meGFP	1	1	28	28	TRUE	TRUE
TCCCGTACATTCGCTG-1	OP549859_1_ORF2	2	1	15	23	FALSE	TRUE
TCCTACCGTAACCCTG-1	OZ258728_1_ORF2	0	0	1	1	FALSE	FALSE
TCCTACCGTATCGAGA-1	MZ286258_1_ORF1	0	0	1	2	FALSE	TRUE
TCCTACCGTCGCAGGA-1	OP549859_1_ORF2	0	0	1	1	FALSE	FALSE
TCCTACCGTGGTTCGC-1	OZ258728_1_ORF2	0	0	1	1	FALSE	FALSE
TCCTACCGTGTGATTC-1	meGFP	0	0	1	1	FALSE	FALSE
TCCTACGCACCTGTAT-1	OP549859_1_ORF2	1	1	18	18	TRUE	TRUE
TCCTACGCATGCATCT-1	MZ286102_1_ORF1	1	0	6	9	TRUE	TRUE
TCCTATGAGAACTGCG-1	meGFP	0	0	1	1	FALSE	FALSE
TCCTATGAGAATCGTA-1	OZ258728_1_ORF1	1	1	32	32	TRUE	TRUE
TCCTATGAGATAGTCA-1	OZ258728_1_ORF1	1	0	9	9	TRUE	TRUE
TCCTATGAGCAATCAA-1	MZ286197_1_ORF2	0	0	2	2	TRUE	TRUE
TCCTATGAGCAGGGCT-1	OZ258728_1_ORF1	0	0	1	1	FALSE	FALSE
TCCTCATTCCGACAGA-1	OZ258728_1_ORF2	0	0	1	1	FALSE	FALSE
TCCTCATTCGACACCT-1	OZ258728_1_ORF2	1	1	65	65	TRUE	TRUE
TCCTCATTCGATACTT-1	meGFP	0	0	1	1	FALSE	FALSE
TCCTCATTCGGTCGAA-1	OZ258728_1_ORF2	1	1	59	60	TRUE	TRUE
TCCTCATTCTAGCTTG-1	MZ286102_1_ORF2	0	0	1	3	FALSE	TRUE
TCCTCCGGTAAGCCAA-1	MZ286102_1_ORF2	1	0	7	7	TRUE	TRUE
TCCTCCGGTATGAGTG-1	OP549859_1_ORF2	1	0	7	7	TRUE	TRUE
TCCTCCGGTCTGGATT-1	MZ286258_1_ORF1	0	0	1	1	FALSE	TRUE
TCCTCCGGTGAACCAA-1	MZ286188_1_ORF2	0	0	2	3	FALSE	TRUE
TCCTCCGGTGGCGTGA-1	MZ286197_1_ORF1	0	0	1	1	FALSE	FALSE
TCCTCTGTCACCAATT-1	OP549859_1_ORF1	1	1	23	23	TRUE	TRUE
TCCTCTGTCAGCTTCA-1	meGFP	0	0	1	1	FALSE	TRUE
TCCTCTGTCCACCAGT-1	OZ258728_1_ORF2	0	0	1	1	FALSE	FALSE
TCCTCTGTCCGGTTAC-1	OZ258728_1_ORF2	0	0	1	1	FALSE	FALSE
TCCTCTGTCGATAGTA-1	OZ258728_1_ORF2	0	0	1	1	FALSE	TRUE
TCCTCTGTCGCTATGC-1	MZ286102_1_ORF2	1	0	5	6	TRUE	TRUE
TCCTCTGTCTACTCCT-1	OZ258728_1_ORF2	0	0	1	3	FALSE	TRUE
TCCTCTGTCTCACGCG-1	OZ258728_1_ORF2	0	0	1	1	FALSE	FALSE
TCCTCTGTCTTGCCTT-1	MZ286197_1_ORF1	0	0	1	1	FALSE	FALSE
TCCTGGGTCCCGTAGT-1	OZ258728_1_ORF2	0	0	1	1	FALSE	FALSE
TCCTGGGTCCGACATC-1	MZ286188_1_ORF1	0	0	1	1	FALSE	TRUE
TCCTGGGTCCTCTGGG-1	MZ286188_1_ORF1	0	0	3	3	TRUE	FALSE
TCCTGGGTCGACCTTA-1	MZ286197_1_ORF2	1	0	8	9	TRUE	TRUE
TCCTGGGTCGATGTCC-1	OZ258728_1_ORF2	0	0	1	1	FALSE	TRUE
TCCTGGGTCGCCCTGA-1	OZ258728_1_ORF1	0	0	1	1	FALSE	TRUE
TCCTGGGTCGCTAGAG-1	OP549859_1_ORF1	1	1	101	101	TRUE	TRUE
TCCTGGGTCTTAGTAC-1	meGFP	0	0	2	2	TRUE	TRUE
TCCTGGGTCTTCGTAG-1	MZ286188_1_ORF1	1	0	5	6	TRUE	TRUE
TCCTGGGTCTTGGATT-1	OZ258728_1_ORF2	1	0	7	7	TRUE	TRUE
TCCTGTAAGCCTTCCC-1	meGFP	0	0	1	1	FALSE	FALSE
TCCTGTAAGCGCCTAT-1	OZ258728_1_ORF2	0	0	1	1	FALSE	FALSE
TCCTGTAAGCGGATTG-1	MZ286258_1_ORF2	1	0	5	5	TRUE	TRUE
TCCTGTAAGGGAGCAG-1	MZ286258_1_ORF2	0	0	1	1	FALSE	FALSE
TCCTGTAAGGTTCATT-1	OP549859_1_ORF2	1	0	5	5	TRUE	TRUE
TCCTTACTCAATGTGA-1	MZ286258_1_ORF2	2	0	9	18	FALSE	TRUE
TCCTTACTCCATAGCC-1	MZ286258_1_ORF2	1	1	25	25	TRUE	TRUE
TCCTTACTCCGTGGTT-1	OZ258728_1_ORF2	0	0	1	1	FALSE	FALSE
TCCTTACTCGCCAGTT-1	MZ286197_1_ORF1	0	0	2	2	TRUE	FALSE
TCCTTACTCGTTCACA-1	OZ258728_1_ORF2	0	0	1	1	FALSE	TRUE
TCCTTACTCTGCCATA-1	OZ258728_1_ORF2	0	0	1	1	FALSE	FALSE
TCCTTATGTAACGGAC-1	meGFP	1	1	190	190	TRUE	TRUE
TCCTTATGTAAGTCTC-1	MZ286258_1_ORF2	1	1	11	11	TRUE	TRUE
TCCTTATGTATAGACG-1	OZ258728_1_ORF2	1	0	4	4	TRUE	TRUE
TCCTTATGTCCAGCTA-1	MZ286197_1_ORF1	1	1	11	11	TRUE	TRUE
TCCTTATGTCTGTAAC-1	MZ286258_1_ORF2	0	0	1	1	FALSE	TRUE
TCCTTATGTGATTGCT-1	MZ286102_1_ORF1	0	0	0	0	FALSE	FALSE
TCCTTATGTGCTTAAC-1	OP549859_1_ORF2	0	0	1	1	FALSE	FALSE
TCCTTATGTGGAAGGA-1	OZ258728_1_ORF2	0	0	1	1	FALSE	TRUE
TCCTTATGTTATCTAG-1	OZ258728_1_ORF2	1	1	27	29	TRUE	TRUE
TCCTTATGTTCTCATT-1	MZ286188_1_ORF1	0	0	1	1	FALSE	FALSE
TCCTTCAGTACCTCTC-1	meGFP	1	1	47	47	TRUE	TRUE
TCCTTCAGTATAGACG-1	OZ258728_1_ORF1	1	0	9	9	TRUE	TRUE
TCCTTCAGTCCACACA-1	OP549859_1_ORF2	0	0	1	1	FALSE	TRUE
TCCTTCAGTCCCGAAC-1	OP549859_1_ORF1	1	1	17	19	TRUE	TRUE
TCCTTCAGTCGACATT-1	MZ286102_1_ORF2	1	0	8	8	TRUE	TRUE
TCCTTCAGTTATGGAG-1	OZ258728_1_ORF2	1	1	58	58	TRUE	TRUE
TCCTTCAGTTCATCGG-1	MZ286258_1_ORF2	0	0	1	1	FALSE	FALSE
TCCTTCAGTTGGACCC-1	MZ286258_1_ORF2	0	0	1	1	FALSE	TRUE
TCCTTCAGTTTAGCAC-1	meGFP	0	0	1	1	FALSE	FALSE
TCCTTCTAGACCAGTG-1	OZ258728_1_ORF2	0	0	1	1	FALSE	TRUE
TCCTTCTAGACTTACT-1	MZ286102_1_ORF2	0	0	1	1	FALSE	FALSE
TCCTTCTAGAGGCGTC-1	MZ286197_1_ORF1	0	0	2	2	TRUE	TRUE
TCCTTCTAGAGTCGCA-1	OP549859_1_ORF2	1	0	4	4	TRUE	TRUE
TCCTTCTAGCCTCACG-1	meGFP	1	1	17	17	TRUE	TRUE
TCCTTCTAGCTTAGTT-1	OZ258728_1_ORF2	0	0	1	1	FALSE	TRUE
TCCTTCTAGGTAGGCC-1	OZ258728_1_ORF2	1	1	45	45	TRUE	TRUE
TCCTTCTAGGTTAATG-1	MZ286258_1_ORF1	1	1	68	68	TRUE	TRUE
TCCTTTCAGAATGCTA-1	MZ286102_1_ORF2	1	0	6	7	TRUE	TRUE
TCCTTTCAGACACTAA-1	meGFP	0	0	1	1	FALSE	TRUE
TCCTTTCAGACTAATG-1	OZ258728_1_ORF2	0	0	2	2	TRUE	FALSE
TCCTTTCAGCGCTAGA-1	OZ258728_1_ORF1	0	0	1	1	FALSE	FALSE
TCCTTTCAGCTAACCC-1	MZ286258_1_ORF2	0	0	1	1	FALSE	TRUE
TCCTTTCAGGCGAAGG-1	MZ286258_1_ORF1	0	0	1	1	FALSE	FALSE
TCCTTTCAGGGATGGG-1	OP549859_1_ORF2	0	0	3	3	TRUE	FALSE
TCCTTTCAGGGTAACT-1	MZ286258_1_ORF1	0	0	2	3	FALSE	TRUE
TCCTTTCAGTATGTCT-1	meGFP	1	1	34	34	TRUE	TRUE
TCCTTTGGTAACCATC-1	MZ286197_1_ORF2	0	0	3	3	TRUE	TRUE
TCCTTTGGTATGGTTC-1	MZ286188_1_ORF1	0	0	1	1	FALSE	FALSE
TCCTTTGGTGTGTGAA-1	meGFP	0	0	1	1	FALSE	TRUE
TCCTTTGGTTAACTGC-1	MZ286188_1_ORF1	1	0	9	9	TRUE	TRUE
TCCTTTGGTTGACCGC-1	OZ258728_1_ORF2	1	1	178	180	TRUE	TRUE
TCCTTTGGTTTGGCGC-1	MZ286102_1_ORF2	1	0	6	7	TRUE	TRUE
TCGAAATCAACGTGCG-1	OZ258728_1_ORF2	0	0	1	1	FALSE	FALSE
TCGAAATCAATGGGTC-1	OP549859_1_ORF2	0	0	3	4	TRUE	TRUE
TCGAAATCACAGTTAG-1	meGFP	1	1	67	67	TRUE	TRUE
TCGAAATCACGAACCG-1	OP549859_1_ORF2	0	0	1	1	FALSE	FALSE
TCGAAATCACTACTAC-1	OP549859_1_ORF2	0	0	1	2	FALSE	TRUE
TCGAAATCACTTGCTG-1	MZ286102_1_ORF1	0	0	1	1	FALSE	TRUE
TCGAAATCATAACTGG-1	MZ286102_1_ORF2	1	1	12	12	TRUE	TRUE
TCGAAATCATAGTAAC-1	OP549859_1_ORF2	0	0	1	2	FALSE	TRUE
TCGAAATCATCCACAT-1	OZ258728_1_ORF2	1	1	24	24	TRUE	TRUE
TCGAACGAGAGGAAGC-1	OP549859_1_ORF2	0	0	1	1	FALSE	TRUE
TCGAACGAGATACTGA-1	OP549859_1_ORF1	1	0	6	7	TRUE	TRUE
TCGAACGAGCACCATC-1	OZ258728_1_ORF2	0	0	1	1	FALSE	TRUE
TCGAACGAGCCTACTA-1	OZ258728_1_ORF2	0	0	1	1	FALSE	TRUE
TCGAACGAGCCTGGAA-1	MZ286197_1_ORF1	0	0	1	1	FALSE	TRUE
TCGAACGAGTACCCGT-1	OZ258728_1_ORF2	1	1	36	37	TRUE	TRUE
TCGAACGAGTGCTGCT-1	OZ258728_1_ORF2	0	0	1	1	FALSE	FALSE
TCGAACGAGTGGCTTC-1	MZ286197_1_ORF1	1	0	4	6	TRUE	TRUE
TCGAACGAGTGGGTCA-1	OZ258728_1_ORF2	1	1	54	54	TRUE	TRUE
TCGACAACAAATCCGA-1	OZ258728_1_ORF2	1	1	36	36	TRUE	TRUE
TCGACAACACGCTACC-1	MZ286102_1_ORF1	1	1	22	22	TRUE	TRUE
TCGACAACACGTGGAT-1	meGFP	0	0	1	1	FALSE	TRUE
TCGACAACACTCACAT-1	OZ258728_1_ORF2	1	1	58	59	TRUE	TRUE
TCGACTCAGAAGGATG-1	MZ286258_1_ORF2	0	0	1	1	FALSE	TRUE
TCGACTCAGACTTGAA-1	OZ258728_1_ORF2	0	0	1	1	FALSE	FALSE
TCGACTCAGATATCCT-1	meGFP	0	0	1	1	FALSE	FALSE
TCGACTCAGCATTGGG-1	MZ286197_1_ORF1	0	0	1	2	FALSE	TRUE
TCGACTCAGCTTAATC-1	MZ286258_1_ORF2	0	0	1	1	FALSE	FALSE
TCGACTCAGGAATGAG-1	OP549859_1_ORF2	1	0	6	6	TRUE	TRUE
TCGACTCAGGCGTGGT-1	MZ286102_1_ORF2	0	0	3	6	FALSE	TRUE
TCGACTCAGTAGTTGA-1	MZ286102_1_ORF2	1	0	6	6	TRUE	TRUE
TCGACTCAGTGCTGCT-1	MZ286102_1_ORF1	1	0	9	9	TRUE	TRUE
TCGACTCAGTTAAGTG-1	OZ258728_1_ORF2	0	0	1	1	FALSE	FALSE
TCGAGTGAGAACTTAG-1	MZ286258_1_ORF2	0	0	1	1	FALSE	TRUE
TCGAGTGAGCCGAGTA-1	MZ286102_1_ORF2	0	0	1	2	FALSE	TRUE
TCGAGTGAGGGTGTCA-1	MZ286188_1_ORF1	1	1	27	27	TRUE	TRUE
TCGAGTGAGGTACCCT-1	OP549859_1_ORF1	0	0	1	1	FALSE	TRUE
TCGAGTGAGGTAGGAA-1	MZ286102_1_ORF2	0	0	1	1	FALSE	FALSE
TCGAGTGAGGTAGGCC-1	meGFP	0	0	1	1	FALSE	TRUE
TCGAGTGAGTAATGTG-1	MZ286102_1_ORF2	0	0	1	1	FALSE	FALSE
TCGAGTGAGTCTCACA-1	OZ258728_1_ORF2	0	0	1	1	FALSE	FALSE
TCGATATTCAAGCGTG-1	OZ258728_1_ORF1	0	0	1	1	FALSE	TRUE
TCGATATTCCACCAGT-1	MZ286102_1_ORF2	1	1	24	24	TRUE	TRUE
TCGATATTCGATCGCT-1	OZ258728_1_ORF1	0	0	1	1	FALSE	FALSE
TCGATCCAGACGATAC-1	MZ286188_1_ORF1	0	0	1	1	FALSE	TRUE
TCGATCCAGACTAGCG-1	MZ286258_1_ORF1	0	0	1	1	FALSE	TRUE
TCGATCCAGGGCACTA-1	OZ258728_1_ORF2	0	0	1	1	FALSE	TRUE
TCGATCCAGGGTGATT-1	OP549859_1_ORF1	0	0	2	2	TRUE	TRUE
TCGATGGAGCCTGTAC-1	meGFP	0	0	1	2	FALSE	FALSE
TCGATGGAGCGACACA-1	MZ286258_1_ORF1	2	1	26	35	FALSE	TRUE
TCGATGGAGGGCCGAT-1	OP549859_1_ORF2	1	0	5	5	TRUE	TRUE
TCGATGGAGGTAGGCC-1	OZ258728_1_ORF2	0	0	1	1	FALSE	FALSE
TCGATGGAGTAAGCAC-1	OZ258728_1_ORF2	0	0	1	1	FALSE	FALSE
TCGATGGAGTCATCCA-1	MZ286102_1_ORF2	1	0	5	6	TRUE	TRUE
TCGATGGAGTTGGAAC-1	MZ286102_1_ORF2	0	0	2	2	TRUE	TRUE
TCGCCACCAAGTGAGG-1	OZ258728_1_ORF2	0	0	1	1	FALSE	TRUE
TCGCCACCAATGGACC-1	OZ258728_1_ORF2	0	0	3	3	TRUE	TRUE
TCGCCACCACGCCTGT-1	OP549859_1_ORF1	0	0	1	1	FALSE	FALSE
TCGCCACCAGCTGGCA-1	OZ258728_1_ORF2	0	0	1	1	FALSE	TRUE
TCGCCCAAGAATGCTA-1	MZ286188_1_ORF1	0	0	1	1	FALSE	FALSE
TCGCCCAAGAGGCCAC-1	meGFP	1	1	10	12	TRUE	TRUE
TCGCCCAAGATGACAC-1	OP549859_1_ORF2	0	0	1	1	FALSE	TRUE
TCGCCCAAGATGCCTC-1	MZ286197_1_ORF2	0	0	2	2	TRUE	TRUE
TCGCCCAAGCCGGATA-1	OZ258728_1_ORF2	0	0	1	1	FALSE	TRUE
TCGCCCAAGCGACGGT-1	OP549859_1_ORF1	0	0	2	2	TRUE	FALSE
TCGCCCAAGCGTGCTT-1	OP549859_1_ORF2	0	0	1	1	FALSE	FALSE
TCGCCCAAGCTACTTG-1	MZ286258_1_ORF1	0	0	3	3	TRUE	FALSE
TCGCCCAAGGAGGTCC-1	OZ258728_1_ORF2	0	0	1	1	FALSE	TRUE
TCGCCCAAGTCAACTT-1	MZ286102_1_ORF2	0	0	1	2	FALSE	TRUE
TCGCGGGAGACCCATC-1	meGFP	0	0	1	1	FALSE	FALSE
TCGCGGGAGATATGCA-1	MZ286258_1_ORF2	0	0	1	1	FALSE	FALSE
TCGCGGGAGCAACTAA-1	OP549859_1_ORF2	0	0	1	2	FALSE	TRUE
TCGCGGGAGCCAGGGT-1	MZ286258_1_ORF2	0	0	1	3	FALSE	TRUE
TCGCGGGAGGGACTCA-1	MZ286197_1_ORF2	1	0	5	6	TRUE	TRUE
TCGCGGGAGTTGCACC-1	MZ286258_1_ORF2	0	0	1	1	FALSE	FALSE
TCGCGTGTCCCGATGT-1	MZ286102_1_ORF1	1	0	4	4	TRUE	TRUE
TCGCGTGTCGATTCAT-1	OZ258728_1_ORF2	0	0	1	1	FALSE	TRUE
TCGCGTGTCGCTTAAT-1	OZ258728_1_ORF2	0	0	1	1	FALSE	FALSE
TCGCGTGTCGGCTCTG-1	MZ286102_1_ORF1	0	0	2	2	TRUE	TRUE
TCGCGTGTCTAGCTTG-1	MZ286197_1_ORF2	0	0	1	1	FALSE	TRUE
TCGCGTGTCTCACGCG-1	OP549859_1_ORF1	1	1	61	62	TRUE	TRUE
TCGCGTGTCTGTCGGT-1	MZ286197_1_ORF1	1	1	11	11	TRUE	TRUE
TCGCGTGTCTTAGTGT-1	MZ286197_1_ORF2	0	0	2	2	TRUE	TRUE
TCGCTACAGACCAGCA-1	OP549859_1_ORF1	0	0	1	1	FALSE	FALSE
TCGCTACAGCGATTAA-1	MZ286188_1_ORF2	2	0	7	11	FALSE	TRUE
TCGCTACAGCGGATTG-1	OP549859_1_ORF1	0	0	1	1	FALSE	FALSE
TCGCTACAGCGTAAGT-1	MZ286197_1_ORF1	1	1	26	29	TRUE	TRUE
TCGCTACAGCTTGGTC-1	MZ286188_1_ORF1	0	0	1	1	FALSE	FALSE
TCGCTACAGGAGTCTG-1	MZ286258_1_ORF2	1	1	14	14	TRUE	TRUE
TCGCTACAGGGAGCAG-1	OZ258728_1_ORF2	0	0	1	1	FALSE	FALSE
TCGCTACAGGGTGTCA-1	MZ286102_1_ORF2	0	0	1	1	FALSE	FALSE
TCGCTACAGTCATTAC-1	OP549859_1_ORF1	1	1	70	70	TRUE	TRUE
TCGCTACAGTGATAGC-1	MZ286258_1_ORF1	0	0	1	1	FALSE	FALSE
TCGCTTAAGAGCTGGC-1	OZ258728_1_ORF2	0	0	2	3	FALSE	TRUE
TCGCTTAAGCAATGAC-1	meGFP	0	0	1	1	FALSE	FALSE
TCGCTTAAGGGTTGCA-1	MZ286188_1_ORF1	1	0	4	4	TRUE	TRUE
TCGCTTCGTACTGTCG-1	OZ258728_1_ORF2	0	0	1	1	FALSE	FALSE
TCGCTTCGTAGTATCC-1	MZ286197_1_ORF1	0	0	1	1	FALSE	TRUE
TCGCTTCGTCGATGCC-1	MZ286102_1_ORF2	0	0	1	1	FALSE	FALSE
TCGCTTCGTCTCCTCG-1	OZ258728_1_ORF1	0	0	1	1	FALSE	TRUE
TCGCTTCGTGGGTAAC-1	MZ286258_1_ORF1	0	0	1	1	FALSE	TRUE
TCGCTTCGTTTACCAA-1	MZ286102_1_ORF1	0	0	2	2	TRUE	FALSE
TCGCTTCGTTTCGATA-1	OP549859_1_ORF1	1	1	19	21	TRUE	TRUE
TCGCTTGCAAATGACT-1	MZ286188_1_ORF1	0	0	1	1	FALSE	FALSE
TCGCTTGCAAGTGTCA-1	OP549859_1_ORF2	1	0	4	4	TRUE	TRUE
TCGCTTGCACACACTT-1	meGFP	0	0	1	1	FALSE	TRUE
TCGCTTGCACTTCCAG-1	OZ258728_1_ORF1	0	0	2	2	TRUE	TRUE
TCGCTTGCAGGAAGCA-1	OZ258728_1_ORF2	1	0	8	8	TRUE	TRUE
TCGCTTGCAGGTACGT-1	OZ258728_1_ORF2	0	0	1	1	FALSE	TRUE
TCGCTTGCATTGACCT-1	MZ286258_1_ORF2	1	1	10	11	TRUE	TRUE
TCGGCCATCAGGCAAT-1	MZ286258_1_ORF1	0	0	1	1	FALSE	FALSE
TCGGCCATCATCTAGT-1	MZ286102_1_ORF2	0	0	1	1	FALSE	TRUE
TCGGCCATCCCAACCG-1	MZ286258_1_ORF1	0	0	2	2	TRUE	TRUE
TCGGCCATCCGGATTC-1	meGFP	1	1	15	15	TRUE	TRUE
TCGGCCATCGCACTTA-1	MZ286197_1_ORF2	1	0	6	6	TRUE	TRUE
TCGGCCATCGCTAGAG-1	MZ286188_1_ORF2	0	0	3	3	TRUE	TRUE
TCGGCCATCGTCAATT-1	MZ286188_1_ORF1	0	0	1	1	FALSE	FALSE
TCGGCCATCTGATAGA-1	OP549859_1_ORF1	1	1	43	43	TRUE	TRUE
TCGGCCATCTGCATCA-1	OZ258728_1_ORF2	1	1	51	53	TRUE	TRUE
TCGGCCATCTGGAAGT-1	OP549859_1_ORF1	0	0	1	1	FALSE	FALSE
TCGGCCCAGAAGTGAG-1	OP549859_1_ORF1	0	0	1	1	FALSE	FALSE
TCGGCCCAGACATTAG-1	MZ286197_1_ORF1	0	0	1	1	FALSE	FALSE
TCGGCCCAGATAGTCA-1	meGFP	1	1	54	55	TRUE	TRUE
TCGGCCCAGCAAGGTT-1	MZ286258_1_ORF2	1	1	10	10	TRUE	TRUE
TCGGCCCAGCGGTAAT-1	meGFP	1	1	17	17	TRUE	TRUE
TCGGCCCAGGAGCATT-1	MZ286188_1_ORF1	1	0	8	8	TRUE	TRUE
TCGGCCCAGGCACGGT-1	OP549859_1_ORF1	1	1	29	29	TRUE	TRUE
TCGGCCCAGGCGTAAT-1	MZ286258_1_ORF2	1	0	5	5	TRUE	TRUE
TCGGCCCAGGGATGAA-1	OZ258728_1_ORF1	0	0	1	1	FALSE	FALSE
TCGGCCCAGGGCAATT-1	OZ258728_1_ORF2	0	0	1	1	FALSE	FALSE
TCGGCGGAGAATGGTC-1	MZ286258_1_ORF2	1	1	14	14	TRUE	TRUE
TCGGCGGAGATCAGTA-1	OZ258728_1_ORF1	2	1	14	21	FALSE	TRUE
TCGGCGGAGCAATGAC-1	meGFP	0	0	1	1	FALSE	FALSE
TCGGCGGAGCGCAGTA-1	MZ286258_1_ORF1	0	0	1	1	FALSE	FALSE
TCGGCGGAGCGCTAGA-1	MZ286258_1_ORF1	1	0	5	5	TRUE	TRUE
TCGGCGGAGCTTACGC-1	MZ286258_1_ORF2	0	0	1	1	FALSE	FALSE
TCGGCGGAGGAAGGGT-1	MZ286258_1_ORF2	1	1	42	42	TRUE	TRUE
TCGGCGGAGGGGAACG-1	MZ286258_1_ORF1	0	0	1	1	FALSE	FALSE
TCGGCGGAGGTACGCA-1	meGFP	0	0	1	1	FALSE	FALSE
TCGGCGGAGGTAGACT-1	OZ258728_1_ORF2	0	0	1	1	FALSE	FALSE
TCGGCGGAGGTTCATT-1	OZ258728_1_ORF2	0	0	1	1	FALSE	FALSE
TCGGCTTAGACTCCGT-1	OZ258728_1_ORF1	1	0	5	5	TRUE	TRUE
TCGGCTTAGAGTCCCT-1	OP549859_1_ORF2	0	0	1	1	FALSE	TRUE
TCGGCTTAGCCTGTAC-1	MZ286102_1_ORF1	0	0	3	3	TRUE	TRUE
TCGGCTTAGGCACTTC-1	OZ258728_1_ORF2	0	0	1	1	FALSE	FALSE
TCGGGCCTCCCAGTAC-1	meGFP	0	0	1	1	FALSE	TRUE
TCGGGCCTCCGACATC-1	OZ258728_1_ORF1	1	1	16	16	TRUE	TRUE
TCGGGCCTCGAGTTGG-1	MZ286102_1_ORF2	0	0	1	1	FALSE	FALSE
TCGGGCCTCTGGCTTA-1	MZ286102_1_ORF2	1	1	25	25	TRUE	TRUE
TCGGGCGAGCCTTCAA-1	OP549859_1_ORF1	1	1	10	10	TRUE	TRUE
TCGGGCGAGCGGAACC-1	OZ258728_1_ORF2	0	0	1	1	FALSE	FALSE
TCGGGCGAGGACGTTG-1	MZ286102_1_ORF2	1	0	9	10	TRUE	TRUE
TCGGGCGAGGCGAACC-1	MZ286102_1_ORF1	0	0	1	1	FALSE	FALSE
TCGGGCGAGGGGCTTA-1	OP549859_1_ORF1	0	0	1	1	FALSE	FALSE
TCGGGCGAGTATGGTA-1	OZ258728_1_ORF2	0	0	3	3	TRUE	TRUE
TCGGGCGAGTGTGATA-1	meGFP	0	0	1	1	FALSE	TRUE
TCGGGCGAGTTGCACC-1	OP549859_1_ORF1	0	0	1	1	FALSE	FALSE
TCGGTCAGTACGTTCG-1	MZ286258_1_ORF2	0	0	1	1	FALSE	TRUE
TCGGTCAGTGGTTCGC-1	OZ258728_1_ORF2	0	0	1	1	FALSE	FALSE
TCGGTCAGTGTGTCAT-1	MZ286258_1_ORF2	0	0	1	1	FALSE	FALSE
TCGGTCAGTGTTCGGC-1	MZ286188_1_ORF1	1	0	7	8	TRUE	TRUE
TCGGTCAGTGTTGAGA-1	meGFP	0	0	1	1	FALSE	TRUE
TCGGTCAGTTGGACTT-1	MZ286197_1_ORF2	1	0	4	4	TRUE	TRUE
TCGGTCAGTTGTCCGA-1	meGFP	0	0	1	2	FALSE	TRUE
TCGGTCTAGCTCGAAG-1	OZ258728_1_ORF2	1	1	22	24	TRUE	TRUE
TCGGTCTAGGGAGACG-1	OP549859_1_ORF1	0	0	1	1	FALSE	TRUE
TCGGTCTAGGTTCGGA-1	OZ258728_1_ORF2	0	0	1	1	FALSE	FALSE
TCGGTTATCACGCTTA-1	meGFP	1	1	30	31	TRUE	TRUE
TCGGTTATCCCCGGTA-1	MZ286258_1_ORF1	0	0	2	2	TRUE	TRUE
TCGGTTATCCGTACCG-1	MZ286102_1_ORF2	0	0	1	1	FALSE	FALSE
TCGGTTATCCGTCGCA-1	MZ286197_1_ORF1	1	0	9	9	TRUE	TRUE
TCGGTTATCCTCTGGG-1	meGFP	0	0	1	1	FALSE	TRUE
TCGGTTATCGATACTT-1	MZ286188_1_ORF1	0	0	2	3	FALSE	TRUE
TCGGTTATCGCGGAGT-1	MZ286197_1_ORF2	0	0	2	2	TRUE	TRUE
TCGGTTATCTGGACCT-1	OP549859_1_ORF1	0	0	1	1	FALSE	TRUE
TCGGTTATCTTAGGCC-1	OP549859_1_ORF1	0	0	1	1	FALSE	FALSE
TCGTACGGTATTGACC-1	MZ286258_1_ORF2	1	1	24	24	TRUE	TRUE
TCGTACGGTGTGTCAT-1	MZ286102_1_ORF2	0	0	1	1	FALSE	FALSE
TCGTACGGTTAACGAG-1	MZ286258_1_ORF2	0	0	1	1	FALSE	FALSE
TCGTACGGTTAGAGAT-1	OZ258728_1_ORF2	0	0	1	1	FALSE	TRUE
TCGTACGGTTATCCGG-1	MZ286102_1_ORF2	1	0	4	4	TRUE	TRUE
TCGTAGCTCAAGCTCC-1	OZ258728_1_ORF2	0	0	1	1	FALSE	FALSE
TCGTAGCTCGAAGTTA-1	meGFP	2	1	14	20	FALSE	TRUE
TCGTGAGAGACCGATG-1	MZ286258_1_ORF1	1	1	17	18	TRUE	TRUE
TCGTGAGAGACGCGAC-1	meGFP	0	0	2	2	TRUE	TRUE
TCGTGAGAGACTTACT-1	OZ258728_1_ORF1	0	0	1	1	FALSE	TRUE
TCGTGAGAGAGAGGTA-1	meGFP	0	0	2	2	TRUE	TRUE
TCGTGAGAGCAATCAA-1	MZ286102_1_ORF1	0	0	1	2	FALSE	TRUE
TCGTGAGAGCCAACCT-1	OZ258728_1_ORF1	0	0	1	1	FALSE	FALSE
TCGTGAGAGCCTAATT-1	meGFP	0	0	1	1	FALSE	TRUE
TCGTGAGAGCGGAACC-1	OZ258728_1_ORF2	0	0	1	1	FALSE	FALSE
TCGTGAGAGGGATACT-1	meGFP	1	1	24	24	TRUE	TRUE
TCGTGAGAGTATGTCT-1	OP549859_1_ORF1	0	0	1	1	FALSE	FALSE
TCGTGAGAGTTACCAT-1	MZ286197_1_ORF1	1	0	5	5	TRUE	TRUE
TCGTGATGTATCCTAA-1	OZ258728_1_ORF2	1	1	36	36	TRUE	TRUE
TCGTGATGTTAATTCG-1	MZ286102_1_ORF2	0	0	1	1	FALSE	FALSE
TCGTGATGTTGCCTAG-1	meGFP	0	0	1	1	FALSE	TRUE
TCGTGATGTTGTCCGA-1	OZ258728_1_ORF2	0	0	1	1	FALSE	TRUE
TCGTGATGTTTCCAGG-1	meGFP	1	1	34	34	TRUE	TRUE
TCGTGATGTTTGAAGG-1	MZ286197_1_ORF1	0	0	1	2	FALSE	TRUE
TCGTGCGTCCTTACAG-1	OZ258728_1_ORF2	1	1	28	28	TRUE	TRUE
TCGTGCGTCGATCCCG-1	OP549859_1_ORF1	0	0	1	1	FALSE	TRUE
TCGTGCGTCGCTAGTC-1	OZ258728_1_ORF1	1	0	6	6	TRUE	FALSE
TCGTGCGTCTAGTCAT-1	OP549859_1_ORF2	0	0	1	1	FALSE	TRUE
TCGTGCGTCTATAGGA-1	OZ258728_1_ORF2	1	1	83	83	TRUE	TRUE
TCGTGCGTCTCAGCAC-1	OZ258728_1_ORF1	1	1	14	14	TRUE	TRUE
TCGTGCGTCTCTCAAG-1	OP549859_1_ORF2	1	0	4	4	TRUE	TRUE
TCGTGCGTCTGGGTAG-1	meGFP	0	0	1	1	FALSE	FALSE
TCGTTATAGACATCGG-1	MZ286258_1_ORF2	1	0	4	4	TRUE	TRUE
TCGTTATAGCAGCCTT-1	OP549859_1_ORF1	1	0	4	4	TRUE	TRUE
TCGTTATAGCGGTAGC-1	OP549859_1_ORF1	0	0	2	2	TRUE	TRUE
TCGTTATAGCGTAAGT-1	MZ286258_1_ORF2	0	0	2	2	TRUE	TRUE
TCGTTATAGGAAGGGT-1	MZ286102_1_ORF2	0	0	2	2	TRUE	TRUE
TCGTTGGGTACGACTT-1	OZ258728_1_ORF2	0	0	1	1	FALSE	FALSE
TCGTTGGGTACGGGCA-1	meGFP	0	0	2	2	TRUE	TRUE
TCGTTGGGTGCGACAG-1	OZ258728_1_ORF1	1	0	9	9	TRUE	TRUE
TCGTTGGGTGTCAGTT-1	OZ258728_1_ORF2	1	1	62	62	TRUE	TRUE
TCGTTGGGTTGGACTT-1	MZ286258_1_ORF1	0	0	1	1	FALSE	FALSE
TCGTTGTCAATATAGC-1	MZ286102_1_ORF1	1	1	37	37	TRUE	TRUE
TCGTTGTCAGATTAAC-1	OZ258728_1_ORF2	0	0	1	1	FALSE	TRUE
TCGTTGTCAGCTTGCC-1	OZ258728_1_ORF2	1	0	5	5	TRUE	TRUE
TCGTTGTCAGGCAACT-1	OZ258728_1_ORF2	0	0	1	1	FALSE	FALSE
TCGTTGTCAGGTCTAA-1	meGFP	0	0	1	1	FALSE	TRUE
TCGTTGTCATGCGTGG-1	MZ286258_1_ORF2	0	0	1	2	FALSE	TRUE
TCGTTTACAAACTAAC-1	OZ258728_1_ORF2	1	1	17	17	TRUE	TRUE
TCGTTTACAAAGGTCC-1	meGFP	0	0	1	1	FALSE	FALSE
TCGTTTACACAGTTAG-1	MZ286258_1_ORF2	0	0	2	2	TRUE	TRUE
TCGTTTACACGATTGA-1	OP549859_1_ORF1	1	0	7	9	TRUE	TRUE
TCGTTTACATCCATAC-1	MZ286258_1_ORF2	0	0	1	1	FALSE	FALSE
TCTAAATGTATTGACC-1	MZ286197_1_ORF1	0	0	1	1	FALSE	TRUE
TCTAAATGTCATCGTG-1	OZ258728_1_ORF2	1	1	66	66	TRUE	TRUE
TCTAAATGTCGATGCC-1	OP549859_1_ORF2	1	0	7	7	TRUE	TRUE
TCTAAATGTGGATGAC-1	OZ258728_1_ORF2	0	0	1	1	FALSE	TRUE
TCTAAATGTGTACCAT-1	OZ258728_1_ORF1	0	0	3	3	TRUE	FALSE
TCTAAATGTGTTGCGC-1	MZ286102_1_ORF1	0	0	1	1	FALSE	FALSE
TCTAAATGTTATCCAA-1	OZ258728_1_ORF2	0	0	1	1	FALSE	FALSE
TCTAAATGTTATGCAC-1	MZ286197_1_ORF1	2	2	14	27	FALSE	TRUE
TCTAACCCAAACTGTG-1	OP549859_1_ORF1	0	0	1	1	FALSE	FALSE
TCTAACCCAAACTTCC-1	MZ286102_1_ORF2	1	0	6	6	TRUE	TRUE
TCTAACCCACGCCTGT-1	OZ258728_1_ORF2	1	1	13	13	TRUE	TRUE
TCTAACCCAGAATGGG-1	OZ258728_1_ORF2	0	0	1	1	FALSE	TRUE
TCTAACCCAGGCGCTA-1	meGFP	0	0	3	3	TRUE	TRUE
TCTAACCCATACTGAG-1	meGFP	0	0	1	1	FALSE	TRUE
TCTAACCCATGACGGT-1	meGFP	1	1	25	25	TRUE	TRUE
TCTAACCCATGGTCCC-1	meGFP	1	1	43	43	TRUE	TRUE
TCTAACGTCACGGGAC-1	OZ258728_1_ORF2	0	0	1	1	FALSE	FALSE
TCTAACGTCAGCGGAC-1	meGFP	0	0	3	3	TRUE	FALSE
TCTAACGTCGGTAAGT-1	meGFP	1	1	11	11	TRUE	TRUE
TCTAACGTCTGATAGA-1	OP549859_1_ORF2	1	0	7	8	TRUE	TRUE
TCTAATTCAAAGTCAT-1	meGFP	1	1	32	35	TRUE	TRUE
TCTAATTCAACCATTC-1	MZ286258_1_ORF2	0	0	1	1	FALSE	FALSE
TCTAATTCAACCTCGC-1	OZ258728_1_ORF2	1	1	11	11	TRUE	TRUE
TCTAATTCAGTCGAGT-1	meGFP	1	1	50	50	TRUE	TRUE
TCTAATTCATGCGTGG-1	meGFP	0	0	1	1	FALSE	FALSE
TCTACCAAGAGAGCTT-1	OZ258728_1_ORF2	0	0	1	1	FALSE	FALSE
TCTACCAAGCCTCTGG-1	OZ258728_1_ORF2	1	1	61	61	TRUE	TRUE
TCTACCAAGGGTCAGC-1	OP549859_1_ORF2	0	0	1	1	FALSE	TRUE
TCTACCAAGTTGCGTC-1	OZ258728_1_ORF1	1	1	28	28	TRUE	TRUE
TCTAGATTCACAGGCA-1	MZ286102_1_ORF2	0	0	2	3	FALSE	TRUE
TCTAGATTCACCAGGA-1	MZ286197_1_ORF1	1	0	5	5	TRUE	TRUE
TCTAGATTCCAGCGAA-1	MZ286197_1_ORF1	0	0	1	1	FALSE	FALSE
TCTAGATTCCCTGGTG-1	OP549859_1_ORF1	0	0	1	2	FALSE	TRUE
TCTAGATTCGGGATCA-1	MZ286258_1_ORF2	1	0	6	6	TRUE	TRUE
TCTAGATTCTCCCAGG-1	MZ286102_1_ORF1	0	0	1	1	FALSE	TRUE
TCTAGCCAGAGAGGTA-1	OP549859_1_ORF1	0	0	1	1	FALSE	FALSE
TCTAGCCAGTGGGTTG-1	OP549859_1_ORF1	1	1	58	58	TRUE	TRUE
TCTATGGTCAATCACT-1	MZ286197_1_ORF2	1	0	4	4	TRUE	TRUE
TCTATGGTCGAGGCGT-1	MZ286188_1_ORF1	0	0	1	1	FALSE	FALSE
TCTATGGTCGCGGAGT-1	MZ286188_1_ORF1	1	0	5	5	TRUE	FALSE
TCTATGGTCGCTATGC-1	MZ286102_1_ORF2	0	0	1	1	FALSE	FALSE
TCTATGGTCTATACCG-1	MZ286197_1_ORF2	0	0	1	1	FALSE	FALSE
TCTCAAAGTACAGGAC-1	OP549859_1_ORF2	0	0	3	3	TRUE	TRUE
TCTCAAAGTAGGATAT-1	MZ286258_1_ORF1	0	0	1	1	FALSE	TRUE
TCTCAAAGTCACTAAC-1	MZ286188_1_ORF1	0	0	1	1	FALSE	FALSE
TCTCAAAGTCGGGACA-1	OP549859_1_ORF1	0	0	1	1	FALSE	FALSE
TCTCAAAGTGAGATAT-1	MZ286197_1_ORF1	0	0	1	1	FALSE	FALSE
TCTCAAAGTGCGCGAA-1	OZ258728_1_ORF1	0	0	1	2	FALSE	TRUE
TCTCAAAGTGGCCTAC-1	MZ286102_1_ORF2	0	0	1	1	FALSE	FALSE
TCTCAAAGTTAGAGAT-1	OZ258728_1_ORF2	0	0	1	1	FALSE	FALSE
TCTCAAAGTTTCGGGC-1	MZ286197_1_ORF1	0	0	1	2	FALSE	TRUE
TCTCAGCAGAAGCAAG-1	MZ286258_1_ORF1	0	0	1	1	FALSE	FALSE
TCTCAGCAGCGATTCC-1	OP549859_1_ORF1	3	2	35	54	FALSE	TRUE
TCTCAGCAGCTAGAGT-1	MZ286102_1_ORF2	0	0	3	6	FALSE	TRUE
TCTCAGCAGCTCTAGC-1	MZ286258_1_ORF1	0	0	1	1	FALSE	FALSE
TCTCAGCAGTATCGAA-1	OZ258728_1_ORF1	0	0	1	1	FALSE	TRUE
TCTCAGCAGTGTCGCT-1	MZ286188_1_ORF1	0	0	1	1	FALSE	FALSE
TCTCAGCAGTTGGCGA-1	OP549859_1_ORF1	1	0	8	10	TRUE	TRUE
TCTCAGGGTAACGGAC-1	MZ286102_1_ORF2	1	0	5	6	TRUE	TRUE
TCTCAGGGTACCGACC-1	OZ258728_1_ORF2	0	0	1	1	FALSE	TRUE
TCTCAGGGTAGCCATT-1	MZ286258_1_ORF2	1	1	13	16	TRUE	TRUE
TCTCAGGGTCCAACTG-1	OZ258728_1_ORF1	1	1	31	32	TRUE	TRUE
TCTCAGGGTCCCATCT-1	MZ286258_1_ORF2	0	0	1	1	FALSE	TRUE
TCTCAGGGTCCTGACA-1	MZ286197_1_ORF1	0	0	1	1	FALSE	FALSE
TCTCAGGGTTCCCAGA-1	MZ286258_1_ORF2	1	0	5	5	TRUE	TRUE
TCTCCACGTAATCCGT-1	OZ258728_1_ORF2	0	0	1	1	FALSE	FALSE
TCTCCACGTGGAAGGA-1	meGFP	0	0	1	1	FALSE	FALSE
TCTCCACGTGTTGCGC-1	OZ258728_1_ORF2	1	1	71	71	TRUE	TRUE
TCTCCACGTTCCAACG-1	OZ258728_1_ORF2	0	0	2	2	TRUE	TRUE
TCTCCACGTTCCACTC-1	OZ258728_1_ORF2	0	0	2	2	TRUE	FALSE
TCTCCACGTTGTGTGT-1	meGFP	0	0	3	3	TRUE	FALSE
TCTCCACGTTTCCAGG-1	MZ286102_1_ORF2	0	0	1	1	FALSE	TRUE
TCTCCACGTTTGGATC-1	OZ258728_1_ORF2	0	0	1	1	FALSE	FALSE
TCTCCCGGTGTGATTC-1	meGFP	1	0	5	5	TRUE	TRUE
TCTCCCGGTGTTGCAT-1	MZ286102_1_ORF2	0	0	3	3	TRUE	TRUE
TCTCCCGGTTCGGTTG-1	MZ286197_1_ORF1	0	0	1	1	FALSE	TRUE
TCTCCCGGTTCGTCTC-1	MZ286258_1_ORF2	1	0	6	6	TRUE	TRUE
TCTCCCGGTTTGCGGC-1	OP549859_1_ORF1	1	1	38	38	TRUE	TRUE
TCTCCCGGTTTGGCGC-1	OZ258728_1_ORF2	0	0	1	2	FALSE	TRUE
TCTCGAATCCCGATGT-1	meGFP	1	1	29	29	TRUE	TRUE
TCTCGACAGAAGGATG-1	OP549859_1_ORF2	1	0	6	7	TRUE	TRUE
TCTCGACAGATTCGGG-1	OZ258728_1_ORF2	0	0	1	1	FALSE	FALSE
TCTCGACAGCCCTGCA-1	MZ286188_1_ORF2	1	0	5	7	TRUE	TRUE
TCTCGACAGCTCATAT-1	MZ286258_1_ORF2	2	0	5	9	FALSE	TRUE
TCTCGACAGCTTGATT-1	MZ286188_1_ORF1	0	0	1	2	FALSE	FALSE
TCTCGACAGGAAGGGT-1	OZ258728_1_ORF1	0	0	1	1	FALSE	FALSE
TCTCGACAGGCTTCAC-1	OP549859_1_ORF2	1	0	4	4	TRUE	TRUE
TCTCGACAGTAACGCG-1	MZ286102_1_ORF1	0	0	1	1	FALSE	TRUE
TCTCGACAGTATGGTA-1	MZ286197_1_ORF2	1	0	4	4	TRUE	TRUE
TCTCGAGGTAACCATC-1	OZ258728_1_ORF2	0	0	2	2	TRUE	TRUE
TCTCGAGGTAGGTAGC-1	OP549859_1_ORF1	1	1	42	45	TRUE	TRUE
TCTCGAGGTAGTGACA-1	meGFP	1	1	22	22	TRUE	TRUE
TCTCGAGGTCAGCCAC-1	OZ258728_1_ORF1	0	0	1	1	FALSE	FALSE
TCTCGAGGTCGACATT-1	MZ286188_1_ORF1	0	0	1	1	FALSE	FALSE
TCTCGAGGTCGCTACA-1	MZ286197_1_ORF1	0	0	1	2	FALSE	TRUE
TCTCGCACAACAGGCT-1	OZ258728_1_ORF1	0	0	1	1	FALSE	FALSE
TCTCGCACAACTGGCG-1	MZ286258_1_ORF1	0	0	1	2	FALSE	TRUE
TCTCGCACAATGGTTG-1	meGFP	0	0	1	1	FALSE	FALSE
TCTCGCACACCGTTCA-1	OP549859_1_ORF2	0	0	1	1	FALSE	TRUE
TCTCGCACACTCATAC-1	MZ286102_1_ORF1	0	0	1	1	FALSE	FALSE
TCTCGCACAGGATTGC-1	OZ258728_1_ORF2	0	0	1	1	FALSE	FALSE
TCTCGCACATACTCCG-1	MZ286197_1_ORF1	1	0	8	8	TRUE	TRUE
TCTCGCCTCACTTGCA-1	MZ286258_1_ORF2	0	0	2	2	TRUE	TRUE
TCTCGCCTCCAATCAT-1	OP549859_1_ORF1	0	0	1	1	FALSE	TRUE
TCTCGCCTCCATTAGT-1	OZ258728_1_ORF1	0	0	1	1	FALSE	TRUE
TCTCGCCTCCCGTAAC-1	MZ286258_1_ORF2	1	0	6	6	TRUE	TRUE
TCTCGCCTCCTAATGT-1	meGFP	0	0	1	1	FALSE	FALSE
TCTCGCCTCGGATGCA-1	OZ258728_1_ORF2	2	2	37	51	FALSE	TRUE
TCTCGCCTCTAACTAC-1	meGFP	2	2	26	37	FALSE	TRUE
TCTCGCCTCTACTCCT-1	MZ286197_1_ORF1	0	0	1	1	FALSE	TRUE
TCTCTAACAACGGACT-1	MZ286102_1_ORF2	0	0	1	1	FALSE	FALSE
TCTCTAACACTCACGC-1	MZ286258_1_ORF2	0	0	3	11	FALSE	TRUE
TCTCTAACAGAGCTTA-1	OP549859_1_ORF2	1	0	6	8	TRUE	TRUE
TCTCTAACAGTTCGTT-1	MZ286102_1_ORF2	0	0	3	5	FALSE	TRUE
TCTCTAACATGATTCC-1	MZ286197_1_ORF1	0	0	1	1	FALSE	TRUE
TCTCTAACATTACTTG-1	OZ258728_1_ORF2	0	0	1	1	FALSE	TRUE
TCTCTCAGTAATGTCC-1	MZ286188_1_ORF2	0	0	1	1	FALSE	FALSE
TCTCTCAGTACGAATG-1	MZ286197_1_ORF1	0	0	1	1	FALSE	FALSE
TCTCTCAGTACGGGCA-1	MZ286258_1_ORF1	0	0	3	3	TRUE	TRUE
TCTCTCAGTACTTCCC-1	OP549859_1_ORF1	0	0	1	1	FALSE	FALSE
TCTCTCAGTATTGGCT-1	OP549859_1_ORF1	0	0	1	1	FALSE	TRUE
TCTCTCAGTCATTCGG-1	MZ286188_1_ORF1	1	1	15	16	TRUE	TRUE
TCTCTCAGTCGACCGT-1	OZ258728_1_ORF2	0	0	1	1	FALSE	TRUE
TCTCTCAGTCTGTAAC-1	OZ258728_1_ORF2	0	0	2	3	FALSE	TRUE
TCTCTCAGTTGCCACA-1	meGFP	0	0	1	1	FALSE	TRUE
TCTCTCAGTTTAGGAG-1	meGFP	0	0	1	1	FALSE	TRUE
TCTCTCAGTTTGCCCT-1	MZ286188_1_ORF1	0	0	1	1	FALSE	FALSE
TCTCTCAGTTTGGGTT-1	MZ286197_1_ORF1	0	0	1	1	FALSE	TRUE
TCTCTCTAGACACCTC-1	OZ258728_1_ORF2	0	0	1	1	FALSE	TRUE
TCTCTCTAGCCACACT-1	MZ286197_1_ORF1	1	0	6	6	TRUE	TRUE
TCTCTCTAGCCACAGA-1	MZ286188_1_ORF2	0	0	3	3	TRUE	FALSE
TCTCTCTAGCGACACA-1	MZ286197_1_ORF1	0	0	1	1	FALSE	FALSE
TCTCTCTAGGATCACG-1	MZ286188_1_ORF1	0	0	1	1	FALSE	FALSE
TCTCTCTAGGATCGTG-1	MZ286102_1_ORF2	1	0	6	6	TRUE	TRUE
TCTGAGGAGCAGCATG-1	MZ286258_1_ORF1	1	1	13	13	TRUE	TRUE
TCTGAGGAGCGGATCA-1	OZ258728_1_ORF2	1	0	9	9	TRUE	TRUE
TCTGAGGAGGACACCA-1	MZ286258_1_ORF2	1	0	9	9	TRUE	TRUE
TCTGAGGAGGGTTCGA-1	MZ286258_1_ORF2	0	0	1	1	FALSE	FALSE
TCTGAGGAGTTAAGTG-1	OP549859_1_ORF1	0	0	1	1	FALSE	TRUE
TCTGAGGAGTTACCGC-1	MZ286258_1_ORF2	1	0	6	6	TRUE	TRUE
TCTGCCACACCTTGAT-1	OZ258728_1_ORF2	0	0	1	1	FALSE	TRUE
TCTGCCACACGAACCG-1	MZ286258_1_ORF1	0	0	1	1	FALSE	TRUE
TCTGCCACAGCCGATG-1	OP549859_1_ORF1	0	0	2	2	TRUE	FALSE
TCTGCCACAGCTTGGG-1	OP549859_1_ORF1	0	0	1	1	FALSE	FALSE
TCTGCCACATGGCTGG-1	OP549859_1_ORF2	1	0	8	8	TRUE	TRUE
TCTGCCACATGGTGTA-1	OZ258728_1_ORF2	0	0	1	2	FALSE	TRUE
TCTGCCACATTGGATG-1	OZ258728_1_ORF2	0	0	1	1	FALSE	FALSE
TCTGCCCTCAATCCAT-1	MZ286102_1_ORF1	1	0	8	11	TRUE	TRUE
TCTGCCCTCAGCGGAC-1	OP549859_1_ORF1	1	0	7	7	TRUE	TRUE
TCTGCCCTCATGGCTC-1	MZ286258_1_ORF1	0	0	1	1	FALSE	FALSE
TCTGCCCTCCGTAGAG-1	OP549859_1_ORF1	0	0	1	1	FALSE	TRUE
TCTGCCCTCGAACGTG-1	OZ258728_1_ORF2	0	0	1	1	FALSE	TRUE
TCTGCCCTCTTAGTGT-1	OZ258728_1_ORF1	0	0	1	1	FALSE	TRUE
TCTGGAACAAATCTGG-1	OZ258728_1_ORF1	1	1	22	22	TRUE	TRUE
TCTGGAACAATCGTTC-1	OP549859_1_ORF1	0	0	1	1	FALSE	FALSE
TCTGGAACATAGTTGG-1	OZ258728_1_ORF2	0	0	1	1	FALSE	FALSE
TCTGGCGTCAGTATGA-1	MZ286258_1_ORF2	1	0	6	8	TRUE	TRUE
TCTGGCGTCGCCCGTA-1	MZ286258_1_ORF1	0	0	1	1	FALSE	TRUE
TCTGGCGTCTGGTTGC-1	MZ286102_1_ORF1	0	0	1	1	FALSE	FALSE
TCTGGTTCACAATCCT-1	MZ286102_1_ORF1	0	0	1	2	FALSE	TRUE
TCTGGTTCACACTAAG-1	OZ258728_1_ORF2	2	2	72	84	TRUE	TRUE
TCTGGTTCAGATACAT-1	OZ258728_1_ORF1	0	0	1	1	FALSE	FALSE
TCTGGTTCAGCTCAGG-1	MZ286258_1_ORF2	0	0	3	4	TRUE	TRUE
TCTGGTTCAGTCTCAT-1	meGFP	1	1	32	32	TRUE	TRUE
TCTGGTTCATAATCCC-1	MZ286102_1_ORF1	0	0	2	2	TRUE	FALSE
TCTGGTTCATACTTCA-1	MZ286258_1_ORF2	0	0	1	1	FALSE	FALSE
TCTGGTTCATCAAGTG-1	OZ258728_1_ORF1	0	0	3	3	TRUE	TRUE
TCTGGTTCATGGTAAT-1	OP549859_1_ORF2	0	0	1	1	FALSE	TRUE
TCTGTCGCAAAGGTCC-1	OZ258728_1_ORF1	0	0	1	1	FALSE	TRUE
TCTGTCGCACTCACAT-1	OZ258728_1_ORF1	0	0	1	1	FALSE	FALSE
TCTGTCGCACTCACGC-1	OZ258728_1_ORF2	0	0	1	2	FALSE	TRUE
TCTGTCGCACTCGCTA-1	OZ258728_1_ORF2	0	0	1	1	FALSE	FALSE
TCTGTCGCAGGTCGAT-1	MZ286188_1_ORF2	0	0	1	1	FALSE	TRUE
TCTGTCGCAGTACGGT-1	OZ258728_1_ORF2	2	1	21	29	FALSE	TRUE
TCTGTCGCAGTTCGGG-1	OZ258728_1_ORF2	0	0	1	1	FALSE	TRUE
TCTGTCGCATAATCCC-1	MZ286197_1_ORF2	1	0	4	5	TRUE	TRUE
TCTGTTCTCACCCTAA-1	MZ286197_1_ORF2	1	0	7	8	TRUE	TRUE
TCTGTTCTCACGAAGT-1	OZ258728_1_ORF2	1	1	77	77	TRUE	TRUE
TCTGTTCTCAGTATGA-1	MZ286258_1_ORF1	0	0	1	1	FALSE	TRUE
TCTGTTCTCCGGTTAC-1	MZ286188_1_ORF1	0	0	1	1	FALSE	TRUE
TCTGTTCTCCTCATAG-1	OZ258728_1_ORF2	0	0	1	1	FALSE	FALSE
TCTGTTCTCTACCGAC-1	MZ286102_1_ORF2	0	0	3	4	TRUE	TRUE
TCTGTTCTCTATCGTG-1	meGFP	1	1	35	37	TRUE	TRUE
TCTGTTCTCTCCCAGG-1	OZ258728_1_ORF1	1	1	32	33	TRUE	TRUE
TGAAACTCAATGTAAC-1	OZ258728_1_ORF2	0	0	1	1	FALSE	TRUE
TGAAACTCACAACCAA-1	OZ258728_1_ORF2	0	0	1	1	FALSE	FALSE
TGAAACTCAGGGTCCA-1	OZ258728_1_ORF1	0	0	1	1	FALSE	FALSE
TGAAACTCATGAAGGG-1	MZ286197_1_ORF1	0	0	1	1	FALSE	FALSE
TGAAAGGAGAAGCCTG-1	meGFP	1	1	36	36	TRUE	TRUE
TGAAAGGAGAGTTAGC-1	OZ258728_1_ORF2	0	0	1	1	FALSE	FALSE
TGAAAGGAGGGACATT-1	MZ286258_1_ORF2	0	0	1	1	FALSE	FALSE
TGAAAGGAGTAAGGTC-1	OZ258728_1_ORF1	0	0	2	2	TRUE	FALSE
TGAAAGGAGTGATAGC-1	OZ258728_1_ORF2	0	0	1	1	FALSE	FALSE
TGAAAGGAGTTGACTT-1	OZ258728_1_ORF2	0	0	1	2	FALSE	TRUE
TGAAATGTCCGTCGCA-1	OP549859_1_ORF2	1	0	5	5	TRUE	TRUE
TGAAATGTCGAACGTG-1	OP549859_1_ORF1	0	0	2	2	TRUE	FALSE
TGAAATGTCGACCTCG-1	MZ286102_1_ORF2	0	0	2	3	FALSE	TRUE
TGAAATGTCTTGAATC-1	MZ286258_1_ORF2	1	0	4	9	TRUE	TRUE
TGAAATTAGCCGAGTA-1	OZ258728_1_ORF2	0	0	1	1	FALSE	TRUE
TGAAATTAGCGCAAGC-1	OZ258728_1_ORF2	0	0	1	2	FALSE	TRUE
TGAAATTAGCGCTAGA-1	OZ258728_1_ORF2	0	0	1	2	FALSE	TRUE
TGAACACAGCACCAGA-1	meGFP	0	0	1	2	FALSE	TRUE
TGAACACAGCCAGTTC-1	OP549859_1_ORF2	1	0	5	5	TRUE	TRUE
TGAACACAGCCTGCCA-1	OZ258728_1_ORF2	0	0	1	1	FALSE	FALSE
TGAACACAGCTGAGAT-1	MZ286188_1_ORF1	1	1	15	15	TRUE	TRUE
TGAACACAGGGCCGAT-1	OP549859_1_ORF1	0	0	1	1	FALSE	FALSE
TGAACACAGGGCTTGA-1	MZ286258_1_ORF2	0	0	1	1	FALSE	TRUE
TGAACACAGTCCTCAA-1	meGFP	0	0	1	1	FALSE	FALSE
TGAACACAGTTGAATG-1	OZ258728_1_ORF2	0	0	1	1	FALSE	TRUE
TGAACATCAAACTTCC-1	MZ286188_1_ORF1	0	0	1	1	FALSE	FALSE
TGAACATCAACCATTC-1	OP549859_1_ORF1	0	0	1	1	FALSE	TRUE
TGAACATCAAGATGGG-1	OP549859_1_ORF1	0	0	1	1	FALSE	FALSE
TGAACATCAAGTGTCA-1	OP549859_1_ORF1	0	0	1	1	FALSE	FALSE
TGAACATCACTCACGC-1	meGFP	0	0	1	1	FALSE	TRUE
TGAACATCAGAGGTTC-1	OP549859_1_ORF2	0	0	3	5	FALSE	TRUE
TGAACATCAGGCTATA-1	MZ286197_1_ORF1	0	0	1	1	FALSE	FALSE
TGAACATCAGGTCTAA-1	MZ286102_1_ORF2	0	0	1	1	FALSE	TRUE
TGAACATCATCAAGTG-1	OP549859_1_ORF1	1	1	82	83	TRUE	TRUE
TGAACCACAAACCACA-1	meGFP	2	2	98	110	TRUE	TRUE
TGAACCACAACCAGTA-1	OP549859_1_ORF2	1	0	4	4	TRUE	TRUE
TGAACCACACCGTACC-1	MZ286197_1_ORF1	0	0	1	1	FALSE	FALSE
TGAACCACACGATTGA-1	meGFP	0	0	1	1	FALSE	FALSE
TGAACCACAGTTCGTT-1	OP549859_1_ORF1	0	0	1	1	FALSE	FALSE
TGAACCACATCATAGG-1	MZ286258_1_ORF2	0	0	1	1	FALSE	FALSE
TGAACCACATCCATAC-1	MZ286258_1_ORF2	2	2	14	25	FALSE	TRUE
TGAACCACATGTCGAA-1	MZ286258_1_ORF2	0	0	1	1	FALSE	FALSE
TGAACGGTCATCGTTG-1	MZ286188_1_ORF1	0	0	1	1	FALSE	FALSE
TGAACGGTCCTCATAG-1	OP549859_1_ORF1	2	1	11	18	FALSE	FALSE
TGAACGGTCGGTTAGG-1	OZ258728_1_ORF1	1	1	36	36	TRUE	TRUE
TGAATCCGTAGAGGCT-1	MZ286188_1_ORF2	0	0	1	1	FALSE	FALSE
TGAATCCGTATCTGGT-1	MZ286258_1_ORF2	0	0	1	1	FALSE	TRUE
TGAATCCGTCATTCAA-1	MZ286258_1_ORF2	1	0	6	6	TRUE	FALSE
TGAATCCGTGCAAGCG-1	MZ286102_1_ORF2	0	0	2	2	TRUE	TRUE
TGAATCTTCACCAATT-1	MZ286258_1_ORF2	1	0	8	8	TRUE	TRUE
TGAATCTTCAGGACGC-1	OZ258728_1_ORF2	0	0	1	1	FALSE	FALSE
TGAATCTTCCACCTGG-1	OZ258728_1_ORF2	0	0	1	1	FALSE	FALSE
TGAATCTTCTCAGGGA-1	MZ286258_1_ORF1	0	0	1	1	FALSE	FALSE
TGAATCTTCTGAGTGG-1	OZ258728_1_ORF1	1	0	5	5	TRUE	TRUE
TGAATCTTCTGCCATA-1	OZ258728_1_ORF2	0	0	3	3	TRUE	FALSE
TGAATGCAGCCATGAG-1	OZ258728_1_ORF1	0	0	1	2	FALSE	TRUE
TGAATGCAGCCCGTCA-1	MZ286102_1_ORF2	0	0	1	1	FALSE	FALSE
TGAATGCAGGCTTCAC-1	OZ258728_1_ORF2	0	0	1	1	FALSE	FALSE
TGAATGTCACCACACC-1	OP549859_1_ORF2	0	0	1	1	FALSE	FALSE
TGAATGTCACCCAGCT-1	OZ258728_1_ORF1	0	0	0	0	FALSE	FALSE
TGAATGTCACCCTATG-1	MZ286258_1_ORF2	1	0	5	5	TRUE	TRUE
TGAATGTCACGCGAAT-1	OZ258728_1_ORF2	0	0	1	1	FALSE	FALSE
TGAATGTCAGATTAGT-1	OZ258728_1_ORF1	0	0	1	1	FALSE	FALSE
TGAATGTCAGGAAGTG-1	MZ286102_1_ORF2	0	0	2	2	TRUE	TRUE
TGAATGTCATGCAGAC-1	OP549859_1_ORF1	0	0	1	1	FALSE	TRUE
TGAATTACAACAGATT-1	MZ286102_1_ORF1	0	0	1	1	FALSE	FALSE
TGAATTACAACTGGTA-1	MZ286188_1_ORF2	1	0	4	4	TRUE	TRUE
TGAATTACACTGAAGC-1	MZ286102_1_ORF1	0	0	1	1	FALSE	FALSE
TGAATTACAGAATGAA-1	meGFP	0	0	1	1	FALSE	TRUE
TGAATTACAGAGCTTA-1	OZ258728_1_ORF1	0	0	1	1	FALSE	FALSE
TGAATTACAGCCTCGT-1	MZ286102_1_ORF2	1	0	4	4	TRUE	TRUE
TGAATTACATGTCTGT-1	MZ286197_1_ORF1	0	0	1	1	FALSE	FALSE
TGAATTACATTCATTG-1	meGFP	1	1	12	12	TRUE	FALSE
TGAATTGAGACATCGG-1	MZ286102_1_ORF2	1	1	11	12	TRUE	TRUE
TGAATTGAGAGCTAGT-1	meGFP	0	0	1	1	FALSE	TRUE
TGAATTGAGAGGCCAC-1	MZ286102_1_ORF2	0	0	1	1	FALSE	TRUE
TGAATTGAGCCGAGTA-1	OP549859_1_ORF2	1	0	5	5	TRUE	TRUE
TGAATTGAGCCTTGCG-1	MZ286197_1_ORF1	0	0	1	2	FALSE	TRUE
TGAATTGAGGATCACG-1	MZ286102_1_ORF2	1	0	7	8	TRUE	TRUE
TGAATTGAGGTGGCTA-1	OP549859_1_ORF1	0	0	1	1	FALSE	FALSE
TGAATTGAGTGTGATA-1	MZ286258_1_ORF1	1	1	64	66	TRUE	TRUE
TGAATTGAGTTACACT-1	MZ286102_1_ORF1	1	1	47	50	TRUE	TRUE
TGACACCTCAAGCTCC-1	OZ258728_1_ORF2	1	1	42	42	TRUE	TRUE
TGACACCTCAATCGAA-1	OP549859_1_ORF1	0	0	1	1	FALSE	FALSE
TGACACCTCAATGCAA-1	MZ286258_1_ORF2	0	0	1	2	FALSE	TRUE
TGACACCTCAATGCGG-1	OP549859_1_ORF1	0	0	1	2	FALSE	TRUE
TGACACCTCACACACC-1	OP549859_1_ORF1	0	0	1	1	FALSE	FALSE
TGACACCTCCGGCTTG-1	OZ258728_1_ORF2	0	0	1	1	FALSE	FALSE
TGACACCTCGTCCGTG-1	MZ286197_1_ORF1	0	0	1	1	FALSE	FALSE
TGACACCTCTCGATTG-1	MZ286258_1_ORF2	1	1	26	26	TRUE	TRUE
TGACACCTCTGGGACA-1	MZ286197_1_ORF1	1	1	45	45	TRUE	TRUE
TGACACCTCTTGCGAC-1	MZ286188_1_ORF1	0	0	1	1	FALSE	TRUE
TGACAGCCACAAGCCG-1	OP549859_1_ORF1	1	1	16	16	TRUE	FALSE
TGACAGCCACCGGACA-1	MZ286188_1_ORF1	0	0	1	1	FALSE	FALSE
TGACAGCCACCTGTAT-1	MZ286188_1_ORF2	0	0	1	1	FALSE	FALSE
TGACAGCCAGCTGGCA-1	MZ286102_1_ORF2	1	0	7	7	TRUE	TRUE
TGACAGGTCACGTTCA-1	OZ258728_1_ORF2	0	0	1	1	FALSE	FALSE
TGACAGGTCCACCAAC-1	meGFP	0	0	1	1	FALSE	FALSE
TGACATAAGATACTGA-1	OP549859_1_ORF1	0	0	1	1	FALSE	TRUE
TGACATAAGCCTGTAC-1	MZ286188_1_ORF1	0	0	1	1	FALSE	FALSE
TGACATAAGGACATAC-1	MZ286197_1_ORF2	0	0	3	5	FALSE	TRUE
TGACATAAGGTCGGTA-1	OP549859_1_ORF1	0	0	3	3	TRUE	FALSE
TGACATCGTACCTAGT-1	MZ286102_1_ORF2	1	1	14	14	TRUE	TRUE
TGACATCGTCACTAAC-1	MZ286188_1_ORF1	0	0	1	1	FALSE	FALSE
TGACATCGTCCTCACT-1	MZ286188_1_ORF1	1	1	13	14	TRUE	TRUE
TGACATCGTCTCAGGC-1	OP549859_1_ORF1	0	0	1	1	FALSE	FALSE
TGACATCGTGCTGGCT-1	MZ286258_1_ORF2	1	1	18	19	TRUE	TRUE
TGACATCGTTCCGTTC-1	MZ286102_1_ORF2	0	0	1	1	FALSE	TRUE
TGACATCGTTGGTTAC-1	MZ286102_1_ORF2	0	0	2	3	FALSE	TRUE
TGACCAACAAAGGCGA-1	MZ286188_1_ORF1	0	0	1	1	FALSE	TRUE
TGACCAACACCTCTCT-1	OP549859_1_ORF1	0	0	1	1	FALSE	TRUE
TGACCAACACTAGACA-1	MZ286197_1_ORF2	1	0	5	5	TRUE	TRUE
TGACCAACAGATCCTT-1	OZ258728_1_ORF2	0	0	1	1	FALSE	TRUE
TGACCAACATATCACC-1	OZ258728_1_ORF2	0	0	1	2	FALSE	FALSE
TGACCAGAGAATGGAG-1	MZ286258_1_ORF2	0	0	1	1	FALSE	TRUE
TGACCAGAGACATTAG-1	OP549859_1_ORF1	0	0	1	1	FALSE	TRUE
TGACCAGAGGTTGGGC-1	MZ286197_1_ORF2	0	0	2	3	FALSE	TRUE
TGACCCGTCAGGATAC-1	meGFP	0	0	1	1	FALSE	TRUE
TGACCCGTCCATTCCT-1	MZ286188_1_ORF2	1	1	13	13	TRUE	TRUE
TGACCCGTCGAATCAA-1	OZ258728_1_ORF1	0	0	1	1	FALSE	TRUE
TGACCCGTCGCCTGCA-1	MZ286197_1_ORF1	1	1	14	14	TRUE	TRUE
TGACCCGTCGCGTTAC-1	OZ258728_1_ORF2	0	0	1	1	FALSE	FALSE
TGACCCGTCGCTAGAG-1	meGFP	0	0	1	1	FALSE	TRUE
TGACCCGTCGGGAAGG-1	OZ258728_1_ORF2	1	1	29	29	TRUE	TRUE
TGACCCGTCTCTAACG-1	OZ258728_1_ORF2	1	1	16	16	TRUE	TRUE
TGACCCGTCTGGAAGT-1	meGFP	0	0	1	1	FALSE	FALSE
TGACCCGTCTTAGTAC-1	OP549859_1_ORF1	0	0	1	1	FALSE	TRUE
TGACCCTAGAAGGATG-1	OZ258728_1_ORF1	0	0	1	1	FALSE	FALSE
TGACCCTAGACATCAA-1	OP549859_1_ORF1	0	0	1	2	FALSE	TRUE
TGACCCTAGACCAGCA-1	MZ286102_1_ORF2	0	0	1	1	FALSE	TRUE
TGACCCTAGATTGGTA-1	MZ286197_1_ORF2	0	0	1	1	FALSE	FALSE
TGACCCTAGCGGGTTA-1	MZ286102_1_ORF2	1	0	5	7	TRUE	TRUE
TGACCCTAGCGTACCT-1	OP549859_1_ORF1	1	0	4	4	TRUE	TRUE
TGACCCTAGTGCAACG-1	OZ258728_1_ORF2	0	0	1	1	FALSE	TRUE
TGACCGAAGAGGTTAC-1	MZ286197_1_ORF2	1	0	6	6	TRUE	TRUE
TGACCGAAGCTCGAAG-1	OP549859_1_ORF1	0	0	1	2	FALSE	FALSE
TGACCGAAGGAGGTCC-1	MZ286258_1_ORF2	2	0	5	12	FALSE	TRUE
TGACCGAAGGGCCAGT-1	meGFP	1	1	117	119	TRUE	TRUE
TGACCGAAGGTTAATG-1	meGFP	0	0	1	1	FALSE	TRUE
TGACCGAAGTATACCT-1	OZ258728_1_ORF2	0	0	1	1	FALSE	FALSE
TGACCGAAGTGGATTA-1	MZ286188_1_ORF2	0	0	1	1	FALSE	FALSE
TGACCGAAGTTGGAAC-1	meGFP	0	0	1	1	FALSE	FALSE
TGACCTCAGCTCTCAA-1	MZ286197_1_ORF1	0	0	1	1	FALSE	FALSE
TGACCTCAGCTTGACC-1	OZ258728_1_ORF2	0	0	1	1	FALSE	FALSE
TGACCTCAGGATGGAA-1	OZ258728_1_ORF1	0	0	2	2	TRUE	TRUE
TGACCTCAGGGGACAG-1	meGFP	0	0	1	1	FALSE	TRUE
TGACCTCAGGGGTTCA-1	OP549859_1_ORF1	0	0	1	1	FALSE	FALSE
TGACCTCAGTGCAGAT-1	OZ258728_1_ORF2	1	1	52	52	TRUE	TRUE
TGACGGATCGCCCAAT-1	MZ286188_1_ORF1	0	0	1	1	FALSE	FALSE
TGACGGATCGCCTATA-1	MZ286188_1_ORF1	0	0	1	1	FALSE	TRUE
TGACGGATCGCTATGC-1	MZ286197_1_ORF2	0	0	3	4	TRUE	TRUE
TGACGGATCGGTATGG-1	MZ286258_1_ORF2	1	1	10	10	TRUE	TRUE
TGACGGATCTGCATCA-1	MZ286197_1_ORF2	0	0	2	2	TRUE	TRUE
TGACGGGGTAACCATC-1	OZ258728_1_ORF2	0	0	1	1	FALSE	FALSE
TGACGGGGTAAGCTAG-1	OP549859_1_ORF1	0	0	1	1	FALSE	TRUE
TGACGGGGTACCCAAT-1	OZ258728_1_ORF2	0	0	1	1	FALSE	FALSE
TGACGTACAAGTGAGG-1	OZ258728_1_ORF1	0	0	1	1	FALSE	FALSE
TGACGTACAATTGCAG-1	MZ286197_1_ORF1	0	0	1	1	FALSE	TRUE
TGACGTACACGGTAAC-1	OZ258728_1_ORF2	1	1	15	15	TRUE	TRUE
TGACGTACACTATCGT-1	OZ258728_1_ORF2	0	0	1	1	FALSE	FALSE
TGACGTACAGCGCACA-1	meGFP	0	0	1	1	FALSE	TRUE
TGACGTACATAGTTGG-1	MZ286258_1_ORF2	0	0	1	1	FALSE	FALSE
TGACGTACATGTGCAA-1	OP549859_1_ORF1	0	0	1	2	FALSE	TRUE
TGACGTACATTCATTG-1	OP549859_1_ORF1	1	1	56	56	TRUE	TRUE
TGACGTTGTAACCCTG-1	OP549859_1_ORF2	0	0	1	1	FALSE	FALSE
TGACGTTGTCGAGAGT-1	OP549859_1_ORF2	0	0	1	1	FALSE	TRUE
TGACGTTGTGAGGAGA-1	MZ286258_1_ORF2	1	0	4	4	TRUE	TRUE
TGACGTTGTGGGATTA-1	MZ286102_1_ORF1	0	0	2	2	TRUE	TRUE
TGACGTTGTGGTTCGC-1	MZ286188_1_ORF2	0	0	1	1	FALSE	FALSE
TGACGTTGTTGGACCC-1	meGFP	0	0	1	1	FALSE	FALSE
TGACGTTGTTGGAGCG-1	MZ286197_1_ORF2	1	0	4	4	TRUE	TRUE
TGACTACGTAACCATC-1	MZ286258_1_ORF2	0	0	1	1	FALSE	TRUE
TGACTACGTACAGGGT-1	OP549859_1_ORF1	1	0	4	4	TRUE	TRUE
TGACTACGTAGAGGCT-1	MZ286102_1_ORF1	0	0	2	2	TRUE	FALSE
TGACTACGTAGCGAGT-1	MZ286188_1_ORF1	0	0	1	1	FALSE	FALSE
TGACTACGTATCTGGT-1	OP549859_1_ORF2	1	0	4	4	TRUE	TRUE
TGACTACGTCACCAGC-1	OZ258728_1_ORF2	0	0	0	0	FALSE	TRUE
TGACTACGTCTCCTTA-1	OZ258728_1_ORF2	0	0	1	1	FALSE	TRUE
TGACTACGTGCCCGAT-1	meGFP	0	0	1	1	FALSE	FALSE
TGACTACGTGCTGGCT-1	meGFP	0	0	1	2	FALSE	TRUE
TGACTACGTGGTTCAT-1	OZ258728_1_ORF2	0	0	1	1	FALSE	TRUE
TGACTACGTGTCAGTT-1	OZ258728_1_ORF1	0	0	1	1	FALSE	TRUE
TGACTACGTGTGGATA-1	meGFP	0	0	1	1	FALSE	TRUE
TGACTACGTTGCCTTC-1	MZ286197_1_ORF2	0	0	1	1	FALSE	TRUE
TGACTACGTTTACCAA-1	OZ258728_1_ORF2	1	1	14	14	TRUE	TRUE
TGACTACGTTTGGATC-1	MZ286258_1_ORF1	1	0	7	8	TRUE	FALSE
TGAGACTAGAAGCGCC-1	OZ258728_1_ORF2	0	0	1	1	FALSE	FALSE
TGAGACTAGGGTGATT-1	MZ286102_1_ORF1	1	1	14	14	TRUE	TRUE
TGAGACTAGGTGTGGC-1	MZ286102_1_ORF2	0	0	1	1	FALSE	TRUE
TGAGACTAGTCAACCC-1	MZ286188_1_ORF2	0	0	1	1	FALSE	FALSE
TGAGACTAGTCATTAC-1	OP549859_1_ORF1	0	0	1	1	FALSE	TRUE
TGAGACTAGTGCTGCT-1	meGFP	0	0	1	2	FALSE	TRUE
TGAGAGAAGCGGGCAT-1	OP549859_1_ORF1	0	0	1	1	FALSE	TRUE
TGAGAGAAGGAGGTCC-1	meGFP	1	0	8	8	TRUE	FALSE
TGAGAGAAGGTCTACC-1	OZ258728_1_ORF2	1	1	30	30	TRUE	TRUE
TGAGAGAAGTACTTCG-1	MZ286258_1_ORF2	0	0	1	1	FALSE	FALSE
TGAGAGAAGTATAGGC-1	MZ286258_1_ORF2	1	0	4	5	TRUE	TRUE
TGAGAGAAGTGGGTTG-1	OZ258728_1_ORF2	0	0	1	1	FALSE	FALSE
TGAGAGAAGTTACCAT-1	MZ286197_1_ORF2	0	0	1	1	FALSE	FALSE
TGAGCCTTCAATGCTT-1	OZ258728_1_ORF2	0	0	1	1	FALSE	TRUE
TGAGCCTTCATCCGAC-1	OZ258728_1_ORF2	0	0	1	1	FALSE	TRUE
TGAGCCTTCATTCACG-1	OZ258728_1_ORF2	0	0	1	1	FALSE	FALSE
TGAGCCTTCCAAGTGG-1	MZ286102_1_ORF2	1	0	8	9	TRUE	TRUE
TGAGCCTTCCACCTGG-1	OZ258728_1_ORF2	0	0	1	2	FALSE	TRUE
TGAGCCTTCCGTGGAA-1	MZ286188_1_ORF1	0	0	1	1	FALSE	FALSE
TGAGCCTTCCGTGGTT-1	MZ286102_1_ORF1	1	0	5	6	TRUE	TRUE
TGAGCCTTCGGACCAA-1	meGFP	0	0	1	2	FALSE	TRUE
TGAGCCTTCTAGCTTG-1	MZ286258_1_ORF1	0	0	1	1	FALSE	FALSE
TGAGCCTTCTAGTCAT-1	OZ258728_1_ORF2	1	1	89	89	TRUE	TRUE
TGAGCGATCCCACAGT-1	meGFP	0	0	1	1	FALSE	TRUE
TGAGCGATCCCAGTAC-1	MZ286258_1_ORF1	1	1	32	33	TRUE	TRUE
TGAGCGATCCTAATGT-1	MZ286197_1_ORF1	1	0	5	6	TRUE	TRUE
TGAGCGATCGACCTTA-1	OP549859_1_ORF1	1	0	4	4	TRUE	TRUE
TGAGCGATCTCTGTGA-1	OP549859_1_ORF2	0	0	3	3	TRUE	TRUE
TGAGCGCAGCGCAGTA-1	MZ286258_1_ORF1	1	0	4	4	TRUE	TRUE
TGAGCGCAGCTAACGG-1	OP549859_1_ORF1	0	0	1	1	FALSE	TRUE
TGAGCGCAGCTGGTTC-1	OZ258728_1_ORF2	0	0	1	1	FALSE	FALSE
TGAGCGCAGTGAGAGA-1	MZ286258_1_ORF2	1	1	15	17	TRUE	TRUE
TGAGCGCAGTGCCTGT-1	OZ258728_1_ORF2	0	0	1	1	FALSE	TRUE
TGAGCTCTCAAGCTAA-1	OP549859_1_ORF2	0	0	1	1	FALSE	FALSE
TGAGCTCTCAATGTGA-1	OZ258728_1_ORF2	0	0	2	4	FALSE	TRUE
TGAGCTCTCACTAGGG-1	MZ286197_1_ORF1	1	0	8	10	TRUE	TRUE
TGAGCTCTCCCAGTGT-1	OZ258728_1_ORF2	2	1	79	84	TRUE	TRUE
TGAGCTCTCCGGTTAC-1	MZ286197_1_ORF1	1	1	24	24	TRUE	TRUE
TGAGCTCTCCTCTCCA-1	MZ286188_1_ORF1	0	0	1	1	FALSE	FALSE
TGAGCTCTCCTGTCAA-1	meGFP	0	0	1	1	FALSE	FALSE
TGAGCTCTCGAATGGT-1	meGFP	0	0	1	1	FALSE	FALSE
TGAGCTCTCTAACTGT-1	meGFP	0	0	1	1	FALSE	FALSE
TGAGCTCTCTAATTGC-1	OP549859_1_ORF1	0	0	1	1	FALSE	TRUE
TGAGCTCTCTCGACCG-1	OZ258728_1_ORF2	0	0	1	1	FALSE	FALSE
TGAGCTGAGACGCGAC-1	MZ286258_1_ORF2	0	0	3	5	FALSE	TRUE
TGAGCTGAGATTCCGC-1	MZ286188_1_ORF1	1	1	22	22	TRUE	TRUE
TGAGCTGAGATTCGTT-1	OZ258728_1_ORF2	0	0	1	1	FALSE	FALSE
TGAGCTGAGCAATCGG-1	MZ286188_1_ORF2	0	0	2	3	FALSE	TRUE
TGAGCTGAGGACTAAC-1	OZ258728_1_ORF2	0	0	2	2	TRUE	FALSE
TGAGCTGAGGGAGCAG-1	OZ258728_1_ORF2	0	0	1	1	FALSE	FALSE
TGAGCTGAGGGGAACG-1	meGFP	0	0	1	1	FALSE	TRUE
TGAGCTGAGTCATTAC-1	meGFP	0	0	1	1	FALSE	FALSE
TGAGCTGAGTTACACT-1	MZ286258_1_ORF2	0	0	1	2	FALSE	TRUE
TGAGGCATCCCATTGA-1	MZ286258_1_ORF1	0	0	2	2	TRUE	TRUE
TGAGGCATCCCTGGTG-1	meGFP	0	0	1	1	FALSE	FALSE
TGAGGCATCGAGCGAC-1	MZ286258_1_ORF2	1	1	19	19	TRUE	TRUE
TGAGGCATCTCAGGGA-1	OZ258728_1_ORF1	0	0	1	1	FALSE	FALSE
TGAGGCATCTGCATCA-1	OP549859_1_ORF1	0	0	1	2	FALSE	TRUE
TGAGGCATCTTAGTAC-1	MZ286102_1_ORF1	0	0	1	2	FALSE	TRUE
TGAGGCGGTAACGATG-1	MZ286197_1_ORF1	0	0	1	1	FALSE	TRUE
TGAGGCGGTAATCACC-1	OZ258728_1_ORF2	1	1	12	12	TRUE	TRUE
TGAGGCGGTCCCATCT-1	MZ286197_1_ORF1	0	0	1	1	FALSE	TRUE
TGAGGCGGTCGAAGGT-1	MZ286188_1_ORF1	0	0	1	1	FALSE	FALSE
TGAGGCGGTCGACCGT-1	OP549859_1_ORF2	0	0	1	1	FALSE	TRUE
TGAGGCGGTGAGGTGT-1	OP549859_1_ORF1	1	0	4	4	TRUE	TRUE
TGAGGCGGTTACGCCA-1	MZ286102_1_ORF2	0	0	2	2	TRUE	FALSE
TGAGGCGGTTGGTGAA-1	meGFP	0	0	1	1	FALSE	FALSE
TGAGGCGGTTGTAGCT-1	OP549859_1_ORF2	1	0	4	5	TRUE	TRUE
TGAGGCGGTTTACCAA-1	OP549859_1_ORF2	0	0	2	3	FALSE	TRUE
TGAGGTCCAAAGTGCC-1	meGFP	1	0	9	9	TRUE	TRUE
TGAGGTCCAACGTAAT-1	OZ258728_1_ORF1	1	0	4	6	TRUE	TRUE
TGAGGTCCACCACAGG-1	OZ258728_1_ORF1	0	0	1	1	FALSE	FALSE
TGAGGTCCAGCAGGAA-1	MZ286102_1_ORF1	1	1	26	26	TRUE	TRUE
TGAGGTCCAGCTGGCA-1	MZ286258_1_ORF2	0	0	1	1	FALSE	FALSE
TGAGGTCCAGTTCGTT-1	MZ286258_1_ORF1	0	0	1	2	FALSE	TRUE
TGAGGTCCATACTCCG-1	meGFP	0	0	1	1	FALSE	FALSE
TGAGGTCCATATGAAC-1	OZ258728_1_ORF2	0	0	3	3	TRUE	TRUE
TGAGGTCCATATGCAG-1	meGFP	1	1	13	13	TRUE	TRUE
TGAGGTCCATCAGAGC-1	OZ258728_1_ORF2	0	0	1	1	FALSE	TRUE
TGAGTCCTCACGTGCT-1	OP549859_1_ORF1	0	0	1	1	FALSE	FALSE
TGAGTCCTCCGACAGA-1	MZ286188_1_ORF1	0	0	2	4	FALSE	TRUE
TGAGTCCTCGACACCT-1	MZ286102_1_ORF2	0	0	3	3	TRUE	TRUE
TGAGTCCTCGAGTTGG-1	MZ286197_1_ORF2	0	0	2	3	FALSE	TRUE
TGAGTCCTCTAGGCAG-1	meGFP	0	0	3	3	TRUE	TRUE
TGAGTCCTCTGGGTTC-1	meGFP	0	0	1	1	FALSE	FALSE
TGAGTCGAGCAGGCAC-1	MZ286258_1_ORF1	0	0	1	1	FALSE	FALSE
TGAGTCGAGTAACCAA-1	OZ258728_1_ORF1	1	1	14	14	TRUE	FALSE
TGAGTTGCAAACCATG-1	MZ286258_1_ORF1	0	0	1	1	FALSE	TRUE
TGAGTTGCACCAAGCG-1	OZ258728_1_ORF2	0	0	1	1	FALSE	FALSE
TGAGTTGCAGATTGGC-1	MZ286188_1_ORF1	0	0	1	2	FALSE	TRUE
TGAGTTGCAGGAAGCA-1	OP549859_1_ORF2	0	0	2	2	TRUE	TRUE
TGAGTTGCAGTGAATT-1	OZ258728_1_ORF2	0	0	1	1	FALSE	TRUE
TGAGTTGCATACCGTT-1	MZ286188_1_ORF1	0	0	1	1	FALSE	FALSE
TGATAGTCAAAGTAAG-1	OZ258728_1_ORF1	0	0	1	1	FALSE	TRUE
TGATAGTCAATGTAGT-1	OZ258728_1_ORF2	0	0	1	1	FALSE	FALSE
TGATAGTCACGAAGGA-1	MZ286102_1_ORF2	1	0	6	6	TRUE	TRUE
TGATAGTCACTACGGG-1	meGFP	0	0	1	1	FALSE	TRUE
TGATAGTCACTAGACA-1	MZ286102_1_ORF2	0	0	1	1	FALSE	FALSE
TGATAGTCAGGTACGT-1	OP549859_1_ORF1	0	0	1	1	FALSE	TRUE
TGATAGTCATAGGCAC-1	OP549859_1_ORF1	0	0	1	1	FALSE	TRUE
TGATATCTCAACTGGG-1	MZ286258_1_ORF2	1	0	8	8	TRUE	TRUE
TGATATCTCAATCCAT-1	OZ258728_1_ORF2	1	0	7	7	TRUE	TRUE
TGATATCTCATGGCAG-1	OZ258728_1_ORF1	0	0	1	1	FALSE	TRUE
TGATATCTCCAATCAT-1	OZ258728_1_ORF2	0	0	1	1	FALSE	FALSE
TGATATCTCTCCTTCG-1	MZ286102_1_ORF2	0	0	2	2	TRUE	TRUE
TGATATCTCTGCCACG-1	OZ258728_1_ORF2	1	0	9	10	TRUE	TRUE
TGATATCTCTGTACCA-1	MZ286258_1_ORF1	0	0	1	1	FALSE	TRUE
TGATATTGTCCGAATT-1	OZ258728_1_ORF1	0	0	1	1	FALSE	FALSE
TGATATTGTCTTGCAG-1	MZ286197_1_ORF2	1	0	4	4	TRUE	TRUE
TGATATTGTGATTGCT-1	MZ286102_1_ORF2	0	0	1	1	FALSE	FALSE
TGATATTGTGGCAACG-1	meGFP	0	0	1	1	FALSE	TRUE
TGATATTGTTATGGAG-1	OZ258728_1_ORF2	0	0	1	1	FALSE	FALSE
TGATATTGTTGGTTAC-1	MZ286102_1_ORF2	1	1	11	12	TRUE	TRUE
TGATCAGCAAGCGTTA-1	OP549859_1_ORF2	0	0	2	3	FALSE	TRUE
TGATCAGCACTAGGCG-1	MZ286102_1_ORF1	1	0	6	6	TRUE	TRUE
TGATCAGCACTCACAT-1	OP549859_1_ORF1	2	1	11	17	FALSE	TRUE
TGATCAGCATAAGGTT-1	OZ258728_1_ORF2	1	1	19	19	TRUE	TRUE
TGATCAGCATGATTCC-1	OZ258728_1_ORF2	0	0	1	1	FALSE	FALSE
TGATCAGCATGCTCGC-1	OZ258728_1_ORF1	1	1	11	11	TRUE	TRUE
TGATCTTAGCGGAACC-1	OZ258728_1_ORF2	0	0	1	1	FALSE	FALSE
TGATCTTAGCGGGACT-1	OP549859_1_ORF1	3	2	21	38	FALSE	TRUE
TGATCTTAGGGCGTGT-1	MZ286258_1_ORF2	0	0	2	4	FALSE	TRUE
TGATCTTAGTCTAGGG-1	OZ258728_1_ORF2	0	0	1	1	FALSE	FALSE
TGATGCCTCACTCGCG-1	OP549859_1_ORF1	0	0	3	3	TRUE	TRUE
TGATGCCTCAGGCTAG-1	meGFP	0	0	1	1	FALSE	FALSE
TGATGCCTCATGATCT-1	MZ286102_1_ORF2	1	1	10	10	TRUE	TRUE
TGATGCCTCGAGTTGG-1	meGFP	0	0	1	1	FALSE	FALSE
TGATGCCTCGGGAACC-1	OZ258728_1_ORF2	0	0	1	1	FALSE	TRUE
TGATGCCTCGTGAGGC-1	OP549859_1_ORF1	0	0	2	5	FALSE	TRUE
TGATGCCTCTAATGGA-1	OP549859_1_ORF2	0	0	1	1	FALSE	TRUE
TGATGCCTCTACCGAC-1	MZ286102_1_ORF2	0	0	1	1	FALSE	FALSE
TGATGCCTCTCACGTA-1	meGFP	1	1	12	13	TRUE	TRUE
TGATGCCTCTCTGGCG-1	meGFP	0	0	1	1	FALSE	TRUE
TGATGCTGTACGATAG-1	MZ286258_1_ORF1	0	0	1	1	FALSE	FALSE
TGATGCTGTGCTTAGT-1	MZ286197_1_ORF2	1	0	4	5	TRUE	TRUE
TGATGCTGTGGCCGTT-1	OZ258728_1_ORF2	0	0	1	1	FALSE	FALSE
TGATGGCCAAACGACC-1	MZ286188_1_ORF2	0	0	1	1	FALSE	TRUE
TGATGGCCACGGTAAC-1	OZ258728_1_ORF2	0	0	2	2	TRUE	TRUE
TGATGGTAGAACGAAG-1	OZ258728_1_ORF2	2	1	16	22	FALSE	TRUE
TGATGGTAGAACTGCG-1	meGFP	0	0	1	1	FALSE	FALSE
TGATGGTAGAGGAAGC-1	MZ286102_1_ORF1	0	0	1	1	FALSE	FALSE
TGATGGTAGCAAGTAC-1	MZ286188_1_ORF1	0	0	2	2	TRUE	TRUE
TGATGGTAGCACGGAC-1	OZ258728_1_ORF1	0	0	1	1	FALSE	TRUE
TGATGGTAGCTCGTTA-1	MZ286102_1_ORF1	1	0	6	6	TRUE	TRUE
TGATGGTAGCTGTCGT-1	meGFP	0	0	1	1	FALSE	FALSE
TGATGGTAGGGGAACG-1	MZ286258_1_ORF1	0	0	1	1	FALSE	FALSE
TGATGGTAGTAATGTG-1	OZ258728_1_ORF2	0	0	1	1	FALSE	FALSE
TGATTAACAAACGGGA-1	MZ286188_1_ORF1	1	0	9	9	TRUE	TRUE
TGATTAACAAAGGATA-1	OP549859_1_ORF1	1	1	28	29	TRUE	TRUE
TGATTAACAAAGTCAT-1	MZ286258_1_ORF2	1	0	5	5	TRUE	TRUE
TGATTAACAAAGTTAC-1	OP549859_1_ORF1	0	0	1	1	FALSE	FALSE
TGATTAACAAGATCCA-1	OZ258728_1_ORF1	1	1	45	46	TRUE	TRUE
TGATTAACACACCGCT-1	MZ286102_1_ORF1	0	0	2	2	TRUE	TRUE
TGATTAACAGCTCTAT-1	meGFP	0	0	1	1	FALSE	FALSE
TGATTAACATGAACCA-1	MZ286197_1_ORF1	0	0	1	2	FALSE	TRUE
TGATTAACATGCGTGG-1	OZ258728_1_ORF2	0	0	1	2	FALSE	TRUE
TGATTACTCAATCCAT-1	OP549859_1_ORF2	1	0	4	4	TRUE	TRUE
TGATTACTCACGCTTA-1	OP549859_1_ORF2	0	0	1	1	FALSE	FALSE
TGATTACTCATACAGA-1	OZ258728_1_ORF2	0	0	1	1	FALSE	TRUE
TGATTACTCATGATCT-1	OP549859_1_ORF1	1	1	12	12	TRUE	TRUE
TGATTACTCGGGAAGG-1	MZ286258_1_ORF1	0	0	1	1	FALSE	FALSE
TGATTACTCTCACGCG-1	OP549859_1_ORF2	1	0	7	7	TRUE	TRUE
TGATTACTCTGTACCA-1	MZ286258_1_ORF2	0	0	3	3	TRUE	TRUE
TGATTATGTACCGACC-1	OP549859_1_ORF1	0	0	1	1	FALSE	TRUE
TGATTATGTAGTGACA-1	OZ258728_1_ORF2	0	0	1	1	FALSE	FALSE
TGATTATGTATGGCCC-1	OZ258728_1_ORF2	0	0	1	2	FALSE	TRUE
TGATTATGTGAGAGCT-1	meGFP	1	1	54	54	TRUE	TRUE
TGATTATGTGCGTAGG-1	OZ258728_1_ORF2	0	0	1	2	FALSE	TRUE
TGATTATGTTATGGAG-1	OZ258728_1_ORF2	0	0	1	1	FALSE	FALSE
TGATTATGTTGTCTAA-1	OZ258728_1_ORF2	0	0	1	1	FALSE	FALSE
TGATTCTAGAATGGAG-1	OP549859_1_ORF1	0	0	3	3	TRUE	TRUE
TGATTCTAGCGGAACC-1	OZ258728_1_ORF2	0	0	1	1	FALSE	FALSE
TGATTCTAGCGGTAAT-1	MZ286102_1_ORF2	1	0	9	9	TRUE	TRUE
TGATTCTAGCGTGCTT-1	OP549859_1_ORF2	0	0	2	2	TRUE	TRUE
TGATTCTAGCTAACCC-1	OZ258728_1_ORF1	1	1	16	16	TRUE	TRUE
TGATTCTAGGAATCTA-1	meGFP	0	0	1	1	FALSE	TRUE
TGATTCTAGTATAGGC-1	MZ286197_1_ORF1	1	1	54	54	TRUE	TRUE
TGATTTGGTAATCACC-1	OP549859_1_ORF2	0	0	1	1	FALSE	FALSE
TGATTTGGTACTTCCC-1	OZ258728_1_ORF2	1	1	15	16	TRUE	TRUE
TGATTTGGTATCGCCA-1	OP549859_1_ORF1	0	0	1	2	FALSE	TRUE
TGATTTGGTCGCATAT-1	MZ286102_1_ORF2	0	0	1	1	FALSE	FALSE
TGATTTGGTCTATCGG-1	OP549859_1_ORF2	0	0	1	2	FALSE	TRUE
TGATTTGGTCTGCACA-1	meGFP	0	0	1	1	FALSE	FALSE
TGATTTGGTCTTGCTC-1	OZ258728_1_ORF1	1	1	35	35	TRUE	TRUE
TGATTTGGTTCACGAT-1	MZ286197_1_ORF1	0	0	1	1	FALSE	TRUE
TGATTTGGTTGCAATC-1	MZ286102_1_ORF2	1	1	10	10	TRUE	TRUE
TGATTTGGTTGGGATA-1	meGFP	1	1	10	11	TRUE	TRUE
TGCACAACACGCCTGT-1	OZ258728_1_ORF2	0	0	1	1	FALSE	TRUE
TGCACAACAGACCGCA-1	OZ258728_1_ORF2	0	0	1	1	FALSE	TRUE
TGCACAGAGACTAATG-1	MZ286258_1_ORF2	0	0	1	1	FALSE	TRUE
TGCACAGAGCACGTAG-1	MZ286197_1_ORF2	0	0	2	2	TRUE	TRUE
TGCACAGAGCCCGATT-1	MZ286188_1_ORF1	0	0	1	2	FALSE	TRUE
TGCACAGAGGAGTATC-1	MZ286102_1_ORF2	0	0	1	1	FALSE	TRUE
TGCACAGAGGCACGGT-1	meGFP	1	1	56	56	TRUE	TRUE
TGCACAGAGGCTTCGT-1	MZ286102_1_ORF2	1	0	6	6	TRUE	FALSE
TGCACAGAGGGGTTCA-1	OZ258728_1_ORF2	0	0	1	1	FALSE	TRUE
TGCACAGAGGGTTCGA-1	OZ258728_1_ORF1	1	0	6	7	TRUE	TRUE
TGCACAGAGTCAGCAG-1	OZ258728_1_ORF2	0	0	1	1	FALSE	TRUE
TGCAGACCAACCGTGG-1	MZ286258_1_ORF1	0	0	3	3	TRUE	TRUE
TGCAGACCAAGATGGG-1	OP549859_1_ORF2	1	1	17	18	TRUE	TRUE
TGCAGACCAATCTGTC-1	MZ286102_1_ORF1	0	0	1	1	FALSE	FALSE
TGCAGACCAGATTAGT-1	MZ286258_1_ORF2	0	0	1	2	FALSE	FALSE
TGCAGACCAGGAAGCA-1	OP549859_1_ORF1	0	0	1	1	FALSE	FALSE
TGCAGACCATCCGCAC-1	OZ258728_1_ORF1	0	0	1	1	FALSE	FALSE
TGCAGACCATGGCTGG-1	MZ286197_1_ORF1	1	1	17	17	TRUE	TRUE
TGCAGACCATTAACGG-1	meGFP	1	0	4	4	TRUE	TRUE
TGCAGCCGTAACCGAA-1	MZ286258_1_ORF1	1	0	5	5	TRUE	TRUE
TGCAGCCGTATGTGGA-1	MZ286197_1_ORF2	0	0	3	3	TRUE	TRUE
TGCAGCCGTCGACATT-1	MZ286258_1_ORF2	0	0	1	1	FALSE	FALSE
TGCAGCCGTCGATGAA-1	OZ258728_1_ORF2	0	0	1	1	FALSE	FALSE
TGCAGCCGTGCACTCA-1	MZ286188_1_ORF2	1	0	4	4	TRUE	TRUE
TGCAGCCGTGTTGCGC-1	MZ286102_1_ORF2	0	0	3	4	TRUE	TRUE
TGCAGCCGTTCTATGA-1	MZ286258_1_ORF2	0	0	1	1	FALSE	TRUE
TGCAGCCGTTGCCTAG-1	MZ286258_1_ORF1	0	0	1	1	FALSE	FALSE
TGCAGCCGTTGGACCC-1	OZ258728_1_ORF2	0	0	1	1	FALSE	FALSE
TGCAGCCGTTGGACTT-1	MZ286258_1_ORF2	0	0	1	1	FALSE	TRUE
TGCAGGCAGACTTGGG-1	OP549859_1_ORF1	0	0	1	1	FALSE	FALSE
TGCAGGCAGATCCTGC-1	meGFP	1	1	31	31	TRUE	TRUE
TGCAGGCAGGAAGGGT-1	OZ258728_1_ORF1	0	0	1	1	FALSE	FALSE
TGCAGGCAGGCCTCAT-1	MZ286188_1_ORF1	1	1	34	34	TRUE	TRUE
TGCAGGCAGTCAACTT-1	MZ286188_1_ORF2	0	0	1	1	FALSE	TRUE
TGCATCCAGAGGCCAC-1	meGFP	0	0	1	1	FALSE	FALSE
TGCATCCAGAGTTAGC-1	MZ286197_1_ORF1	1	0	4	5	TRUE	TRUE
TGCATCCAGCCACTCG-1	MZ286197_1_ORF2	0	0	1	1	FALSE	TRUE
TGCATCCAGGCACATG-1	MZ286188_1_ORF1	0	0	1	1	FALSE	FALSE
TGCATCCAGTACTAAG-1	meGFP	1	1	20	21	TRUE	TRUE
TGCATCCAGTCCGCTG-1	MZ286258_1_ORF1	0	0	1	1	FALSE	FALSE
TGCATCCAGTGGGTTG-1	meGFP	1	0	8	9	TRUE	TRUE
TGCATGCTCAATGCTT-1	OZ258728_1_ORF2	0	0	1	1	FALSE	TRUE
TGCATGCTCCTCTCCA-1	OZ258728_1_ORF2	0	0	1	2	FALSE	FALSE
TGCATGCTCTGATTAC-1	meGFP	0	0	1	1	FALSE	FALSE
TGCCAGTTCGATGGGC-1	MZ286102_1_ORF2	1	1	10	10	TRUE	TRUE
TGCCAGTTCGCGAGGT-1	OZ258728_1_ORF1	0	0	1	1	FALSE	TRUE
TGCCAGTTCGGCTCCA-1	MZ286102_1_ORF2	1	1	19	19	TRUE	TRUE
TGCCAGTTCGGTAAGT-1	meGFP	0	0	1	1	FALSE	FALSE
TGCCAGTTCTGCACCG-1	MZ286102_1_ORF2	1	0	4	4	TRUE	TRUE
TGCCATCAGAACCGTG-1	MZ286188_1_ORF1	1	0	4	8	TRUE	TRUE
TGCCATCAGACGCGAC-1	MZ286197_1_ORF1	0	0	1	2	FALSE	FALSE
TGCCATCAGCAATCAA-1	MZ286258_1_ORF2	0	0	1	1	FALSE	FALSE
TGCCATCAGGACTCTC-1	MZ286197_1_ORF2	0	0	2	2	TRUE	TRUE
TGCCATCAGGGAGTAA-1	OP549859_1_ORF2	1	0	8	9	TRUE	TRUE
TGCCATCAGGGTTAGT-1	MZ286197_1_ORF2	0	0	1	1	FALSE	FALSE
TGCCATCAGGTAGACT-1	MZ286188_1_ORF1	2	1	35	43	TRUE	TRUE
TGCCATCAGTAACGCG-1	OZ258728_1_ORF1	1	1	29	31	TRUE	TRUE
TGCCATCAGTATCGTT-1	OP549859_1_ORF1	2	1	15	22	FALSE	TRUE
TGCCATTCACCGGTAG-1	MZ286188_1_ORF1	1	0	6	6	TRUE	TRUE
TGCCATTCACCTCTAG-1	MZ286102_1_ORF1	0	0	1	1	FALSE	TRUE
TGCCATTCACGATCCC-1	OP549859_1_ORF1	0	0	1	1	FALSE	FALSE
TGCCATTCAGAGGTTC-1	OZ258728_1_ORF2	0	0	1	1	FALSE	TRUE
TGCCCCTTCAGTATCT-1	MZ286197_1_ORF2	0	0	1	1	FALSE	TRUE
TGCCCCTTCCAACCTA-1	OZ258728_1_ORF2	0	0	1	1	FALSE	TRUE
TGCCCCTTCCCTTCCA-1	MZ286188_1_ORF1	0	0	1	1	FALSE	TRUE
TGCCCCTTCCGCTCGA-1	meGFP	0	0	1	1	FALSE	FALSE
TGCCCCTTCGCTTGGT-1	meGFP	0	0	1	1	FALSE	FALSE
TGCCCCTTCTCCTAAG-1	MZ286258_1_ORF2	0	0	1	1	FALSE	TRUE
TGCCCCTTCTGTAATC-1	meGFP	1	1	30	30	TRUE	TRUE
TGCCCGCAGACCAGTG-1	meGFP	0	0	1	1	FALSE	TRUE
TGCCCGCAGAGCTGGC-1	MZ286188_1_ORF2	0	0	1	1	FALSE	FALSE
TGCCCGCAGATAGTCA-1	MZ286102_1_ORF1	0	0	1	1	FALSE	FALSE
TGCCCGCAGGAGTGCC-1	MZ286258_1_ORF1	0	0	1	1	FALSE	FALSE
TGCCCGCAGGCATGTG-1	OZ258728_1_ORF2	0	0	2	2	TRUE	TRUE
TGCCCGCAGGGCTGGT-1	OZ258728_1_ORF2	0	0	1	1	FALSE	FALSE
TGCCCGCAGTGGATTA-1	MZ286188_1_ORF1	1	1	17	19	TRUE	TRUE
TGCCCGCAGTTACACT-1	MZ286197_1_ORF1	0	0	3	4	TRUE	TRUE
TGCCGGGAGCGACGGT-1	MZ286188_1_ORF1	0	0	1	1	FALSE	FALSE
TGCCGGGAGCGGAACC-1	OZ258728_1_ORF2	0	0	1	1	FALSE	FALSE
TGCCGGGAGTTCGGCT-1	OZ258728_1_ORF2	0	0	2	2	TRUE	TRUE
TGCCGGGAGTTGAATG-1	meGFP	0	0	1	1	FALSE	FALSE
TGCCGGGAGTTGGCGA-1	OP549859_1_ORF1	0	0	1	1	FALSE	TRUE
TGCCTAGGTAATGGGC-1	OZ258728_1_ORF2	0	0	1	1	FALSE	TRUE
TGCCTAGGTCGATGAA-1	MZ286102_1_ORF1	0	0	1	1	FALSE	TRUE
TGCCTAGGTTGCAGTT-1	meGFP	0	0	1	1	FALSE	FALSE
TGCCTAGGTTGGACCC-1	meGFP	1	0	8	8	TRUE	TRUE
TGCCTATCAAAGGATA-1	OP549859_1_ORF1	1	1	10	10	TRUE	TRUE
TGCCTATCAATCGTTC-1	meGFP	0	0	1	1	FALSE	FALSE
TGCCTATCAATCTGTC-1	MZ286102_1_ORF1	0	0	1	1	FALSE	FALSE
TGCCTATCAGCGCTTC-1	OZ258728_1_ORF2	0	0	1	1	FALSE	TRUE
TGCCTATCAGCTTGGG-1	MZ286102_1_ORF1	0	0	1	1	FALSE	FALSE
TGCCTCACAAAGGATA-1	OP549859_1_ORF1	0	0	1	1	FALSE	FALSE
TGCCTCACAATGTAGT-1	OP549859_1_ORF1	0	0	1	1	FALSE	FALSE
TGCCTCACACGCCTGT-1	meGFP	0	0	1	1	FALSE	FALSE
TGCCTCACATAGCGCG-1	MZ286102_1_ORF2	0	0	1	1	FALSE	TRUE
TGCCTCACATGCAGAC-1	MZ286258_1_ORF2	0	0	3	3	TRUE	TRUE
TGCCTCACATGGAGCT-1	MZ286258_1_ORF2	0	0	1	1	FALSE	TRUE
TGCGAGCAGAACGAAG-1	MZ286102_1_ORF2	0	0	1	1	FALSE	TRUE
TGCGAGCAGACTCGCT-1	MZ286258_1_ORF2	1	0	5	8	TRUE	TRUE
TGCGAGCAGATCAAGC-1	MZ286102_1_ORF2	0	0	1	2	FALSE	TRUE
TGCGAGCAGATGCGGC-1	MZ286258_1_ORF1	1	0	6	6	TRUE	FALSE
TGCGAGCAGATTAGGC-1	OP549859_1_ORF1	0	0	2	2	TRUE	TRUE
TGCGAGCAGTACTGGG-1	OZ258728_1_ORF2	0	0	1	1	FALSE	TRUE
TGCGAGGGTGAACGGT-1	OZ258728_1_ORF1	0	0	1	1	FALSE	TRUE
TGCGAGGGTGCACTCA-1	MZ286258_1_ORF2	1	0	4	7	TRUE	TRUE
TGCGAGGGTGCTTAGT-1	MZ286197_1_ORF2	0	0	1	1	FALSE	FALSE
TGCGAGGGTGTAAGTG-1	MZ286102_1_ORF2	0	0	1	2	FALSE	TRUE
TGCGAGGGTTTAGGCT-1	MZ286197_1_ORF1	1	1	15	16	TRUE	TRUE
TGCGATACACGTATAG-1	MZ286197_1_ORF1	1	1	33	33	TRUE	TRUE
TGCGATACACTCACAT-1	OZ258728_1_ORF2	0	0	1	1	FALSE	TRUE
TGCGATACAGAGCCTG-1	OZ258728_1_ORF2	0	0	2	2	TRUE	TRUE
TGCGATACAGGCATTA-1	MZ286258_1_ORF2	1	0	4	4	TRUE	TRUE
TGCGATACATCCACAT-1	OZ258728_1_ORF1	0	0	1	1	FALSE	FALSE
TGCGCAGCACCTCTAG-1	OZ258728_1_ORF2	0	0	1	1	FALSE	FALSE
TGCGCAGCACGAATGC-1	MZ286102_1_ORF2	1	1	13	13	TRUE	TRUE
TGCGCAGCAGACACAC-1	MZ286258_1_ORF2	0	0	1	1	FALSE	FALSE
TGCGCAGCAGCCAACG-1	OZ258728_1_ORF2	1	1	57	57	TRUE	TRUE
TGCGCAGCAGGAAGTG-1	MZ286102_1_ORF1	2	2	30	50	FALSE	TRUE
TGCGCAGCATAAGCCA-1	meGFP	0	0	1	1	FALSE	FALSE
TGCGCAGCATCCCGAC-1	MZ286102_1_ORF2	0	0	3	3	TRUE	TRUE
TGCGCCCAGAACCCAG-1	MZ286102_1_ORF2	1	0	8	8	TRUE	TRUE
TGCGCCCAGCTCTAGC-1	OZ258728_1_ORF1	1	1	19	19	TRUE	TRUE
TGCGCCCAGGGCAATT-1	OZ258728_1_ORF2	0	0	2	2	TRUE	TRUE
TGCGCCCAGGGGAACG-1	MZ286188_1_ORF1	1	0	6	7	TRUE	TRUE
TGCGCCCAGGGTGATT-1	MZ286102_1_ORF1	2	2	14	25	FALSE	TRUE
TGCGCCCAGTAGTTGA-1	meGFP	0	0	1	1	FALSE	TRUE
TGCGCCCAGTGAGAGA-1	OZ258728_1_ORF1	1	1	16	17	TRUE	TRUE
TGCGCCCAGTGTCCGT-1	meGFP	1	0	4	4	TRUE	TRUE
TGCGCTTAGAAGCGCC-1	OZ258728_1_ORF2	1	1	31	32	TRUE	TRUE
TGCGCTTAGAGGGACG-1	OP549859_1_ORF1	0	0	1	1	FALSE	FALSE
TGCGCTTAGATGGTGT-1	MZ286258_1_ORF2	0	0	1	1	FALSE	FALSE
TGCGCTTAGCCTGGAA-1	meGFP	1	0	5	5	TRUE	TRUE
TGCGCTTAGCGAACTG-1	OP549859_1_ORF1	0	0	1	1	FALSE	TRUE
TGCGCTTAGCGGAACC-1	OZ258728_1_ORF2	0	0	1	1	FALSE	FALSE
TGCGGATCAAAGGGCA-1	OZ258728_1_ORF1	0	0	1	1	FALSE	FALSE
TGCGGATCAAGTCAAT-1	MZ286197_1_ORF2	1	0	4	5	TRUE	TRUE
TGCGGATCAAGTCGGT-1	MZ286188_1_ORF1	2	1	50	61	TRUE	TRUE
TGCGGATCAGACATTG-1	MZ286188_1_ORF1	0	0	1	1	FALSE	FALSE
TGCGGATCAGCGCACA-1	OP549859_1_ORF1	0	0	1	1	FALSE	FALSE
TGCGGATCAGGGTCTG-1	MZ286197_1_ORF2	0	0	1	1	FALSE	TRUE
TGCGGATCAGGTACAC-1	MZ286102_1_ORF1	0	0	1	2	FALSE	TRUE
TGCGGATCAGTTGCTT-1	MZ286258_1_ORF2	0	0	1	1	FALSE	TRUE
TGCGGATCATCAAGTG-1	OP549859_1_ORF1	0	0	1	1	FALSE	FALSE
TGCGGATCATCCATAC-1	MZ286197_1_ORF1	0	0	2	2	TRUE	TRUE
TGCGGATCATGGTCCC-1	MZ286188_1_ORF1	1	0	9	10	TRUE	TRUE
TGCGGATCATTACTTG-1	OZ258728_1_ORF1	1	1	29	29	TRUE	TRUE
TGCGGATCATTGCGAA-1	MZ286258_1_ORF2	0	0	3	3	TRUE	TRUE
TGCGGGTAGCCACTCG-1	MZ286102_1_ORF1	0	0	1	1	FALSE	TRUE
TGCGGGTAGCTTGATT-1	meGFP	0	0	1	1	FALSE	TRUE
TGCGGGTAGGAGGAGT-1	MZ286102_1_ORF2	0	0	1	1	FALSE	TRUE
TGCGGGTAGGTGGACC-1	MZ286188_1_ORF1	0	0	1	1	FALSE	FALSE
TGCGGTCGTCGACTCA-1	OZ258728_1_ORF2	0	0	1	1	FALSE	TRUE
TGCGGTCGTTCGGTTG-1	meGFP	0	0	3	3	TRUE	TRUE
TGCGGTCGTTGGACTT-1	OZ258728_1_ORF1	0	0	1	1	FALSE	TRUE
TGCGGTGCACCGGTAG-1	OZ258728_1_ORF2	1	1	78	78	TRUE	TRUE
TGCGGTGCAGGTACGT-1	OZ258728_1_ORF2	0	0	1	1	FALSE	FALSE
TGCGGTGCATCCCGAC-1	OP549859_1_ORF1	1	1	17	18	TRUE	TRUE
TGCGTAGAGACTAATG-1	OZ258728_1_ORF2	0	0	1	1	FALSE	FALSE
TGCGTAGAGCAAGGTT-1	OP549859_1_ORF1	0	0	1	1	FALSE	TRUE
TGCGTAGAGCCAGTTC-1	MZ286258_1_ORF2	0	0	1	1	FALSE	FALSE
TGCGTAGAGCTATGAA-1	MZ286102_1_ORF2	1	0	5	5	TRUE	TRUE
TGCGTAGAGGAGCCTA-1	MZ286197_1_ORF1	1	0	6	6	TRUE	TRUE
TGCGTAGAGGGCTGGT-1	MZ286258_1_ORF1	0	0	1	1	FALSE	FALSE
TGCGTAGAGTAGAGGA-1	MZ286197_1_ORF2	1	0	4	4	TRUE	TRUE
TGCGTGAAGAACCTAA-1	MZ286102_1_ORF2	1	1	14	14	TRUE	TRUE
TGCGTGAAGCGCTTAC-1	MZ286102_1_ORF2	1	1	11	11	TRUE	TRUE
TGCGTGAAGCGGATTG-1	meGFP	0	0	1	1	FALSE	FALSE
TGCGTGAAGGAAGTAG-1	MZ286102_1_ORF2	1	0	4	4	TRUE	TRUE
TGCGTGAAGGGGCAAG-1	meGFP	1	1	28	29	TRUE	TRUE
TGCGTGAAGGGTATGT-1	OZ258728_1_ORF2	1	1	77	77	TRUE	TRUE
TGCGTGAAGTTGCGTC-1	MZ286188_1_ORF2	0	0	1	1	FALSE	FALSE
TGCGTGCGTGAACGAC-1	MZ286102_1_ORF2	1	0	8	8	TRUE	TRUE
TGCGTGCGTGACCTTG-1	OZ258728_1_ORF2	0	0	1	1	FALSE	TRUE
TGCGTGCGTGCTGACC-1	meGFP	0	0	1	1	FALSE	TRUE
TGCGTGCGTGGAAGCT-1	OZ258728_1_ORF2	1	1	57	57	TRUE	TRUE
TGCGTGCGTGGAAGGA-1	meGFP	0	0	1	1	FALSE	FALSE
TGCGTGCGTGTCGAGG-1	OZ258728_1_ORF2	0	0	1	1	FALSE	FALSE
TGCGTGCGTTATGCAC-1	OZ258728_1_ORF2	0	0	1	1	FALSE	FALSE
TGCGTGCGTTGTGCGC-1	OP549859_1_ORF1	0	0	1	1	FALSE	TRUE
TGCGTGCGTTTCAAGC-1	OZ258728_1_ORF2	0	0	1	1	FALSE	FALSE
TGCGTGGCAACTCTAC-1	MZ286102_1_ORF2	0	0	1	1	FALSE	TRUE
TGCGTGGCAATAGCAT-1	MZ286188_1_ORF1	0	0	1	1	FALSE	TRUE
TGCGTGGCAGAACTAT-1	meGFP	0	0	3	4	TRUE	FALSE
TGCGTGGCAGATTAAC-1	OP549859_1_ORF1	1	1	30	30	TRUE	TRUE
TGCGTGGCAGCTCTAT-1	OP549859_1_ORF1	0	0	1	1	FALSE	FALSE
TGCTCGAGTACGTTCG-1	MZ286258_1_ORF2	0	0	3	3	TRUE	TRUE
TGCTCGAGTAGTCCTG-1	MZ286258_1_ORF2	0	0	1	4	FALSE	TRUE
TGCTCGAGTGCGCGTT-1	MZ286102_1_ORF1	1	1	20	20	TRUE	TRUE
TGCTCGAGTGGGAATC-1	OZ258728_1_ORF2	0	0	1	1	FALSE	FALSE
TGCTCGAGTTATAGCC-1	MZ286102_1_ORF2	0	0	2	2	TRUE	TRUE
TGCTCGAGTTTCAAGC-1	OZ258728_1_ORF2	0	0	1	1	FALSE	FALSE
TGCTCGAGTTTGGCGC-1	OZ258728_1_ORF1	1	0	4	5	TRUE	TRUE
TGCTGAGAGAACCGTG-1	MZ286258_1_ORF2	1	0	4	4	TRUE	TRUE
TGCTGAGAGAAGGACA-1	MZ286102_1_ORF2	0	0	1	1	FALSE	FALSE
TGCTGAGAGACATCGG-1	OZ258728_1_ORF1	1	1	12	12	TRUE	TRUE
TGCTGAGAGACTCATT-1	MZ286188_1_ORF1	0	0	1	1	FALSE	TRUE
TGCTGAGAGAGGTCTG-1	OP549859_1_ORF1	0	0	1	1	FALSE	FALSE
TGCTGAGAGATAGTCA-1	MZ286197_1_ORF1	1	0	6	6	TRUE	TRUE
TGCTGAGAGATCAGTA-1	MZ286188_1_ORF2	0	0	1	1	FALSE	TRUE
TGCTGAGAGCCTGTAC-1	OP549859_1_ORF1	0	0	1	1	FALSE	TRUE
TGCTGAGAGCGACGGT-1	OZ258728_1_ORF1	0	0	1	1	FALSE	FALSE
TGCTGAGAGCGCTAGA-1	OZ258728_1_ORF1	1	1	32	32	TRUE	TRUE
TGCTGAGAGGGATGGG-1	MZ286188_1_ORF2	0	0	1	1	FALSE	FALSE
TGCTGAGAGGGGCTTA-1	OP549859_1_ORF2	0	0	1	1	FALSE	FALSE
TGCTGAGAGTGGCTTC-1	MZ286102_1_ORF2	0	0	1	1	FALSE	FALSE
TGCTGAGAGTTGCACC-1	OZ258728_1_ORF2	0	0	1	1	FALSE	TRUE
TGCTGATGTACGTTCG-1	MZ286102_1_ORF2	0	0	3	3	TRUE	TRUE
TGCTGATGTACTTCCC-1	MZ286102_1_ORF1	1	0	7	8	TRUE	TRUE
TGCTGATGTAGACATG-1	meGFP	0	0	1	1	FALSE	FALSE
TGCTGATGTCGATGCC-1	MZ286188_1_ORF1	0	0	1	1	FALSE	TRUE
TGCTGATGTCTTGCTC-1	MZ286188_1_ORF2	0	0	1	1	FALSE	FALSE
TGCTGATGTGGGATTA-1	MZ286188_1_ORF1	0	0	3	3	TRUE	TRUE
TGCTGATGTGTCTGTG-1	OZ258728_1_ORF2	0	0	1	1	FALSE	FALSE
TGCTGATGTTTAGCAC-1	meGFP	0	0	1	1	FALSE	FALSE
TGCTGGAAGCCTAGTC-1	OZ258728_1_ORF2	0	0	1	1	FALSE	TRUE
TGCTGGAAGCTCATGC-1	OZ258728_1_ORF2	0	0	3	3	TRUE	FALSE
TGCTGGAAGCTGGACA-1	MZ286258_1_ORF1	1	0	7	7	TRUE	TRUE
TGCTGGAAGCTGGGTA-1	OZ258728_1_ORF2	0	0	1	1	FALSE	FALSE
TGCTGGCGTACGATAG-1	MZ286197_1_ORF1	0	0	1	2	FALSE	FALSE
TGCTGGCGTCGACATT-1	OZ258728_1_ORF1	0	0	2	3	FALSE	TRUE
TGCTGGCGTGAACCAA-1	OZ258728_1_ORF1	0	0	1	1	FALSE	TRUE
TGCTGGCGTGAGATAT-1	OP549859_1_ORF1	0	0	1	1	FALSE	FALSE
TGCTGGCGTGATGTAG-1	OZ258728_1_ORF1	0	0	2	3	FALSE	TRUE
TGCTGGCGTGGCGCAA-1	meGFP	0	0	1	1	FALSE	TRUE
TGCTGGCGTGTTGAGA-1	OP549859_1_ORF1	1	1	25	25	TRUE	TRUE
TGCTGGCGTTACACCG-1	OP549859_1_ORF1	1	1	13	13	TRUE	TRUE
TGCTGGCGTTGCAATC-1	MZ286102_1_ORF2	1	0	5	5	TRUE	TRUE
TGCTGGCGTTTCCTAT-1	MZ286102_1_ORF2	0	0	2	2	TRUE	TRUE
TGGACATAGACTAGCG-1	MZ286102_1_ORF2	0	0	1	1	FALSE	TRUE
TGGACATAGATTCGTT-1	OP549859_1_ORF1	1	1	133	133	TRUE	TRUE
TGGACATAGCCTCACG-1	OP549859_1_ORF1	0	0	1	1	FALSE	TRUE
TGGACATAGCGGAACC-1	meGFP	0	0	1	1	FALSE	TRUE
TGGACATAGCTGAGAT-1	OP549859_1_ORF1	0	0	1	1	FALSE	FALSE
TGGACATAGGATCACG-1	MZ286102_1_ORF1	0	0	2	2	TRUE	TRUE
TGGACATAGGGTGTCA-1	OZ258728_1_ORF1	0	0	1	1	FALSE	FALSE
TGGACATAGTCTAGGG-1	OZ258728_1_ORF1	1	1	19	19	TRUE	TRUE
TGGACATAGTGTGATA-1	MZ286188_1_ORF1	1	0	9	9	TRUE	TRUE
TGGACGGGTACGAATG-1	MZ286197_1_ORF1	0	0	1	1	FALSE	FALSE
TGGACGGGTATCCTAA-1	MZ286102_1_ORF1	1	0	6	6	TRUE	TRUE
TGGACGGGTATGAGTG-1	OZ258728_1_ORF2	1	1	63	63	TRUE	TRUE
TGGACGGGTCAGCATT-1	MZ286102_1_ORF2	0	0	1	1	FALSE	TRUE
TGGACGGGTCCATGAT-1	OP549859_1_ORF1	1	1	57	57	TRUE	TRUE
TGGACGGGTCGTTAGT-1	MZ286258_1_ORF2	0	0	1	1	FALSE	FALSE
TGGACGGGTCTTACCC-1	OZ258728_1_ORF2	0	0	2	2	TRUE	FALSE
TGGACGGGTGCTATGT-1	OP549859_1_ORF1	0	0	1	1	FALSE	FALSE
TGGAGCGGTAGTCCTG-1	MZ286102_1_ORF2	0	0	1	1	FALSE	FALSE
TGGAGCGGTCGGGCTT-1	OZ258728_1_ORF1	0	0	1	1	FALSE	FALSE
TGGAGCGGTGAACGGT-1	OP549859_1_ORF1	0	0	2	2	TRUE	FALSE
TGGAGCGGTGAGAGGA-1	meGFP	0	0	1	1	FALSE	FALSE
TGGAGCGGTGGAACCG-1	OP549859_1_ORF1	1	1	14	14	TRUE	TRUE
TGGAGCGGTGTGATTC-1	OZ258728_1_ORF2	0	0	1	1	FALSE	FALSE
TGGAGCGGTTAACGAG-1	OZ258728_1_ORF2	0	0	1	1	FALSE	FALSE
TGGAGCGGTTAGTTGC-1	OZ258728_1_ORF2	0	0	1	1	FALSE	TRUE
TGGATCGAGAACCCAG-1	OZ258728_1_ORF2	0	0	1	1	FALSE	FALSE
TGGATCGAGACCAGCA-1	OP549859_1_ORF2	0	0	1	1	FALSE	FALSE
TGGATCGAGATGCCTC-1	MZ286197_1_ORF1	0	0	1	3	FALSE	TRUE
TGGATCGAGATTAGGC-1	OZ258728_1_ORF2	0	0	1	2	FALSE	TRUE
TGGATCGAGCGATTCC-1	meGFP	0	0	1	1	FALSE	FALSE
TGGATCGAGGTAGACT-1	meGFP	0	0	1	1	FALSE	TRUE
TGGATCGAGTGGGTCA-1	OZ258728_1_ORF2	0	0	1	1	FALSE	FALSE
TGGCGAATCAACCGTC-1	MZ286102_1_ORF2	1	0	4	4	TRUE	TRUE
TGGCGAATCACGGTCT-1	meGFP	0	0	1	1	FALSE	FALSE
TGGCGAATCACTAGGG-1	meGFP	0	0	1	1	FALSE	FALSE
TGGCGAATCATCCCTT-1	MZ286188_1_ORF1	0	0	1	1	FALSE	FALSE
TGGCGAATCATCGTTG-1	OZ258728_1_ORF2	0	0	1	1	FALSE	FALSE
TGGCGAATCCAGCGAA-1	meGFP	0	0	3	3	TRUE	TRUE
TGGCGAATCTAGGTAA-1	MZ286188_1_ORF1	1	1	13	14	TRUE	TRUE
TGGCGAATCTGAGTGG-1	OP549859_1_ORF1	0	0	1	1	FALSE	TRUE
TGGCGAATCTGTAATC-1	OZ258728_1_ORF1	0	0	1	1	FALSE	FALSE
TGGCGAGGTAGTATCC-1	meGFP	1	0	7	8	TRUE	TRUE
TGGCGAGGTCAGGAGT-1	meGFP	0	0	1	1	FALSE	TRUE
TGGCGAGGTGTGATTC-1	OP549859_1_ORF1	1	1	58	58	TRUE	TRUE
TGGCGAGGTTCTGGCA-1	OP549859_1_ORF1	0	0	1	1	FALSE	FALSE
TGGCGAGGTTTAGGCT-1	MZ286258_1_ORF2	0	0	1	1	FALSE	TRUE
TGGCGCGAGAAGTGAG-1	meGFP	1	1	11	12	TRUE	TRUE
TGGCGCGAGACACGCA-1	OZ258728_1_ORF2	1	0	6	6	TRUE	TRUE
TGGCGCGAGCCTTCCC-1	meGFP	0	0	1	1	FALSE	FALSE
TGGCGCGAGCGTACCT-1	meGFP	1	1	29	30	TRUE	TRUE
TGGCGCGAGCTCCGCA-1	MZ286102_1_ORF1	0	0	2	2	TRUE	TRUE
TGGCGCGAGCTTAATC-1	OZ258728_1_ORF1	0	0	1	1	FALSE	FALSE
TGGCGCGAGGAATCTA-1	meGFP	0	0	1	1	FALSE	FALSE
TGGCGCGAGGATCCCT-1	MZ286258_1_ORF2	0	0	1	1	FALSE	TRUE
TGGCGCGAGGGAGTAA-1	MZ286188_1_ORF1	1	0	4	4	TRUE	TRUE
TGGCGCGAGGGGTCTA-1	OZ258728_1_ORF2	1	0	8	8	TRUE	TRUE
TGGCGCGAGGTAGGAA-1	OZ258728_1_ORF2	0	0	1	1	FALSE	FALSE
TGGCGCGAGTCCAATT-1	OZ258728_1_ORF2	0	0	1	1	FALSE	FALSE
TGGCGCTGTCTTGACG-1	OP549859_1_ORF1	0	0	1	1	FALSE	FALSE
TGGCGCTGTGATAGTG-1	MZ286197_1_ORF1	1	1	27	27	TRUE	TRUE
TGGCGCTGTGTCTATA-1	OZ258728_1_ORF2	0	0	1	1	FALSE	TRUE
TGGCGTAAGAAGTGAG-1	meGFP	0	0	2	3	FALSE	TRUE
TGGCGTAAGAATCAGC-1	MZ286102_1_ORF1	1	0	8	8	TRUE	TRUE
TGGCGTAAGAGGTTAC-1	MZ286258_1_ORF1	0	0	1	1	FALSE	TRUE
TGGCGTAAGCCGGATA-1	MZ286258_1_ORF1	0	0	1	1	FALSE	FALSE
TGGCGTAAGCGCTTAC-1	MZ286102_1_ORF1	0	0	1	2	FALSE	TRUE
TGGCGTAAGCTCCGCA-1	MZ286258_1_ORF1	0	0	2	2	TRUE	TRUE
TGGCGTAAGGCTGCAA-1	OP549859_1_ORF2	0	0	1	1	FALSE	TRUE
TGGCGTAAGTACTTCG-1	OZ258728_1_ORF2	1	1	168	169	TRUE	TRUE
TGGCGTAAGTGTCCGT-1	MZ286188_1_ORF1	0	0	1	2	FALSE	TRUE
TGGCGTGCACCTGTAT-1	OZ258728_1_ORF2	0	0	1	1	FALSE	FALSE
TGGCGTGCACGAACCG-1	OP549859_1_ORF1	0	0	1	1	FALSE	TRUE
TGGCGTGCACTAGACA-1	OZ258728_1_ORF1	0	0	1	1	FALSE	TRUE
TGGCGTGCACTGATGA-1	OZ258728_1_ORF2	0	0	1	1	FALSE	FALSE
TGGCGTGCATAAGCCA-1	OZ258728_1_ORF2	0	0	1	1	FALSE	TRUE
TGGCGTTTCACCACGT-1	MZ286102_1_ORF2	0	0	1	2	FALSE	TRUE
TGGCGTTTCCTGTCCC-1	OZ258728_1_ORF2	1	1	30	31	TRUE	TRUE
TGGCGTTTCCTTACAG-1	OZ258728_1_ORF2	0	0	1	1	FALSE	FALSE
TGGCGTTTCGGTAAGT-1	OZ258728_1_ORF2	1	1	26	26	TRUE	TRUE
TGGCTAGAGACCAGCA-1	OZ258728_1_ORF2	0	0	1	1	FALSE	TRUE
TGGCTAGAGATATGCA-1	MZ286258_1_ORF2	1	1	10	10	TRUE	TRUE
TGGCTAGAGATGAGGA-1	MZ286188_1_ORF1	0	0	1	1	FALSE	TRUE
TGGCTAGAGCCTGTAC-1	MZ286102_1_ORF2	1	1	13	13	TRUE	TRUE
TGGCTAGAGCGATTAA-1	OZ258728_1_ORF2	0	0	1	1	FALSE	FALSE
TGGCTAGAGTCAGCAG-1	OZ258728_1_ORF2	0	0	1	1	FALSE	TRUE
TGGCTCTAGATTCACT-1	MZ286188_1_ORF1	1	0	6	7	TRUE	TRUE
TGGCTCTAGCACCATC-1	OZ258728_1_ORF2	0	0	1	1	FALSE	TRUE
TGGCTCTAGCGACACA-1	OZ258728_1_ORF1	1	1	12	12	TRUE	TRUE
TGGCTCTAGCGGAACC-1	OZ258728_1_ORF2	0	0	1	1	FALSE	FALSE
TGGCTCTAGCGGGCAT-1	meGFP	1	1	31	31	TRUE	TRUE
TGGCTCTAGGCGTGGT-1	meGFP	0	0	1	1	FALSE	FALSE
TGGCTGAAGAAGCGCC-1	MZ286102_1_ORF2	1	0	6	9	TRUE	TRUE
TGGCTGAAGAGCTAGT-1	OP549859_1_ORF1	0	0	1	1	FALSE	FALSE
TGGCTGAAGCGTGCTT-1	meGFP	1	1	12	12	TRUE	TRUE
TGGCTGAAGCTTGACC-1	OZ258728_1_ORF1	0	0	1	1	FALSE	FALSE
TGGCTGAAGGCCTAAG-1	OP549859_1_ORF2	1	0	4	4	TRUE	TRUE
TGGCTGAAGGGCTTGA-1	OZ258728_1_ORF1	1	1	17	17	TRUE	TRUE
TGGCTGGCAACCTCGC-1	MZ286102_1_ORF2	1	0	9	9	TRUE	TRUE
TGGCTGGCAACTCTAC-1	MZ286102_1_ORF2	1	0	4	4	TRUE	TRUE
TGGCTGGCAAGTGTCA-1	OZ258728_1_ORF1	0	0	1	1	FALSE	FALSE
TGGCTGGCAATACCGA-1	meGFP	1	1	11	12	TRUE	TRUE
TGGCTGGCAATAGAGA-1	OZ258728_1_ORF2	0	0	1	1	FALSE	FALSE
TGGCTGGCACAAGGGA-1	OZ258728_1_ORF1	0	0	1	1	FALSE	TRUE
TGGCTGGCACCGGACA-1	OZ258728_1_ORF2	0	0	1	1	FALSE	TRUE
TGGCTGGCATAGTAAC-1	MZ286188_1_ORF1	0	0	1	1	FALSE	TRUE
TGGCTGGCATGAGCCG-1	MZ286258_1_ORF1	0	0	1	1	FALSE	FALSE
TGGCTGGCATGAGTAT-1	MZ286258_1_ORF2	0	0	2	4	FALSE	TRUE
TGGCTGTTCAAGGGTT-1	MZ286102_1_ORF2	0	0	3	3	TRUE	TRUE
TGGCTGTTCACTAGGG-1	OZ258728_1_ORF2	1	1	54	54	TRUE	TRUE
TGGCTGTTCCAGCGAA-1	meGFP	0	0	2	2	TRUE	TRUE
TGGCTGTTCCGTGGTT-1	MZ286258_1_ORF2	1	1	13	14	TRUE	TRUE
TGGCTGTTCCTCTACT-1	MZ286197_1_ORF1	1	0	4	5	TRUE	TRUE
TGGCTTATCAAGCCAG-1	MZ286102_1_ORF2	1	1	17	18	TRUE	TRUE
TGGCTTATCGAGCGAC-1	OZ258728_1_ORF1	0	0	1	1	FALSE	TRUE
TGGCTTATCGCCTGCA-1	meGFP	0	0	2	2	TRUE	TRUE
TGGGACTCAAATCAGT-1	MZ286258_1_ORF1	0	0	2	2	TRUE	TRUE
TGGGACTCAAGCCATA-1	MZ286102_1_ORF1	0	0	2	2	TRUE	FALSE
TGGGACTCAATGGCTA-1	meGFP	1	1	46	48	TRUE	TRUE
TGGGACTCAATGGTTG-1	OP549859_1_ORF2	1	0	5	5	TRUE	TRUE
TGGGACTCACATAGTG-1	OZ258728_1_ORF2	0	0	1	1	FALSE	FALSE
TGGGACTCAGAACGGA-1	OZ258728_1_ORF2	0	0	1	1	FALSE	TRUE
TGGGACTCAGGCGCTA-1	MZ286188_1_ORF2	0	0	1	2	FALSE	FALSE
TGGGACTCATCGCTCA-1	MZ286258_1_ORF1	0	0	1	1	FALSE	TRUE
TGGGACTCATGGCTGG-1	meGFP	0	0	1	1	FALSE	FALSE
TGGGAGCTCATCCGAC-1	OP549859_1_ORF1	1	0	8	8	TRUE	TRUE
TGGGAGCTCCCCAAGT-1	OZ258728_1_ORF2	0	0	1	1	FALSE	FALSE
TGGGAGCTCGACGGGT-1	meGFP	0	0	2	2	TRUE	TRUE
TGGGCGAGTATCTCAA-1	OP549859_1_ORF2	1	0	6	6	TRUE	TRUE
TGGGCGAGTGACCTTG-1	OP549859_1_ORF2	0	0	2	3	FALSE	TRUE
TGGGCGAGTGGAAGGA-1	meGFP	0	0	1	1	FALSE	FALSE
TGGGCGAGTGGGTAGT-1	MZ286102_1_ORF2	0	0	1	1	FALSE	TRUE
TGGGCGAGTGTCCTTC-1	OP549859_1_ORF1	0	0	1	1	FALSE	FALSE
TGGGCGAGTTGCAATC-1	MZ286258_1_ORF1	1	1	31	31	TRUE	TRUE
TGGGCGAGTTGCGGAG-1	OP549859_1_ORF2	0	0	3	3	TRUE	TRUE
TGGGCGAGTTTCCTAT-1	meGFP	0	0	1	2	FALSE	TRUE
TGGGCGTAGAATCGTA-1	OP549859_1_ORF1	0	0	2	2	TRUE	TRUE
TGGGCGTAGAATGGAG-1	MZ286258_1_ORF1	0	0	2	3	FALSE	TRUE
TGGGCGTAGACACTAA-1	MZ286258_1_ORF1	0	0	1	1	FALSE	FALSE
TGGGCGTAGCAGCCTT-1	MZ286258_1_ORF2	1	0	4	4	TRUE	TRUE
TGGGCGTAGCCTCACG-1	meGFP	1	1	51	53	TRUE	TRUE
TGGGCGTAGCGCAGTA-1	OZ258728_1_ORF2	0	0	1	1	FALSE	FALSE
TGGGCGTAGGCGTGGT-1	MZ286188_1_ORF1	0	0	1	1	FALSE	TRUE
TGGGCGTAGGGTGATT-1	OP549859_1_ORF1	0	0	1	1	FALSE	FALSE
TGGGGACTCAATCCAT-1	MZ286102_1_ORF1	1	1	78	78	TRUE	TRUE
TGGGGACTCACACACC-1	MZ286102_1_ORF2	0	0	2	2	TRUE	TRUE
TGGGGACTCCAAGTCC-1	OZ258728_1_ORF2	0	0	1	1	FALSE	TRUE
TGGGGACTCCGACATC-1	MZ286102_1_ORF1	0	0	1	1	FALSE	FALSE
TGGGGACTCGAACCCT-1	OZ258728_1_ORF2	0	0	1	1	FALSE	TRUE
TGGGGACTCTCTAACG-1	OP549859_1_ORF2	1	0	7	8	TRUE	TRUE
TGGGGACTCTGGATGG-1	MZ286102_1_ORF2	0	0	1	1	FALSE	TRUE
TGGGTATAGAATCAGC-1	OZ258728_1_ORF2	0	0	1	1	FALSE	TRUE
TGGGTATAGCACCAGA-1	MZ286188_1_ORF2	0	0	1	1	FALSE	FALSE
TGGGTATAGCGGGACT-1	meGFP	0	0	1	1	FALSE	FALSE
TGGGTATAGGCAGGGA-1	OP549859_1_ORF2	1	0	4	5	TRUE	TRUE
TGGGTATAGGCATCCT-1	MZ286188_1_ORF2	0	0	1	1	FALSE	FALSE
TGGGTATAGGCGTGGT-1	OZ258728_1_ORF2	1	1	75	75	TRUE	TRUE
TGGGTATAGGCTTAGG-1	OZ258728_1_ORF2	0	0	1	1	FALSE	FALSE
TGGGTATAGGTCGTCT-1	meGFP	1	1	22	23	TRUE	TRUE
TGGGTATAGTCAACTT-1	MZ286102_1_ORF2	0	0	1	1	FALSE	FALSE
TGGGTATAGTCATCCA-1	MZ286258_1_ORF1	0	0	1	1	FALSE	TRUE
TGGGTATAGTGCAACG-1	meGFP	0	0	3	3	TRUE	TRUE
TGGGTATAGTGGATTA-1	OZ258728_1_ORF2	1	0	5	9	TRUE	TRUE
TGGTCACTCAACTGGG-1	MZ286102_1_ORF1	0	0	1	1	FALSE	TRUE
TGGTCACTCACCCTGG-1	OP549859_1_ORF1	0	0	1	1	FALSE	FALSE
TGGTCACTCATGGCTC-1	OP549859_1_ORF1	1	0	5	5	TRUE	TRUE
TGGTCACTCCCATCCC-1	OZ258728_1_ORF2	1	1	14	18	TRUE	TRUE
TGGTCACTCGCTAGTC-1	OZ258728_1_ORF1	1	1	13	13	TRUE	TRUE
TGGTCACTCGGCTGAA-1	OZ258728_1_ORF2	0	0	1	2	FALSE	TRUE
TGGTCACTCTGAGTGG-1	OZ258728_1_ORF1	0	0	1	2	FALSE	TRUE
TGGTCTCAGCCACAGA-1	OP549859_1_ORF1	0	0	1	1	FALSE	FALSE
TGGTCTCAGGCCTCAT-1	OP549859_1_ORF1	1	1	46	46	TRUE	TRUE
TGGTCTCAGGTCGTCT-1	OP549859_1_ORF2	0	0	2	2	TRUE	TRUE
TGGTCTCAGTAGCTCC-1	OP549859_1_ORF1	0	0	2	3	FALSE	TRUE
TGGTGATAGAGCCAAT-1	MZ286197_1_ORF1	0	0	1	1	FALSE	FALSE
TGGTGATAGCCTACTA-1	MZ286102_1_ORF2	1	1	12	12	TRUE	TRUE
TGGTGATAGCTCATGC-1	OZ258728_1_ORF2	1	0	8	10	TRUE	TRUE
TGGTGATAGCTCCGCA-1	OP549859_1_ORF1	0	0	1	1	FALSE	FALSE
TGGTGATAGGAAGTAG-1	MZ286188_1_ORF1	1	0	9	9	TRUE	TRUE
TGGTGATAGGGGCCAT-1	OZ258728_1_ORF2	1	1	29	29	TRUE	TRUE
TGGTGATAGTGGCTTC-1	OZ258728_1_ORF2	0	0	1	1	FALSE	FALSE
TGGTGATAGTGTCGCT-1	OZ258728_1_ORF2	0	0	1	1	FALSE	FALSE
TGGTGATAGTTGCGTC-1	OP549859_1_ORF2	0	0	2	2	TRUE	TRUE
TGGTGCGCAAACGACC-1	MZ286197_1_ORF1	0	0	1	1	FALSE	FALSE
TGGTGCGCAAACTGTG-1	OP549859_1_ORF2	0	0	1	2	FALSE	TRUE
TGGTGCGCAATCTGTC-1	MZ286102_1_ORF1	0	0	1	1	FALSE	FALSE
TGGTGCGCACACAGCG-1	meGFP	1	1	77	77	TRUE	TRUE
TGGTGCGCACGTGGAT-1	OP549859_1_ORF1	1	1	101	101	TRUE	TRUE
TGGTGCGCAGTCCAGG-1	MZ286188_1_ORF1	0	0	1	1	FALSE	TRUE
TGGTGCGCATAAGTCG-1	OZ258728_1_ORF2	0	0	1	1	FALSE	FALSE
TGGTGCGCATAGTAAC-1	MZ286102_1_ORF1	1	1	15	15	TRUE	TRUE
TGGTGCGCATGTGATG-1	OZ258728_1_ORF2	0	0	1	1	FALSE	FALSE
TGGTGTTGTAAGCCAA-1	meGFP	0	0	1	1	FALSE	FALSE
TGGTGTTGTACAGGGT-1	MZ286188_1_ORF2	0	0	1	1	FALSE	TRUE
TGGTGTTGTCAGCCGT-1	MZ286188_1_ORF1	0	0	1	1	FALSE	FALSE
TGGTGTTGTCCAACTG-1	MZ286102_1_ORF2	0	0	2	2	TRUE	TRUE
TGGTGTTGTCGAAGGT-1	MZ286188_1_ORF1	0	0	1	1	FALSE	TRUE
TGGTGTTGTCTCCAAG-1	OP549859_1_ORF2	0	0	1	1	FALSE	TRUE
TGGTGTTGTCTTGGGC-1	MZ286102_1_ORF1	0	0	1	1	FALSE	TRUE
TGGTGTTGTGCTATGT-1	MZ286197_1_ORF2	1	0	4	4	TRUE	TRUE
TGGTGTTGTTGCGGAG-1	OP549859_1_ORF2	0	0	1	1	FALSE	FALSE
TGGTTAGCATCCTTCC-1	MZ286258_1_ORF2	0	0	1	2	FALSE	FALSE
TGGTTCGGTATCCCGA-1	meGFP	0	0	1	1	FALSE	TRUE
TGGTTCGGTCGATGAA-1	OZ258728_1_ORF2	0	0	1	2	FALSE	TRUE
TGGTTCGGTGAGACCG-1	OZ258728_1_ORF2	0	0	1	1	FALSE	TRUE
TGGTTCGGTGGGTCGA-1	OZ258728_1_ORF2	0	0	1	1	FALSE	FALSE
TGGTTCGGTTATCCAA-1	MZ286102_1_ORF2	1	0	5	5	TRUE	TRUE
TGGTTCGGTTCGGTTG-1	OZ258728_1_ORF2	0	0	1	1	FALSE	FALSE
TGGTTCGGTTCTATGA-1	meGFP	1	1	38	38	TRUE	TRUE
TGGTTCGGTTGTAAGG-1	meGFP	0	0	1	1	FALSE	FALSE
TGGTTCGGTTTCCGTC-1	OP549859_1_ORF1	0	0	1	1	FALSE	FALSE
TGGTTCGGTTTCGGGC-1	MZ286197_1_ORF1	0	0	1	1	FALSE	FALSE
TGGTTGTGTAACCATC-1	meGFP	0	0	2	2	TRUE	TRUE
TGGTTGTGTAGTGGCG-1	meGFP	0	0	1	1	FALSE	FALSE
TGGTTGTGTATTGACC-1	OZ258728_1_ORF1	0	0	1	1	FALSE	TRUE
TGGTTGTGTGCTTCCT-1	meGFP	0	0	1	1	FALSE	FALSE
TGGTTGTGTGGCCATC-1	MZ286258_1_ORF2	1	1	11	11	TRUE	TRUE
TGGTTGTGTGGCGCAA-1	OZ258728_1_ORF1	1	1	13	14	TRUE	TRUE
TGGTTGTGTTAGATGG-1	OP549859_1_ORF2	0	0	1	1	FALSE	TRUE
TGGTTGTGTTAGTTGC-1	OZ258728_1_ORF2	0	0	1	2	FALSE	TRUE
TGGTTGTGTTCTCATT-1	MZ286188_1_ORF1	1	0	7	7	TRUE	TRUE
TGGTTGTGTTGTCCGA-1	MZ286188_1_ORF1	0	0	2	2	TRUE	TRUE
TGTAACCGTAAGCTAG-1	OZ258728_1_ORF1	0	0	1	1	FALSE	FALSE
TGTAACCGTAATGGGC-1	MZ286102_1_ORF2	1	1	13	15	TRUE	TRUE
TGTAACCGTACAGGAC-1	MZ286188_1_ORF1	0	0	2	4	FALSE	TRUE
TGTAACCGTACAGGGT-1	MZ286258_1_ORF1	1	0	4	5	TRUE	TRUE
TGTAACCGTCAAGTAG-1	OZ258728_1_ORF2	0	0	1	2	FALSE	TRUE
TGTAACCGTCAGGGAT-1	MZ286102_1_ORF2	0	0	1	1	FALSE	FALSE
TGTAACCGTGCAGGCA-1	MZ286102_1_ORF2	1	1	15	16	TRUE	TRUE
TGTAACCGTTAATTCG-1	MZ286258_1_ORF1	0	0	1	1	FALSE	TRUE
TGTAATCTCACAGGCA-1	meGFP	0	0	1	1	FALSE	FALSE
TGTAATCTCCCGTGCA-1	MZ286197_1_ORF1	0	0	1	1	FALSE	TRUE
TGTAATCTCCCGTTGG-1	meGFP	1	1	89	90	TRUE	TRUE
TGTAATCTCCCTTCCA-1	MZ286188_1_ORF1	0	0	1	1	FALSE	FALSE
TGTAATCTCCGAAGCA-1	MZ286188_1_ORF1	1	1	27	28	TRUE	TRUE
TGTAATCTCCGGATTC-1	OZ258728_1_ORF2	0	0	1	1	FALSE	TRUE
TGTAATCTCCGGCTCA-1	OP549859_1_ORF1	0	0	1	1	FALSE	FALSE
TGTAATCTCGAAGCGC-1	MZ286258_1_ORF1	0	0	1	1	FALSE	TRUE
TGTAATCTCGAATCAA-1	MZ286258_1_ORF2	0	0	1	1	FALSE	TRUE
TGTAATCTCGAATGAC-1	OZ258728_1_ORF2	0	0	1	1	FALSE	TRUE
TGTAATCTCGATCGCT-1	OP549859_1_ORF1	0	0	1	1	FALSE	FALSE
TGTAATCTCGATGTCC-1	MZ286188_1_ORF1	0	0	1	1	FALSE	TRUE
TGTAATCTCGCAGGGT-1	OP549859_1_ORF1	0	0	1	1	FALSE	FALSE
TGTAATCTCTACCCAA-1	OP549859_1_ORF1	1	1	57	57	TRUE	TRUE
TGTAATCTCTAGGCTC-1	OP549859_1_ORF1	0	0	1	1	FALSE	FALSE
TGTAATCTCTGCACTA-1	MZ286258_1_ORF2	0	0	1	1	FALSE	TRUE
TGTAATCTCTTCGTCT-1	OP549859_1_ORF2	1	1	28	28	TRUE	TRUE
TGTAATTGTAGGTAGC-1	OP549859_1_ORF1	0	0	1	1	FALSE	FALSE
TGTAATTGTCTGGCGT-1	meGFP	0	0	1	1	FALSE	FALSE
TGTAATTGTGCCTGGT-1	meGFP	0	0	1	1	FALSE	TRUE
TGTAATTGTGGGACCA-1	OZ258728_1_ORF2	0	0	1	1	FALSE	TRUE
TGTAATTGTGGGATTA-1	OZ258728_1_ORF2	1	1	10	11	TRUE	TRUE
TGTAATTGTGTCCAAT-1	meGFP	0	0	1	1	FALSE	TRUE
TGTAATTGTTCGCAGC-1	OZ258728_1_ORF2	0	0	1	1	FALSE	FALSE
TGTACAGCAAAGTCAT-1	OZ258728_1_ORF2	0	0	1	1	FALSE	TRUE
TGTACAGCAACCCTGC-1	meGFP	0	0	1	1	FALSE	TRUE
TGTACAGCACTATCGT-1	MZ286197_1_ORF2	0	0	2	2	TRUE	TRUE
TGTACAGCATAACCTC-1	MZ286197_1_ORF1	0	0	2	4	FALSE	TRUE
TGTACAGCATAACTGG-1	OP549859_1_ORF1	0	0	1	1	FALSE	FALSE
TGTACAGCATCCAGCC-1	OZ258728_1_ORF1	0	0	1	1	FALSE	FALSE
TGTACGACAAATGAGA-1	MZ286188_1_ORF1	1	1	39	40	TRUE	TRUE
TGTACGACAACTGCCC-1	MZ286188_1_ORF1	0	0	1	2	FALSE	TRUE
TGTACGACACATAGTG-1	OZ258728_1_ORF2	0	0	1	1	FALSE	TRUE
TGTACGACACATGCTT-1	OZ258728_1_ORF2	1	1	16	16	TRUE	TRUE
TGTACGACACTACTAC-1	OZ258728_1_ORF2	0	0	1	2	FALSE	TRUE
TGTACGACAGAATGGG-1	OZ258728_1_ORF2	0	0	1	1	FALSE	TRUE
TGTACGACAGCTGCGA-1	MZ286258_1_ORF1	0	0	1	1	FALSE	TRUE
TGTACGACAGTACGGT-1	MZ286102_1_ORF2	1	0	5	5	TRUE	TRUE
TGTACGACATGCGTGG-1	OZ258728_1_ORF2	0	0	1	1	FALSE	FALSE
TGTACGACATTGGACA-1	OZ258728_1_ORF1	1	1	28	28	TRUE	TRUE
TGTAGCCTCACATATC-1	MZ286188_1_ORF2	1	0	4	5	TRUE	TRUE
TGTAGCCTCCCGTAAC-1	MZ286258_1_ORF2	1	1	10	10	TRUE	TRUE
TGTAGCCTCCGTACCG-1	MZ286188_1_ORF1	0	0	1	1	FALSE	FALSE
TGTAGCCTCGATGGGC-1	MZ286102_1_ORF2	2	0	9	14	FALSE	TRUE
TGTAGCCTCTCGAAGG-1	OP549859_1_ORF1	0	0	1	1	FALSE	TRUE
TGTAGCCTCTCTATCC-1	MZ286258_1_ORF2	0	0	1	1	FALSE	FALSE
TGTAGCCTCTGTATGT-1	OZ258728_1_ORF1	0	0	1	1	FALSE	FALSE
TGTAGCTGTACAGCCC-1	OP549859_1_ORF1	0	0	1	1	FALSE	FALSE
TGTAGCTGTACGAATG-1	OZ258728_1_ORF2	1	1	49	49	TRUE	TRUE
TGTAGCTGTACGATAG-1	OZ258728_1_ORF2	1	1	20	21	TRUE	TRUE
TGTAGCTGTAGGATAT-1	MZ286188_1_ORF2	1	0	4	5	TRUE	TRUE
TGTAGCTGTATACTGC-1	MZ286197_1_ORF2	0	0	1	1	FALSE	TRUE
TGTAGCTGTCGCAGGA-1	meGFP	1	1	116	116	TRUE	TRUE
TGTAGCTGTTGCGGTC-1	MZ286258_1_ORF2	0	0	2	2	TRUE	TRUE
TGTAGTAAGACTCATT-1	MZ286258_1_ORF1	0	0	1	1	FALSE	TRUE
TGTAGTAAGAGTCGCA-1	meGFP	0	0	1	1	FALSE	FALSE
TGTAGTAAGATAGTCA-1	MZ286102_1_ORF1	1	0	9	10	TRUE	TRUE
TGTAGTAAGCCAGGGT-1	OP549859_1_ORF2	0	0	1	1	FALSE	TRUE
TGTAGTAAGCGGGACT-1	OZ258728_1_ORF1	0	0	1	1	FALSE	FALSE
TGTAGTAAGCTGTCGT-1	MZ286258_1_ORF1	0	0	1	1	FALSE	FALSE
TGTAGTAAGGCGGTGT-1	MZ286258_1_ORF1	1	1	30	32	TRUE	TRUE
TGTAGTAAGGGATACT-1	MZ286102_1_ORF2	1	1	10	13	TRUE	TRUE
TGTAGTAAGGGCCGAT-1	MZ286102_1_ORF1	0	0	1	1	FALSE	TRUE
TGTAGTAAGTAACCAA-1	MZ286258_1_ORF1	1	0	9	9	TRUE	TRUE
TGTAGTAAGTACTGGG-1	meGFP	1	0	4	6	TRUE	TRUE
TGTAGTGCACCCAACC-1	meGFP	0	0	2	2	TRUE	TRUE
TGTAGTGCACTATCGT-1	MZ286258_1_ORF2	1	0	8	8	TRUE	TRUE
TGTAGTGCACTTCCTC-1	OZ258728_1_ORF2	0	0	1	1	FALSE	TRUE
TGTAGTGCAGCTTAGA-1	MZ286258_1_ORF1	0	0	1	1	FALSE	TRUE
TGTAGTGCAGCTTGGG-1	MZ286102_1_ORF1	0	0	2	3	FALSE	TRUE
TGTAGTTTCGAATGAC-1	OZ258728_1_ORF2	0	0	1	1	FALSE	FALSE
TGTAGTTTCGAATGGT-1	OZ258728_1_ORF2	0	0	3	3	TRUE	FALSE
TGTAGTTTCGCAAGGC-1	OP549859_1_ORF1	0	0	1	1	FALSE	FALSE
TGTAGTTTCGCCTCTC-1	OP549859_1_ORF1	1	1	68	68	TRUE	TRUE
TGTAGTTTCTGCCTGG-1	OP549859_1_ORF1	0	0	1	1	FALSE	TRUE
TGTAGTTTCTTGGATT-1	OP549859_1_ORF1	0	0	2	2	TRUE	FALSE
TGTATCTAGAAGTTGC-1	OZ258728_1_ORF2	0	0	1	1	FALSE	TRUE
TGTATCTAGAGTCCCT-1	MZ286258_1_ORF1	0	0	2	2	TRUE	TRUE
TGTATCTAGATGCGGC-1	OP549859_1_ORF1	1	1	84	85	TRUE	TRUE
TGTATCTAGCCAGACA-1	MZ286188_1_ORF1	1	1	16	16	TRUE	TRUE
TGTATCTAGGTGGCTA-1	OZ258728_1_ORF2	1	1	125	127	TRUE	TRUE
TGTATCTAGTTACCGC-1	OP549859_1_ORF1	0	0	2	3	FALSE	TRUE
TGTATGGCAATTGGTG-1	OZ258728_1_ORF1	0	0	1	1	FALSE	FALSE
TGTATGGCACACCGCT-1	MZ286197_1_ORF2	0	0	3	4	TRUE	TRUE
TGTATGGCACTTCGAT-1	OP549859_1_ORF2	1	1	10	10	TRUE	TRUE
TGTATGGCAGCCAACG-1	meGFP	0	0	1	1	FALSE	FALSE
TGTATGGCAGTGTCCC-1	OZ258728_1_ORF2	1	1	19	19	TRUE	TRUE
TGTATTATCCGGTTAC-1	MZ286197_1_ORF1	0	0	1	1	FALSE	TRUE
TGTATTATCGCTTAAT-1	OP549859_1_ORF2	1	0	5	5	TRUE	TRUE
TGTATTATCGTGCTGT-1	OZ258728_1_ORF2	0	0	1	1	FALSE	TRUE
TGTATTATCTGGATGG-1	meGFP	1	1	13	14	TRUE	TRUE
TGTATTGGTATGAGTG-1	OZ258728_1_ORF2	1	1	24	24	TRUE	TRUE
TGTATTGGTCATGAGA-1	OP549859_1_ORF1	0	0	1	1	FALSE	TRUE
TGTATTGGTCTTGCTC-1	OZ258728_1_ORF1	1	1	15	16	TRUE	TRUE
TGTATTGGTGGAAGGA-1	MZ286197_1_ORF1	0	0	1	1	FALSE	FALSE
TGTATTGGTTATAGGG-1	OP549859_1_ORF2	0	0	1	1	FALSE	TRUE
TGTCAGCTCAATGCTT-1	MZ286258_1_ORF2	0	0	1	1	FALSE	FALSE
TGTCAGCTCACGAAGT-1	meGFP	0	0	1	1	FALSE	FALSE
TGTCAGCTCACTTACG-1	MZ286197_1_ORF1	1	1	20	20	TRUE	TRUE
TGTCAGCTCATCCGAC-1	MZ286258_1_ORF2	0	0	1	2	FALSE	FALSE
TGTCAGCTCCCATTGA-1	meGFP	0	0	1	1	FALSE	FALSE
TGTCAGCTCCCGATAC-1	MZ286258_1_ORF2	0	0	1	1	FALSE	TRUE
TGTCAGCTCCGTGATC-1	OZ258728_1_ORF2	0	0	1	1	FALSE	FALSE
TGTCAGCTCGATCGCT-1	MZ286102_1_ORF2	1	1	14	14	TRUE	TRUE
TGTCAGGAGAGCTAGT-1	OZ258728_1_ORF1	0	0	1	1	FALSE	FALSE
TGTCAGGAGCAGCCTT-1	OP549859_1_ORF2	0	0	2	2	TRUE	TRUE
TGTCAGGAGGCAGGGA-1	MZ286188_1_ORF2	0	0	3	3	TRUE	TRUE
TGTCAGGAGGGGACAG-1	MZ286188_1_ORF1	0	0	1	1	FALSE	TRUE
TGTCAGGAGTGCTACC-1	MZ286197_1_ORF1	1	0	5	6	TRUE	TRUE
TGTCCTCGTAGACCAA-1	MZ286258_1_ORF1	0	0	1	1	FALSE	TRUE
TGTCCTCGTCGATGCC-1	MZ286188_1_ORF1	0	0	1	1	FALSE	FALSE
TGTCCTCGTCGGGCTT-1	MZ286188_1_ORF1	0	0	1	1	FALSE	FALSE
TGTCCTCGTCTCCAAG-1	OZ258728_1_ORF2	0	0	1	1	FALSE	FALSE
TGTCCTCGTCTGGTCA-1	OP549859_1_ORF1	0	0	1	1	FALSE	TRUE
TGTCCTCGTCTTGGGC-1	MZ286258_1_ORF2	0	0	1	1	FALSE	FALSE
TGTCCTCGTGGGACCA-1	MZ286102_1_ORF1	0	0	1	1	FALSE	FALSE
TGTCCTCGTGGGTCGA-1	MZ286258_1_ORF2	1	1	29	29	TRUE	TRUE
TGTCCTCGTGGTTAAG-1	OZ258728_1_ORF2	0	0	1	1	FALSE	TRUE
TGTCCTCGTTAACCAC-1	MZ286258_1_ORF2	0	0	1	1	FALSE	FALSE
TGTCCTCGTTGTGTGT-1	OZ258728_1_ORF2	1	1	57	58	TRUE	TRUE
TGTCCTCGTTTGGATC-1	meGFP	0	0	1	1	FALSE	FALSE
TGTCGATGTCGCTGGT-1	meGFP	0	0	2	2	TRUE	TRUE
TGTCGATGTGAAGCCG-1	OZ258728_1_ORF1	0	0	1	1	FALSE	FALSE
TGTCGATGTTATCTAG-1	MZ286197_1_ORF1	1	1	52	52	TRUE	TRUE
TGTCGATGTTCTGTCC-1	MZ286258_1_ORF2	0	0	1	1	FALSE	FALSE
TGTCGATGTTTCAGTA-1	MZ286258_1_ORF2	0	0	1	1	FALSE	TRUE
TGTCGATGTTTCGATA-1	MZ286197_1_ORF2	0	0	1	1	FALSE	FALSE
TGTCTATAGAACCACG-1	OZ258728_1_ORF2	0	0	1	1	FALSE	TRUE
TGTCTATAGAGGCCAC-1	OZ258728_1_ORF2	0	0	1	1	FALSE	TRUE
TGTCTATAGCAAGGTT-1	OP549859_1_ORF1	0	0	1	1	FALSE	FALSE
TGTCTATAGCCACAGA-1	MZ286197_1_ORF2	0	0	1	1	FALSE	TRUE
TGTCTATAGCCCGTCA-1	MZ286258_1_ORF2	0	0	1	2	FALSE	TRUE
TGTCTATAGCCGTGAA-1	MZ286197_1_ORF1	1	1	69	70	TRUE	TRUE
TGTCTATAGCGGAACC-1	OZ258728_1_ORF2	0	0	1	1	FALSE	FALSE
TGTCTATAGCGTAAGT-1	MZ286197_1_ORF1	0	0	1	1	FALSE	FALSE
TGTCTATAGCGTACCT-1	MZ286258_1_ORF1	0	0	1	1	FALSE	TRUE
TGTCTATAGCGTTCGT-1	OP549859_1_ORF1	0	0	3	3	TRUE	TRUE
TGTCTATAGCTGGGTA-1	OZ258728_1_ORF2	0	0	1	1	FALSE	FALSE
TGTCTATAGCTTAGTT-1	OZ258728_1_ORF2	2	2	60	70	TRUE	TRUE
TGTCTATAGGATGGCC-1	OZ258728_1_ORF1	1	0	4	4	TRUE	TRUE
TGTCTATAGGGAGACG-1	MZ286197_1_ORF2	0	0	1	1	FALSE	TRUE
TGTCTATAGTTCGAGG-1	MZ286197_1_ORF1	0	0	1	1	FALSE	FALSE
TGTCTGGGTGAACGGT-1	OZ258728_1_ORF2	1	0	4	5	TRUE	TRUE
TGTCTGGGTGCGCATC-1	MZ286258_1_ORF1	1	0	7	8	TRUE	TRUE
TGTCTGGGTTACGCCA-1	MZ286197_1_ORF2	0	0	2	3	FALSE	TRUE
TGTCTGGGTTGGACTT-1	MZ286197_1_ORF1	1	1	22	22	TRUE	TRUE
TGTCTGGGTTGGTTAC-1	MZ286102_1_ORF2	1	1	20	20	TRUE	TRUE
TGTCTGGGTTGTCTGG-1	OZ258728_1_ORF2	0	0	1	1	FALSE	FALSE
TGTCTGTCAAGTGTCA-1	OZ258728_1_ORF2	1	1	28	28	TRUE	TRUE
TGTCTGTCAATTGCAG-1	MZ286102_1_ORF2	0	0	1	1	FALSE	FALSE
TGTCTGTCACCTGCAC-1	meGFP	0	0	1	1	FALSE	TRUE
TGTCTGTCAGCCCGAA-1	MZ286102_1_ORF2	0	0	3	3	TRUE	TRUE
TGTCTGTCATATGCAG-1	OZ258728_1_ORF1	1	0	4	6	TRUE	TRUE
TGTCTGTCATGAGGAG-1	OZ258728_1_ORF2	0	0	1	1	FALSE	TRUE
TGTCTTGAGAGGTCTG-1	meGFP	1	1	18	18	TRUE	TRUE
TGTCTTGAGCTATACT-1	OP549859_1_ORF2	0	0	1	1	FALSE	FALSE
TGTCTTGAGGACGTTG-1	meGFP	0	0	1	1	FALSE	TRUE
TGTCTTGAGGCTCTGT-1	meGFP	1	1	50	50	TRUE	TRUE
TGTGAAATCAACCTTG-1	MZ286197_1_ORF1	0	0	1	1	FALSE	TRUE
TGTGAAATCAATGCGG-1	OZ258728_1_ORF2	0	0	2	2	TRUE	TRUE
TGTGAAATCCGACATC-1	OZ258728_1_ORF1	0	0	1	1	FALSE	FALSE
TGTGAAATCGAACCGA-1	OP549859_1_ORF1	0	0	1	1	FALSE	FALSE
TGTGAAATCTGCACCG-1	MZ286188_1_ORF2	0	0	2	2	TRUE	TRUE
TGTGAAATCTTAGTGT-1	OZ258728_1_ORF1	0	0	1	1	FALSE	FALSE
TGTGAACAGAACCCAG-1	OZ258728_1_ORF2	2	1	20	28	FALSE	TRUE
TGTGAACAGACTTACT-1	MZ286258_1_ORF2	1	0	9	9	TRUE	TRUE
TGTGAACAGACTTGGG-1	OZ258728_1_ORF2	0	0	1	1	FALSE	FALSE
TGTGAACAGATATGCA-1	OZ258728_1_ORF2	0	0	1	1	FALSE	TRUE
TGTGAACAGCGTGCTT-1	MZ286102_1_ORF2	0	0	1	3	FALSE	TRUE
TGTGAACAGGCATGTG-1	MZ286188_1_ORF1	2	1	19	24	TRUE	TRUE
TGTGAACAGGTCGGTA-1	meGFP	0	0	1	1	FALSE	TRUE
TGTGAACAGTACCTGC-1	MZ286188_1_ORF1	0	0	1	1	FALSE	TRUE
TGTGATGCAACCCTGC-1	OZ258728_1_ORF2	0	0	1	1	FALSE	FALSE
TGTGATGCACAACCAA-1	OP549859_1_ORF2	1	0	7	7	TRUE	TRUE
TGTGATGCACCGCAAG-1	OZ258728_1_ORF2	0	0	1	1	FALSE	FALSE
TGTGATGCACTACCCA-1	meGFP	0	0	1	1	FALSE	TRUE
TGTGATGCACTTGCTG-1	OZ258728_1_ORF2	0	0	1	1	FALSE	FALSE
TGTGATGCAGCGCACA-1	MZ286258_1_ORF2	0	0	1	1	FALSE	TRUE
TGTGATTTCCAACCTA-1	meGFP	0	0	1	1	FALSE	TRUE
TGTGATTTCGGGAAGG-1	MZ286258_1_ORF2	0	0	3	3	TRUE	TRUE
TGTGCCCCAAATCTGG-1	OP549859_1_ORF1	0	0	1	1	FALSE	FALSE
TGTGCCCCAATTGAAC-1	meGFP	1	1	75	75	TRUE	TRUE
TGTGCCCCAGGGTAAG-1	MZ286188_1_ORF2	0	0	1	1	FALSE	FALSE
TGTGCCCCAGTCCCGT-1	OZ258728_1_ORF2	0	0	1	1	FALSE	TRUE
TGTGGAAGTTGGACTT-1	OP549859_1_ORF1	0	0	1	1	FALSE	FALSE
TGTGGCTTCAAGCTCC-1	OP549859_1_ORF2	0	0	1	1	FALSE	FALSE
TGTGGCTTCACCACGT-1	meGFP	2	2	44	55	TRUE	TRUE
TGTGGCTTCAGTAGTA-1	MZ286197_1_ORF1	0	0	3	3	TRUE	TRUE
TGTGGCTTCCATTAGT-1	MZ286102_1_ORF2	0	0	1	1	FALSE	FALSE
TGTGGCTTCGGGAACC-1	OP549859_1_ORF1	0	0	1	1	FALSE	TRUE
TGTGGCTTCGTACGGA-1	OZ258728_1_ORF1	2	1	70	78	TRUE	TRUE
TGTGGCTTCTCCCAGG-1	MZ286258_1_ORF1	0	0	1	1	FALSE	FALSE
TGTGGCTTCTCTAACG-1	OZ258728_1_ORF2	0	0	1	1	FALSE	TRUE
TGTGGCTTCTGCCACG-1	OZ258728_1_ORF2	1	0	9	11	TRUE	TRUE
TGTGGCTTCTTGAATC-1	OP549859_1_ORF2	1	0	5	5	TRUE	TRUE
TGTGTCCAGACATTAG-1	MZ286188_1_ORF2	1	0	8	9	TRUE	TRUE
TGTGTCCAGACGATAC-1	MZ286102_1_ORF1	0	0	1	1	FALSE	FALSE
TGTGTCCAGAGCTAGT-1	MZ286258_1_ORF2	1	0	7	8	TRUE	TRUE
TGTGTCCAGAGGCGTC-1	meGFP	0	0	1	1	FALSE	FALSE
TGTGTCCAGCCCTGCA-1	MZ286102_1_ORF1	1	0	6	6	TRUE	TRUE
TGTGTCCAGGACACCA-1	OZ258728_1_ORF2	0	0	1	1	FALSE	FALSE
TGTGTCCAGGCAGGCT-1	OZ258728_1_ORF2	0	0	1	1	FALSE	FALSE
TGTGTCCAGGGAGTAA-1	OZ258728_1_ORF2	0	0	2	2	TRUE	TRUE
TGTGTCCAGTGGGTCA-1	OZ258728_1_ORF2	0	0	1	1	FALSE	FALSE
TGTGTGGAGACCAGCA-1	MZ286197_1_ORF1	0	0	1	1	FALSE	FALSE
TGTGTGGAGCCTAATT-1	OP549859_1_ORF1	0	0	1	1	FALSE	FALSE
TGTGTGGAGCGGGAAG-1	MZ286188_1_ORF1	1	0	4	4	TRUE	TRUE
TGTGTGGAGCTATACT-1	OP549859_1_ORF1	0	0	2	2	TRUE	TRUE
TGTGTGGAGCTATCCA-1	meGFP	2	1	19	26	FALSE	TRUE
TGTGTGGAGTGGCTTC-1	meGFP	0	0	1	1	FALSE	FALSE
TGTGTGGAGTTCGAGG-1	OZ258728_1_ORF1	1	1	31	31	TRUE	TRUE
TGTGTTGTCAAGGCGC-1	MZ286197_1_ORF2	1	0	4	4	TRUE	TRUE
TGTGTTGTCACTTACG-1	OZ258728_1_ORF1	0	0	1	1	FALSE	TRUE
TGTGTTGTCGAACGTG-1	OZ258728_1_ORF1	0	0	1	1	FALSE	TRUE
TGTGTTGTCGCCCAAT-1	OP549859_1_ORF1	1	1	12	13	TRUE	TRUE
