barcode	max_id	n_4	n_10	max_umi	total_umi	assignable	is_cell
AAACCAATCAATGCGG-1	OP549859_1_ORF1	0	0	1	1	FALSE	FALSE
AAACCAATCCCATCCC-1	OZ258728_1_ORF2	0	0	1	1	FALSE	FALSE
AAACCAATCCCATCGG-1	MZ286102_1_ORF2	1	0	4	5	TRUE	TRUE
AAACCAATCGATGGAT-1	MZ286258_1_ORF2	1	1	16	17	TRUE	TRUE
AAACCAATCGCCAGTT-1	OP549859_1_ORF2	1	1	10	10	TRUE	TRUE
AAACCAATCGTACGGA-1	OZ258728_1_ORF2	0	0	1	1	FALSE	FALSE
AAACCAATCGTCAATT-1	MZ286197_1_ORF2	0	0	2	2	TRUE	TRUE
AAACCAATCTAGGCAG-1	MZ286102_1_ORF2	1	1	10	11	TRUE	TRUE
AAACGACTCATCCCTT-1	MZ286188_1_ORF1	0	0	1	1	FALSE	FALSE
AAACGACTCCCACAGT-1	MZ286258_1_ORF2	1	0	5	5	TRUE	TRUE
AAACGACTCCCCGGTA-1	MZ286197_1_ORF1	1	1	34	34	TRUE	TRUE
AAACGACTCGCCTATA-1	MZ286258_1_ORF2	0	0	1	1	FALSE	TRUE
AAACGACTCGGATGCA-1	MZ286197_1_ORF2	0	0	2	2	TRUE	TRUE
AAACGACTCGTGCTAC-1	MZ286258_1_ORF1	0	0	1	1	FALSE	FALSE
AAACGACTCTAACTAC-1	MZ286102_1_ORF1	1	1	31	31	TRUE	TRUE
AAACGACTCTCTATCC-1	MZ286102_1_ORF1	0	0	1	1	FALSE	TRUE
AAACGACTCTCTCAAG-1	OP549859_1_ORF2	1	0	9	10	TRUE	TRUE
AAACGACTCTCTCGCC-1	OP549859_1_ORF2	0	0	1	1	FALSE	FALSE
AAACGACTCTGCACTA-1	meGFP	1	1	22	22	TRUE	TRUE
AAACGACTCTGGACGA-1	MZ286102_1_ORF2	1	0	4	4	TRUE	TRUE
AAACGACTCTGTCGGT-1	MZ286258_1_ORF2	0	0	1	1	FALSE	FALSE
AAACGACTCTTAAGCT-1	OZ258728_1_ORF2	0	0	1	1	FALSE	TRUE
AAACGACTCTTGGATT-1	MZ286258_1_ORF2	0	0	1	1	FALSE	TRUE
AAACGCTAGATTGGTA-1	MZ286102_1_ORF2	0	0	1	1	FALSE	FALSE
AAACGCTAGCCAGTTC-1	MZ286102_1_ORF1	1	1	11	11	TRUE	TRUE
AAACGCTAGGCACTTC-1	OZ258728_1_ORF2	0	0	1	1	FALSE	TRUE
AAACGCTAGTCTCACA-1	MZ286102_1_ORF2	1	1	16	16	TRUE	TRUE
AAACTCGCAACCGTGG-1	MZ286102_1_ORF1	1	1	29	29	TRUE	TRUE
AAACTCGCAAGATGGG-1	OZ258728_1_ORF2	0	0	1	1	FALSE	FALSE
AAACTCGCAATGGACC-1	MZ286197_1_ORF2	0	0	2	3	FALSE	TRUE
AAACTCGCACGAAGGA-1	MZ286102_1_ORF1	0	0	1	1	FALSE	TRUE
AAACTCGCAGACATTG-1	OP549859_1_ORF2	1	1	16	16	TRUE	TRUE
AAACTCGCAGGTCTCC-1	meGFP	0	0	1	1	FALSE	FALSE
AAACTCGCATCGCTCA-1	OZ258728_1_ORF2	0	0	1	1	FALSE	TRUE
AAACTCGCATGTCGGG-1	OZ258728_1_ORF2	1	1	31	31	TRUE	TRUE
AAACTGATCACCACGT-1	MZ286102_1_ORF2	1	1	15	16	TRUE	TRUE
AAACTGATCAGCGGAC-1	MZ286188_1_ORF2	1	1	17	18	TRUE	TRUE
AAACTGATCCGAAGCA-1	OZ258728_1_ORF2	0	0	1	1	FALSE	TRUE
AAACTGATCCTGTCAA-1	MZ286197_1_ORF1	0	0	1	1	FALSE	TRUE
AAACTGATCGTGAGGC-1	MZ286102_1_ORF2	1	0	5	6	TRUE	TRUE
AAACTGATCTCCCAGG-1	OZ258728_1_ORF2	0	0	1	1	FALSE	FALSE
AAACTGGGTACTTCCC-1	MZ286197_1_ORF2	1	0	7	7	TRUE	TRUE
AAACTGGGTCTGGATT-1	MZ286188_1_ORF1	0	0	1	1	FALSE	FALSE
AAACTTACAACAGAGG-1	MZ286258_1_ORF1	0	0	1	1	FALSE	TRUE
AAACTTACAAGACCGT-1	MZ286258_1_ORF2	1	1	15	15	TRUE	TRUE
AAACTTACAAGATGGG-1	OZ258728_1_ORF2	1	0	6	6	TRUE	TRUE
AAACTTACACAACGGT-1	OZ258728_1_ORF1	1	1	38	38	TRUE	TRUE
AAACTTACACCTCTAG-1	MZ286188_1_ORF1	1	0	4	4	TRUE	TRUE
AAACTTACACGCACGA-1	MZ286258_1_ORF2	0	0	1	1	FALSE	TRUE
AAACTTACACGTGAAC-1	OZ258728_1_ORF2	0	0	1	1	FALSE	FALSE
AAACTTACAGATACAT-1	MZ286188_1_ORF2	1	1	14	14	TRUE	TRUE
AAACTTACAGTAGGAG-1	OP549859_1_ORF1	0	0	1	1	FALSE	FALSE
AAACTTCTCCACCAAC-1	MZ286188_1_ORF2	0	0	1	1	FALSE	FALSE
AAACTTCTCGAACCGA-1	OP549859_1_ORF1	0	0	1	1	FALSE	FALSE
AAACTTCTCGCTTGGT-1	OZ258728_1_ORF2	0	0	1	1	FALSE	TRUE
AAAGCAACAAACCATG-1	OP549859_1_ORF1	1	1	64	66	TRUE	TRUE
AAAGCAACAACCAGCG-1	MZ286197_1_ORF1	0	0	1	1	FALSE	TRUE
AAAGCAACACGTGGAT-1	MZ286188_1_ORF2	0	0	3	3	TRUE	TRUE
AAAGCAACATTCCGTG-1	MZ286258_1_ORF2	0	0	1	1	FALSE	TRUE
AAAGCACTCAATTACC-1	MZ286102_1_ORF2	0	0	1	1	FALSE	TRUE
AAAGCACTCACATATC-1	meGFP	0	0	2	3	FALSE	TRUE
AAAGCACTCCTGCCTC-1	MZ286197_1_ORF1	1	1	37	37	TRUE	TRUE
AAAGCACTCGCAACTC-1	meGFP	2	0	6	12	FALSE	TRUE
AAAGCACTCGCGAGGT-1	MZ286258_1_ORF1	1	0	4	4	TRUE	TRUE
AAAGCACTCGTCAATT-1	MZ286102_1_ORF2	0	0	1	1	FALSE	FALSE
AAAGCACTCGTCCGTG-1	OP549859_1_ORF1	0	0	1	1	FALSE	TRUE
AAAGCACTCTCAGTGC-1	OP549859_1_ORF2	0	0	1	1	FALSE	FALSE
AAAGCACTCTCTCAAG-1	MZ286102_1_ORF2	0	0	2	2	TRUE	TRUE
AAAGCATGTAACTTGC-1	MZ286258_1_ORF1	0	0	2	2	TRUE	TRUE
AAAGCATGTACAGGAC-1	MZ286258_1_ORF1	0	0	3	3	TRUE	FALSE
AAAGCATGTACCCAAT-1	OZ258728_1_ORF1	1	0	5	6	TRUE	TRUE
AAAGCATGTACGGGCA-1	OZ258728_1_ORF2	0	0	1	1	FALSE	FALSE
AAAGCATGTCGACCGT-1	MZ286188_1_ORF2	0	0	1	1	FALSE	FALSE
AAAGCATGTGGTTAAG-1	OP549859_1_ORF1	1	1	35	37	TRUE	TRUE
AAAGCATGTTATCTCT-1	OP549859_1_ORF2	0	0	2	3	FALSE	FALSE
AAAGCATGTTCGTAAC-1	MZ286102_1_ORF2	0	0	1	1	FALSE	FALSE
AAAGCATGTTGGTGAA-1	MZ286188_1_ORF2	1	0	4	4	TRUE	TRUE
AAAGCATGTTTGCGGC-1	OP549859_1_ORF2	1	0	9	9	TRUE	TRUE
AAAGCCAGTATACTGC-1	OZ258728_1_ORF2	0	0	1	2	FALSE	TRUE
AAAGCCAGTATGGTTC-1	meGFP	0	0	1	2	FALSE	TRUE
AAAGCCAGTCAGCCAC-1	MZ286197_1_ORF1	0	0	1	1	FALSE	FALSE
AAAGCCAGTCGGGACA-1	MZ286102_1_ORF1	0	0	1	1	FALSE	TRUE
AAAGCCAGTCTAATCA-1	OZ258728_1_ORF2	1	1	70	70	TRUE	TRUE
AAAGCCAGTCTTAATG-1	MZ286188_1_ORF1	1	1	13	14	TRUE	TRUE
AAAGCCAGTGAATGTG-1	MZ286258_1_ORF2	0	0	3	4	TRUE	TRUE
AAAGCCAGTTCGATTA-1	MZ286188_1_ORF2	0	0	1	1	FALSE	TRUE
AAAGCCAGTTGCCTAG-1	OZ258728_1_ORF2	1	1	50	50	TRUE	TRUE
AAAGCCAGTTGGTTAC-1	MZ286258_1_ORF2	0	0	3	3	TRUE	TRUE
AAAGCCAGTTTGATGC-1	MZ286197_1_ORF1	0	0	1	1	FALSE	FALSE
AAAGCCTAGCAGCATG-1	MZ286258_1_ORF2	1	0	5	6	TRUE	TRUE
AAAGCCTAGCCAACCT-1	MZ286258_1_ORF2	0	0	1	1	FALSE	FALSE
AAAGCCTAGCGGATCA-1	OP549859_1_ORF1	0	0	1	1	FALSE	TRUE
AAAGCCTAGCTAACGG-1	MZ286188_1_ORF1	0	0	1	1	FALSE	FALSE
AAAGCCTAGCTGGGTA-1	meGFP	1	1	43	43	TRUE	TRUE
AAAGCCTAGCTTAATC-1	OZ258728_1_ORF2	0	0	1	1	FALSE	TRUE
AAAGCCTAGCTTGATT-1	meGFP	0	0	1	1	FALSE	FALSE
AAAGCCTAGGAATGTC-1	OP549859_1_ORF1	0	0	2	4	FALSE	TRUE
AAAGCCTAGGACTAAC-1	meGFP	0	0	1	1	FALSE	FALSE
AAAGCCTAGGCACTTC-1	MZ286102_1_ORF2	0	0	1	1	FALSE	FALSE
AAAGCCTAGGTTCGGA-1	MZ286258_1_ORF2	0	0	1	3	FALSE	TRUE
AAAGCGTTCACGCTTA-1	MZ286197_1_ORF1	1	0	6	6	TRUE	TRUE
AAAGCGTTCCAGAGGC-1	OP549859_1_ORF1	1	1	161	161	TRUE	TRUE
AAAGCGTTCCTATACG-1	MZ286197_1_ORF2	1	0	6	6	TRUE	TRUE
AAAGCGTTCGGCTTCG-1	OZ258728_1_ORF1	0	0	1	1	FALSE	FALSE
AAAGCGTTCTACCCAA-1	MZ286258_1_ORF2	1	0	5	5	TRUE	TRUE
AAAGCGTTCTGGATGG-1	OZ258728_1_ORF2	0	0	2	4	FALSE	TRUE
AAAGCGTTCTTGCATG-1	meGFP	0	0	1	1	FALSE	FALSE
AAAGCTCAGACTTGCC-1	MZ286102_1_ORF2	1	0	7	7	TRUE	TRUE
AAAGCTCAGATAGTCA-1	MZ286258_1_ORF2	0	0	1	1	FALSE	TRUE
AAAGCTCAGCAGCCTT-1	OP549859_1_ORF1	0	0	1	1	FALSE	TRUE
AAAGCTCAGCCTCACG-1	OP549859_1_ORF2	0	0	3	4	TRUE	TRUE
AAAGCTCAGCGGGTTA-1	OP549859_1_ORF1	0	0	1	1	FALSE	FALSE
AAAGCTCAGCGTACCT-1	MZ286102_1_ORF2	0	0	1	1	FALSE	FALSE
AAAGCTCAGCTCGTTA-1	OZ258728_1_ORF2	1	1	15	16	TRUE	TRUE
AAAGCTCAGGCCATTC-1	OZ258728_1_ORF1	0	0	1	1	FALSE	FALSE
AAAGCTCAGGCGGTGT-1	OZ258728_1_ORF2	1	1	30	31	TRUE	TRUE
AAAGCTCAGGTAGGCC-1	MZ286102_1_ORF2	1	0	5	5	TRUE	TRUE
AAAGCTCAGTCAACTT-1	MZ286258_1_ORF1	0	0	1	1	FALSE	TRUE
AAAGCTCAGTCCAATT-1	MZ286258_1_ORF2	1	0	6	6	TRUE	TRUE
AAAGCTGGTACCGACC-1	meGFP	1	1	15	15	TRUE	TRUE
AAAGCTGGTACTTACA-1	OP549859_1_ORF1	0	0	1	1	FALSE	FALSE
AAAGCTGGTAGTCCCA-1	OP549859_1_ORF1	0	0	1	1	FALSE	TRUE
AAAGCTGGTATGGTTC-1	OP549859_1_ORF1	0	0	1	1	FALSE	FALSE
AAAGCTGGTGATGTCT-1	MZ286258_1_ORF1	0	0	1	1	FALSE	TRUE
AAAGCTGGTGCTGACC-1	OZ258728_1_ORF2	1	1	51	51	TRUE	TRUE
AAAGCTGGTGGGAATC-1	MZ286188_1_ORF1	0	0	1	2	FALSE	TRUE
AAAGCTGGTTTCAAGC-1	meGFP	0	0	1	1	FALSE	FALSE
AAAGGATAGAAGCATC-1	OP549859_1_ORF2	0	0	1	1	FALSE	TRUE
AAAGGATAGATGGTGT-1	OP549859_1_ORF1	0	0	1	1	FALSE	FALSE
AAAGGATAGCAAGGTT-1	MZ286188_1_ORF1	1	1	24	25	TRUE	TRUE
AAAGGATAGCGGTAGC-1	MZ286188_1_ORF1	0	0	1	1	FALSE	FALSE
AAAGGATAGCTTACGC-1	MZ286188_1_ORF2	1	0	4	4	TRUE	TRUE
AAAGGATAGGCCAGGT-1	OP549859_1_ORF2	0	0	1	3	FALSE	TRUE
AAAGGATAGTAACCAA-1	MZ286102_1_ORF2	0	0	1	2	FALSE	TRUE
AAAGGATAGTACCCGT-1	OZ258728_1_ORF2	0	0	1	1	FALSE	TRUE
AAAGGATAGTCGCTCG-1	OZ258728_1_ORF2	0	0	3	4	TRUE	TRUE
AAAGGATAGTGTCCGT-1	MZ286102_1_ORF1	0	0	1	1	FALSE	TRUE
AAAGGCGCAATTCGGA-1	MZ286188_1_ORF1	1	1	42	43	TRUE	TRUE
AAAGGCGCACAGATCA-1	MZ286102_1_ORF2	0	0	1	2	FALSE	TRUE
AAAGGCGCACCTCAAT-1	OZ258728_1_ORF1	0	0	1	1	FALSE	FALSE
AAAGGCGCACGGTTCC-1	MZ286102_1_ORF2	0	0	1	1	FALSE	TRUE
AAAGGCGCACTACCCA-1	meGFP	0	0	2	2	TRUE	TRUE
AAAGGCGCAGACACAC-1	OZ258728_1_ORF1	1	0	9	14	TRUE	TRUE
AAAGGCGCAGAGAGAT-1	meGFP	1	1	115	115	TRUE	TRUE
AAAGGCGCAGAGGTTC-1	OZ258728_1_ORF2	1	1	14	17	TRUE	TRUE
AAAGGCGCAGCTATCT-1	MZ286102_1_ORF2	1	0	4	4	TRUE	TRUE
AAAGGCGCAGGCTATA-1	OZ258728_1_ORF2	0	0	2	2	TRUE	FALSE
AAAGGCGCAGGGACTT-1	OP549859_1_ORF2	0	0	3	3	TRUE	TRUE
AAAGGCGCAGTACCTT-1	OZ258728_1_ORF2	0	0	1	1	FALSE	FALSE
AAAGGCGCATACCGGG-1	OZ258728_1_ORF1	0	0	1	1	FALSE	TRUE
AAAGGCGCATGACGGT-1	meGFP	0	0	3	3	TRUE	TRUE
AAAGGCGCATGAGGAG-1	meGFP	0	0	1	1	FALSE	FALSE
AAAGGGCAGAACCCAG-1	OZ258728_1_ORF2	1	1	27	27	TRUE	TRUE
AAAGGGCAGAGGTCTG-1	meGFP	0	0	1	1	FALSE	FALSE
AAAGGGCAGATACTGA-1	OZ258728_1_ORF2	0	0	1	1	FALSE	FALSE
AAAGGGCAGATTGGTA-1	meGFP	1	1	99	99	TRUE	TRUE
AAAGGGCAGCCACTCG-1	MZ286258_1_ORF1	0	0	3	7	FALSE	TRUE
AAAGGGCAGCCGGATA-1	OZ258728_1_ORF2	0	0	3	8	FALSE	TRUE
AAAGGGCAGCGACGGT-1	OZ258728_1_ORF2	0	0	2	2	TRUE	TRUE
AAAGGGCAGCGGGCAT-1	meGFP	0	0	1	1	FALSE	FALSE
AAAGGGCAGCTATCCA-1	MZ286102_1_ORF2	0	0	3	3	TRUE	TRUE
AAAGGGCAGGATGGAA-1	OZ258728_1_ORF2	0	0	1	1	FALSE	TRUE
AAAGGGCAGGATGGCC-1	MZ286188_1_ORF1	0	0	3	4	TRUE	TRUE
AAAGGGCAGTAACCAA-1	MZ286197_1_ORF1	0	0	1	2	FALSE	TRUE
AAAGGGCAGTGATAGC-1	OZ258728_1_ORF2	0	0	1	1	FALSE	TRUE
AAAGGGCAGTGGATTA-1	OP549859_1_ORF2	1	0	8	8	TRUE	TRUE
AAAGGGCAGTTACCGC-1	meGFP	3	2	28	50	FALSE	TRUE
AAAGGTACAATAGCAT-1	MZ286258_1_ORF1	0	0	1	3	FALSE	FALSE
AAAGGTACACCTCTAG-1	meGFP	0	0	1	2	FALSE	TRUE
AAAGGTACACGAATGC-1	meGFP	0	0	1	1	FALSE	FALSE
AAAGGTACACGATCCC-1	meGFP	0	0	1	2	FALSE	TRUE
AAAGGTACACGTATAG-1	MZ286188_1_ORF2	0	0	1	2	FALSE	FALSE
AAAGGTACAGACCGCA-1	MZ286258_1_ORF2	0	0	1	2	FALSE	TRUE
AAAGGTACAGGTCTAA-1	OP549859_1_ORF2	0	0	1	1	FALSE	FALSE
AAAGGTACATAACCTC-1	OZ258728_1_ORF2	0	0	1	1	FALSE	FALSE
AAAGGTACATATGAAC-1	OZ258728_1_ORF2	0	0	1	1	FALSE	TRUE
AAAGGTACATCAGAGC-1	OZ258728_1_ORF2	1	1	70	70	TRUE	TRUE
AAAGGTACATGCTGAA-1	OP549859_1_ORF1	0	0	1	1	FALSE	TRUE
AAAGGTACATGGAGCT-1	MZ286258_1_ORF2	0	0	1	1	FALSE	TRUE
AAAGGTACATGGTCCC-1	MZ286258_1_ORF1	1	1	19	19	TRUE	TRUE
AAAGGTCTCACAGATA-1	OZ258728_1_ORF2	0	0	1	1	FALSE	TRUE
AAAGGTCTCATGATCT-1	OP549859_1_ORF1	0	0	1	2	FALSE	TRUE
AAAGGTCTCATGGCAG-1	OZ258728_1_ORF2	1	1	29	29	TRUE	TRUE
AAAGGTCTCCAATCAT-1	OZ258728_1_ORF2	0	0	1	1	FALSE	FALSE
AAAGGTCTCCGCGCTA-1	OZ258728_1_ORF2	0	0	1	1	FALSE	FALSE
AAAGGTCTCGACGGGT-1	meGFP	0	0	1	1	FALSE	FALSE
AAAGGTCTCGCCTGTG-1	OZ258728_1_ORF2	1	1	18	18	TRUE	TRUE
AAAGGTCTCTGCATCA-1	MZ286258_1_ORF2	0	0	1	2	FALSE	TRUE
AAAGGTCTCTTCATCC-1	MZ286258_1_ORF2	0	0	1	1	FALSE	TRUE
AAAGTAAAGAATGGAG-1	meGFP	0	0	1	1	FALSE	FALSE
AAAGTAAAGCCTGCCA-1	OP549859_1_ORF1	0	0	1	1	FALSE	TRUE
AAAGTAAAGCTGAGAT-1	MZ286102_1_ORF2	1	1	25	25	TRUE	TRUE
AAAGTAAAGGAATCTA-1	MZ286258_1_ORF1	1	1	19	19	TRUE	TRUE
AAAGTAAAGGAGGTCC-1	OP549859_1_ORF2	1	1	13	13	TRUE	TRUE
AAAGTAAAGTAACCAA-1	MZ286188_1_ORF1	1	0	8	9	TRUE	TRUE
AAAGTCGGTAAGTCTC-1	OZ258728_1_ORF2	0	0	1	1	FALSE	TRUE
AAAGTCGGTCAGGAGT-1	OP549859_1_ORF2	0	0	1	1	FALSE	TRUE
AAAGTCGGTGAATGTG-1	MZ286258_1_ORF1	0	0	3	4	TRUE	TRUE
AAAGTCGGTGTCTATA-1	MZ286258_1_ORF1	0	0	1	1	FALSE	TRUE
AAAGTCGGTTGGTGAA-1	meGFP	0	0	1	1	FALSE	FALSE
AAAGTCGGTTGTAAGG-1	MZ286197_1_ORF1	2	1	58	67	TRUE	TRUE
AAAGTGGAGACCGATG-1	MZ286258_1_ORF2	1	1	10	10	TRUE	TRUE
AAAGTGGAGCACGTTC-1	MZ286258_1_ORF2	1	0	4	4	TRUE	TRUE
AAAGTGGAGCCATGAG-1	meGFP	1	1	27	27	TRUE	TRUE
AAAGTGGAGCGTACCT-1	meGFP	0	0	1	1	FALSE	FALSE
AAAGTGGAGGACACCA-1	MZ286102_1_ORF1	0	0	1	2	FALSE	TRUE
AAAGTGGAGGATCGTG-1	OP549859_1_ORF2	0	0	1	1	FALSE	FALSE
AAAGTGGAGGCGAACC-1	MZ286102_1_ORF1	0	0	1	3	FALSE	TRUE
AAAGTGGAGGCTTCGT-1	MZ286258_1_ORF2	1	1	14	16	TRUE	TRUE
AAAGTGGAGGTACGCA-1	OP549859_1_ORF2	0	0	1	2	FALSE	TRUE
AAAGTGGAGGTGTGGC-1	OZ258728_1_ORF2	0	0	1	1	FALSE	FALSE
AAAGTGGAGTACTTCG-1	OZ258728_1_ORF1	0	0	1	1	FALSE	TRUE
AAAGTGGAGTGAGAGA-1	MZ286102_1_ORF2	0	0	1	1	FALSE	FALSE
AAATCACCACAAGGCT-1	MZ286102_1_ORF1	0	0	1	1	FALSE	TRUE
AAATCACCACGTTGGG-1	OZ258728_1_ORF2	0	0	2	2	TRUE	TRUE
AAATCACCACTTCGAT-1	MZ286102_1_ORF2	1	1	16	17	TRUE	TRUE
AAATCACCAGTCCAGG-1	meGFP	0	0	1	1	FALSE	FALSE
AAATCACCATAGGCAC-1	OZ258728_1_ORF2	2	1	72	78	TRUE	TRUE
AAATCACCATCCAGCC-1	OZ258728_1_ORF2	0	0	1	2	FALSE	TRUE
AAATCACCATGAAGGG-1	OZ258728_1_ORF2	0	0	1	2	FALSE	TRUE
AAATCACCATTGACCT-1	MZ286102_1_ORF2	1	0	7	7	TRUE	TRUE
AAATCAGTCCCAGTAC-1	OP549859_1_ORF2	1	0	5	5	TRUE	FALSE
AAATCAGTCCTAATGT-1	MZ286258_1_ORF2	0	0	2	2	TRUE	TRUE
AAATCAGTCGAGCAGC-1	MZ286258_1_ORF2	0	0	2	2	TRUE	TRUE
AAATCAGTCGGCTTCG-1	MZ286197_1_ORF2	1	0	4	7	TRUE	TRUE
AAATCAGTCGGTAAGT-1	OZ258728_1_ORF2	0	0	1	1	FALSE	FALSE
AAATCAGTCTCCATCT-1	MZ286102_1_ORF2	1	1	13	13	TRUE	TRUE
AAATCAGTCTGATAGA-1	meGFP	0	0	1	1	FALSE	TRUE
AAATCAGTCTTAAGCT-1	OZ258728_1_ORF2	1	1	63	64	TRUE	TRUE
AAATCATAGAGGCGTC-1	OP549859_1_ORF2	1	0	4	5	TRUE	TRUE
AAATCATAGATACTGA-1	OP549859_1_ORF2	0	0	2	3	FALSE	TRUE
AAATCATAGATTCGGG-1	meGFP	1	1	15	15	TRUE	TRUE
AAATCATAGCGGTAAT-1	OZ258728_1_ORF2	0	0	2	3	FALSE	TRUE
AAATCATAGGCTACAG-1	meGFP	1	0	7	7	TRUE	TRUE
AAATCATAGGGCGTGT-1	MZ286102_1_ORF2	1	0	5	5	TRUE	TRUE
AAATCATAGGTACCCT-1	OP549859_1_ORF2	0	0	1	1	FALSE	FALSE
AAATCATAGGTCGAAT-1	MZ286102_1_ORF2	0	0	3	3	TRUE	TRUE
AAATCATAGTCAGCAG-1	MZ286258_1_ORF2	0	0	3	3	TRUE	TRUE
AAATCATAGTCCGTTA-1	OP549859_1_ORF1	0	0	1	1	FALSE	FALSE
AAATGAAAGACCGATG-1	MZ286258_1_ORF2	0	0	2	2	TRUE	FALSE
AAATGAAAGCGCAGTA-1	OZ258728_1_ORF2	0	0	1	2	FALSE	TRUE
AAATGAAAGCTAACGG-1	OP549859_1_ORF1	0	0	1	1	FALSE	TRUE
AAATGAAAGGGATGGG-1	OZ258728_1_ORF2	1	0	8	8	TRUE	TRUE
AAATGAAAGTAGTTGA-1	MZ286102_1_ORF2	1	0	4	5	TRUE	TRUE
AAATGAGCAAACCATG-1	OZ258728_1_ORF2	1	1	10	10	TRUE	TRUE
AAATGAGCAACAGATT-1	MZ286188_1_ORF1	0	0	1	1	FALSE	TRUE
AAATGAGCACGTATAG-1	meGFP	1	1	70	71	TRUE	TRUE
AAATGAGCACGTGCCT-1	meGFP	0	0	1	1	FALSE	FALSE
AAATGAGCATTGCCCA-1	MZ286258_1_ORF1	0	0	1	1	FALSE	FALSE
AAATGCATCAAGGGTT-1	OP549859_1_ORF1	0	0	1	1	FALSE	FALSE
AAATGCATCCTCATAG-1	MZ286197_1_ORF1	0	0	2	3	FALSE	TRUE
AAATGCATCCTCCGTC-1	MZ286197_1_ORF2	1	0	4	4	TRUE	TRUE
AAATGCATCCTCTCCA-1	meGFP	0	0	1	1	FALSE	FALSE
AAATGCATCGCACCAT-1	OZ258728_1_ORF2	0	0	1	1	FALSE	FALSE
AAATGCATCGCAGGGT-1	OZ258728_1_ORF2	1	1	110	111	TRUE	TRUE
AAATGCATCGGTTAGG-1	MZ286197_1_ORF1	0	0	1	1	FALSE	FALSE
AAATGCATCTCGAAGG-1	OP549859_1_ORF2	1	0	4	4	TRUE	TRUE
AAATGCATCTGCATCA-1	MZ286102_1_ORF1	1	0	6	6	TRUE	TRUE
AAATGCATCTGTGGAG-1	OP549859_1_ORF1	1	0	4	6	TRUE	TRUE
AAATGCCAGAACCCAG-1	OZ258728_1_ORF1	0	0	1	1	FALSE	FALSE
AAATGCCAGATTCGGG-1	MZ286102_1_ORF2	1	0	5	5	TRUE	TRUE
AAATGCCAGCTGGTGA-1	OP549859_1_ORF1	0	0	1	1	FALSE	TRUE
AAATGCCAGGAGTGCC-1	MZ286102_1_ORF2	1	1	17	18	TRUE	TRUE
AAATGCCAGGGACTCA-1	MZ286197_1_ORF1	0	0	1	1	FALSE	FALSE
AAATGCCAGGGCCAGT-1	MZ286102_1_ORF2	1	0	6	6	TRUE	TRUE
AAATGCCAGGGGACAG-1	MZ286102_1_ORF2	1	1	15	16	TRUE	TRUE
AAATGCCAGTCCAATT-1	MZ286188_1_ORF1	0	0	1	1	FALSE	TRUE
AAATGCCAGTGCTGCT-1	OZ258728_1_ORF1	0	0	1	1	FALSE	FALSE
AAATGCCAGTGGCTTC-1	OZ258728_1_ORF1	0	0	1	2	FALSE	TRUE
AAATGCCAGTTAGGTA-1	MZ286197_1_ORF1	1	1	20	20	TRUE	TRUE
AAATGGCTCAAGGGTT-1	MZ286258_1_ORF2	1	0	9	9	TRUE	TRUE
AAATGGCTCAATCCAT-1	MZ286188_1_ORF2	0	0	2	3	FALSE	TRUE
AAATGGCTCGAACTAA-1	MZ286258_1_ORF2	1	0	4	4	TRUE	TRUE
AAATGGCTCGGGATTG-1	MZ286258_1_ORF2	0	0	1	1	FALSE	FALSE
AAATGGCTCGGTATGG-1	OZ258728_1_ORF1	0	0	1	1	FALSE	TRUE
AAATGGCTCTCGACCG-1	MZ286188_1_ORF2	0	0	2	3	FALSE	TRUE
AAATGGCTCTTCGTAG-1	MZ286188_1_ORF2	1	0	4	4	TRUE	TRUE
AAATGTAGTAACGATG-1	OZ258728_1_ORF1	0	0	1	1	FALSE	TRUE
AAATGTAGTACCTCTC-1	meGFP	0	0	2	2	TRUE	TRUE
AAATGTAGTCTTAATG-1	meGFP	1	1	63	63	TRUE	TRUE
AAATGTAGTGATGTCT-1	MZ286102_1_ORF1	0	0	1	1	FALSE	TRUE
AAATGTAGTGTACCGC-1	OP549859_1_ORF2	1	1	17	17	TRUE	TRUE
AAATGTTAGAAGCCTG-1	OZ258728_1_ORF2	0	0	2	3	FALSE	TRUE
AAATGTTAGAAGGACA-1	MZ286197_1_ORF2	0	0	3	4	TRUE	TRUE
AAATGTTAGAGATTGC-1	MZ286258_1_ORF2	1	1	14	14	TRUE	TRUE
AAATGTTAGAGTTAGC-1	meGFP	0	0	1	1	FALSE	TRUE
AAATGTTAGCCAACCT-1	meGFP	1	1	12	12	TRUE	TRUE
AAATGTTAGGACATAC-1	meGFP	0	0	1	1	FALSE	FALSE
AAATGTTAGGCTCTGT-1	OZ258728_1_ORF2	0	0	1	1	FALSE	TRUE
AAATGTTAGGGAGTAA-1	OZ258728_1_ORF2	1	1	48	48	TRUE	TRUE
AAATGTTAGGTGGCTA-1	MZ286258_1_ORF1	0	0	1	1	FALSE	TRUE
AAATGTTAGGTTGCGA-1	meGFP	0	0	1	1	FALSE	FALSE
AAATGTTAGTACTTCG-1	meGFP	0	0	1	1	FALSE	TRUE
AAATGTTAGTAGTGTA-1	OP549859_1_ORF1	0	0	1	1	FALSE	TRUE
AAATGTTAGTCTCACA-1	MZ286188_1_ORF1	1	1	43	44	TRUE	TRUE
AAATTCGAGAACCACG-1	OZ258728_1_ORF1	0	0	1	1	FALSE	TRUE
AAATTCGAGAGTTAGC-1	OZ258728_1_ORF1	1	0	8	9	TRUE	TRUE
AAATTCGAGCAATGAC-1	MZ286102_1_ORF2	0	0	3	3	TRUE	TRUE
AAATTCGAGCGCAAGC-1	OP549859_1_ORF2	1	1	33	33	TRUE	TRUE
AAATTCGAGCGCTAGA-1	OZ258728_1_ORF2	0	0	1	1	FALSE	FALSE
AAATTCGAGCTTGACC-1	meGFP	1	1	171	173	TRUE	TRUE
AAATTCGAGGCCTCAT-1	MZ286258_1_ORF1	0	0	1	2	FALSE	TRUE
AAATTCGAGGGATACT-1	MZ286102_1_ORF2	1	0	7	7	TRUE	TRUE
AAATTCGAGTGCAGAT-1	meGFP	1	1	12	15	TRUE	TRUE
AAATTCGAGTGTGTCC-1	OP549859_1_ORF1	1	1	18	18	TRUE	TRUE
AAATTCGAGTTACACT-1	meGFP	0	0	1	1	FALSE	FALSE
AAATTGGTCACATGAA-1	MZ286258_1_ORF1	1	1	24	24	TRUE	TRUE
AAATTGGTCCAATGAA-1	MZ286188_1_ORF1	1	1	13	13	TRUE	TRUE
AAATTGGTCCGCCACA-1	OP549859_1_ORF1	0	0	1	2	FALSE	TRUE
AAATTGGTCGACCTCG-1	MZ286197_1_ORF2	1	0	6	6	TRUE	TRUE
AAATTGGTCGAGGTCA-1	OP549859_1_ORF1	1	1	34	34	TRUE	TRUE
AAATTGGTCGATCCCG-1	OZ258728_1_ORF1	1	1	13	13	TRUE	FALSE
AAATTGGTCGCGCCTA-1	MZ286197_1_ORF2	0	0	2	3	FALSE	TRUE
AAATTGGTCGCTACTA-1	OZ258728_1_ORF2	0	0	1	1	FALSE	TRUE
AAATTGGTCGCTATGC-1	OZ258728_1_ORF2	0	0	1	1	FALSE	FALSE
AAATTGGTCGTCATGC-1	MZ286188_1_ORF1	0	0	1	1	FALSE	FALSE
AAATTGGTCTGTGCGT-1	MZ286258_1_ORF2	0	0	2	2	TRUE	TRUE
AACAGAACAACATCCT-1	OP549859_1_ORF1	1	1	52	55	TRUE	TRUE
AACAGAACACCGGATG-1	MZ286188_1_ORF2	1	0	6	6	TRUE	TRUE
AACAGAACACCTGTGC-1	MZ286102_1_ORF2	1	0	5	5	TRUE	TRUE
AACAGAACAGTTCGTT-1	MZ286258_1_ORF2	1	1	26	26	TRUE	TRUE
AACAGAACATCCGCAC-1	OP549859_1_ORF1	0	0	1	1	FALSE	FALSE
AACAGGGCAACCCGTC-1	MZ286188_1_ORF1	1	1	14	14	TRUE	TRUE
AACAGGGCAAGATTAC-1	OZ258728_1_ORF2	0	0	1	1	FALSE	FALSE
AACAGGGCACAGCCAG-1	OP549859_1_ORF2	0	0	1	1	FALSE	FALSE
AACAGGGCACAGTATG-1	meGFP	0	0	1	1	FALSE	TRUE
AACAGGGCACGATTGA-1	OZ258728_1_ORF1	0	0	1	1	FALSE	TRUE
AACAGGGCACGTATAG-1	MZ286102_1_ORF2	1	1	13	13	TRUE	TRUE
AACAGGGCAGCTTGGG-1	meGFP	0	0	1	1	FALSE	FALSE
AACAGGGCAGGGTCTG-1	MZ286188_1_ORF2	0	0	1	2	FALSE	TRUE
AACAGGGCATAACGAT-1	MZ286197_1_ORF1	0	0	3	3	TRUE	TRUE
AACAGGGCATCGCATT-1	meGFP	0	0	1	1	FALSE	TRUE
AACAGGGCATGAGGAG-1	MZ286197_1_ORF2	0	0	1	1	FALSE	TRUE
AACAGGGCATGCATCT-1	OP549859_1_ORF1	0	0	2	3	FALSE	TRUE
AACAGGGCATGCTCGC-1	MZ286188_1_ORF1	0	0	3	4	TRUE	TRUE
AACAGGGCATGTCTGT-1	meGFP	0	0	1	1	FALSE	FALSE
AACAGGGCATTAGGGC-1	OZ258728_1_ORF2	1	1	12	12	TRUE	TRUE
AACAGTATCCACCAAC-1	meGFP	1	1	38	39	TRUE	TRUE
AACAGTATCCACCAGT-1	meGFP	0	0	1	1	FALSE	FALSE
AACAGTATCCTCTCCA-1	OZ258728_1_ORF2	1	1	20	21	TRUE	TRUE
AACAGTATCGAATGAC-1	MZ286188_1_ORF1	0	0	1	1	FALSE	FALSE
AACAGTATCGATACTT-1	OP549859_1_ORF1	1	1	32	32	TRUE	TRUE
AACAGTATCGCTAGAG-1	OZ258728_1_ORF2	0	0	2	9	FALSE	TRUE
AACAGTATCGTCATGC-1	OZ258728_1_ORF2	0	0	1	2	FALSE	FALSE
AACAGTATCGTCCATA-1	OZ258728_1_ORF1	0	0	1	1	FALSE	TRUE
AACAGTATCGTGAGGC-1	OZ258728_1_ORF1	0	0	1	1	FALSE	FALSE
AACAGTATCTAACTGT-1	MZ286188_1_ORF1	0	0	1	1	FALSE	FALSE
AACAGTATCTAGCTTG-1	MZ286188_1_ORF1	1	1	59	60	TRUE	TRUE
AACAGTATCTGGACCT-1	MZ286102_1_ORF2	0	0	3	3	TRUE	TRUE
AACATAAGTAAGTCTC-1	OP549859_1_ORF2	0	0	1	1	FALSE	TRUE
AACATAAGTCGCGTGT-1	MZ286102_1_ORF2	0	0	2	2	TRUE	TRUE
AACATAAGTCGGGCTT-1	MZ286258_1_ORF2	0	0	1	1	FALSE	FALSE
AACATAAGTCGTTGGC-1	OZ258728_1_ORF2	0	0	1	1	FALSE	TRUE
AACATAAGTCTAATCA-1	MZ286197_1_ORF1	0	0	1	1	FALSE	FALSE
AACATAAGTGATGTCT-1	OP549859_1_ORF1	0	0	1	1	FALSE	TRUE
AACATAAGTGCAGCCT-1	MZ286102_1_ORF2	0	0	1	1	FALSE	TRUE
AACATAAGTGGACACG-1	MZ286258_1_ORF2	1	1	39	39	TRUE	TRUE
AACATAAGTGGTTCGC-1	OP549859_1_ORF1	0	0	3	3	TRUE	TRUE
AACATAAGTTATCTCT-1	MZ286188_1_ORF1	0	0	1	1	FALSE	TRUE
AACATAAGTTCCAACG-1	meGFP	0	0	1	1	FALSE	FALSE
AACATAAGTTCGCTGA-1	OZ258728_1_ORF2	0	0	1	1	FALSE	TRUE
AACATAGTCAAGCCAG-1	meGFP	1	1	14	15	TRUE	TRUE
AACATAGTCAATCCAT-1	OZ258728_1_ORF2	0	0	1	1	FALSE	TRUE
AACATAGTCCACCTGG-1	meGFP	0	0	1	1	FALSE	TRUE
AACATAGTCCCATTGA-1	OP549859_1_ORF1	1	0	5	6	TRUE	TRUE
AACATAGTCCCTTCCA-1	MZ286102_1_ORF1	0	0	1	3	FALSE	TRUE
AACATAGTCTACCAGC-1	OZ258728_1_ORF2	0	0	1	1	FALSE	FALSE
AACATAGTCTATAGGA-1	meGFP	0	0	1	1	FALSE	FALSE
AACATAGTCTTGCATG-1	MZ286197_1_ORF2	1	0	4	5	TRUE	TRUE
AACATGCAGCGATTCC-1	MZ286102_1_ORF1	0	0	2	4	FALSE	TRUE
AACATGCAGGAATGTC-1	MZ286258_1_ORF2	1	1	17	17	TRUE	TRUE
AACATGCAGGCACTTC-1	MZ286258_1_ORF2	0	0	1	1	FALSE	TRUE
AACATGCAGGCGTGAC-1	OP549859_1_ORF1	0	0	1	1	FALSE	TRUE
AACATGCAGGTAGACT-1	MZ286258_1_ORF1	0	0	1	1	FALSE	FALSE
AACATGCAGGTTCATT-1	MZ286102_1_ORF2	1	1	10	10	TRUE	TRUE
AACATGCAGTATGTCT-1	MZ286258_1_ORF1	0	0	1	2	FALSE	FALSE
AACATGCAGTGGATTA-1	OP549859_1_ORF1	0	0	2	2	TRUE	TRUE
AACCAGCCAAACGTAT-1	MZ286102_1_ORF1	1	1	18	18	TRUE	TRUE
AACCAGCCAAACTGTG-1	meGFP	0	0	1	1	FALSE	FALSE
AACCAGCCAACAGGCT-1	OZ258728_1_ORF2	0	0	1	1	FALSE	FALSE
AACCAGCCAACCCAGG-1	MZ286188_1_ORF2	1	1	14	15	TRUE	TRUE
AACCAGCCACGAACCG-1	MZ286102_1_ORF1	0	0	1	3	FALSE	TRUE
AACCAGCCACTTCGAT-1	OZ258728_1_ORF2	1	1	43	44	TRUE	TRUE
AACCAGCCAGAGCCTG-1	OZ258728_1_ORF2	0	0	1	1	FALSE	TRUE
AACCAGCCAGCAAGTC-1	MZ286197_1_ORF2	0	0	2	4	FALSE	TRUE
AACCAGCCATCCTTCC-1	OZ258728_1_ORF1	1	1	35	36	TRUE	TRUE
AACCATAAGAGTCCCT-1	MZ286258_1_ORF2	1	1	22	24	TRUE	TRUE
AACCATAAGCAAGTAC-1	meGFP	1	1	89	90	TRUE	TRUE
AACCATAAGCCGTGAA-1	MZ286102_1_ORF2	1	1	12	12	TRUE	TRUE
AACCATAAGCGGATTG-1	OZ258728_1_ORF2	0	0	1	1	FALSE	FALSE
AACCATAAGCGTGCTT-1	OZ258728_1_ORF2	0	0	1	1	FALSE	TRUE
AACCATAAGCTATACT-1	OP549859_1_ORF1	0	0	1	1	FALSE	TRUE
AACCATAAGTACTTCG-1	meGFP	1	1	18	18	TRUE	TRUE
AACCATAAGTAGCTCC-1	OZ258728_1_ORF2	0	0	1	1	FALSE	FALSE
AACCATAAGTCAACTT-1	MZ286102_1_ORF2	1	1	12	13	TRUE	TRUE
AACCATAAGTCCAATT-1	OZ258728_1_ORF2	0	0	1	1	FALSE	FALSE
AACCATTTCAATGCGG-1	OP549859_1_ORF1	0	0	1	1	FALSE	FALSE
AACCATTTCAGGATGT-1	MZ286197_1_ORF1	1	1	64	65	TRUE	TRUE
AACCATTTCCCAGTGT-1	MZ286188_1_ORF2	0	0	2	2	TRUE	TRUE
AACCATTTCCTATACG-1	MZ286102_1_ORF2	0	0	1	1	FALSE	TRUE
AACCATTTCCTGAGAG-1	meGFP	0	0	1	1	FALSE	TRUE
AACCATTTCGATACTT-1	MZ286197_1_ORF1	0	0	1	1	FALSE	TRUE
AACCATTTCTGTAATC-1	OZ258728_1_ORF2	0	0	3	6	FALSE	TRUE
AACCCACTCACGAAGT-1	MZ286258_1_ORF1	0	0	1	1	FALSE	TRUE
AACCCACTCCAGACTC-1	meGFP	0	0	2	2	TRUE	FALSE
AACCCACTCCCGTTGG-1	MZ286258_1_ORF1	0	0	1	1	FALSE	TRUE
AACCCACTCGAGGTCA-1	MZ286197_1_ORF2	0	0	2	3	FALSE	TRUE
AACCCACTCGATACTT-1	MZ286258_1_ORF1	0	0	3	5	FALSE	TRUE
AACCCACTCGGGACTA-1	MZ286102_1_ORF2	0	0	3	6	FALSE	TRUE
AACCCACTCTCAGCAC-1	MZ286197_1_ORF2	0	0	1	1	FALSE	TRUE
AACCCACTCTGAGTGG-1	meGFP	1	0	4	4	TRUE	TRUE
AACCCACTCTTCGCAA-1	meGFP	0	0	1	1	FALSE	FALSE
AACCCCGTCACCAGGA-1	MZ286188_1_ORF2	1	0	6	6	TRUE	TRUE
AACCCCGTCCATGACC-1	OZ258728_1_ORF1	0	0	1	1	FALSE	TRUE
AACCCCGTCCCTTACT-1	OP549859_1_ORF2	1	0	9	10	TRUE	TRUE
AACCCCGTCCGTAGCT-1	meGFP	1	1	82	82	TRUE	TRUE
AACCCCGTCCTCATTC-1	MZ286102_1_ORF2	1	0	4	4	TRUE	TRUE
AACCCCGTCGCCCAAT-1	MZ286188_1_ORF1	1	1	23	23	TRUE	TRUE
AACCCCGTCGCCCGTA-1	OP549859_1_ORF1	1	0	4	4	TRUE	TRUE
AACCCCGTCGCTTAAT-1	MZ286258_1_ORF1	0	0	1	1	FALSE	FALSE
AACCCCGTCTAACTGT-1	MZ286258_1_ORF2	0	0	1	1	FALSE	FALSE
AACCCCGTCTCTATCC-1	meGFP	0	0	1	1	FALSE	FALSE
AACCCTCAGACATCAA-1	OP549859_1_ORF2	1	0	6	7	TRUE	TRUE
AACCCTCAGATACTGA-1	OZ258728_1_ORF2	1	1	14	14	TRUE	TRUE
AACCCTCAGATCCTGC-1	OZ258728_1_ORF1	1	1	11	11	TRUE	TRUE
AACCCTCAGCAAGTAC-1	OP549859_1_ORF2	1	1	17	17	TRUE	TRUE
AACCCTCAGCGCAGTA-1	MZ286102_1_ORF2	0	0	1	1	FALSE	FALSE
AACCCTCAGCGGAACC-1	OZ258728_1_ORF2	0	0	1	1	FALSE	FALSE
AACCCTCAGCTGGGTA-1	meGFP	0	0	1	1	FALSE	TRUE
AACCCTCAGGAGCATT-1	meGFP	1	1	39	39	TRUE	TRUE
AACCCTCAGGGGTCTA-1	OZ258728_1_ORF1	0	0	3	3	TRUE	TRUE
AACCCTCAGGTAGACT-1	MZ286258_1_ORF2	1	0	5	5	TRUE	TRUE
AACCCTCAGGTTAATG-1	OP549859_1_ORF2	0	0	1	1	FALSE	FALSE
AACCCTCAGTACCTGC-1	OP549859_1_ORF1	0	0	1	1	FALSE	TRUE
AACCCTGGTAAGTAAC-1	MZ286102_1_ORF1	0	0	1	2	FALSE	FALSE
AACCCTGGTACCGACC-1	OZ258728_1_ORF1	0	0	1	1	FALSE	FALSE
AACCCTGGTAGCAGGT-1	MZ286197_1_ORF1	1	1	15	15	TRUE	TRUE
AACCCTGGTCACTAAC-1	OZ258728_1_ORF2	0	0	1	1	FALSE	FALSE
AACCCTGGTCTAGTGT-1	OP549859_1_ORF1	0	0	1	1	FALSE	TRUE
AACCCTGGTCTTGCAG-1	MZ286197_1_ORF1	1	1	23	23	TRUE	TRUE
AACCCTGGTGCCTAAT-1	MZ286258_1_ORF2	0	0	1	1	FALSE	TRUE
AACCCTGGTGTGTCGC-1	OZ258728_1_ORF2	1	1	47	47	TRUE	TRUE
AACCCTGGTTGGACTT-1	meGFP	1	1	64	65	TRUE	TRUE
AACCCTGGTTGTACGT-1	OZ258728_1_ORF1	0	0	1	1	FALSE	FALSE
AACCCTGGTTTACGGT-1	MZ286197_1_ORF2	0	0	1	1	FALSE	FALSE
AACCCTGGTTTGCCCT-1	MZ286197_1_ORF1	1	1	10	10	TRUE	TRUE
AACCGTGAGAGATTGC-1	MZ286258_1_ORF2	0	0	1	1	FALSE	TRUE
AACCGTGAGATACAGC-1	MZ286258_1_ORF2	0	0	1	2	FALSE	TRUE
AACCGTGAGATATCCT-1	OZ258728_1_ORF2	0	0	1	1	FALSE	FALSE
AACCGTGAGATGCCTC-1	MZ286258_1_ORF2	0	0	1	1	FALSE	FALSE
AACCGTGAGCGCAGTA-1	meGFP	0	0	1	1	FALSE	FALSE
AACCGTGAGCGGATTG-1	meGFP	0	0	1	1	FALSE	FALSE
AACCGTGAGCTGGTGA-1	OP549859_1_ORF1	0	0	1	1	FALSE	TRUE
AACCGTGAGGCTTAGG-1	meGFP	1	1	14	14	TRUE	TRUE
AACCGTGAGTCCTCAA-1	OZ258728_1_ORF2	0	0	1	1	FALSE	FALSE
AACCGTGAGTGCAACG-1	meGFP	1	1	62	63	TRUE	TRUE
AACCTAAAGATGGCGC-1	meGFP	0	0	1	1	FALSE	FALSE
AACCTAAAGCCCGTCA-1	MZ286258_1_ORF2	0	0	1	1	FALSE	TRUE
AACCTAAAGCGCTAGA-1	MZ286188_1_ORF1	0	0	0	0	FALSE	FALSE
AACCTAAAGTTACCAT-1	meGFP	0	0	1	1	FALSE	TRUE
AACCTACGTAAGCTAG-1	OZ258728_1_ORF1	1	1	101	101	TRUE	TRUE
AACCTACGTACGAATG-1	MZ286197_1_ORF1	0	0	1	1	FALSE	TRUE
AACCTACGTATGGTTC-1	MZ286102_1_ORF2	0	0	1	1	FALSE	TRUE
AACCTACGTCCAACTG-1	MZ286197_1_ORF1	0	0	2	2	TRUE	TRUE
AACCTACGTCCTGTGA-1	OP549859_1_ORF1	1	1	62	62	TRUE	TRUE
AACCTACGTGAACGAC-1	OP549859_1_ORF1	0	0	1	1	FALSE	FALSE
AACCTACGTGAGGAGA-1	OZ258728_1_ORF2	0	0	1	2	FALSE	FALSE
AACCTACGTGATCGTT-1	meGFP	0	0	1	1	FALSE	FALSE
AACCTACGTGCGCATC-1	MZ286102_1_ORF2	1	0	7	8	TRUE	TRUE
AACCTACGTGGACACG-1	MZ286102_1_ORF2	2	1	15	24	FALSE	TRUE
AACCTACGTGTACCAT-1	OZ258728_1_ORF2	0	0	1	1	FALSE	TRUE
AACCTACGTGTCCGGT-1	MZ286197_1_ORF1	0	0	1	1	FALSE	FALSE
AACCTACGTGTGGACG-1	OP549859_1_ORF1	0	0	1	1	FALSE	TRUE
AACCTACGTTACACCG-1	MZ286188_1_ORF2	1	1	11	11	TRUE	TRUE
AACCTACGTTCATCGG-1	MZ286102_1_ORF2	0	0	3	3	TRUE	TRUE
AACCTACGTTCGCTGA-1	MZ286102_1_ORF1	1	1	11	11	TRUE	TRUE
AACCTACGTTGAAGTG-1	MZ286258_1_ORF2	0	0	2	2	TRUE	TRUE
AACCTACGTTTGGCGC-1	MZ286197_1_ORF1	1	1	10	10	TRUE	TRUE
AACCTCTCAACACCAA-1	OZ258728_1_ORF1	1	0	6	6	TRUE	TRUE
AACCTCTCAAGTCGGT-1	OZ258728_1_ORF1	1	0	9	9	TRUE	TRUE
AACCTCTCACACACTT-1	MZ286188_1_ORF1	0	0	1	2	FALSE	TRUE
AACCTCTCACGTTACT-1	MZ286102_1_ORF2	1	0	4	5	TRUE	TRUE
AACCTCTCAGACATTG-1	MZ286197_1_ORF2	0	0	1	1	FALSE	TRUE
AACCTCTCAGCACTCC-1	meGFP	1	1	17	17	TRUE	TRUE
AACCTCTCAGGCTATA-1	OZ258728_1_ORF2	0	0	1	1	FALSE	FALSE
AACCTCTCATACTGAG-1	OP549859_1_ORF1	0	0	2	2	TRUE	TRUE
AACCTCTCATCGCATT-1	OP549859_1_ORF1	0	0	1	1	FALSE	FALSE
AACCTCTCATGCTCGC-1	meGFP	1	1	95	96	TRUE	TRUE
AACCTTGTCAGCTTCA-1	meGFP	0	0	1	1	FALSE	FALSE
AACCTTGTCAGGACGC-1	MZ286197_1_ORF1	1	1	51	52	TRUE	TRUE
AACCTTGTCGCACGAA-1	MZ286102_1_ORF2	1	0	5	5	TRUE	TRUE
AACCTTGTCGGCTGAA-1	meGFP	0	0	1	1	FALSE	FALSE
AACCTTGTCTGAGTCC-1	OP549859_1_ORF2	0	0	2	3	FALSE	TRUE
AACCTTGTCTGCACTA-1	OP549859_1_ORF1	0	0	1	1	FALSE	FALSE
AACCTTGTCTGCATCA-1	OZ258728_1_ORF2	1	0	5	5	TRUE	TRUE
AACCTTGTCTGGGTTC-1	OP549859_1_ORF1	0	0	1	1	FALSE	FALSE
AACGAATGTAAGGTGC-1	meGFP	0	0	1	1	FALSE	TRUE
AACGAATGTACCGATT-1	MZ286102_1_ORF1	0	0	1	2	FALSE	TRUE
AACGAATGTACCGGAG-1	MZ286197_1_ORF1	0	0	1	1	FALSE	FALSE
AACGAATGTACTGTCG-1	MZ286258_1_ORF1	0	0	3	4	TRUE	TRUE
AACGAATGTAGTATCC-1	MZ286197_1_ORF1	0	0	2	2	TRUE	TRUE
AACGAATGTATTGGCT-1	MZ286258_1_ORF2	0	0	1	1	FALSE	TRUE
AACGAATGTGGTTAAG-1	MZ286188_1_ORF2	0	0	1	1	FALSE	FALSE
AACGAATGTGTCCTTC-1	OZ258728_1_ORF2	1	1	19	19	TRUE	TRUE
AACGAATGTTAGGCAA-1	OZ258728_1_ORF2	0	0	1	1	FALSE	FALSE
AACGATGGTACCGACC-1	MZ286258_1_ORF2	0	0	1	2	FALSE	TRUE
AACGATGGTACGTTCG-1	OZ258728_1_ORF2	0	0	1	1	FALSE	FALSE
AACGATGGTATTGCGT-1	meGFP	0	0	1	1	FALSE	FALSE
AACGATGGTCCAGCTA-1	MZ286102_1_ORF1	0	0	1	1	FALSE	TRUE
AACGATGGTCGACTCA-1	MZ286102_1_ORF2	1	1	16	16	TRUE	TRUE
AACGATGGTGCGACAG-1	MZ286102_1_ORF2	2	0	9	13	FALSE	TRUE
AACGCCCGTGAATCTC-1	OZ258728_1_ORF1	0	0	2	3	FALSE	TRUE
AACGCCCGTGACCCTA-1	MZ286102_1_ORF1	0	0	1	1	FALSE	FALSE
AACGCCCGTGACCTTG-1	MZ286258_1_ORF2	0	0	3	4	TRUE	TRUE
AACGCCCGTTTGGGTT-1	MZ286258_1_ORF1	0	0	1	1	FALSE	TRUE
AACGCCGCAAAGGCGA-1	meGFP	0	0	1	3	FALSE	TRUE
AACGCCGCAACGGCCA-1	OP549859_1_ORF2	1	1	13	13	TRUE	TRUE
AACGCCGCAAGGTGCT-1	OP549859_1_ORF1	0	0	1	1	FALSE	TRUE
AACGCCGCACCAAGCG-1	MZ286188_1_ORF1	1	1	26	26	TRUE	TRUE
AACGCCGCACCCAGCT-1	MZ286258_1_ORF2	1	1	19	19	TRUE	TRUE
AACGCCGCACGGATCG-1	meGFP	0	0	1	1	FALSE	FALSE
AACGCCGCACTGAGGT-1	MZ286102_1_ORF2	0	0	2	3	FALSE	TRUE
AACGCCGCACTTCCTC-1	MZ286102_1_ORF2	1	1	16	17	TRUE	TRUE
AACGCCGCAGAATGGG-1	MZ286102_1_ORF1	0	0	1	1	FALSE	TRUE
AACGCCGCAGGCCAAT-1	OZ258728_1_ORF2	0	0	1	1	FALSE	FALSE
AACGCCGCAGGTCTAA-1	OZ258728_1_ORF2	1	1	20	20	TRUE	TRUE
AACGCCGCATATGAAC-1	OZ258728_1_ORF2	0	0	1	1	FALSE	FALSE
AACGCCGCATGCTCGC-1	meGFP	0	0	1	1	FALSE	FALSE
AACGCCGCATGGAGCT-1	OZ258728_1_ORF1	0	0	1	1	FALSE	FALSE
AACGCCGCATTACTTG-1	MZ286102_1_ORF2	0	0	1	1	FALSE	FALSE
AACGGAGCAAAGCGGA-1	OZ258728_1_ORF1	1	1	23	23	TRUE	TRUE
AACGGAGCAACAGGCT-1	OZ258728_1_ORF2	0	0	1	1	FALSE	FALSE
AACGGAGCAACCCAGG-1	MZ286197_1_ORF1	0	0	1	2	FALSE	TRUE
AACGGAGCAACCCTGC-1	MZ286258_1_ORF1	1	1	17	17	TRUE	TRUE
AACGGAGCAAGCGTTA-1	OZ258728_1_ORF2	0	0	1	1	FALSE	FALSE
AACGGAGCACATGCTT-1	MZ286258_1_ORF2	0	0	1	1	FALSE	FALSE
AACGGAGCACCCAACC-1	meGFP	1	1	61	61	TRUE	TRUE
AACGGAGCACGTTACT-1	OZ258728_1_ORF1	0	0	1	1	FALSE	FALSE
AACGGAGCACTACGGG-1	OP549859_1_ORF2	1	0	5	5	TRUE	TRUE
AACGGAGCAGAACTAT-1	OP549859_1_ORF1	0	0	1	1	FALSE	FALSE
AACGGAGCAGAGAGAT-1	MZ286188_1_ORF1	0	0	1	1	FALSE	FALSE
AACGGAGCAGCACTCC-1	OP549859_1_ORF1	1	1	84	85	TRUE	TRUE
AACGTAATCAAGGGTT-1	OZ258728_1_ORF1	0	0	1	1	FALSE	FALSE
AACGTAATCGAGCGAC-1	OZ258728_1_ORF2	0	0	1	1	FALSE	TRUE
AACGTAATCTACGCCG-1	MZ286188_1_ORF1	1	1	11	13	TRUE	TRUE
AACGTAATCTATCGTG-1	OP549859_1_ORF1	0	0	1	1	FALSE	FALSE
AACGTAATCTTAGTAC-1	meGFP	1	1	25	25	TRUE	TRUE
AACGTCCTCCATCACA-1	OZ258728_1_ORF2	0	0	1	1	FALSE	FALSE
AACGTCCTCCGGCTTG-1	OZ258728_1_ORF2	0	0	1	1	FALSE	FALSE
AACGTCCTCCGTGGTT-1	OZ258728_1_ORF2	1	1	80	80	TRUE	TRUE
AACGTCCTCCTAATGT-1	MZ286258_1_ORF1	0	0	1	2	FALSE	TRUE
AACGTCCTCGCCTCTC-1	OZ258728_1_ORF1	0	0	1	1	FALSE	FALSE
AACGTCCTCGCGAGGT-1	MZ286197_1_ORF1	0	0	1	1	FALSE	TRUE
AACGTCCTCGCTTGGT-1	meGFP	1	1	12	13	TRUE	TRUE
AACGTCCTCGTCACCG-1	OP549859_1_ORF2	0	0	2	2	TRUE	TRUE
AACGTCCTCTAAGCGG-1	OZ258728_1_ORF1	1	1	60	60	TRUE	TRUE
AACGTCCTCTGATAGA-1	MZ286197_1_ORF2	1	0	4	4	TRUE	TRUE
AACGTCCTCTGTACCA-1	OZ258728_1_ORF2	1	1	13	13	TRUE	TRUE
AACTAAAGTCATTCAA-1	OZ258728_1_ORF2	0	0	1	1	FALSE	TRUE
AACTAAAGTCCTGTGA-1	meGFP	1	1	87	87	TRUE	TRUE
AACTAAAGTCGACATT-1	MZ286258_1_ORF2	1	1	13	15	TRUE	TRUE
AACTAAAGTCTGCACA-1	MZ286102_1_ORF2	0	0	1	1	FALSE	TRUE
AACTAAAGTGAGACCG-1	meGFP	0	0	1	1	FALSE	TRUE
AACTAAAGTGAGAGGA-1	MZ286258_1_ORF2	0	0	1	1	FALSE	FALSE
AACTAAAGTGCTTCCT-1	MZ286258_1_ORF2	0	0	1	2	FALSE	TRUE
AACTAAAGTGTGTGAA-1	meGFP	0	0	1	1	FALSE	FALSE
AACTAAAGTGTTGACT-1	MZ286188_1_ORF2	1	0	4	4	TRUE	TRUE
AACTAACCAAATGACT-1	OP549859_1_ORF2	1	0	4	4	TRUE	TRUE
AACTAACCAACGGACT-1	OZ258728_1_ORF2	0	0	1	1	FALSE	FALSE
AACTAACCAACGGGTT-1	OZ258728_1_ORF2	0	0	1	1	FALSE	FALSE
AACTAACCAACTTCGT-1	MZ286197_1_ORF1	0	0	2	2	TRUE	TRUE
AACTAACCAATACCCT-1	MZ286188_1_ORF1	1	1	12	12	TRUE	TRUE
AACTAACCACAACCAA-1	OP549859_1_ORF2	0	0	1	1	FALSE	FALSE
AACTAACCACCGTTCA-1	MZ286188_1_ORF1	0	0	1	2	FALSE	FALSE
AACTAACCACGCGAAT-1	MZ286102_1_ORF1	0	0	1	1	FALSE	FALSE
AACTAACCACGCTACC-1	MZ286188_1_ORF1	0	0	1	1	FALSE	TRUE
AACTAACCACTACTAC-1	MZ286102_1_ORF1	0	0	2	4	FALSE	TRUE
AACTAACCACTTCCTC-1	OZ258728_1_ORF2	0	0	2	3	FALSE	TRUE
AACTAACCAGAACGCT-1	OZ258728_1_ORF2	0	0	1	1	FALSE	TRUE
AACTAACCAGGCAACT-1	OP549859_1_ORF1	0	0	1	1	FALSE	FALSE
AACTAACCAGTGTCCC-1	OZ258728_1_ORF1	1	1	10	10	TRUE	TRUE
AACTAACCATAGGATT-1	OZ258728_1_ORF2	1	1	15	17	TRUE	TRUE
AACTAACCATAGGCAC-1	OZ258728_1_ORF2	0	0	1	1	FALSE	TRUE
AACTAACCATCCACAT-1	OP549859_1_ORF1	1	1	268	272	TRUE	TRUE
AACTACAAGAACGAAG-1	OZ258728_1_ORF1	1	1	21	21	TRUE	TRUE
AACTACAAGACCTACC-1	meGFP	1	1	82	82	TRUE	TRUE
AACTACAAGACGCCTT-1	OZ258728_1_ORF2	1	1	98	100	TRUE	TRUE
AACTACAAGCCACACT-1	OZ258728_1_ORF2	0	0	1	3	FALSE	TRUE
AACTACAAGCCAGGGT-1	MZ286258_1_ORF2	1	1	11	12	TRUE	TRUE
AACTACAAGCGCAAGC-1	MZ286197_1_ORF2	0	0	2	3	FALSE	TRUE
AACTACAAGCGCAGTA-1	MZ286258_1_ORF2	1	0	4	4	TRUE	TRUE
AACTACAAGCTCCTGG-1	OP549859_1_ORF1	1	1	12	13	TRUE	TRUE
AACTACAAGCTCGTTA-1	MZ286258_1_ORF1	0	0	1	1	FALSE	TRUE
AACTACAAGCTCTAGC-1	MZ286197_1_ORF1	0	0	1	1	FALSE	FALSE
AACTACAAGGTTGGGC-1	OZ258728_1_ORF2	0	0	1	1	FALSE	FALSE
AACTACAAGTGGAGCC-1	OZ258728_1_ORF1	0	0	1	1	FALSE	FALSE
AACTACCGTAAGCCAA-1	OZ258728_1_ORF2	1	1	13	13	TRUE	TRUE
AACTACCGTACTTCCC-1	OZ258728_1_ORF2	0	0	2	2	TRUE	TRUE
AACTACCGTATCTGGT-1	MZ286102_1_ORF1	0	0	2	3	FALSE	TRUE
AACTACCGTCTGCACA-1	meGFP	0	0	1	1	FALSE	FALSE
AACTACCGTCTTAATG-1	OZ258728_1_ORF1	0	0	1	1	FALSE	FALSE
AACTACCGTGAGGTGT-1	MZ286258_1_ORF2	1	0	7	9	TRUE	TRUE
AACTACCGTGCTTAGT-1	MZ286197_1_ORF2	1	0	5	6	TRUE	TRUE
AACTACCGTGGAACCG-1	OZ258728_1_ORF1	0	0	1	2	FALSE	TRUE
AACTACCGTGGAGAGA-1	MZ286258_1_ORF2	0	0	3	5	FALSE	TRUE
AACTACCGTGTCGAGG-1	OZ258728_1_ORF2	0	0	1	1	FALSE	FALSE
AACTACCGTGTGGACG-1	OZ258728_1_ORF2	1	0	9	9	TRUE	TRUE
AACTACCGTTCCCAGA-1	MZ286258_1_ORF1	1	0	9	11	TRUE	TRUE
AACTACCGTTGAAGCA-1	meGFP	0	0	2	2	TRUE	FALSE
AACTCGCTCACGGTAG-1	OZ258728_1_ORF2	0	0	2	2	TRUE	TRUE
AACTCGCTCAGGACGC-1	OZ258728_1_ORF2	0	0	1	1	FALSE	FALSE
AACTCGCTCAGTAGTA-1	meGFP	0	0	2	3	FALSE	TRUE
AACTCGCTCCACCAAC-1	OZ258728_1_ORF1	0	0	1	1	FALSE	TRUE
AACTCGCTCCCGTAGT-1	OZ258728_1_ORF1	0	0	3	4	TRUE	TRUE
AACTCGCTCCGCCACA-1	OZ258728_1_ORF2	0	0	1	1	FALSE	TRUE
AACTCGCTCCGTGATC-1	OP549859_1_ORF1	0	0	1	1	FALSE	FALSE
AACTCGCTCCGTGGTT-1	OP549859_1_ORF1	1	1	33	34	TRUE	TRUE
AACTCGCTCGAGGTCA-1	OZ258728_1_ORF2	3	2	97	114	TRUE	TRUE
AACTCGCTCGGCCATT-1	OZ258728_1_ORF2	1	1	77	78	TRUE	TRUE
AACTCTCCAAGCGAAG-1	meGFP	0	0	1	1	FALSE	FALSE
AACTCTCCACTAGGCG-1	MZ286258_1_ORF2	0	0	2	3	FALSE	FALSE
AACTCTCCAGGGTTAC-1	OP549859_1_ORF1	1	1	10	11	TRUE	TRUE
AACTCTCCATCAGAGC-1	MZ286258_1_ORF2	0	0	1	1	FALSE	FALSE
AACTCTCCATCAGGGT-1	OZ258728_1_ORF1	1	1	11	12	TRUE	TRUE
AACTCTCCATGAACCA-1	MZ286188_1_ORF1	0	0	1	1	FALSE	TRUE
AACTGCCTCAATCGCC-1	meGFP	1	1	27	27	TRUE	TRUE
AACTGCCTCATGGAAC-1	MZ286188_1_ORF2	0	0	1	2	FALSE	TRUE
AACTGCCTCCAATGCC-1	OZ258728_1_ORF2	0	0	1	1	FALSE	FALSE
AACTGCCTCCCTTACT-1	OP549859_1_ORF2	0	0	1	1	FALSE	FALSE
AACTGCCTCCGGTTAC-1	OP549859_1_ORF2	1	1	15	15	TRUE	TRUE
AACTGCCTCCTCCTGC-1	OZ258728_1_ORF1	0	0	1	1	FALSE	TRUE
AACTGCCTCGAACCGA-1	meGFP	0	0	1	1	FALSE	TRUE
AACTGCCTCGAGGCGT-1	MZ286188_1_ORF2	0	0	3	3	TRUE	TRUE
AACTGCCTCGCGCCTA-1	MZ286188_1_ORF1	1	0	5	6	TRUE	TRUE
AACTGCCTCGTCACCG-1	meGFP	0	0	1	1	FALSE	FALSE
AACTGCCTCTACGCCG-1	MZ286258_1_ORF2	0	0	1	1	FALSE	FALSE
AACTGCCTCTAGCTTG-1	OZ258728_1_ORF2	0	0	1	1	FALSE	FALSE
AACTGCCTCTGAGTCC-1	OP549859_1_ORF2	0	0	1	1	FALSE	TRUE
AACTGCCTCTTGCATG-1	MZ286258_1_ORF2	0	0	3	5	FALSE	TRUE
AACTGCGAGACCAGCA-1	meGFP	0	0	1	1	FALSE	TRUE
AACTGCGAGACTTGCC-1	meGFP	0	0	1	1	FALSE	FALSE
AACTGCGAGCCACTCG-1	OP549859_1_ORF2	1	0	4	4	TRUE	TRUE
AACTGCGAGCTATACT-1	MZ286102_1_ORF1	0	0	1	1	FALSE	TRUE
AACTGCGAGCTTGAGG-1	MZ286102_1_ORF2	1	0	5	6	TRUE	TRUE
AACTGCGAGGGTGTCA-1	OZ258728_1_ORF1	1	1	17	18	TRUE	TRUE
AACTGCGAGGTTGCGA-1	OZ258728_1_ORF2	0	0	1	1	FALSE	FALSE
AACTGCGAGTACTGGG-1	OZ258728_1_ORF2	4	1	95	121	TRUE	TRUE
AACTGCGAGTATGTCT-1	MZ286258_1_ORF2	1	1	17	18	TRUE	TRUE
AACTGCGAGTTGCACC-1	MZ286188_1_ORF1	1	1	85	85	TRUE	TRUE
AACTGGCCAACCCTGC-1	MZ286102_1_ORF1	0	0	1	1	FALSE	FALSE
AACTGGCCACACTAAG-1	OP549859_1_ORF2	0	0	1	1	FALSE	FALSE
AACTGGCCACAGTTAG-1	OP549859_1_ORF1	0	0	1	1	FALSE	FALSE
AACTGGCCACCGGACA-1	MZ286258_1_ORF2	1	0	7	8	TRUE	TRUE
AACTGGCCAGAGAGAT-1	OP549859_1_ORF1	0	0	1	1	FALSE	TRUE
AACTGGCCAGATCCTT-1	OP549859_1_ORF1	1	1	109	109	TRUE	TRUE
AACTGGCCAGCCCTGT-1	MZ286197_1_ORF1	1	1	63	63	TRUE	TRUE
AACTGGCCAGCTGATA-1	MZ286197_1_ORF1	1	0	6	7	TRUE	TRUE
AACTGGCCATAGTAAC-1	meGFP	0	0	1	1	FALSE	TRUE
AACTGTAAGAACGGCC-1	MZ286102_1_ORF1	0	0	2	2	TRUE	TRUE
AACTGTAAGAGATTGC-1	OZ258728_1_ORF2	0	0	1	1	FALSE	TRUE
AACTGTAAGATATGCA-1	meGFP	0	0	1	1	FALSE	FALSE
AACTGTAAGCGTAAGT-1	MZ286102_1_ORF2	1	0	7	10	TRUE	TRUE
AACTGTAAGCTATGAA-1	MZ286188_1_ORF1	0	0	1	2	FALSE	TRUE
AACTGTAAGGAGTCTG-1	meGFP	0	0	1	1	FALSE	FALSE
AACTGTAAGGAGTGAA-1	OZ258728_1_ORF2	1	1	41	41	TRUE	TRUE
AACTGTAAGGATGGCC-1	OP549859_1_ORF2	0	0	3	5	FALSE	TRUE
AACTGTAAGGCGAAGG-1	OP549859_1_ORF1	0	0	2	2	TRUE	TRUE
AACTGTAAGGGCAATT-1	MZ286102_1_ORF1	0	0	1	1	FALSE	FALSE
AACTGTAAGTAGTGTA-1	OP549859_1_ORF1	0	0	1	1	FALSE	FALSE
AACTGTAAGTATACCT-1	meGFP	0	0	1	1	FALSE	FALSE
AACTGTAAGTGTAATG-1	MZ286188_1_ORF1	0	0	2	3	FALSE	TRUE
AACTGTGCAACGAGCT-1	MZ286258_1_ORF2	0	0	3	3	TRUE	TRUE
AACTGTGCAATAGCAT-1	OP549859_1_ORF2	0	0	3	3	TRUE	TRUE
AACTGTGCACGTGAGT-1	OZ258728_1_ORF1	0	0	1	1	FALSE	FALSE
AACTGTGCAGTGTCCC-1	MZ286197_1_ORF2	0	0	1	1	FALSE	TRUE
AACTGTGCATCCATAC-1	OZ258728_1_ORF2	0	0	1	1	FALSE	TRUE
AACTGTGCATCCTTCC-1	OZ258728_1_ORF2	0	0	1	1	FALSE	FALSE
AACTGTGCATGTGATG-1	MZ286197_1_ORF2	0	0	3	3	TRUE	TRUE
AACTTGCGTACCGATT-1	OZ258728_1_ORF1	0	0	1	2	FALSE	TRUE
AACTTGCGTGGATGAC-1	MZ286102_1_ORF2	0	0	1	1	FALSE	FALSE
AACTTGCGTGGCCTAC-1	OZ258728_1_ORF2	0	0	2	3	FALSE	TRUE
AACTTGCGTTACACCG-1	OZ258728_1_ORF1	0	0	1	1	FALSE	FALSE
AACTTGCGTTACGTTA-1	OZ258728_1_ORF1	1	1	10	10	TRUE	TRUE
AACTTGCGTTATGCAC-1	MZ286102_1_ORF1	1	1	29	29	TRUE	TRUE
AACTTGCGTTGAAGTG-1	MZ286102_1_ORF1	1	1	14	16	TRUE	TRUE
AACTTGCGTTTCGGGC-1	MZ286258_1_ORF1	1	0	5	5	TRUE	TRUE
AAGCCACCAAAGTGCC-1	OZ258728_1_ORF2	0	0	1	1	FALSE	TRUE
AAGCCACCAAATCAGT-1	OZ258728_1_ORF2	0	0	1	1	FALSE	TRUE
AAGCCACCACTGAAGC-1	MZ286197_1_ORF2	0	0	3	3	TRUE	TRUE
AAGCCACCAGACCGCA-1	MZ286188_1_ORF2	0	0	2	2	TRUE	TRUE
AAGCCACCAGCTCAGG-1	OZ258728_1_ORF2	0	0	1	1	FALSE	FALSE
AAGCCACCAGGCAACT-1	MZ286197_1_ORF2	0	0	1	1	FALSE	TRUE
AAGCCACCAGGTCTCC-1	meGFP	0	0	1	1	FALSE	FALSE
AAGCCACCATAGATAC-1	MZ286102_1_ORF1	0	0	1	1	FALSE	TRUE
AAGCCACCATTGGTTC-1	OP549859_1_ORF1	0	0	1	1	FALSE	FALSE
AAGCCCCGTAACGATG-1	meGFP	0	0	1	1	FALSE	TRUE
AAGCCCCGTAATCACC-1	OP549859_1_ORF1	0	0	1	1	FALSE	TRUE
AAGCCCCGTACCTCGA-1	OZ258728_1_ORF2	0	0	1	1	FALSE	FALSE
AAGCCCCGTACTGCCA-1	OP549859_1_ORF2	0	0	1	1	FALSE	TRUE
AAGCCCCGTATCCCGA-1	OP549859_1_ORF1	0	0	1	1	FALSE	FALSE
AAGCCCCGTCCCATCT-1	MZ286258_1_ORF2	1	1	23	23	TRUE	TRUE
AAGCCCCGTCTGCACA-1	meGFP	0	0	1	1	FALSE	FALSE
AAGCCCCGTCTTACCC-1	meGFP	1	1	43	43	TRUE	TRUE
AAGCCCCGTGACCAGG-1	OP549859_1_ORF2	0	0	1	1	FALSE	TRUE
AAGCCCCGTGGCGTCT-1	MZ286258_1_ORF2	1	1	20	21	TRUE	TRUE
AAGCCCCGTGGTGTGG-1	MZ286258_1_ORF2	1	1	23	24	TRUE	TRUE
AAGCCCCGTTCGGTTG-1	OZ258728_1_ORF2	0	0	1	2	FALSE	TRUE
AAGCCCGCAAAGGGCA-1	MZ286102_1_ORF2	0	0	1	1	FALSE	FALSE
AAGCCCGCAAATGCGC-1	OP549859_1_ORF1	0	0	2	2	TRUE	TRUE
AAGCCCGCACCCTGAC-1	MZ286102_1_ORF2	0	0	2	2	TRUE	TRUE
AAGCCCGCACGCTACC-1	OZ258728_1_ORF1	1	1	17	18	TRUE	TRUE
AAGCCCGCACGGATCG-1	MZ286258_1_ORF2	0	0	2	2	TRUE	TRUE
AAGCCCGCACGGGTAT-1	MZ286258_1_ORF1	0	0	1	1	FALSE	TRUE
AAGCCCGCACGTTACT-1	OZ258728_1_ORF1	0	0	1	1	FALSE	FALSE
AAGCCCGCAGAATGGG-1	MZ286258_1_ORF2	0	0	1	1	FALSE	TRUE
AAGCCCGCAGAGAGAT-1	MZ286258_1_ORF2	1	0	4	5	TRUE	TRUE
AAGCCCGCAGCAAGTC-1	MZ286102_1_ORF1	0	0	1	1	FALSE	TRUE
AAGCCCGCAGGATTGC-1	OP549859_1_ORF2	0	0	1	1	FALSE	TRUE
AAGCCCGCATCAGGGT-1	MZ286102_1_ORF2	1	0	4	4	TRUE	TRUE
AAGCCCGCATCGCATT-1	meGFP	0	0	1	1	FALSE	FALSE
AAGCCCGCATGCTCGC-1	meGFP	0	0	1	1	FALSE	FALSE
AAGCCGGGTAATCGCT-1	OP549859_1_ORF1	1	0	9	9	TRUE	TRUE
AAGCCGGGTACCTCGA-1	OZ258728_1_ORF2	0	0	1	1	FALSE	FALSE
AAGCCGGGTGTGTCGC-1	meGFP	1	0	7	7	TRUE	TRUE
AAGCCGGGTTCTATCT-1	MZ286258_1_ORF1	0	0	1	1	FALSE	FALSE
AAGCCGGGTTGAAGCA-1	OP549859_1_ORF2	0	0	3	3	TRUE	TRUE
AAGCCGGGTTGGACCC-1	MZ286197_1_ORF2	0	0	1	1	FALSE	FALSE
AAGCGAAAGACTTACT-1	meGFP	0	0	1	2	FALSE	FALSE
AAGCGAAAGAGGTCTG-1	meGFP	1	1	16	18	TRUE	TRUE
AAGCGAAAGAGTCCCT-1	OP549859_1_ORF1	1	0	5	5	TRUE	TRUE
AAGCGAAAGATTGGTA-1	MZ286258_1_ORF2	0	0	0	0	FALSE	FALSE
AAGCGAAAGCAGGGCT-1	OZ258728_1_ORF2	0	0	2	4	FALSE	FALSE
AAGCGAAAGCCAACCT-1	MZ286197_1_ORF1	0	0	1	1	FALSE	TRUE
AAGCGAAAGCCTGGAA-1	OP549859_1_ORF1	0	0	1	2	FALSE	TRUE
AAGCGAAAGGATGGTT-1	OZ258728_1_ORF2	1	0	8	8	TRUE	FALSE
AAGCGAAAGTGATAGC-1	OZ258728_1_ORF2	1	1	85	85	TRUE	TRUE
AAGCGAAAGTGCTACC-1	OP549859_1_ORF2	1	0	5	5	TRUE	TRUE
AAGCGAGCAACCCAGG-1	MZ286188_1_ORF1	1	1	14	14	TRUE	TRUE
AAGCGAGCAACGGGTT-1	OZ258728_1_ORF2	0	0	1	1	FALSE	TRUE
AAGCGAGCAACTGGTA-1	OZ258728_1_ORF1	0	0	1	1	FALSE	TRUE
AAGCGAGCACCCAGCT-1	MZ286188_1_ORF1	0	0	1	1	FALSE	FALSE
AAGCGAGCACCGTACC-1	OZ258728_1_ORF2	0	0	1	1	FALSE	FALSE
AAGCGAGCACGATCCC-1	meGFP	1	0	6	7	TRUE	FALSE
AAGCGAGCAGAACGGA-1	MZ286188_1_ORF1	0	0	1	1	FALSE	FALSE
AAGCGAGCATCCCGAC-1	OZ258728_1_ORF2	1	0	4	4	TRUE	TRUE
AAGCGAGCATTAGGGC-1	MZ286102_1_ORF2	0	0	1	1	FALSE	TRUE
AAGCGAGCATTGCCCA-1	MZ286197_1_ORF1	1	1	29	29	TRUE	TRUE
AAGCGAGCATTGGATG-1	meGFP	1	1	39	39	TRUE	TRUE
AAGCGGACAACGTGCG-1	MZ286258_1_ORF1	0	0	1	1	FALSE	TRUE
AAGCGGACACGATCCC-1	meGFP	0	0	1	1	FALSE	TRUE
AAGCGGACAGATACAT-1	OZ258728_1_ORF2	0	0	1	1	FALSE	TRUE
AAGCGGACAGCATCAA-1	meGFP	1	1	13	13	TRUE	TRUE
AAGCGGACAGGAAGCA-1	OZ258728_1_ORF2	0	0	1	1	FALSE	TRUE
AAGCGGACAGGTACGT-1	MZ286197_1_ORF1	1	1	32	33	TRUE	TRUE
AAGCGGACATGACAGC-1	MZ286102_1_ORF2	0	0	1	1	FALSE	TRUE
AAGCGGGAGAAGTTGC-1	OZ258728_1_ORF1	0	0	1	1	FALSE	FALSE
AAGCGGGAGCATCACC-1	OZ258728_1_ORF2	0	0	3	4	TRUE	TRUE
AAGCGGGAGCGACGGT-1	MZ286258_1_ORF1	0	0	1	1	FALSE	FALSE
AAGCGGGAGCGGGTTA-1	MZ286102_1_ORF2	2	0	6	13	FALSE	TRUE
AAGCGGGAGCTCGAAG-1	OZ258728_1_ORF1	0	0	1	1	FALSE	FALSE
AAGCGGGAGGCTTCGT-1	OP549859_1_ORF1	1	1	31	31	TRUE	TRUE
AAGCGGGAGGGAGCAG-1	OZ258728_1_ORF1	1	1	15	15	TRUE	TRUE
AAGCGGGAGGTTCATT-1	OZ258728_1_ORF2	0	0	2	2	TRUE	TRUE
AAGCGGGAGTTGCAGG-1	MZ286188_1_ORF1	1	1	22	22	TRUE	TRUE
AAGCGTTAGATACTGA-1	OZ258728_1_ORF2	0	0	1	1	FALSE	TRUE
AAGCGTTAGCCAGGGT-1	MZ286102_1_ORF1	1	0	8	8	TRUE	TRUE
AAGCGTTAGCCTCACG-1	OZ258728_1_ORF1	0	0	1	1	FALSE	TRUE
AAGCGTTAGTTAAGTG-1	MZ286102_1_ORF2	0	0	2	5	FALSE	TRUE
AAGCTATCAAAGGGCA-1	OZ258728_1_ORF2	0	0	1	1	FALSE	FALSE
AAGCTATCAACCAGTA-1	OZ258728_1_ORF1	1	0	7	8	TRUE	TRUE
AAGCTATCACTGATGA-1	OP549859_1_ORF1	0	0	2	4	FALSE	TRUE
AAGCTATCAGTTGCTT-1	OZ258728_1_ORF2	1	1	36	38	TRUE	TRUE
AAGCTATCATCCATAC-1	OZ258728_1_ORF1	2	2	17	29	FALSE	TRUE
AAGCTATCATGAAGGG-1	OZ258728_1_ORF2	0	0	3	9	FALSE	TRUE
AAGGACAAGAAGGACA-1	MZ286188_1_ORF1	0	0	1	1	FALSE	TRUE
AAGGACAAGCAATCCC-1	MZ286102_1_ORF1	1	0	6	6	TRUE	TRUE
AAGGACAAGCCCGTCA-1	MZ286102_1_ORF2	1	0	6	8	TRUE	TRUE
AAGGACAAGCGGGACT-1	MZ286188_1_ORF1	1	1	10	10	TRUE	TRUE
AAGGACAAGCTAGAGT-1	MZ286102_1_ORF2	0	0	1	1	FALSE	FALSE
AAGGACAAGGTACCCT-1	meGFP	1	1	85	88	TRUE	TRUE
AAGGACAAGTCAACCC-1	MZ286188_1_ORF1	0	0	1	1	FALSE	FALSE
AAGGACAAGTGGGTTG-1	MZ286197_1_ORF2	0	0	1	1	FALSE	TRUE
AAGGAGTCAAAGGGCA-1	OP549859_1_ORF2	0	0	1	1	FALSE	TRUE
AAGGAGTCAACCTCGC-1	MZ286102_1_ORF2	1	0	5	5	TRUE	TRUE
AAGGAGTCAATCCAAG-1	MZ286197_1_ORF2	1	0	7	8	TRUE	TRUE
AAGGAGTCACAGCATA-1	OP549859_1_ORF2	0	0	3	4	TRUE	TRUE
AAGGAGTCACGTGAAC-1	MZ286197_1_ORF1	0	0	1	2	FALSE	FALSE
AAGGAGTCACTAGTCT-1	MZ286188_1_ORF2	0	0	1	1	FALSE	FALSE
AAGGAGTCAGATTAAC-1	meGFP	1	1	26	26	TRUE	TRUE
AAGGAGTCAGGATTGC-1	MZ286197_1_ORF2	1	0	9	9	TRUE	TRUE
AAGGAGTCAGTCCCGT-1	meGFP	1	0	4	4	TRUE	TRUE
AAGGAGTCAGTGTGAC-1	MZ286188_1_ORF1	0	0	1	1	FALSE	TRUE
AAGGAGTCAGTTCGGG-1	OZ258728_1_ORF2	0	0	1	2	FALSE	TRUE
AAGGAGTCATATGCAG-1	meGFP	0	0	1	1	FALSE	TRUE
AAGGAGTCATCCCAAT-1	OZ258728_1_ORF2	0	0	1	1	FALSE	FALSE
AAGGAGTCATGCGTGG-1	meGFP	0	0	1	1	FALSE	FALSE
AAGGATTGTAACGGAC-1	MZ286188_1_ORF2	1	0	6	6	TRUE	TRUE
AAGGATTGTAGGCAGT-1	MZ286258_1_ORF2	1	0	4	4	TRUE	TRUE
AAGGATTGTATCCCGA-1	MZ286188_1_ORF1	0	0	1	1	FALSE	FALSE
AAGGATTGTCCGAATT-1	OP549859_1_ORF1	0	0	1	1	FALSE	TRUE
AAGGATTGTGGATGAC-1	meGFP	0	0	3	14	FALSE	TRUE
AAGGATTGTGGCAACG-1	OP549859_1_ORF1	0	0	1	2	FALSE	TRUE
AAGGATTGTGGTTCGC-1	meGFP	0	0	1	1	FALSE	FALSE
AAGGATTGTTCGTAAC-1	meGFP	0	0	1	1	FALSE	FALSE
AAGGATTGTTCTGGCA-1	MZ286197_1_ORF1	0	0	1	1	FALSE	TRUE
AAGGCAAAGAGGTCTG-1	MZ286188_1_ORF2	0	0	1	1	FALSE	TRUE
AAGGCAAAGCCACTTA-1	MZ286102_1_ORF2	1	1	18	21	TRUE	TRUE
AAGGCAAAGCGTGCTT-1	MZ286188_1_ORF2	1	0	5	6	TRUE	TRUE
AAGGCAAAGCTAACGG-1	MZ286102_1_ORF1	0	0	1	1	FALSE	TRUE
AAGGCAAAGCTCTAGC-1	MZ286258_1_ORF2	0	0	1	1	FALSE	TRUE
AAGGCAAAGGAAGTAG-1	OZ258728_1_ORF2	0	0	1	1	FALSE	TRUE
AAGGCAAAGGACGAGG-1	OZ258728_1_ORF2	0	0	2	2	TRUE	TRUE
AAGGCAAAGGGAGACG-1	OZ258728_1_ORF1	0	0	1	1	FALSE	FALSE
AAGGCAAAGGTTAATG-1	MZ286102_1_ORF2	1	0	6	6	TRUE	TRUE
AAGGCAAAGGTTCATT-1	OP549859_1_ORF2	1	0	5	9	TRUE	TRUE
AAGGCAAAGTATCGAA-1	meGFP	1	0	5	6	TRUE	TRUE
AAGGCAAAGTCCGCTG-1	OZ258728_1_ORF1	0	0	3	3	TRUE	TRUE
AAGGCGCTCATCCCTT-1	MZ286258_1_ORF1	0	0	2	2	TRUE	TRUE
AAGGCGCTCCATAGCC-1	OP549859_1_ORF1	0	0	1	1	FALSE	FALSE
AAGGCGCTCCGCATGT-1	MZ286197_1_ORF1	1	1	11	11	TRUE	TRUE
AAGGCGCTCCGCCACA-1	OP549859_1_ORF1	0	0	1	1	FALSE	FALSE
AAGGCGCTCCGTGGTT-1	MZ286188_1_ORF1	0	0	2	2	TRUE	FALSE
AAGGCGCTCGCACGAA-1	MZ286258_1_ORF2	0	0	3	3	TRUE	TRUE
AAGGCGCTCGCCTGTG-1	OZ258728_1_ORF1	0	0	1	2	FALSE	TRUE
AAGGCGCTCTAACTAC-1	MZ286258_1_ORF2	1	0	4	5	TRUE	TRUE
AAGGCGCTCTCGAGCT-1	MZ286258_1_ORF1	0	0	1	1	FALSE	FALSE
AAGGCGCTCTTGAGCC-1	OZ258728_1_ORF2	0	0	1	1	FALSE	FALSE
AAGGCTCCAAACGACC-1	MZ286197_1_ORF2	0	0	1	2	FALSE	TRUE
AAGGCTCCAACGGACT-1	OZ258728_1_ORF2	0	0	1	1	FALSE	TRUE
AAGGCTCCAACGTGCG-1	OP549859_1_ORF1	0	0	1	1	FALSE	FALSE
AAGGCTCCACAGGTGT-1	OZ258728_1_ORF2	0	0	1	1	FALSE	FALSE
AAGGCTCCACGGTAAC-1	OP549859_1_ORF2	0	0	3	3	TRUE	TRUE
AAGGCTCCAGCACTCC-1	meGFP	1	1	68	68	TRUE	TRUE
AAGGCTCCAGCTCAGG-1	MZ286188_1_ORF2	1	0	8	9	TRUE	TRUE
AAGGCTCCAGGCATTA-1	meGFP	0	0	1	1	FALSE	FALSE
AAGGCTCCAGGTACAC-1	MZ286102_1_ORF2	2	1	15	22	FALSE	TRUE
AAGGCTCCATGAGCCG-1	MZ286102_1_ORF2	0	0	1	1	FALSE	FALSE
AAGGGCTGTAACCGAA-1	MZ286102_1_ORF1	1	1	25	25	TRUE	TRUE
AAGGGCTGTCGACATT-1	MZ286102_1_ORF2	0	0	1	1	FALSE	TRUE
AAGGGCTGTCGCTGGT-1	OZ258728_1_ORF2	1	1	10	10	TRUE	TRUE
AAGGGCTGTCGGGACA-1	meGFP	0	0	1	1	FALSE	FALSE
AAGGGCTGTCGGGCTT-1	OP549859_1_ORF1	0	0	1	1	FALSE	FALSE
AAGGGCTGTGCCTGGT-1	meGFP	0	0	3	3	TRUE	TRUE
AAGGGCTGTGCTATGT-1	meGFP	0	0	1	1	FALSE	FALSE
AAGGGCTGTGGGTAAC-1	MZ286102_1_ORF2	0	0	1	1	FALSE	TRUE
AAGGGTAAGAATGCTA-1	OZ258728_1_ORF2	0	0	1	1	FALSE	TRUE
AAGGGTAAGACCCAAG-1	MZ286188_1_ORF2	0	0	1	1	FALSE	FALSE
AAGGGTAAGACTCATT-1	MZ286197_1_ORF2	0	0	2	2	TRUE	TRUE
AAGGGTAAGATTCGTT-1	OZ258728_1_ORF2	0	0	2	2	TRUE	TRUE
AAGGGTAAGCCGTGAA-1	OZ258728_1_ORF2	0	0	1	1	FALSE	TRUE
AAGGGTAAGGAAGGGT-1	MZ286197_1_ORF1	0	0	1	1	FALSE	TRUE
AAGGGTAAGGAGCATT-1	OZ258728_1_ORF1	1	1	51	52	TRUE	TRUE
AAGGTCAGTAATGCAG-1	meGFP	1	1	114	114	TRUE	TRUE
AAGGTCAGTACACCTG-1	MZ286188_1_ORF2	1	1	11	11	TRUE	TRUE
AAGGTCAGTAGCAGGT-1	MZ286188_1_ORF2	0	0	3	4	TRUE	TRUE
AAGGTCAGTCTCCTCG-1	MZ286197_1_ORF1	1	1	10	10	TRUE	TRUE
AAGGTCAGTGACGAAC-1	MZ286102_1_ORF2	0	0	1	1	FALSE	TRUE
AAGGTCAGTGCATGAA-1	OZ258728_1_ORF2	0	0	1	1	FALSE	TRUE
AAGGTCAGTTATCTAG-1	meGFP	0	0	1	1	FALSE	TRUE
AAGGTCAGTTGCGGAG-1	MZ286258_1_ORF2	1	0	9	9	TRUE	TRUE
AAGGTCCCAACTTAGG-1	MZ286102_1_ORF2	0	0	1	1	FALSE	TRUE
AAGGTCCCACAAGGCT-1	MZ286188_1_ORF2	1	0	5	5	TRUE	TRUE
AAGGTCCCACATAGTG-1	OZ258728_1_ORF1	0	0	1	1	FALSE	TRUE
AAGGTCCCACCTCAAT-1	MZ286258_1_ORF2	1	0	7	7	TRUE	TRUE
AAGGTCCCAGAACGGA-1	OZ258728_1_ORF2	0	0	1	1	FALSE	TRUE
AAGGTCCCAGGCATTA-1	MZ286188_1_ORF2	0	0	2	5	FALSE	TRUE
AAGGTCCCATATGAAC-1	MZ286102_1_ORF2	1	0	5	10	TRUE	TRUE
AAGGTCTAGAAGCGCC-1	OZ258728_1_ORF2	1	1	30	31	TRUE	TRUE
AAGGTCTAGACCTACC-1	MZ286258_1_ORF1	0	0	1	1	FALSE	TRUE
AAGGTCTAGACTCCGT-1	OZ258728_1_ORF2	0	0	2	3	FALSE	TRUE
AAGGTCTAGCGTACCT-1	MZ286102_1_ORF2	0	0	1	2	FALSE	TRUE
AAGGTCTAGCTCGTTA-1	MZ286102_1_ORF1	0	0	1	1	FALSE	TRUE
AAGGTCTAGCTCTAGC-1	MZ286102_1_ORF2	0	0	2	2	TRUE	TRUE
AAGGTCTAGGCAGGGA-1	OZ258728_1_ORF2	0	0	1	1	FALSE	TRUE
AAGGTCTAGGGACTCA-1	MZ286197_1_ORF1	1	0	9	9	TRUE	TRUE
AAGGTCTAGGGCCAGT-1	OZ258728_1_ORF2	0	0	1	1	FALSE	TRUE
AAGGTCTAGGTTCGGA-1	OP549859_1_ORF1	0	0	1	1	FALSE	FALSE
AAGGTCTAGTAATCCT-1	OZ258728_1_ORF1	1	0	5	6	TRUE	TRUE
AAGGTCTAGTCAACTT-1	OZ258728_1_ORF1	0	0	1	1	FALSE	FALSE
AAGGTGCGTACTGTCG-1	OZ258728_1_ORF2	0	0	1	1	FALSE	FALSE
AAGGTGCGTCAGTCGC-1	OP549859_1_ORF2	1	0	4	5	TRUE	TRUE
AAGGTGCGTCCTGACA-1	OZ258728_1_ORF2	0	0	1	1	FALSE	FALSE
AAGGTGCGTCGCGTGT-1	OP549859_1_ORF2	1	1	17	17	TRUE	TRUE
AAGGTGCGTGAAGGCT-1	MZ286258_1_ORF2	1	0	5	6	TRUE	TRUE
AAGGTGCGTGCCCAAC-1	MZ286188_1_ORF1	0	0	1	1	FALSE	TRUE
AAGGTGCGTGCTTCCT-1	MZ286102_1_ORF1	0	0	1	2	FALSE	TRUE
AAGGTGCGTGTAACTC-1	OZ258728_1_ORF2	0	0	3	8	FALSE	TRUE
AAGGTGCGTGTCGAGG-1	OZ258728_1_ORF2	0	0	1	1	FALSE	TRUE
AAGGTGCGTTCGGTTG-1	meGFP	1	0	5	8	TRUE	TRUE
AAGGTTGGTCGCAGGA-1	MZ286197_1_ORF2	0	0	3	3	TRUE	TRUE
AAGGTTGGTGATAGTG-1	OZ258728_1_ORF2	2	1	79	86	TRUE	TRUE
AAGGTTGGTGTCTATA-1	MZ286258_1_ORF2	1	1	12	13	TRUE	TRUE
AAGGTTGGTTACCGTG-1	MZ286258_1_ORF1	1	0	4	6	TRUE	TRUE
AAGGTTGGTTCCGCAA-1	OZ258728_1_ORF1	0	0	1	1	FALSE	TRUE
AAGGTTGGTTCGCTTC-1	OP549859_1_ORF1	1	1	63	63	TRUE	TRUE
AAGGTTGGTTGTCTGG-1	MZ286197_1_ORF1	0	0	3	4	TRUE	TRUE
AAGTAACGTAAGTCTC-1	MZ286102_1_ORF1	2	2	24	34	FALSE	TRUE
AAGTAACGTACCGACC-1	OZ258728_1_ORF1	0	0	1	1	FALSE	FALSE
AAGTAACGTCAAGTTC-1	MZ286188_1_ORF2	0	0	1	1	FALSE	TRUE
AAGTAACGTCACTCCT-1	MZ286188_1_ORF2	1	0	9	10	TRUE	TRUE
AAGTAACGTCCAACTG-1	MZ286188_1_ORF1	0	0	1	2	FALSE	TRUE
AAGTAACGTGACCTCA-1	OP549859_1_ORF2	1	0	8	8	TRUE	TRUE
AAGTAACGTGACGAAC-1	MZ286258_1_ORF2	0	0	1	1	FALSE	TRUE
AAGTAACGTGAGATAT-1	OZ258728_1_ORF2	1	1	139	140	TRUE	TRUE
AAGTAACGTGGCAACG-1	OP549859_1_ORF2	1	1	20	20	TRUE	TRUE
AAGTAACGTGTCTGTG-1	OZ258728_1_ORF2	0	0	1	1	FALSE	FALSE
AAGTAACGTTATGCAC-1	MZ286197_1_ORF1	1	1	14	14	TRUE	TRUE
AAGTAAGCACCAAGCG-1	MZ286188_1_ORF1	0	0	1	1	FALSE	FALSE
AAGTAAGCACGTGAAC-1	meGFP	0	0	1	1	FALSE	FALSE
AAGTAAGCACTACTAC-1	meGFP	2	1	34	38	TRUE	TRUE
AAGTAAGCAGCAGGAA-1	meGFP	0	0	1	3	FALSE	TRUE
AAGTAAGCAGCTCAGG-1	MZ286258_1_ORF2	1	1	15	16	TRUE	TRUE
AAGTAAGCAGGGACTT-1	MZ286188_1_ORF2	0	0	3	3	TRUE	TRUE
AAGTAAGCAGGTACGT-1	MZ286188_1_ORF1	0	0	1	2	FALSE	TRUE
AAGTAAGCAGTAAGGG-1	MZ286197_1_ORF2	0	0	1	1	FALSE	TRUE
AAGTAATTCATTCACG-1	OP549859_1_ORF1	0	0	1	1	FALSE	TRUE
AAGTAATTCCATAGGG-1	MZ286188_1_ORF1	1	1	50	50	TRUE	TRUE
AAGTAATTCGACACAG-1	MZ286102_1_ORF1	0	0	2	5	FALSE	TRUE
AAGTAATTCGCCCGTA-1	MZ286102_1_ORF2	1	0	7	7	TRUE	TRUE
AAGTAATTCGGTAGCA-1	OP549859_1_ORF2	1	0	8	9	TRUE	TRUE
AAGTAATTCGTGAGGC-1	meGFP	0	0	1	1	FALSE	TRUE
AAGTAATTCTGGACCT-1	OP549859_1_ORF1	0	0	1	1	FALSE	TRUE
AAGTACCAGAAGCCTG-1	MZ286102_1_ORF2	0	0	1	2	FALSE	TRUE
AAGTACCAGAATCCGG-1	MZ286258_1_ORF2	0	0	1	1	FALSE	TRUE
AAGTACCAGACATCAA-1	OP549859_1_ORF1	1	1	79	79	TRUE	TRUE
AAGTACCAGACATCGG-1	MZ286188_1_ORF1	0	0	3	4	TRUE	TRUE
AAGTACCAGCAGGCAC-1	MZ286102_1_ORF2	0	0	1	1	FALSE	TRUE
AAGTACCAGCCACTCG-1	OZ258728_1_ORF1	0	0	1	1	FALSE	TRUE
AAGTACCAGCTATCCA-1	OP549859_1_ORF1	0	0	1	1	FALSE	FALSE
AAGTACCAGGTTCGGA-1	OZ258728_1_ORF1	1	1	17	17	TRUE	TRUE
AAGTAGACAAGTGACC-1	OP549859_1_ORF2	1	1	10	12	TRUE	TRUE
AAGTAGACACAACGGT-1	MZ286258_1_ORF2	1	1	13	13	TRUE	TRUE
AAGTAGACACACACTT-1	MZ286188_1_ORF1	1	0	4	4	TRUE	TRUE
AAGTAGACACCCTATG-1	MZ286258_1_ORF1	1	1	16	16	TRUE	TRUE
AAGTAGACACCGCAAG-1	MZ286197_1_ORF2	0	0	2	2	TRUE	TRUE
AAGTAGACACGTGAAC-1	OZ258728_1_ORF2	0	0	1	1	FALSE	TRUE
AAGTAGACAGATTAAC-1	OZ258728_1_ORF1	0	0	1	1	FALSE	FALSE
AAGTAGACAGCATCAA-1	MZ286197_1_ORF1	1	0	6	6	TRUE	TRUE
AAGTAGACAGCGCACA-1	MZ286197_1_ORF2	0	0	3	3	TRUE	TRUE
AAGTAGACAGGAAGTG-1	OZ258728_1_ORF2	0	0	1	1	FALSE	TRUE
AAGTAGACATAAGTCG-1	MZ286197_1_ORF1	0	0	2	2	TRUE	FALSE
AAGTAGACATCAAGTG-1	meGFP	0	0	1	1	FALSE	FALSE
AAGTAGACATGTGCAA-1	meGFP	0	0	1	1	FALSE	FALSE
AAGTAGCTCAATTCGT-1	OZ258728_1_ORF2	0	0	1	1	FALSE	TRUE
AAGTAGCTCACCACGT-1	OZ258728_1_ORF2	1	1	15	15	TRUE	TRUE
AAGTAGCTCACCCAGT-1	MZ286102_1_ORF2	1	0	9	9	TRUE	TRUE
AAGTAGCTCACGGTCT-1	MZ286188_1_ORF2	0	0	1	1	FALSE	TRUE
AAGTAGCTCCAGAGGC-1	meGFP	1	1	15	15	TRUE	TRUE
AAGTAGCTCGAACTAA-1	meGFP	0	0	1	1	FALSE	FALSE
AAGTAGCTCGCACTTA-1	MZ286102_1_ORF2	0	0	1	1	FALSE	FALSE
AAGTAGCTCTAGAGGT-1	MZ286197_1_ORF1	0	0	2	4	FALSE	TRUE
AAGTATAGTACCCAGC-1	OP549859_1_ORF2	1	0	4	4	TRUE	TRUE
AAGTATAGTGAGGAGA-1	OZ258728_1_ORF2	0	0	1	1	FALSE	TRUE
AAGTATAGTGCAATTC-1	MZ286197_1_ORF2	0	0	2	3	FALSE	TRUE
AAGTATAGTGGGATTA-1	MZ286197_1_ORF1	1	0	6	6	TRUE	TRUE
AAGTATAGTTAGATGG-1	OZ258728_1_ORF2	0	0	1	1	FALSE	FALSE
AAGTATAGTTTCCGTC-1	OZ258728_1_ORF1	0	0	1	1	FALSE	FALSE
AAGTATCCAAAGTGCC-1	OZ258728_1_ORF2	0	0	1	1	FALSE	TRUE
AAGTATCCACCTTGAT-1	meGFP	1	1	21	21	TRUE	TRUE
AAGTATCCACGTGAAC-1	MZ286102_1_ORF2	0	0	1	2	FALSE	TRUE
AAGTATCCATAAGTCG-1	MZ286258_1_ORF2	1	0	5	6	TRUE	TRUE
AAGTATCCATAATCCC-1	meGFP	0	0	3	4	TRUE	TRUE
AAGTATCCATACCGTT-1	OZ258728_1_ORF2	0	0	1	1	FALSE	FALSE
AAGTATCCATCCCGGT-1	OZ258728_1_ORF1	1	0	9	9	TRUE	FALSE
AAGTATCCATCGTAAG-1	OP549859_1_ORF1	3	2	30	55	FALSE	TRUE
AAGTATGTCAAGCCAG-1	meGFP	0	0	3	3	TRUE	TRUE
AAGTATGTCCACCAGT-1	OZ258728_1_ORF2	0	0	1	1	FALSE	TRUE
AAGTATGTCCTGTCAA-1	OP549859_1_ORF2	1	1	10	11	TRUE	TRUE
AAGTATGTCGAACGTG-1	MZ286188_1_ORF1	0	0	1	1	FALSE	TRUE
AAGTATGTCGCACTTA-1	MZ286102_1_ORF1	0	0	1	1	FALSE	TRUE
AAGTATGTCGTGCGAA-1	OZ258728_1_ORF1	0	0	3	8	FALSE	TRUE
AAGTATGTCTAGCCCG-1	MZ286102_1_ORF2	1	0	8	9	TRUE	TRUE
AAGTATGTCTCACGCG-1	OZ258728_1_ORF2	1	1	83	83	TRUE	TRUE
AAGTATGTCTTAGTAC-1	MZ286102_1_ORF2	1	0	4	4	TRUE	TRUE
AAGTCAATCACCACGT-1	meGFP	1	1	49	49	TRUE	TRUE
AAGTCAATCATTGCCA-1	OZ258728_1_ORF1	0	0	1	1	FALSE	FALSE
AAGTCAATCCGCCTGA-1	MZ286258_1_ORF2	1	1	24	24	TRUE	TRUE
AAGTCAATCCGTGATC-1	MZ286258_1_ORF2	0	0	1	1	FALSE	FALSE
AAGTCGTAGCGACACA-1	MZ286102_1_ORF2	0	0	1	1	FALSE	FALSE
AAGTCGTAGCTTGAGG-1	OP549859_1_ORF1	0	0	1	1	FALSE	FALSE
AAGTCGTAGCTTGATT-1	OP549859_1_ORF1	1	1	64	64	TRUE	TRUE
AAGTCGTAGGGCGTAC-1	OP549859_1_ORF2	0	0	1	1	FALSE	FALSE
AAGTCGTAGGTAGGCC-1	MZ286258_1_ORF1	0	0	1	1	FALSE	TRUE
AAGTCGTAGTAACGCG-1	OP549859_1_ORF2	1	0	9	10	TRUE	TRUE
AAGTGAACAAATCTGG-1	meGFP	1	1	18	19	TRUE	TRUE
AAGTGAACAAGGCAAG-1	meGFP	2	2	105	118	TRUE	TRUE
AAGTGAACAATCCAAG-1	MZ286102_1_ORF2	0	0	1	1	FALSE	FALSE
AAGTGAACAATTAGAC-1	MZ286102_1_ORF2	1	1	20	20	TRUE	TRUE
AAGTGAACACAGCATA-1	MZ286102_1_ORF2	0	0	1	1	FALSE	TRUE
AAGTGAACACATACAG-1	meGFP	0	0	1	1	FALSE	FALSE
AAGTGAACACCAAGTA-1	MZ286258_1_ORF2	0	0	1	1	FALSE	TRUE
AAGTGAACACCAGGCA-1	OP549859_1_ORF1	0	0	1	1	FALSE	FALSE
AAGTGAACACGAAGGA-1	OZ258728_1_ORF2	0	0	1	1	FALSE	FALSE
AAGTGAACAGACACAC-1	MZ286188_1_ORF1	0	0	1	1	FALSE	TRUE
AAGTGAACAGGGTAAG-1	OP549859_1_ORF2	0	0	1	1	FALSE	FALSE
AAGTGAACAGGTACGT-1	MZ286197_1_ORF2	0	0	2	2	TRUE	TRUE
AAGTGAACATAGTAAC-1	OZ258728_1_ORF1	0	0	1	1	FALSE	FALSE
AAGTGAACATCAAGTG-1	meGFP	1	1	72	72	TRUE	TRUE
AAGTGAACATGGCCTC-1	OP549859_1_ORF1	0	0	1	1	FALSE	FALSE
AAGTGAACATGTGCAA-1	meGFP	0	0	1	1	FALSE	TRUE
AAGTGAACATTGGACA-1	MZ286102_1_ORF1	0	0	1	1	FALSE	TRUE
AAGTGATGTAACCTAC-1	meGFP	1	0	7	7	TRUE	TRUE
AAGTGATGTAAGCATG-1	MZ286197_1_ORF1	1	1	11	13	TRUE	TRUE
AAGTGATGTAAGCTAG-1	MZ286102_1_ORF2	1	1	12	12	TRUE	TRUE
AAGTGATGTACACCTG-1	meGFP	0	0	1	1	FALSE	TRUE
AAGTGATGTAGTCCTG-1	OZ258728_1_ORF2	1	0	8	8	TRUE	TRUE
AAGTGATGTCAGCCAC-1	MZ286102_1_ORF1	0	0	1	1	FALSE	TRUE
AAGTGATGTCGCGTGT-1	MZ286188_1_ORF1	1	1	42	42	TRUE	TRUE
AAGTGATGTCTCAGGC-1	OP549859_1_ORF2	2	1	12	17	FALSE	TRUE
AAGTGATGTGATGTCT-1	meGFP	0	0	1	1	FALSE	TRUE
AAGTGATGTGCAAGCG-1	MZ286197_1_ORF1	1	1	14	14	TRUE	TRUE
AAGTGATGTGGAAGGA-1	OZ258728_1_ORF1	0	0	1	1	FALSE	TRUE
AAGTGATGTGTTCGGC-1	MZ286258_1_ORF1	0	0	2	2	TRUE	TRUE
AAGTGATGTTGTCTAA-1	OP549859_1_ORF2	0	0	1	2	FALSE	TRUE
AAGTGTTCAATGGACC-1	OZ258728_1_ORF1	1	1	12	12	TRUE	TRUE
AAGTGTTCACCATGCC-1	OZ258728_1_ORF2	1	1	16	16	TRUE	TRUE
AAGTGTTCACCGCAAG-1	MZ286188_1_ORF2	2	0	4	8	FALSE	TRUE
AAGTGTTCACGGTAAC-1	OP549859_1_ORF1	1	0	5	5	TRUE	TRUE
AAGTGTTCACTTGGAA-1	MZ286197_1_ORF2	1	0	6	7	TRUE	TRUE
AAGTGTTCAGAACGGA-1	meGFP	1	1	15	15	TRUE	TRUE
AAGTGTTCAGATATAC-1	meGFP	0	0	1	1	FALSE	FALSE
AAGTGTTCAGATTCGA-1	OP549859_1_ORF1	0	0	1	1	FALSE	FALSE
AAGTGTTCAGCCCGAA-1	MZ286102_1_ORF2	1	1	31	32	TRUE	TRUE
AAGTGTTCATTGAGGC-1	MZ286258_1_ORF2	1	1	11	13	TRUE	TRUE
AAGTTTACAAGCGTTA-1	MZ286197_1_ORF2	0	0	2	2	TRUE	TRUE
AAGTTTACAATTAGAC-1	MZ286188_1_ORF1	1	0	5	5	TRUE	FALSE
AAGTTTACACGCCATC-1	OZ258728_1_ORF2	0	0	1	1	FALSE	TRUE
AAGTTTACAGATAGGG-1	MZ286197_1_ORF1	0	0	1	1	FALSE	FALSE
AAGTTTACAGATCCTT-1	MZ286258_1_ORF2	0	0	1	1	FALSE	FALSE
AAGTTTACAGCTGATA-1	MZ286102_1_ORF2	1	0	6	6	TRUE	TRUE
AAGTTTACATATGAAC-1	MZ286197_1_ORF1	0	0	1	1	FALSE	FALSE
AAGTTTACATGTCGAA-1	MZ286197_1_ORF2	0	0	1	2	FALSE	TRUE
AAGTTTGAGACCAGTG-1	MZ286188_1_ORF1	1	1	20	20	TRUE	TRUE
AAGTTTGAGATTCGTT-1	MZ286102_1_ORF1	0	0	1	1	FALSE	FALSE
AAGTTTGAGCCTACTA-1	OZ258728_1_ORF2	1	1	43	45	TRUE	TRUE
AAGTTTGAGCTACTTG-1	MZ286102_1_ORF2	0	0	1	1	FALSE	FALSE
AAGTTTGAGGACTAAC-1	MZ286102_1_ORF2	1	1	14	14	TRUE	TRUE
AAGTTTGAGGGATGAA-1	MZ286102_1_ORF2	1	0	8	9	TRUE	TRUE
AAGTTTGAGGGCCAGT-1	MZ286102_1_ORF2	0	0	3	3	TRUE	TRUE
AAGTTTGAGGGTTCGA-1	MZ286197_1_ORF2	0	0	1	1	FALSE	FALSE
AAGTTTGAGTACCAGG-1	OP549859_1_ORF1	1	1	13	13	TRUE	TRUE
AAGTTTGAGTAGTTGA-1	MZ286258_1_ORF2	1	0	8	9	TRUE	TRUE
AAGTTTGAGTGGAGCC-1	MZ286188_1_ORF1	0	0	1	1	FALSE	FALSE
AAGTTTGAGTTACACT-1	MZ286258_1_ORF2	1	0	6	6	TRUE	TRUE
AATACAAGTAAGGTAT-1	MZ286197_1_ORF1	0	0	1	1	FALSE	TRUE
AATACAAGTCCTGTGA-1	meGFP	0	0	1	1	FALSE	FALSE
AATACAAGTCTGGTCA-1	OZ258728_1_ORF1	0	0	1	1	FALSE	TRUE
AATACAAGTCTTGCTC-1	OZ258728_1_ORF2	1	1	15	24	TRUE	TRUE
AATACAAGTGACCCTA-1	OP549859_1_ORF1	0	0	1	1	FALSE	TRUE
AATACAAGTGAGGAGA-1	OZ258728_1_ORF2	1	1	26	26	TRUE	TRUE
AATACAAGTGCATGAA-1	OP549859_1_ORF2	1	0	9	9	TRUE	TRUE
AATACAAGTGCCTAAT-1	meGFP	1	1	15	15	TRUE	TRUE
AATACAAGTGCTTAGT-1	MZ286197_1_ORF2	0	0	1	1	FALSE	TRUE
AATACAAGTTAGGCAA-1	MZ286102_1_ORF2	1	0	4	5	TRUE	TRUE
AATACAAGTTGTCCGA-1	meGFP	0	0	1	1	FALSE	TRUE
AATCACCGTACCGGAG-1	OZ258728_1_ORF2	0	0	3	3	TRUE	TRUE
AATCACCGTATGGTTC-1	OZ258728_1_ORF2	0	0	1	3	FALSE	TRUE
AATCACCGTCAATCTA-1	MZ286102_1_ORF2	0	0	3	3	TRUE	TRUE
AATCACCGTGACCCTA-1	MZ286102_1_ORF2	0	0	1	2	FALSE	TRUE
AATCACCGTGCCCAAC-1	meGFP	1	1	11	11	TRUE	TRUE
AATCACCGTGGGAATC-1	meGFP	1	0	7	9	TRUE	TRUE
AATCACCGTGTCCAAT-1	MZ286258_1_ORF1	1	1	38	38	TRUE	TRUE
AATCACCGTGTCCTTC-1	OZ258728_1_ORF2	0	0	1	1	FALSE	TRUE
AATCACCGTTCAAGTC-1	MZ286258_1_ORF2	1	1	15	16	TRUE	TRUE
AATCACCGTTCGCTGA-1	MZ286197_1_ORF1	0	0	1	1	FALSE	FALSE
AATCACCGTTGGTGAA-1	MZ286258_1_ORF1	1	1	15	16	TRUE	TRUE
AATCACCGTTTCCTAT-1	OZ258728_1_ORF2	0	0	1	1	FALSE	TRUE
AATCCACGTACGACTT-1	MZ286258_1_ORF2	1	1	20	20	TRUE	TRUE
AATCCACGTCAGGAGT-1	OP549859_1_ORF2	1	1	19	19	TRUE	TRUE
AATCCACGTCTAGTGT-1	MZ286188_1_ORF1	0	0	1	1	FALSE	TRUE
AATCCACGTCTATCCC-1	meGFP	0	0	1	2	FALSE	FALSE
AATCCACGTGACCAGG-1	MZ286102_1_ORF1	0	0	1	1	FALSE	FALSE
AATCCACGTGAGATAT-1	meGFP	0	0	1	1	FALSE	FALSE
AATCCACGTGAGGAGA-1	MZ286188_1_ORF2	1	0	8	9	TRUE	TRUE
AATCCGGAGACCAGCA-1	OZ258728_1_ORF2	0	0	1	1	FALSE	TRUE
AATCCGGAGCAAGTAC-1	MZ286258_1_ORF1	0	0	1	1	FALSE	TRUE
AATCCGGAGCCTACTA-1	MZ286102_1_ORF1	1	1	44	44	TRUE	TRUE
AATCCGGAGCCTGGAA-1	meGFP	1	0	6	6	TRUE	TRUE
AATCCGGAGCCTGTGT-1	MZ286188_1_ORF2	0	0	1	1	FALSE	FALSE
AATCCGGAGGAGGTCC-1	OP549859_1_ORF1	0	0	1	1	FALSE	FALSE
AATCCGGAGGCGAACC-1	MZ286258_1_ORF1	0	0	1	1	FALSE	TRUE
AATCCGGAGGGATGAA-1	OP549859_1_ORF2	1	0	9	9	TRUE	TRUE
AATCCGGAGGGCAACC-1	MZ286102_1_ORF2	1	1	11	11	TRUE	TRUE
AATCCGGAGGGTTGCA-1	OZ258728_1_ORF1	0	0	1	1	FALSE	TRUE
AATCCTCCAAATGAGA-1	OZ258728_1_ORF2	0	0	1	1	FALSE	TRUE
AATCCTCCAAGTGTCA-1	meGFP	0	0	1	1	FALSE	FALSE
AATCCTCCAATCCAAG-1	OP549859_1_ORF1	1	1	19	19	TRUE	TRUE
AATCCTCCACACTAAG-1	MZ286258_1_ORF2	1	0	6	7	TRUE	TRUE
AATCCTCCACCGCAAG-1	MZ286258_1_ORF1	0	0	2	2	TRUE	TRUE
AATCCTCCATCGCATT-1	OP549859_1_ORF1	1	0	9	10	TRUE	TRUE
AATCCTCCATTCGCTG-1	MZ286258_1_ORF1	0	0	1	1	FALSE	FALSE
AATCCTGTCAAGCTCC-1	meGFP	0	0	1	1	FALSE	TRUE
AATCCTGTCACCCAGT-1	OZ258728_1_ORF2	2	1	37	44	TRUE	TRUE
AATCCTGTCACGGTAG-1	OP549859_1_ORF1	1	1	21	21	TRUE	TRUE
AATCCTGTCATCTAGT-1	meGFP	0	0	1	1	FALSE	FALSE
AATCCTGTCATTCACG-1	OZ258728_1_ORF2	0	0	1	1	FALSE	FALSE
AATCCTGTCCTCTGGG-1	MZ286197_1_ORF1	0	0	1	1	FALSE	TRUE
AATCCTGTCGAGGCGT-1	MZ286197_1_ORF2	0	0	1	1	FALSE	FALSE
AATCGAATCACCCTAA-1	MZ286188_1_ORF1	0	0	1	1	FALSE	TRUE
AATCGAATCAGCTTCA-1	OZ258728_1_ORF2	1	1	34	35	TRUE	TRUE
AATCGAATCCCGTGCA-1	OP549859_1_ORF1	0	0	1	1	FALSE	FALSE
AATCGAATCCCGTTGG-1	MZ286188_1_ORF2	1	0	6	7	TRUE	TRUE
AATCGAATCCTCCTAT-1	meGFP	0	0	1	1	FALSE	FALSE
AATCGAATCGGCTCTG-1	MZ286197_1_ORF2	0	0	1	1	FALSE	TRUE
AATCGAATCTAAGCGG-1	meGFP	0	0	1	1	FALSE	FALSE
AATCGAATCTAGATGA-1	meGFP	1	1	51	51	TRUE	TRUE
AATCGCACAAACGGGA-1	MZ286102_1_ORF1	1	1	19	20	TRUE	TRUE
AATCGCACAACAGAGG-1	MZ286258_1_ORF2	1	1	13	14	TRUE	TRUE
AATCGCACAATACCGA-1	OZ258728_1_ORF2	1	1	16	16	TRUE	TRUE
AATCGCACACATAGTG-1	meGFP	0	0	1	1	FALSE	FALSE
AATCGCACACCCAACC-1	MZ286188_1_ORF1	1	0	8	8	TRUE	TRUE
AATCGCACACGTTAAG-1	OZ258728_1_ORF2	0	0	1	1	FALSE	FALSE
AATCGCACACTAGTCT-1	OZ258728_1_ORF2	0	0	1	1	FALSE	FALSE
AATCGCACAGTGAATT-1	MZ286258_1_ORF2	0	0	1	1	FALSE	FALSE
AATCGCACATGCAATG-1	MZ286197_1_ORF2	0	0	2	2	TRUE	TRUE
AATCGCACATTACAGG-1	OZ258728_1_ORF2	0	0	2	2	TRUE	TRUE
AATCGCACATTGACCT-1	meGFP	2	1	78	82	TRUE	TRUE
AATCGCCTCGAGCGAC-1	OZ258728_1_ORF2	1	1	14	14	TRUE	TRUE
AATCGCCTCGATACTT-1	OP549859_1_ORF2	1	1	11	11	TRUE	TRUE
AATCGCCTCGATCCCG-1	MZ286188_1_ORF2	0	0	1	1	FALSE	FALSE
AATCGCCTCTGGGTAG-1	OP549859_1_ORF1	1	1	10	10	TRUE	TRUE
AATCGCCTCTTGCATG-1	OP549859_1_ORF2	3	1	11	22	FALSE	TRUE
AATCGCGAGAATGCTA-1	MZ286197_1_ORF2	0	0	2	2	TRUE	TRUE
AATCGCGAGACGCCTT-1	OZ258728_1_ORF1	1	0	5	5	TRUE	TRUE
AATCGCGAGAGCTAGT-1	OP549859_1_ORF2	0	0	1	1	FALSE	TRUE
AATCGCGAGAGGCGAG-1	OP549859_1_ORF1	0	0	2	2	TRUE	FALSE
AATCGCGAGATCAGTA-1	MZ286197_1_ORF1	0	0	1	1	FALSE	TRUE
AATCGCGAGCCTGCCA-1	meGFP	0	0	1	1	FALSE	FALSE
AATCGCGAGCTCCTGG-1	OP549859_1_ORF1	0	0	1	1	FALSE	TRUE
AATCGCGAGCTCTCAA-1	MZ286188_1_ORF2	0	0	1	1	FALSE	TRUE
AATCGCGAGGGCCAGT-1	OP549859_1_ORF1	0	0	1	1	FALSE	FALSE
AATCGCGAGGTCGGTA-1	MZ286197_1_ORF2	0	0	1	1	FALSE	TRUE
AATCGCGAGTGCTGCT-1	MZ286102_1_ORF2	1	0	4	4	TRUE	TRUE
AATCGCGAGTTAAGTG-1	OZ258728_1_ORF2	1	1	12	13	TRUE	TRUE
AATCGTGCAACTTAGG-1	MZ286102_1_ORF2	1	1	20	20	TRUE	TRUE
AATCGTGCAAGTGACC-1	MZ286258_1_ORF2	0	0	2	4	FALSE	TRUE
AATCGTGCACAAGGGA-1	OZ258728_1_ORF2	0	0	1	1	FALSE	FALSE
AATCGTGCACCTGCAC-1	MZ286258_1_ORF2	0	0	2	2	TRUE	TRUE
AATCGTGCACCTTGAT-1	MZ286188_1_ORF1	0	0	1	1	FALSE	FALSE
AATCGTGCACGGATCG-1	meGFP	1	0	5	5	TRUE	TRUE
AATCGTGCACTTGGAA-1	MZ286188_1_ORF1	0	0	3	5	FALSE	TRUE
AATCGTGCAGAGAGAT-1	MZ286188_1_ORF1	1	1	13	13	TRUE	TRUE
AATCGTGCAGATTAGT-1	MZ286188_1_ORF2	2	1	18	23	TRUE	TRUE
AATCGTGCAGGCATTA-1	MZ286258_1_ORF2	0	0	1	1	FALSE	FALSE
AATCGTGCATATCGAG-1	MZ286102_1_ORF2	1	0	9	10	TRUE	TRUE
AATCGTGCATCCGCAC-1	OZ258728_1_ORF1	1	1	23	23	TRUE	TRUE
AATCGTGCATTCACAC-1	meGFP	1	1	31	31	TRUE	TRUE
AATCGTTTCAAGCTCC-1	OZ258728_1_ORF2	1	1	29	30	TRUE	TRUE
AATCGTTTCCTATACG-1	OP549859_1_ORF1	0	0	1	1	FALSE	TRUE
AATCGTTTCCTCTCCA-1	MZ286102_1_ORF1	0	0	1	1	FALSE	FALSE
AATCGTTTCCTCTGGG-1	OZ258728_1_ORF2	1	1	12	16	TRUE	TRUE
AATCGTTTCGCAACTC-1	MZ286188_1_ORF2	0	0	1	1	FALSE	TRUE
AATCGTTTCGCCTCTC-1	OZ258728_1_ORF2	0	0	1	1	FALSE	FALSE
AATCGTTTCGCTAGTC-1	MZ286188_1_ORF2	1	0	7	7	TRUE	TRUE
AATCGTTTCTACCGAC-1	meGFP	1	0	7	13	TRUE	TRUE
AATCGTTTCTTGAGTT-1	MZ286102_1_ORF1	1	1	16	16	TRUE	TRUE
AATCTAACAAAGTGCC-1	MZ286188_1_ORF2	1	0	9	9	TRUE	TRUE
AATCTAACAAGCGAAG-1	meGFP	1	1	48	50	TRUE	TRUE
AATCTAACAATACCCT-1	MZ286188_1_ORF1	0	0	1	1	FALSE	FALSE
AATCTAACACCGCAAG-1	MZ286102_1_ORF2	1	0	4	4	TRUE	TRUE
AATCTAACACGCGAAT-1	MZ286197_1_ORF1	0	0	2	2	TRUE	TRUE
AATCTAACACTATCGT-1	OZ258728_1_ORF2	0	0	1	1	FALSE	TRUE
AATCTAACAGCAACCG-1	OP549859_1_ORF1	0	0	1	1	FALSE	FALSE
AATCTAACAGCGCTTC-1	MZ286258_1_ORF2	1	0	7	7	TRUE	TRUE
AATCTAACAGGGTAAG-1	OP549859_1_ORF1	1	1	31	32	TRUE	TRUE
AATCTAACATCCACAT-1	OZ258728_1_ORF2	0	0	1	1	FALSE	TRUE
AATCTAACATCGGGCA-1	OZ258728_1_ORF2	0	0	1	1	FALSE	TRUE
AATCTCTAGACCGATG-1	meGFP	0	0	1	1	FALSE	TRUE
AATCTCTAGAGGCGTC-1	OZ258728_1_ORF1	0	0	2	2	TRUE	TRUE
AATCTCTAGAGTCATA-1	OZ258728_1_ORF2	1	1	29	30	TRUE	TRUE
AATCTCTAGAGTCGCA-1	OZ258728_1_ORF2	1	1	14	14	TRUE	TRUE
AATCTCTAGCCTAATT-1	MZ286102_1_ORF2	0	0	1	1	FALSE	FALSE
AATCTCTAGCGCAAGC-1	MZ286258_1_ORF1	0	0	1	1	FALSE	FALSE
AATCTCTAGCGGATCA-1	MZ286102_1_ORF1	0	0	1	1	FALSE	FALSE
AATCTCTAGCGGTAGC-1	MZ286258_1_ORF2	0	0	1	1	FALSE	TRUE
AATCTCTAGCTCATAT-1	meGFP	1	1	22	22	TRUE	FALSE
AATCTCTAGGCTACAG-1	meGFP	1	1	39	39	TRUE	TRUE
AATCTCTAGGGCCAGT-1	meGFP	0	0	1	1	FALSE	TRUE
AATCTCTAGTTAACCT-1	MZ286188_1_ORF1	0	0	2	4	FALSE	TRUE
AATCTGGCAAATCTGG-1	OP549859_1_ORF2	1	0	8	10	TRUE	TRUE
AATCTGGCAACAGGCT-1	OZ258728_1_ORF2	0	0	1	1	FALSE	FALSE
AATCTGGCAACATCCT-1	meGFP	0	0	1	2	FALSE	TRUE
AATCTGGCAACGGACT-1	meGFP	1	1	16	17	TRUE	TRUE
AATCTGGCAACTTAGG-1	MZ286102_1_ORF2	1	0	7	7	TRUE	TRUE
AATCTGGCAATTGCCT-1	OZ258728_1_ORF2	0	0	1	1	FALSE	TRUE
AATCTGGCACCGGATG-1	OZ258728_1_ORF1	1	1	25	25	TRUE	TRUE
AATCTGGCACTTCAAC-1	OZ258728_1_ORF2	0	0	1	3	FALSE	TRUE
AATCTGGCAGAACCCG-1	MZ286258_1_ORF2	0	0	3	3	TRUE	TRUE
AATCTGGCAGAATGGG-1	OZ258728_1_ORF2	1	1	35	38	TRUE	TRUE
AATCTGGCAGGCCAAT-1	OZ258728_1_ORF2	0	0	1	1	FALSE	FALSE
AATCTGGCAGTAGGAG-1	MZ286102_1_ORF2	1	1	10	11	TRUE	TRUE
AATCTGGCATCAGTCT-1	MZ286102_1_ORF2	1	1	12	12	TRUE	TRUE
AATCTGGCATGACAGC-1	MZ286102_1_ORF2	1	0	6	7	TRUE	TRUE
AATCTGGCATTGCCCA-1	OZ258728_1_ORF2	0	0	2	3	FALSE	TRUE
AATGAACGTAACCTAC-1	MZ286197_1_ORF2	0	0	3	4	TRUE	TRUE
AATGAACGTCACTCCT-1	OZ258728_1_ORF2	0	0	1	1	FALSE	FALSE
AATGAACGTCAGCCGT-1	OZ258728_1_ORF2	1	1	55	56	TRUE	TRUE
AATGAACGTCATTCGG-1	MZ286258_1_ORF2	0	0	3	3	TRUE	TRUE
AATGAACGTCCTCACT-1	OP549859_1_ORF1	0	0	1	1	FALSE	FALSE
AATGAACGTCGGGCTT-1	OZ258728_1_ORF2	0	0	1	1	FALSE	FALSE
AATGAACGTCTTGCTC-1	OZ258728_1_ORF2	2	2	38	61	FALSE	TRUE
AATGAACGTGCTTAGT-1	MZ286188_1_ORF1	0	0	1	1	FALSE	FALSE
AATGAACGTGGGTAGT-1	meGFP	0	0	1	1	FALSE	TRUE
AATGAACGTTGCCTTC-1	OP549859_1_ORF2	0	0	1	2	FALSE	TRUE
AATGACGGTAATGGGC-1	MZ286102_1_ORF2	0	0	1	1	FALSE	TRUE
AATGACGGTAGCCATT-1	MZ286258_1_ORF1	0	0	1	1	FALSE	TRUE
AATGACGGTAGTCCTG-1	MZ286102_1_ORF2	0	0	2	2	TRUE	TRUE
AATGACGGTAGTCGTT-1	MZ286188_1_ORF2	1	0	5	5	TRUE	TRUE
AATGACGGTCCCGAAC-1	OP549859_1_ORF2	0	0	2	2	TRUE	TRUE
AATGACGGTCTAGTGT-1	OZ258728_1_ORF2	1	1	45	45	TRUE	TRUE
AATGACGGTGCGTGCT-1	OZ258728_1_ORF2	1	1	54	56	TRUE	TRUE
AATGACGGTTGGTTAC-1	OP549859_1_ORF2	0	0	3	3	TRUE	TRUE
AATGACGGTTTCATCT-1	MZ286102_1_ORF2	0	0	1	1	FALSE	FALSE
AATGAGGAGAACCTAA-1	MZ286258_1_ORF1	0	0	1	1	FALSE	TRUE
AATGAGGAGACACTAA-1	MZ286197_1_ORF1	0	0	2	3	FALSE	TRUE
AATGAGGAGACCAGCA-1	OP549859_1_ORF1	0	0	1	2	FALSE	TRUE
AATGAGGAGATGCCAG-1	OZ258728_1_ORF2	0	0	1	1	FALSE	TRUE
AATGAGGAGCAAGTAC-1	OZ258728_1_ORF2	0	0	1	3	FALSE	TRUE
AATGAGGAGCCACACT-1	OZ258728_1_ORF2	0	0	2	2	TRUE	FALSE
AATGAGGAGCGCTAGA-1	OZ258728_1_ORF2	0	0	1	1	FALSE	FALSE
AATGAGGAGCGGAACC-1	MZ286188_1_ORF1	1	1	15	15	TRUE	TRUE
AATGAGGAGCTCCGCA-1	MZ286258_1_ORF2	0	0	1	2	FALSE	TRUE
AATGAGGAGGTAGACT-1	MZ286188_1_ORF1	0	0	1	2	FALSE	TRUE
AATGAGGAGTAAGGTC-1	OZ258728_1_ORF1	1	1	14	14	TRUE	TRUE
AATGAGGAGTATGTCT-1	OP549859_1_ORF2	0	0	1	1	FALSE	TRUE
AATGAGGAGTCTCACA-1	meGFP	0	0	1	1	FALSE	FALSE
AATGCTTTCAGTAGTA-1	OP549859_1_ORF1	1	1	74	74	TRUE	TRUE
AATGCTTTCCCCAAGT-1	OP549859_1_ORF2	0	0	3	4	TRUE	TRUE
AATGCTTTCCTCCTGC-1	OZ258728_1_ORF2	0	0	1	1	FALSE	FALSE
AATGCTTTCGCAACTC-1	OP549859_1_ORF1	1	0	5	6	TRUE	TRUE
AATGCTTTCGCACTTA-1	OZ258728_1_ORF2	0	0	1	1	FALSE	FALSE
AATGCTTTCTAACTGT-1	MZ286102_1_ORF2	0	0	1	1	FALSE	FALSE
AATGCTTTCTAGGCTC-1	MZ286197_1_ORF2	0	0	1	1	FALSE	TRUE
AATGCTTTCTCTGGCG-1	OZ258728_1_ORF1	0	0	3	4	TRUE	TRUE
AATGGAACAAGCGAAG-1	MZ286197_1_ORF1	0	0	2	3	FALSE	TRUE
AATGGAACAATACCCT-1	OP549859_1_ORF1	0	0	1	1	FALSE	FALSE
AATGGAACACAAGGGA-1	meGFP	0	0	1	1	FALSE	FALSE
AATGGAACACCGCAAG-1	MZ286197_1_ORF2	1	1	10	10	TRUE	TRUE
AATGGAACACCGTTCA-1	MZ286258_1_ORF1	0	0	3	6	FALSE	TRUE
AATGGAACAGAACGCT-1	meGFP	1	0	6	7	TRUE	TRUE
AATGGAACAGCAAGTC-1	MZ286188_1_ORF2	0	0	2	3	FALSE	TRUE
AATGGAACAGGCGCTA-1	meGFP	0	0	1	2	FALSE	TRUE
AATGGAACATGGAGAG-1	MZ286102_1_ORF2	1	1	10	10	TRUE	TRUE
AATGGATGTAACGGAC-1	MZ286258_1_ORF1	0	0	1	1	FALSE	TRUE
AATGGATGTACCCAAT-1	MZ286197_1_ORF1	0	0	1	1	FALSE	FALSE
AATGGATGTACGTTCG-1	OZ258728_1_ORF2	0	0	1	1	FALSE	FALSE
AATGGATGTATCTGGT-1	meGFP	0	0	1	1	FALSE	TRUE
AATGGATGTCAATCTA-1	MZ286258_1_ORF1	1	1	15	15	TRUE	TRUE
AATGGATGTCATTCAA-1	MZ286102_1_ORF2	0	0	1	2	FALSE	TRUE
AATGGATGTCGACTCA-1	MZ286197_1_ORF2	0	0	1	2	FALSE	TRUE
AATGGATGTCGGGACA-1	OP549859_1_ORF1	1	1	25	25	TRUE	TRUE
AATGGATGTCTGGCGT-1	meGFP	1	1	14	15	TRUE	TRUE
AATGGATGTCTTGGGC-1	OZ258728_1_ORF1	0	0	1	1	FALSE	FALSE
AATGGATGTGCTTAGT-1	MZ286188_1_ORF1	0	0	1	1	FALSE	FALSE
AATGGATGTGTTGAGA-1	MZ286102_1_ORF2	0	0	1	1	FALSE	TRUE
AATGGATGTTCGATTA-1	MZ286258_1_ORF2	0	0	3	4	TRUE	TRUE
AATGGATGTTGCGGTC-1	MZ286102_1_ORF2	0	0	2	3	FALSE	TRUE
AATGGATGTTGGTGAA-1	OZ258728_1_ORF2	0	0	1	1	FALSE	TRUE
AATGGATGTTTACGAC-1	MZ286197_1_ORF2	0	0	2	6	FALSE	TRUE
AATGGATGTTTACTTC-1	OZ258728_1_ORF2	0	0	1	1	FALSE	FALSE
AATGGATGTTTCAAGC-1	MZ286258_1_ORF2	0	0	1	1	FALSE	FALSE
AATGGTTCAAGTGACC-1	OZ258728_1_ORF2	0	0	1	2	FALSE	TRUE
AATGGTTCAATTGCAG-1	MZ286188_1_ORF2	0	0	2	2	TRUE	TRUE
AATGGTTCACGATGTA-1	OZ258728_1_ORF1	0	0	1	1	FALSE	FALSE
AATGGTTCAGGGTAAG-1	MZ286197_1_ORF2	0	0	1	2	FALSE	TRUE
AATGTGATCAACCTTG-1	OZ258728_1_ORF2	1	1	10	11	TRUE	TRUE
AATGTGATCAAGCTCC-1	OZ258728_1_ORF2	0	0	3	5	FALSE	FALSE
AATGTGATCACTAGGG-1	OP549859_1_ORF2	0	0	2	3	FALSE	TRUE
AATGTGATCCAAGTCC-1	MZ286258_1_ORF1	1	0	8	8	TRUE	TRUE
AATGTGATCGACCCAT-1	meGFP	0	0	1	1	FALSE	FALSE
AATGTGATCGCTGGAA-1	OZ258728_1_ORF2	0	0	1	1	FALSE	TRUE
AATGTGATCGGTCTAC-1	OZ258728_1_ORF2	1	1	23	23	TRUE	TRUE
AATGTGATCGTTACCA-1	OZ258728_1_ORF2	0	0	1	1	FALSE	FALSE
AATGTGATCTAAGTCT-1	MZ286188_1_ORF1	0	0	1	1	FALSE	FALSE
AATGTGATCTGATAGA-1	meGFP	0	0	1	1	FALSE	FALSE
AATGTGATCTGGACCT-1	MZ286258_1_ORF1	1	0	8	8	TRUE	TRUE
AATGTGATCTGGGTTC-1	MZ286188_1_ORF1	2	2	48	68	FALSE	TRUE
AATTCGCGTAACCCTG-1	OZ258728_1_ORF2	0	0	1	1	FALSE	TRUE
AATTCGCGTAACTTGC-1	MZ286197_1_ORF2	1	0	4	5	TRUE	TRUE
AATTCGCGTACGATAG-1	MZ286258_1_ORF2	1	1	16	17	TRUE	TRUE
AATTCGCGTAGAGCCG-1	MZ286258_1_ORF2	0	0	2	2	TRUE	TRUE
AATTCGCGTCACCAGC-1	MZ286102_1_ORF2	1	0	6	7	TRUE	TRUE
AATTCGCGTCCACATG-1	OZ258728_1_ORF2	2	1	11	17	FALSE	TRUE
AATTCGCGTGAATGTG-1	MZ286258_1_ORF2	0	0	1	1	FALSE	FALSE
AATTCGCGTTAATTCG-1	meGFP	0	0	1	1	FALSE	TRUE
AATTCGCGTTTAGGCT-1	OZ258728_1_ORF2	0	0	1	1	FALSE	TRUE
AATTGCGCAAAGGGCA-1	OZ258728_1_ORF2	0	0	1	1	FALSE	FALSE
AATTGCGCAACAGATT-1	MZ286102_1_ORF2	0	0	2	2	TRUE	TRUE
AATTGCGCAACCGAAC-1	MZ286258_1_ORF2	1	0	7	8	TRUE	TRUE
AATTGCGCAACTCTAC-1	OZ258728_1_ORF2	0	0	1	1	FALSE	TRUE
AATTGCGCAATAGAGA-1	OP549859_1_ORF1	0	0	1	1	FALSE	TRUE
AATTGCGCACCATGCC-1	OZ258728_1_ORF1	0	0	1	1	FALSE	TRUE
AATTGCGCACTGATGA-1	OP549859_1_ORF1	1	1	11	11	TRUE	TRUE
AATTGCGCAGCTGGCA-1	OZ258728_1_ORF2	0	0	1	1	FALSE	FALSE
AATTGCGCATATCACC-1	meGFP	1	1	58	58	TRUE	TRUE
AATTGCGCATGCATCT-1	OZ258728_1_ORF2	0	0	1	1	FALSE	TRUE
AATTGCGCATGGCCTC-1	OP549859_1_ORF1	0	0	1	3	FALSE	TRUE
AATTGCGCATTACCCG-1	MZ286102_1_ORF2	0	0	1	1	FALSE	TRUE
AATTTCATCACCAGGA-1	meGFP	1	1	80	82	TRUE	TRUE
AATTTCATCCGTAATT-1	meGFP	1	1	49	49	TRUE	TRUE
AATTTCATCGAACCCT-1	OP549859_1_ORF1	0	0	1	1	FALSE	TRUE
AATTTCATCGATACTT-1	MZ286197_1_ORF2	0	0	2	2	TRUE	TRUE
AATTTCATCGCGTCCA-1	MZ286188_1_ORF1	0	0	1	1	FALSE	TRUE
AATTTCATCTTCGGCG-1	MZ286197_1_ORF2	0	0	3	7	FALSE	TRUE
AATTTCCAGAACCCAG-1	meGFP	0	0	1	2	FALSE	TRUE
AATTTCCAGAATGCTA-1	MZ286258_1_ORF2	0	0	3	4	TRUE	TRUE
AATTTCCAGACTAATG-1	OZ258728_1_ORF2	1	1	20	21	TRUE	TRUE
AATTTCCAGATAGACC-1	MZ286188_1_ORF2	1	0	6	7	TRUE	TRUE
AATTTCCAGATATGCA-1	meGFP	0	0	1	1	FALSE	FALSE
AATTTCCAGCAACGAT-1	OZ258728_1_ORF2	0	0	2	2	TRUE	TRUE
AATTTCCAGCAACTAA-1	OP549859_1_ORF1	1	1	126	126	TRUE	TRUE
AATTTCCAGCATCACC-1	meGFP	0	0	1	1	FALSE	FALSE
AATTTCCAGCCGAGTA-1	MZ286188_1_ORF1	1	1	51	51	TRUE	TRUE
AATTTCCAGCGTAAGT-1	OP549859_1_ORF1	0	0	1	1	FALSE	FALSE
AATTTCCAGCTACTTG-1	MZ286258_1_ORF2	1	0	4	5	TRUE	TRUE
AATTTCCAGCTGGTGA-1	MZ286188_1_ORF1	1	1	26	26	TRUE	TRUE
AATTTCCAGGATGGAA-1	MZ286197_1_ORF1	1	1	17	17	TRUE	TRUE
AATTTCCAGGATGGCC-1	MZ286258_1_ORF1	1	0	5	5	TRUE	TRUE
AATTTCCAGGCCATTC-1	MZ286197_1_ORF1	0	0	1	1	FALSE	TRUE
AATTTCCAGGGCGTAC-1	MZ286188_1_ORF1	0	0	1	1	FALSE	TRUE
AATTTCCAGGGTCAGC-1	MZ286197_1_ORF1	0	0	1	1	FALSE	FALSE
AATTTCCAGGTACGCA-1	OZ258728_1_ORF2	0	0	1	3	FALSE	TRUE
ACAACATCAACATCCT-1	MZ286188_1_ORF2	0	0	2	2	TRUE	TRUE
ACAACATCACATGCGG-1	MZ286102_1_ORF2	1	0	4	4	TRUE	TRUE
ACAACATCACCCAGCT-1	MZ286197_1_ORF2	0	0	3	4	TRUE	TRUE
ACAACATCACGGATTA-1	OZ258728_1_ORF2	1	1	51	51	TRUE	TRUE
ACAACATCAGGTCTCC-1	meGFP	0	0	1	1	FALSE	FALSE
ACAACATCATCCAGCC-1	MZ286102_1_ORF2	1	1	20	21	TRUE	TRUE
ACAACATCATCTATCA-1	OZ258728_1_ORF1	1	1	31	32	TRUE	TRUE
ACAACGTAGCATCACC-1	OP549859_1_ORF2	1	0	5	5	TRUE	TRUE
ACAACGTAGCCACTTA-1	MZ286258_1_ORF2	1	0	4	4	TRUE	TRUE
ACAACGTAGCGTGCTT-1	MZ286197_1_ORF1	0	0	1	1	FALSE	TRUE
ACAACGTAGGGTTGCA-1	MZ286258_1_ORF2	0	0	1	1	FALSE	TRUE
ACAACTGCAAAGGCGA-1	OZ258728_1_ORF2	0	0	1	3	FALSE	TRUE
ACAACTGCAACCAGCG-1	OP549859_1_ORF2	1	1	16	18	TRUE	TRUE
ACAACTGCAACCCGTC-1	OZ258728_1_ORF1	1	1	14	14	TRUE	TRUE
ACAACTGCAGAGCTTA-1	MZ286258_1_ORF2	1	0	6	7	TRUE	TRUE
ACAACTGCAGGTCTCC-1	meGFP	0	0	1	1	FALSE	FALSE
ACAACTGCATAGTTGG-1	MZ286197_1_ORF2	0	0	2	2	TRUE	TRUE
ACAAGACTCGAATGGT-1	meGFP	1	1	26	26	TRUE	TRUE
ACAAGACTCGCTACTA-1	MZ286102_1_ORF1	1	1	11	11	TRUE	TRUE
ACAAGACTCGCTAGTC-1	OZ258728_1_ORF2	0	0	1	1	FALSE	TRUE
ACAAGACTCGTTCACA-1	MZ286197_1_ORF1	0	0	1	1	FALSE	FALSE
ACAAGCTAGACGACTG-1	MZ286258_1_ORF1	0	0	1	1	FALSE	FALSE
ACAAGCTAGCAAGCTG-1	OZ258728_1_ORF2	1	1	50	50	TRUE	TRUE
ACAAGCTAGCACCAGA-1	meGFP	0	0	2	2	TRUE	TRUE
ACAAGCTAGCATATCT-1	MZ286102_1_ORF2	1	1	21	21	TRUE	TRUE
ACAAGCTAGCCAACCT-1	OZ258728_1_ORF2	1	1	16	16	TRUE	TRUE
ACAAGCTAGCCACTCG-1	OZ258728_1_ORF1	1	0	6	6	TRUE	TRUE
ACAAGCTAGCCCGATT-1	meGFP	0	0	1	1	FALSE	FALSE
ACAAGCTAGCGGGTTA-1	MZ286258_1_ORF2	0	0	1	1	FALSE	TRUE
ACAAGCTAGGTCGGTA-1	MZ286197_1_ORF1	0	0	1	1	FALSE	TRUE
ACAAGCTAGTACCCGT-1	meGFP	0	0	1	1	FALSE	TRUE
ACAAGCTAGTGGAGCC-1	MZ286258_1_ORF1	1	0	6	8	TRUE	TRUE
ACAAGCTAGTGTCGCT-1	meGFP	0	0	1	1	FALSE	TRUE
ACAAGCTAGTTGGAAC-1	OZ258728_1_ORF2	1	1	44	44	TRUE	TRUE
ACAAGTCAGCTTGACC-1	OZ258728_1_ORF2	0	0	1	1	FALSE	FALSE
ACAAGTCAGGCAGGCT-1	meGFP	1	1	22	23	TRUE	TRUE
ACAAGTCAGGGAGACG-1	MZ286197_1_ORF1	0	0	1	1	FALSE	FALSE
ACAAGTCAGGGCCGAT-1	MZ286258_1_ORF2	1	0	5	5	TRUE	TRUE
ACAAGTCAGGTGGACC-1	OZ258728_1_ORF1	1	1	57	57	TRUE	TRUE
ACAATATAGAAGGATG-1	OZ258728_1_ORF2	0	0	2	2	TRUE	TRUE
ACAATATAGACCCTGT-1	OZ258728_1_ORF2	0	0	1	1	FALSE	FALSE
ACAATATAGAGCTAGT-1	OP549859_1_ORF1	0	0	1	1	FALSE	FALSE
ACAATATAGATACAGC-1	MZ286258_1_ORF2	0	0	1	1	FALSE	TRUE
ACAATATAGATTCGGG-1	OZ258728_1_ORF2	0	0	1	1	FALSE	FALSE
ACAATATAGCCACACT-1	MZ286258_1_ORF1	0	0	1	1	FALSE	FALSE
ACAATATAGCCTGTGT-1	OZ258728_1_ORF2	0	0	1	2	FALSE	TRUE
ACAATATAGCTTGAGG-1	OZ258728_1_ORF2	1	1	45	45	TRUE	TRUE
ACAATATAGGCACTTC-1	MZ286102_1_ORF2	1	1	24	24	TRUE	TRUE
ACAATATAGGCCTCAT-1	MZ286258_1_ORF1	1	1	13	14	TRUE	TRUE
ACAATATAGTCCACGT-1	OZ258728_1_ORF2	1	1	17	17	TRUE	TRUE
ACAATGGGTACACTAC-1	MZ286188_1_ORF1	0	0	1	1	FALSE	FALSE
ACAATGGGTACCTAGT-1	OP549859_1_ORF1	1	1	10	11	TRUE	TRUE
ACAATGGGTACCTCTC-1	MZ286258_1_ORF1	0	0	1	1	FALSE	TRUE
ACAATGGGTACGGGCA-1	MZ286188_1_ORF1	0	0	1	1	FALSE	TRUE
ACAATGGGTCTTAATG-1	meGFP	0	0	1	1	FALSE	FALSE
ACAATGGGTGCTATGT-1	OP549859_1_ORF1	0	0	1	1	FALSE	FALSE
ACAATGGGTTACGCCA-1	MZ286188_1_ORF1	0	0	3	4	TRUE	FALSE
ACAATGGGTTCGCAGC-1	OZ258728_1_ORF2	1	1	31	31	TRUE	TRUE
ACAATTACAAATCCGA-1	MZ286197_1_ORF2	1	0	5	5	TRUE	TRUE
ACAATTACAAGCGTTA-1	MZ286258_1_ORF2	1	0	5	5	TRUE	TRUE
ACAATTACAATCTCAC-1	OP549859_1_ORF2	0	0	1	1	FALSE	FALSE
ACAATTACACAAGGGA-1	MZ286102_1_ORF2	0	0	1	2	FALSE	TRUE
ACAATTACACCTGCAC-1	MZ286197_1_ORF2	0	0	1	1	FALSE	FALSE
ACAATTACACCTGTAT-1	MZ286102_1_ORF2	1	1	11	11	TRUE	TRUE
ACAATTACACCTTGAT-1	MZ286102_1_ORF2	0	0	1	1	FALSE	FALSE
ACAATTACACGTATAG-1	OZ258728_1_ORF2	0	0	1	1	FALSE	FALSE
ACAATTACATAGTAAC-1	meGFP	0	0	1	3	FALSE	TRUE
ACAATTACATGTGCAA-1	OZ258728_1_ORF2	0	0	1	1	FALSE	TRUE
ACAATTGAGAACCTAA-1	MZ286102_1_ORF2	0	0	1	1	FALSE	TRUE
ACAATTGAGAGCTGGC-1	MZ286102_1_ORF2	1	1	11	11	TRUE	TRUE
ACAATTGAGATCAAGC-1	OP549859_1_ORF2	1	0	7	7	TRUE	TRUE
ACAATTGAGCAAGCTG-1	MZ286258_1_ORF2	0	0	1	2	FALSE	TRUE
ACAATTGAGTAGCTCC-1	MZ286258_1_ORF1	1	0	5	5	TRUE	FALSE
ACAATTGAGTTGCATT-1	MZ286197_1_ORF2	1	0	5	6	TRUE	TRUE
ACAATTGAGTTGCGTC-1	MZ286102_1_ORF2	0	0	1	1	FALSE	TRUE
ACAATTGAGTTGGCCT-1	MZ286188_1_ORF1	0	0	1	1	FALSE	FALSE
ACACAACAGACTTACT-1	meGFP	0	0	2	2	TRUE	FALSE
ACACAACAGACTTGGG-1	MZ286197_1_ORF1	0	0	2	3	FALSE	TRUE
ACACAACAGAGCTAGT-1	OZ258728_1_ORF2	0	0	1	1	FALSE	TRUE
ACACAACAGCCACTTA-1	MZ286258_1_ORF2	0	0	1	1	FALSE	FALSE
ACACAACAGCCTTGCG-1	meGFP	0	0	1	1	FALSE	FALSE
ACACAACAGCTGGTTC-1	meGFP	0	0	1	1	FALSE	TRUE
ACACAACAGCTTGGTC-1	MZ286102_1_ORF2	1	0	4	4	TRUE	TRUE
ACACAACAGGAATGTC-1	MZ286102_1_ORF1	0	0	1	1	FALSE	TRUE
ACACAACAGTATGTCT-1	MZ286258_1_ORF2	0	0	1	1	FALSE	FALSE
ACACAACAGTCATCCA-1	OZ258728_1_ORF1	0	0	1	1	FALSE	TRUE
ACACAATCAACTATGG-1	OZ258728_1_ORF2	0	0	1	1	FALSE	FALSE
ACACAATCAAGAGGTG-1	meGFP	1	1	21	21	TRUE	TRUE
ACACAATCAGCCCTGT-1	MZ286258_1_ORF2	0	0	1	1	FALSE	TRUE
ACACAATCATGTCCAT-1	OZ258728_1_ORF2	1	1	14	14	TRUE	TRUE
ACACAATCATGTCGGG-1	MZ286188_1_ORF2	0	0	3	3	TRUE	TRUE
ACACAATCATTCGCTG-1	MZ286258_1_ORF1	1	1	12	13	TRUE	TRUE
ACACCCTAGAATCAGC-1	OP549859_1_ORF1	0	0	1	1	FALSE	TRUE
ACACCCTAGCCAGTTC-1	OZ258728_1_ORF2	0	0	1	1	FALSE	FALSE
ACACCCTAGGAGCATT-1	OZ258728_1_ORF2	0	0	1	1	FALSE	TRUE
ACACCCTAGGATAGAG-1	OZ258728_1_ORF2	0	0	1	1	FALSE	TRUE
ACACCCTAGGCGGTGT-1	MZ286102_1_ORF1	0	0	1	2	FALSE	TRUE
ACACCCTAGGGCGTAC-1	MZ286258_1_ORF2	0	0	1	1	FALSE	FALSE
ACACCCTAGGGCGTGT-1	MZ286258_1_ORF2	1	1	13	15	TRUE	TRUE
ACACCCTAGGGTTAGT-1	meGFP	0	0	1	1	FALSE	FALSE
ACACCCTAGTCCGTTA-1	MZ286197_1_ORF1	0	0	1	1	FALSE	TRUE
ACACCCTAGTTGCGTC-1	MZ286197_1_ORF1	0	0	1	1	FALSE	TRUE
ACACCGTTCGAACCCT-1	MZ286197_1_ORF1	0	0	1	1	FALSE	FALSE
ACACCGTTCGACGGGT-1	OZ258728_1_ORF2	0	0	1	1	FALSE	FALSE
ACACCGTTCGCCTGCA-1	MZ286102_1_ORF2	1	1	12	13	TRUE	TRUE
ACACCGTTCTAACCAT-1	MZ286258_1_ORF1	0	0	1	1	FALSE	FALSE
ACACCGTTCTATACCG-1	MZ286102_1_ORF2	0	0	1	2	FALSE	TRUE
ACACGCTTCACACTTG-1	OP549859_1_ORF1	1	1	50	50	TRUE	TRUE
ACACGCTTCCAAGTAA-1	MZ286188_1_ORF2	1	1	11	13	TRUE	TRUE
ACACGCTTCCCTGCGA-1	MZ286188_1_ORF2	1	0	8	8	TRUE	TRUE
ACACGCTTCCGTGGAA-1	MZ286258_1_ORF2	2	0	9	18	FALSE	TRUE
ACACGCTTCGAATGAC-1	OP549859_1_ORF1	0	0	1	1	FALSE	TRUE
ACACGCTTCGCAAGGC-1	MZ286102_1_ORF2	0	0	1	1	FALSE	FALSE
ACAGACCCAAATCCGA-1	MZ286102_1_ORF2	1	0	9	9	TRUE	TRUE
ACAGACCCAACCTCAT-1	MZ286188_1_ORF2	0	0	3	4	TRUE	TRUE
ACAGACCCAAGTGACC-1	meGFP	1	1	56	56	TRUE	TRUE
ACAGACCCAATCTGTC-1	MZ286188_1_ORF1	0	0	1	1	FALSE	TRUE
ACAGACCCACCGCAAG-1	MZ286258_1_ORF1	0	0	1	1	FALSE	FALSE
ACAGACCCACCTCAAT-1	OP549859_1_ORF1	0	0	1	1	FALSE	TRUE
ACAGACCCACGGATTA-1	MZ286102_1_ORF1	1	1	12	15	TRUE	TRUE
ACAGACCCACTTGGAA-1	MZ286188_1_ORF1	1	1	11	11	TRUE	TRUE
ACAGACCCAGAACGCT-1	OP549859_1_ORF1	0	0	1	1	FALSE	TRUE
ACAGACCCAGAATGAA-1	OZ258728_1_ORF2	0	0	1	1	FALSE	TRUE
ACAGACCCAGGCTATA-1	OZ258728_1_ORF1	0	0	1	1	FALSE	TRUE
ACAGACCCAGGTCGAT-1	MZ286102_1_ORF2	1	1	14	14	TRUE	TRUE
ACAGACCCATGCTCGC-1	meGFP	0	0	1	1	FALSE	FALSE
ACAGAGAAGACCCTGT-1	OZ258728_1_ORF1	1	1	25	25	TRUE	TRUE
ACAGAGAAGATAGACC-1	MZ286102_1_ORF2	0	0	1	1	FALSE	TRUE
ACAGAGAAGATGCGGC-1	MZ286102_1_ORF1	0	0	1	2	FALSE	TRUE
ACAGAGAAGCGGGCAT-1	MZ286197_1_ORF1	0	0	1	1	FALSE	FALSE
ACAGAGAAGCTCCTGG-1	OZ258728_1_ORF2	1	1	65	65	TRUE	TRUE
ACAGAGAAGGACATAC-1	MZ286102_1_ORF1	1	0	7	7	TRUE	TRUE
ACAGAGAAGGTCGGTA-1	OZ258728_1_ORF2	0	0	1	1	FALSE	TRUE
ACAGAGAAGGTCGTCT-1	meGFP	1	0	8	8	TRUE	TRUE
ACAGAGAAGGTTCGGA-1	OP549859_1_ORF1	1	1	68	68	TRUE	TRUE
ACAGAGAAGTACTGGG-1	OZ258728_1_ORF2	0	0	1	1	FALSE	FALSE
ACAGATTCAACACCGG-1	OP549859_1_ORF1	1	1	27	27	TRUE	TRUE
ACAGATTCACCCAACC-1	OP549859_1_ORF2	0	0	1	3	FALSE	TRUE
ACAGATTCACGTGGAT-1	meGFP	0	0	1	1	FALSE	TRUE
ACAGATTCAGGTCTCC-1	meGFP	0	0	1	1	FALSE	FALSE
ACAGATTCATAAGTCG-1	MZ286102_1_ORF2	0	0	1	1	FALSE	TRUE
ACAGATTCATCAGTCT-1	OZ258728_1_ORF2	1	1	59	62	TRUE	TRUE
ACAGATTCATGTGCAA-1	MZ286258_1_ORF2	0	0	2	2	TRUE	TRUE
ACAGATTCATTACAGG-1	OP549859_1_ORF1	1	1	14	14	TRUE	TRUE
ACAGCAAGTAAGGTGC-1	MZ286188_1_ORF2	0	0	1	1	FALSE	TRUE
ACAGCAAGTATCCTAA-1	MZ286258_1_ORF2	0	0	1	1	FALSE	FALSE
ACAGCAAGTCAAGCCC-1	OZ258728_1_ORF2	1	1	19	19	TRUE	TRUE
ACAGCAAGTCGTTAGT-1	MZ286102_1_ORF1	0	0	3	4	TRUE	TRUE
ACAGCAAGTTAACGTC-1	OZ258728_1_ORF2	0	0	1	1	FALSE	TRUE
ACAGCAAGTTCGTGCA-1	MZ286102_1_ORF2	0	0	1	2	FALSE	TRUE
ACAGCAAGTTGTCTGG-1	OP549859_1_ORF1	0	0	1	2	FALSE	TRUE
ACAGCCTTCCACCAAC-1	MZ286102_1_ORF2	0	0	1	1	FALSE	FALSE
ACAGCCTTCCAGAGGC-1	OZ258728_1_ORF2	0	0	1	1	FALSE	FALSE
ACAGCCTTCCGTGGAA-1	OZ258728_1_ORF2	0	0	1	1	FALSE	FALSE
ACAGCCTTCCTCATAG-1	OZ258728_1_ORF2	0	0	1	1	FALSE	FALSE
ACAGCCTTCCTGAGAG-1	MZ286258_1_ORF2	0	0	1	1	FALSE	TRUE
ACAGCCTTCGAGCAGC-1	OZ258728_1_ORF2	0	0	1	1	FALSE	FALSE
ACAGCCTTCGCAAGGC-1	MZ286102_1_ORF2	0	0	1	1	FALSE	FALSE
ACAGCCTTCGGCTGAA-1	MZ286188_1_ORF2	0	0	2	2	TRUE	TRUE
ACAGCTACACATAGTG-1	MZ286197_1_ORF1	0	0	2	2	TRUE	TRUE
ACAGCTACACCGTTCA-1	MZ286197_1_ORF2	1	0	4	4	TRUE	TRUE
ACAGCTACAGGTCTCC-1	meGFP	0	0	1	1	FALSE	FALSE
ACAGCTGAGACTAGCG-1	MZ286258_1_ORF1	0	0	2	2	TRUE	TRUE
ACAGCTGAGACTTACT-1	OZ258728_1_ORF2	0	0	1	2	FALSE	TRUE
ACAGCTGAGAGTCATA-1	OP549859_1_ORF2	0	0	1	1	FALSE	FALSE
ACAGCTGAGATGCCAG-1	MZ286102_1_ORF1	0	0	1	1	FALSE	TRUE
ACAGCTGAGATTGGTA-1	OP549859_1_ORF1	0	0	1	1	FALSE	FALSE
ACAGCTGAGCCACAGA-1	MZ286188_1_ORF1	1	1	40	41	TRUE	TRUE
ACAGCTGAGCCAGGGT-1	MZ286102_1_ORF1	0	0	1	2	FALSE	TRUE
ACAGCTGAGCCTCTGG-1	OZ258728_1_ORF2	1	1	22	22	TRUE	TRUE
ACAGCTGAGCGGAACC-1	OZ258728_1_ORF2	0	0	3	3	TRUE	TRUE
ACAGCTGAGCTCCGCA-1	OZ258728_1_ORF2	2	2	68	92	FALSE	TRUE
ACAGCTGAGCTCCTGG-1	OZ258728_1_ORF2	0	0	1	1	FALSE	FALSE
ACAGCTGAGCTGTCGT-1	OZ258728_1_ORF2	0	0	1	1	FALSE	FALSE
ACAGCTGAGCTTGATT-1	OZ258728_1_ORF2	3	3	110	171	FALSE	TRUE
ACAGCTGAGGAGTGCC-1	OP549859_1_ORF2	0	0	1	1	FALSE	TRUE
ACAGCTGAGGGCGTAC-1	MZ286188_1_ORF1	0	0	1	1	FALSE	FALSE
ACAGCTGAGGTAATTG-1	MZ286197_1_ORF2	0	0	1	1	FALSE	TRUE
ACAGCTGAGGTTGGGC-1	OZ258728_1_ORF2	0	0	1	1	FALSE	FALSE
ACAGCTGAGTCTAGTT-1	MZ286258_1_ORF1	0	0	1	2	FALSE	TRUE
ACAGCTGAGTTACGAA-1	MZ286258_1_ORF2	1	0	6	7	TRUE	TRUE
ACAGGACGTACAGAGC-1	OZ258728_1_ORF2	0	0	1	1	FALSE	TRUE
ACAGGACGTAGCCCTA-1	OP549859_1_ORF2	0	0	1	3	FALSE	FALSE
ACAGGACGTAGGCTCC-1	MZ286197_1_ORF1	0	0	3	3	TRUE	TRUE
ACAGGACGTAGTGTCT-1	MZ286258_1_ORF1	0	0	1	1	FALSE	TRUE
ACAGGACGTGGGATTA-1	MZ286102_1_ORF2	1	0	9	9	TRUE	TRUE
ACAGGACGTGGGTCGA-1	MZ286258_1_ORF2	0	0	1	1	FALSE	TRUE
ACAGGACGTTGGAGCG-1	MZ286102_1_ORF2	1	1	22	22	TRUE	TRUE
ACAGGATTCAGGATGT-1	MZ286102_1_ORF2	0	0	1	1	FALSE	TRUE
ACAGGATTCATTCACG-1	MZ286102_1_ORF1	0	0	1	1	FALSE	FALSE
ACAGGATTCCAGAGAT-1	OZ258728_1_ORF2	2	1	85	93	TRUE	TRUE
ACAGGATTCCTCCGTC-1	OZ258728_1_ORF2	1	1	19	24	TRUE	TRUE
ACAGGATTCGTTACTG-1	MZ286188_1_ORF1	0	0	1	1	FALSE	TRUE
ACAGGATTCTCGCTCC-1	MZ286102_1_ORF2	1	1	15	16	TRUE	TRUE
ACAGGATTCTCTGGTA-1	OZ258728_1_ORF2	0	0	1	2	FALSE	TRUE
ACAGGATTCTGGACCT-1	OP549859_1_ORF1	0	0	1	1	FALSE	TRUE
ACAGGATTCTGTGGCT-1	MZ286102_1_ORF2	0	0	1	1	FALSE	FALSE
ACAGGCATCATCCCTT-1	MZ286197_1_ORF1	0	0	1	1	FALSE	TRUE
ACAGGCATCCAACCTA-1	OZ258728_1_ORF2	0	0	1	1	FALSE	FALSE
ACAGGCATCCACAGGA-1	OZ258728_1_ORF1	0	0	1	1	FALSE	TRUE
ACAGGCATCCATAGGG-1	OP549859_1_ORF2	0	0	1	1	FALSE	TRUE
ACAGGCATCCGGATTC-1	OZ258728_1_ORF2	1	0	7	8	TRUE	TRUE
ACAGGCATCCGTACCG-1	MZ286188_1_ORF2	2	0	4	9	FALSE	TRUE
ACAGGCATCGCCCTGA-1	OP549859_1_ORF1	0	0	1	1	FALSE	TRUE
ACAGGCATCTCGAAGG-1	MZ286188_1_ORF2	1	0	6	6	TRUE	TRUE
ACAGGTGTCCCACAGT-1	OP549859_1_ORF2	0	0	1	1	FALSE	TRUE
ACAGGTGTCCCCGTGA-1	MZ286102_1_ORF2	0	0	1	1	FALSE	FALSE
ACAGGTGTCCGCCTGA-1	MZ286258_1_ORF2	0	0	1	1	FALSE	FALSE
ACAGGTGTCGGCCATT-1	OP549859_1_ORF1	1	1	24	26	TRUE	TRUE
ACAGGTGTCGTCTAGC-1	OP549859_1_ORF1	0	0	1	1	FALSE	FALSE
ACAGGTGTCGTGAGGC-1	OZ258728_1_ORF2	0	0	1	1	FALSE	TRUE
ACAGGTGTCTCTGGCG-1	meGFP	0	0	1	1	FALSE	FALSE
ACAGTCGAGAGCTGGC-1	MZ286258_1_ORF2	0	0	1	1	FALSE	TRUE
ACAGTCGAGAGTCATA-1	MZ286102_1_ORF1	1	1	15	15	TRUE	TRUE
ACAGTCGAGCCTGATC-1	OZ258728_1_ORF2	0	0	1	1	FALSE	FALSE
ACAGTCGAGCCTGTAC-1	OZ258728_1_ORF2	0	0	3	3	TRUE	TRUE
ACAGTCGAGCGGGAAG-1	MZ286197_1_ORF1	0	0	1	1	FALSE	TRUE
ACAGTCGAGGAAGTAG-1	OZ258728_1_ORF1	0	0	1	1	FALSE	FALSE
ACAGTCGAGGCACTTC-1	OZ258728_1_ORF2	0	0	2	2	TRUE	TRUE
ACAGTCGAGGGGCAAG-1	meGFP	0	0	1	3	FALSE	TRUE
ACAGTCGAGGGGCCAT-1	MZ286258_1_ORF2	0	0	2	2	TRUE	TRUE
ACAGTCGAGTGGATTA-1	OP549859_1_ORF2	0	0	2	2	TRUE	TRUE
ACAGTTGCAACTGGCG-1	MZ286197_1_ORF1	0	0	1	1	FALSE	TRUE
ACAGTTGCAAGATGGG-1	meGFP	0	0	2	2	TRUE	TRUE
ACAGTTGCAAGTGACC-1	OZ258728_1_ORF2	1	1	62	62	TRUE	TRUE
ACAGTTGCACAGTTAG-1	MZ286102_1_ORF1	0	0	1	1	FALSE	FALSE
ACAGTTGCACCAATCT-1	OZ258728_1_ORF2	1	1	69	69	TRUE	TRUE
ACAGTTGCACCTTGAT-1	OZ258728_1_ORF2	0	0	1	1	FALSE	FALSE
ACAGTTGCACGATCCC-1	MZ286102_1_ORF2	0	0	1	1	FALSE	FALSE
ACAGTTGCACGCTACC-1	OZ258728_1_ORF2	1	1	10	10	TRUE	TRUE
ACAGTTGCAGCAAGTC-1	MZ286102_1_ORF2	1	1	10	12	TRUE	TRUE
ACAGTTGCAGTAGGAG-1	MZ286197_1_ORF1	1	1	14	14	TRUE	TRUE
ACAGTTGCATCGTAAG-1	MZ286258_1_ORF2	0	0	2	3	FALSE	FALSE
ACAGTTGCATGTCCAT-1	MZ286258_1_ORF2	1	0	8	8	TRUE	TRUE
ACAGTTGCATTCCGTG-1	MZ286258_1_ORF2	0	0	1	1	FALSE	TRUE
ACATATGAGACCAGTG-1	MZ286258_1_ORF2	1	0	6	6	TRUE	TRUE
ACATATGAGAGTCCCT-1	MZ286188_1_ORF2	1	0	6	6	TRUE	TRUE
ACATATGAGCTCTCAA-1	OZ258728_1_ORF1	0	0	1	1	FALSE	FALSE
ACATATGAGGACGAGG-1	OZ258728_1_ORF2	0	0	1	1	FALSE	FALSE
ACATATGAGGGCCGAT-1	OP549859_1_ORF2	1	0	8	8	TRUE	TRUE
ACATATGAGGGTAACT-1	MZ286197_1_ORF2	0	0	1	1	FALSE	FALSE
ACATATTGTAACTTGC-1	MZ286197_1_ORF1	1	0	9	10	TRUE	TRUE
ACATATTGTAATCGCT-1	OZ258728_1_ORF1	0	0	1	1	FALSE	TRUE
ACATATTGTACAGGGT-1	MZ286102_1_ORF1	0	0	1	1	FALSE	FALSE
ACATATTGTACGATAG-1	MZ286197_1_ORF1	0	0	1	1	FALSE	FALSE
ACATATTGTATGTGGA-1	MZ286188_1_ORF2	0	0	3	3	TRUE	TRUE
ACATATTGTCTATCCC-1	MZ286197_1_ORF2	0	0	3	4	TRUE	TRUE
ACATATTGTGGATGAC-1	OP549859_1_ORF2	0	0	1	2	FALSE	FALSE
ACATATTGTGTGTCAT-1	MZ286197_1_ORF1	1	1	88	89	TRUE	TRUE
ACATATTGTGTGTCGC-1	MZ286197_1_ORF1	0	0	1	1	FALSE	FALSE
ACATATTGTTCTATGA-1	OZ258728_1_ORF2	0	0	1	1	FALSE	FALSE
ACATATTGTTGTACGT-1	meGFP	0	0	1	1	FALSE	TRUE
ACATATTGTTTCAGTA-1	MZ286102_1_ORF2	0	0	1	1	FALSE	FALSE
ACATCACGTAACCGAA-1	MZ286102_1_ORF1	0	0	2	2	TRUE	FALSE
ACATCACGTACGCCTA-1	OZ258728_1_ORF2	0	0	1	1	FALSE	TRUE
ACATCACGTAGCGAGT-1	OZ258728_1_ORF2	0	0	1	1	FALSE	FALSE
ACATCACGTAGGCTCC-1	MZ286258_1_ORF1	0	0	1	2	FALSE	TRUE
ACATCACGTCAGCATT-1	MZ286197_1_ORF2	0	0	2	4	FALSE	TRUE
ACATCACGTCGTTGGC-1	OZ258728_1_ORF2	0	0	2	5	FALSE	TRUE
ACATCACGTCTTGGGC-1	OP549859_1_ORF1	0	0	1	2	FALSE	TRUE
ACATCACGTGCGTGCT-1	MZ286197_1_ORF1	0	0	1	1	FALSE	TRUE
ACATCACGTGTCAGTT-1	MZ286188_1_ORF1	0	0	3	4	TRUE	TRUE
ACATCACGTGTCTATA-1	OZ258728_1_ORF2	0	0	1	1	FALSE	FALSE
ACATCACGTTATAGGG-1	MZ286258_1_ORF2	0	0	2	2	TRUE	TRUE
ACATCACGTTCGATTA-1	OP549859_1_ORF1	0	0	1	1	FALSE	FALSE
ACATCACGTTGTCTGG-1	MZ286197_1_ORF1	1	0	8	8	TRUE	TRUE
ACATCAGCAATGGTTG-1	meGFP	1	0	9	10	TRUE	TRUE
ACATCAGCAGAACGGA-1	OP549859_1_ORF1	0	0	1	2	FALSE	TRUE
ACATCAGCATACCGGG-1	MZ286197_1_ORF1	1	1	58	58	TRUE	TRUE
ACATCAGCATCCATAC-1	MZ286102_1_ORF1	1	0	4	4	TRUE	TRUE
ACATCAGCATCCTTCC-1	meGFP	0	0	1	1	FALSE	FALSE
ACATCAGCATCGCTCA-1	MZ286258_1_ORF1	0	0	1	1	FALSE	TRUE
ACATCCATCACCCTAA-1	OP549859_1_ORF1	0	0	1	1	FALSE	FALSE
ACATCCATCACCCTGG-1	OZ258728_1_ORF2	1	1	28	31	TRUE	TRUE
ACATCCATCACTTACG-1	MZ286188_1_ORF2	0	0	1	1	FALSE	FALSE
ACATCCATCCTCTGGG-1	OP549859_1_ORF1	0	0	1	1	FALSE	TRUE
ACATCCATCCTGATAT-1	MZ286258_1_ORF2	1	0	5	5	TRUE	TRUE
ACATCCATCGCGAGGT-1	MZ286258_1_ORF1	0	0	1	1	FALSE	FALSE
ACATGATCACACCGCT-1	MZ286102_1_ORF2	1	0	6	9	TRUE	TRUE
ACATGATCACAGATCA-1	OP549859_1_ORF1	0	0	1	1	FALSE	FALSE
ACATGATCACATTCGT-1	meGFP	0	0	1	1	FALSE	FALSE
ACATGATCACCTCTCT-1	MZ286102_1_ORF1	1	1	23	23	TRUE	TRUE
ACATGATCACGCTACC-1	MZ286102_1_ORF1	0	0	2	2	TRUE	TRUE
ACATGATCACGGTCAG-1	MZ286188_1_ORF2	0	0	1	1	FALSE	FALSE
ACATGATCAGGTAGCT-1	OZ258728_1_ORF2	1	1	26	26	TRUE	TRUE
ACATGATCAGTAGGAG-1	OP549859_1_ORF1	0	0	2	4	FALSE	TRUE
ACATGATCATGCTCGC-1	meGFP	0	0	1	1	FALSE	FALSE
ACATGATCATGTCGAA-1	OZ258728_1_ORF2	0	0	1	1	FALSE	FALSE
ACATGATCATTAGAGT-1	MZ286258_1_ORF2	0	0	1	2	FALSE	FALSE
ACATGCACAAAGTAAG-1	OP549859_1_ORF2	0	0	1	1	FALSE	TRUE
ACATGCACAAAGTCAT-1	MZ286188_1_ORF1	0	0	2	2	TRUE	TRUE
ACATGCACAACCAGCG-1	MZ286188_1_ORF1	0	0	1	1	FALSE	TRUE
ACATGCACACTGATGA-1	MZ286188_1_ORF1	0	0	1	1	FALSE	TRUE
ACATGCACAGGCAACT-1	MZ286102_1_ORF1	0	0	1	1	FALSE	TRUE
ACATGCACAGGCGCTA-1	OZ258728_1_ORF2	0	0	1	1	FALSE	FALSE
ACATGCACAGTAGGAG-1	OZ258728_1_ORF1	0	0	1	1	FALSE	FALSE
ACATGCACATAAGGTT-1	OP549859_1_ORF1	0	0	1	1	FALSE	TRUE
ACATGCACATCCCAAT-1	OZ258728_1_ORF2	2	1	13	21	FALSE	TRUE
ACATGCACATGAGTAT-1	MZ286102_1_ORF2	1	0	6	6	TRUE	TRUE
ACATTGAAGACACCTC-1	MZ286102_1_ORF1	0	0	1	1	FALSE	FALSE
ACATTGAAGACCAGCA-1	MZ286102_1_ORF1	0	0	1	1	FALSE	TRUE
ACATTGAAGCCGTGAA-1	meGFP	1	1	13	13	TRUE	TRUE
ACATTGAAGCGCAGTA-1	MZ286197_1_ORF2	0	0	1	1	FALSE	TRUE
ACATTGAAGGAGCATT-1	OZ258728_1_ORF1	0	0	1	2	FALSE	TRUE
ACATTGAAGGGCCAGT-1	OP549859_1_ORF1	1	1	34	34	TRUE	TRUE
ACATTGAAGGTAATTG-1	OZ258728_1_ORF2	0	0	1	1	FALSE	FALSE
ACATTGAAGGTCGGTA-1	MZ286188_1_ORF1	1	1	63	63	TRUE	TRUE
ACATTGAAGTAACGCG-1	OZ258728_1_ORF2	1	0	5	6	TRUE	TRUE
ACATTGAAGTGTAATG-1	OZ258728_1_ORF2	1	1	10	10	TRUE	TRUE
ACATTGAAGTTGACTT-1	MZ286188_1_ORF2	1	1	13	14	TRUE	TRUE
ACATTGAAGTTGCGTC-1	OZ258728_1_ORF1	0	0	1	1	FALSE	FALSE
ACATTTCAGACACCTC-1	OZ258728_1_ORF2	0	0	1	1	FALSE	TRUE
ACATTTCAGAGGCGTC-1	OP549859_1_ORF2	0	0	1	1	FALSE	FALSE
ACATTTCAGCAGCCTT-1	OZ258728_1_ORF2	0	0	1	1	FALSE	FALSE
ACATTTCAGCCGGATA-1	OZ258728_1_ORF2	1	1	83	83	TRUE	TRUE
ACATTTCAGGCCTCAT-1	meGFP	0	0	1	1	FALSE	FALSE
ACATTTCAGGCGTAAT-1	MZ286188_1_ORF1	2	1	15	19	TRUE	TRUE
ACATTTCAGGGCTGGT-1	MZ286188_1_ORF1	0	0	1	1	FALSE	TRUE
ACATTTCAGTCAACTT-1	MZ286197_1_ORF2	0	0	1	1	FALSE	FALSE
ACATTTCAGTCATTAC-1	OZ258728_1_ORF2	0	0	1	1	FALSE	FALSE
ACATTTGGTAACGGAC-1	MZ286197_1_ORF2	0	0	2	2	TRUE	TRUE
ACATTTGGTAACTTGC-1	MZ286197_1_ORF1	1	1	23	26	TRUE	TRUE
ACATTTGGTAGCCATT-1	OZ258728_1_ORF1	0	0	1	1	FALSE	FALSE
ACATTTGGTAGTGTCT-1	MZ286197_1_ORF1	0	0	3	3	TRUE	TRUE
ACATTTGGTATTGACC-1	OZ258728_1_ORF2	0	0	1	1	FALSE	FALSE
ACATTTGGTGCCCAAC-1	OZ258728_1_ORF2	0	0	1	1	FALSE	FALSE
ACATTTGGTGCGCATC-1	OZ258728_1_ORF1	0	0	1	1	FALSE	TRUE
ACATTTGGTGCTTAGT-1	MZ286188_1_ORF1	0	0	1	1	FALSE	FALSE
ACATTTGGTGGTTAAG-1	MZ286258_1_ORF2	1	1	14	15	TRUE	TRUE
ACATTTGGTGTGTCGC-1	MZ286197_1_ORF1	1	0	9	9	TRUE	TRUE
ACATTTGGTTATCCAA-1	MZ286102_1_ORF1	1	1	27	27	TRUE	TRUE
ACATTTGGTTGAAGTG-1	OZ258728_1_ORF2	0	0	2	2	TRUE	TRUE
ACCAAAGGTAAGCGGT-1	MZ286197_1_ORF2	0	0	1	1	FALSE	TRUE
ACCAAAGGTACACCTG-1	MZ286102_1_ORF2	1	1	12	12	TRUE	TRUE
ACCAAAGGTACCGGAG-1	MZ286197_1_ORF2	0	0	1	1	FALSE	TRUE
ACCAAAGGTAGGCTCC-1	MZ286102_1_ORF2	0	0	1	1	FALSE	FALSE
ACCAAAGGTAGTCCTG-1	OP549859_1_ORF1	1	1	11	13	TRUE	TRUE
ACCAAAGGTATCTGGT-1	OZ258728_1_ORF1	1	0	8	8	TRUE	TRUE
ACCAAAGGTCCTGACA-1	meGFP	0	0	1	1	FALSE	TRUE
ACCAAAGGTGAGATAT-1	MZ286102_1_ORF2	0	0	1	2	FALSE	TRUE
ACCAAAGGTTTCGATA-1	meGFP	0	0	1	1	FALSE	TRUE
ACCAAATCACAGATCA-1	OP549859_1_ORF1	0	0	1	1	FALSE	FALSE
ACCAAATCACCAAGTA-1	OP549859_1_ORF1	0	0	1	1	FALSE	FALSE
ACCAAATCACCTCTCT-1	meGFP	0	0	1	1	FALSE	FALSE
ACCAAATCACGAATGC-1	OZ258728_1_ORF2	1	1	151	152	TRUE	TRUE
ACCAAATCAGATACAT-1	meGFP	0	0	1	1	FALSE	FALSE
ACCAAATCAGCAACCG-1	OZ258728_1_ORF2	0	0	1	1	FALSE	TRUE
ACCAAATCAGGTAGAG-1	MZ286197_1_ORF1	1	1	68	69	TRUE	TRUE
ACCAAATCATAATCCC-1	MZ286102_1_ORF2	0	0	1	1	FALSE	FALSE
ACCAAATCATAGGATT-1	MZ286102_1_ORF2	1	1	15	16	TRUE	TRUE
ACCAAATCATGGTCCC-1	MZ286258_1_ORF2	0	0	1	1	FALSE	TRUE
ACCAATGCAAAGGGCA-1	OZ258728_1_ORF2	0	0	1	1	FALSE	FALSE
ACCAATGCAAGAGGTG-1	OP549859_1_ORF1	0	0	1	1	FALSE	FALSE
ACCAATGCACAACGGT-1	MZ286258_1_ORF2	1	0	4	4	TRUE	TRUE
ACCAATGCACGCGAAT-1	MZ286102_1_ORF1	0	0	1	1	FALSE	TRUE
ACCAATGCACGTGGAT-1	MZ286197_1_ORF2	0	0	2	2	TRUE	TRUE
ACCAATGCAGTAAGGG-1	MZ286197_1_ORF2	0	0	2	3	FALSE	TRUE
ACCAATGCATGAACCA-1	meGFP	0	0	1	1	FALSE	FALSE
ACCAATGCATGTCGGG-1	MZ286102_1_ORF2	0	0	1	1	FALSE	TRUE
ACCACAACAACACCGG-1	OZ258728_1_ORF2	0	0	1	1	FALSE	TRUE
ACCACAACAAGCCATA-1	OP549859_1_ORF2	1	0	4	5	TRUE	TRUE
ACCACAACACAAGGCT-1	MZ286197_1_ORF1	1	1	19	19	TRUE	TRUE
ACCACAACACGTGAAC-1	OZ258728_1_ORF2	0	0	1	1	FALSE	FALSE
ACCACAACACTGAAGC-1	MZ286188_1_ORF1	0	0	1	1	FALSE	TRUE
ACCACAACAGAGCTTA-1	OZ258728_1_ORF2	0	0	1	1	FALSE	TRUE
ACCACAACATAAGTCG-1	MZ286188_1_ORF1	1	1	45	45	TRUE	TRUE
ACCACAACATAGCGCG-1	OZ258728_1_ORF1	2	1	15	19	TRUE	TRUE
ACCACAACATGACGAC-1	OZ258728_1_ORF2	1	0	7	9	TRUE	TRUE
ACCACAACATGAGCCG-1	MZ286258_1_ORF2	0	0	1	1	FALSE	TRUE
ACCACAACATGGTGTA-1	meGFP	1	1	64	66	TRUE	TRUE
ACCACAACATTCGCTG-1	MZ286102_1_ORF2	0	0	1	1	FALSE	FALSE
ACCACGCGTCCCATCT-1	OZ258728_1_ORF2	1	1	27	27	TRUE	TRUE
ACCACGCGTCGACATT-1	MZ286258_1_ORF2	1	0	7	8	TRUE	TRUE
ACCACGCGTGAACGGT-1	OZ258728_1_ORF1	0	0	1	1	FALSE	FALSE
ACCACGCGTGACGAAC-1	OZ258728_1_ORF1	0	0	1	1	FALSE	TRUE
ACCACGCGTGCATGAA-1	OP549859_1_ORF1	0	0	1	1	FALSE	TRUE
ACCACGCGTGTCCAAT-1	MZ286102_1_ORF2	0	0	1	2	FALSE	TRUE
ACCACGCGTGTGTCGC-1	OZ258728_1_ORF1	0	0	1	2	FALSE	TRUE
ACCACGCGTTCCACTC-1	MZ286197_1_ORF2	1	0	4	4	TRUE	TRUE
ACCACGCGTTCTGGCA-1	meGFP	1	1	11	12	TRUE	TRUE
ACCACGCGTTTCAAGC-1	MZ286188_1_ORF1	0	0	1	1	FALSE	FALSE
ACCACGTTCAATGCTT-1	OZ258728_1_ORF2	0	0	1	1	FALSE	TRUE
ACCACGTTCACCGCAT-1	OZ258728_1_ORF2	0	0	2	2	TRUE	FALSE
ACCACGTTCATCCGAC-1	MZ286197_1_ORF1	0	0	3	3	TRUE	FALSE
ACCACGTTCCACCAAC-1	OP549859_1_ORF2	1	1	25	25	TRUE	TRUE
ACCACGTTCCATTCCT-1	MZ286197_1_ORF1	0	0	1	1	FALSE	FALSE
ACCACGTTCCCGCTGA-1	MZ286102_1_ORF2	1	1	36	38	TRUE	TRUE
ACCACGTTCCGAAGCA-1	meGFP	0	0	1	1	FALSE	TRUE
ACCACGTTCCTCTAAG-1	MZ286197_1_ORF1	1	0	4	4	TRUE	TRUE
ACCACGTTCGTGCTGT-1	OP549859_1_ORF1	0	0	1	1	FALSE	TRUE
ACCACGTTCTAATTGC-1	MZ286102_1_ORF1	0	0	1	1	FALSE	FALSE
ACCACGTTCTAGCTTG-1	OZ258728_1_ORF2	0	0	1	1	FALSE	TRUE
ACCAGATAGACTCCGT-1	MZ286102_1_ORF2	0	0	1	2	FALSE	TRUE
ACCAGATAGATCAGTA-1	MZ286102_1_ORF2	2	1	12	18	FALSE	TRUE
ACCAGATAGCACCAGA-1	MZ286258_1_ORF2	0	0	1	1	FALSE	TRUE
ACCAGATAGCCTTCAA-1	OP549859_1_ORF1	1	0	4	4	TRUE	TRUE
ACCAGATAGCTATGAA-1	OZ258728_1_ORF2	1	1	42	44	TRUE	TRUE
ACCAGATAGCTCCTGG-1	MZ286188_1_ORF1	0	0	1	2	FALSE	TRUE
ACCAGATAGGACGAGG-1	OZ258728_1_ORF2	0	0	1	1	FALSE	FALSE
ACCAGATAGTGGGTTG-1	OP549859_1_ORF1	0	0	1	1	FALSE	FALSE
ACCAGATAGTTAAGTG-1	OP549859_1_ORF1	1	1	108	108	TRUE	TRUE
ACCAGATAGTTGGCCT-1	OP549859_1_ORF1	0	0	1	1	FALSE	FALSE
ACCAGCAAGAAGCCTG-1	OZ258728_1_ORF2	0	0	1	1	FALSE	FALSE
ACCAGCAAGACCTACC-1	MZ286258_1_ORF2	0	0	1	1	FALSE	FALSE
ACCAGCAAGATTCGGG-1	MZ286188_1_ORF1	1	0	6	7	TRUE	TRUE
ACCAGCAAGCAATCCC-1	OZ258728_1_ORF2	0	0	1	1	FALSE	FALSE
ACCAGCAAGCCACTTA-1	OZ258728_1_ORF1	0	0	1	1	FALSE	FALSE
ACCAGCAAGCCAGGGT-1	meGFP	0	0	1	1	FALSE	TRUE
ACCAGCAAGCGCCTAT-1	meGFP	1	1	51	53	TRUE	TRUE
ACCAGCAAGGAATCTA-1	meGFP	0	0	1	1	FALSE	FALSE
ACCAGCAAGGCACGGT-1	meGFP	0	0	1	1	FALSE	TRUE
ACCAGCAAGGTAGGAA-1	meGFP	1	1	16	17	TRUE	TRUE
ACCAGCAAGGTAGGTT-1	OZ258728_1_ORF2	0	0	1	1	FALSE	FALSE
ACCAGCAAGGTTCCCG-1	MZ286258_1_ORF2	1	1	15	15	TRUE	TRUE
ACCAGCAAGGTTCGGA-1	MZ286102_1_ORF2	0	0	1	1	FALSE	TRUE
ACCAGCCGTAATCCGT-1	OZ258728_1_ORF1	0	0	1	2	FALSE	TRUE
ACCAGCCGTACCCAGC-1	OZ258728_1_ORF2	1	1	22	23	TRUE	TRUE
ACCAGCCGTACCTAGT-1	MZ286258_1_ORF2	0	0	1	1	FALSE	TRUE
ACCAGCCGTACGACTT-1	meGFP	1	1	42	44	TRUE	TRUE
ACCAGCCGTACGTTCG-1	OZ258728_1_ORF2	0	0	1	1	FALSE	FALSE
ACCAGCCGTCCGTCAA-1	MZ286102_1_ORF2	0	0	3	3	TRUE	TRUE
ACCAGCCGTCGTTGGC-1	MZ286188_1_ORF1	1	1	25	26	TRUE	TRUE
ACCAGCCGTCTCCTCG-1	MZ286102_1_ORF2	0	0	0	0	FALSE	TRUE
ACCAGCCGTGATCCCA-1	MZ286102_1_ORF2	1	0	7	7	TRUE	TRUE
ACCAGCCGTGCGTGCT-1	OZ258728_1_ORF1	0	0	1	1	FALSE	FALSE
ACCAGCCGTGCTGGCT-1	OP549859_1_ORF2	1	1	12	13	TRUE	TRUE
ACCAGCCGTTCTATCT-1	meGFP	0	0	1	1	FALSE	TRUE
ACCAGCTTCAAGCGTG-1	meGFP	1	1	11	12	TRUE	TRUE
ACCAGCTTCCTCATAG-1	OP549859_1_ORF2	0	0	1	1	FALSE	TRUE
ACCAGCTTCCTTCACT-1	MZ286197_1_ORF1	0	0	1	1	FALSE	TRUE
ACCAGCTTCGACACAG-1	meGFP	0	0	1	1	FALSE	TRUE
ACCAGCTTCGATCCCG-1	OZ258728_1_ORF2	1	0	8	8	TRUE	TRUE
ACCAGCTTCGTCCGTG-1	OZ258728_1_ORF1	0	0	1	1	FALSE	TRUE
ACCAGCTTCTAGCCCG-1	MZ286102_1_ORF2	1	0	9	11	TRUE	TRUE
ACCAGCTTCTCTATGG-1	OZ258728_1_ORF2	0	0	1	1	FALSE	FALSE
ACCATAGCAAACCATG-1	MZ286258_1_ORF2	0	0	3	4	TRUE	TRUE
ACCATAGCAAACGTAT-1	MZ286197_1_ORF1	1	1	27	28	TRUE	TRUE
ACCATAGCAACAGGCT-1	OZ258728_1_ORF2	0	0	1	1	FALSE	FALSE
ACCATAGCAAGTCAAT-1	OZ258728_1_ORF2	1	1	47	47	TRUE	TRUE
ACCATAGCAATGTAGT-1	meGFP	1	0	7	7	TRUE	TRUE
ACCATAGCACAACCAA-1	meGFP	0	0	1	1	FALSE	TRUE
ACCATAGCACGGCTCT-1	OZ258728_1_ORF1	0	0	1	1	FALSE	FALSE
ACCATAGCACGTGAAC-1	MZ286102_1_ORF2	0	0	1	1	FALSE	TRUE
ACCATAGCAGCCGATG-1	MZ286102_1_ORF2	1	0	6	8	TRUE	TRUE
ACCATAGCAGCCTCGT-1	meGFP	1	1	30	31	TRUE	TRUE
ACCATAGCAGGGTCCA-1	OP549859_1_ORF1	0	0	3	3	TRUE	TRUE
ACCATAGCAGGTCTAA-1	MZ286102_1_ORF2	1	0	8	8	TRUE	TRUE
ACCATAGCAGTCTCAT-1	MZ286188_1_ORF1	0	0	1	1	FALSE	FALSE
ACCATCCAGACACTAA-1	OP549859_1_ORF2	0	0	3	3	TRUE	TRUE
ACCATCCAGCAAGCTG-1	MZ286258_1_ORF2	0	0	1	1	FALSE	TRUE
ACCATCCAGCCTTCAA-1	MZ286102_1_ORF2	0	0	1	1	FALSE	FALSE
ACCATCCAGCGTTCGT-1	OZ258728_1_ORF2	0	0	1	1	FALSE	FALSE
ACCATCCAGCTAACGG-1	OP549859_1_ORF1	1	1	21	22	TRUE	TRUE
ACCATCCAGCTACTTG-1	MZ286188_1_ORF1	0	0	1	1	FALSE	TRUE
ACCATCCAGGACATAC-1	MZ286188_1_ORF2	0	0	0	0	FALSE	FALSE
ACCATCCAGGCTGCAA-1	MZ286188_1_ORF1	1	1	10	13	TRUE	TRUE
ACCATCCAGTAATCCT-1	OZ258728_1_ORF2	0	0	1	1	FALSE	FALSE
ACCATCCAGTGGGTTG-1	MZ286102_1_ORF1	0	0	1	1	FALSE	TRUE
ACCATGGAGACGCCTT-1	MZ286188_1_ORF1	0	0	1	1	FALSE	FALSE
ACCATGGAGCAGCATG-1	MZ286197_1_ORF1	0	0	1	1	FALSE	FALSE
ACCATGGAGCGGGTTA-1	OZ258728_1_ORF2	0	0	1	1	FALSE	FALSE
ACCATGGAGCGGTAAT-1	MZ286197_1_ORF1	1	0	6	7	TRUE	TRUE
ACCATGGAGCTTGAGG-1	OZ258728_1_ORF2	2	1	20	26	TRUE	TRUE
ACCATGGAGGAAGGGT-1	OP549859_1_ORF2	0	0	2	2	TRUE	TRUE
ACCATGGAGGGGAACG-1	OZ258728_1_ORF2	1	1	124	124	TRUE	TRUE
ACCATGGAGGGGTCTA-1	meGFP	0	0	1	1	FALSE	TRUE
ACCATGGAGTAAGGTC-1	MZ286258_1_ORF2	0	0	2	3	FALSE	TRUE
ACCATGGAGTAGACAC-1	OP549859_1_ORF1	0	0	1	1	FALSE	TRUE
ACCATGGAGTGGCTTC-1	OZ258728_1_ORF2	0	0	1	1	FALSE	FALSE
ACCATTAGTACAGCAA-1	OP549859_1_ORF2	0	0	1	1	FALSE	TRUE
ACCATTAGTACGCCTA-1	OP549859_1_ORF2	0	0	2	2	TRUE	TRUE
ACCATTAGTACGTTCG-1	OZ258728_1_ORF2	0	0	1	1	FALSE	FALSE
ACCATTAGTATGTGGA-1	MZ286188_1_ORF1	0	0	1	1	FALSE	TRUE
ACCATTAGTATTGACC-1	MZ286102_1_ORF2	1	0	9	9	TRUE	TRUE
ACCATTAGTATTGGGA-1	OP549859_1_ORF1	1	1	90	90	TRUE	TRUE
ACCATTAGTCCATTAA-1	MZ286258_1_ORF1	0	0	2	2	TRUE	TRUE
ACCATTAGTCCGCGAT-1	MZ286197_1_ORF2	0	0	1	1	FALSE	TRUE
ACCATTAGTGATCGTT-1	meGFP	1	1	46	46	TRUE	TRUE
ACCATTAGTGATTGCT-1	OP549859_1_ORF1	0	0	1	1	FALSE	FALSE
ACCATTAGTGTGGACG-1	MZ286102_1_ORF1	0	0	1	1	FALSE	FALSE
ACCATTAGTTGGACCC-1	meGFP	0	0	1	1	FALSE	FALSE
ACCATTTAGATGCCAG-1	OZ258728_1_ORF2	2	1	13	18	FALSE	TRUE
ACCATTTAGGAATGTC-1	OZ258728_1_ORF1	0	0	2	2	TRUE	TRUE
ACCCACAGTACCTAGT-1	MZ286258_1_ORF2	0	0	2	5	FALSE	TRUE
ACCCACAGTGCAACCC-1	MZ286197_1_ORF2	1	0	8	9	TRUE	TRUE
ACCCACAGTGCGCGAA-1	OP549859_1_ORF1	0	0	1	1	FALSE	FALSE
ACCCACAGTGCTATGT-1	OP549859_1_ORF1	1	1	46	46	TRUE	TRUE
ACCCACAGTGTACCAT-1	OZ258728_1_ORF1	1	1	11	16	TRUE	TRUE
ACCCACAGTTCTGTCC-1	OZ258728_1_ORF2	0	0	1	1	FALSE	TRUE
ACCCACAGTTGTGTGT-1	meGFP	1	0	4	4	TRUE	FALSE
ACCCACAGTTTAGGCT-1	MZ286102_1_ORF1	0	0	1	1	FALSE	FALSE
ACCCATTCAACGGCCA-1	OZ258728_1_ORF2	1	1	42	43	TRUE	TRUE
ACCCATTCAGAGGTTC-1	OP549859_1_ORF1	0	0	1	1	FALSE	TRUE
ACCCATTCAGGTCTCC-1	meGFP	0	0	1	1	FALSE	FALSE
ACCCATTCATCAGAGC-1	MZ286197_1_ORF1	0	0	2	3	FALSE	TRUE
ACCCATTCATCCGCAC-1	OZ258728_1_ORF2	0	0	1	1	FALSE	TRUE
ACCCATTCATTGGATG-1	MZ286102_1_ORF2	1	1	14	14	TRUE	TRUE
ACCCCAAGTAACTGAG-1	MZ286102_1_ORF2	0	0	1	1	FALSE	FALSE
ACCCCAAGTAGCACTT-1	OZ258728_1_ORF2	0	0	1	1	FALSE	FALSE
ACCCCAAGTAGGTAGC-1	MZ286258_1_ORF1	1	0	7	7	TRUE	TRUE
ACCCCAAGTGACCTCA-1	OZ258728_1_ORF2	0	0	3	3	TRUE	TRUE
ACCCCAAGTGGAGAGA-1	MZ286258_1_ORF1	0	0	1	1	FALSE	TRUE
ACCCCAAGTGGCATGG-1	OZ258728_1_ORF2	0	0	1	1	FALSE	TRUE
ACCCCAAGTGGGTAAC-1	OP549859_1_ORF1	0	0	1	1	FALSE	FALSE
ACCCCAAGTTAACTGC-1	MZ286102_1_ORF2	1	1	10	10	TRUE	TRUE
ACCCCAAGTTGCAGTT-1	OP549859_1_ORF1	1	1	117	118	TRUE	TRUE
ACCCCTGAGAGGAAGC-1	meGFP	0	0	2	2	TRUE	TRUE
ACCCCTGAGAGTCGCA-1	OZ258728_1_ORF2	1	0	9	9	TRUE	TRUE
ACCCCTGAGGATGGTT-1	OP549859_1_ORF1	0	0	1	1	FALSE	TRUE
ACCCCTGAGGCACTTC-1	MZ286197_1_ORF1	0	0	1	1	FALSE	FALSE
ACCCCTGAGGCAGGCT-1	meGFP	0	0	1	1	FALSE	TRUE
ACCCCTGAGGCGAACC-1	OZ258728_1_ORF2	2	2	103	113	TRUE	TRUE
ACCCCTGAGTGATAGC-1	MZ286197_1_ORF2	1	0	4	5	TRUE	TRUE
ACCCCTGAGTGGAGCC-1	OZ258728_1_ORF2	0	0	1	1	FALSE	FALSE
ACCCGCTCAAATCTGG-1	OZ258728_1_ORF1	0	0	1	1	FALSE	TRUE
ACCCGCTCAACAGGCT-1	OZ258728_1_ORF2	0	0	1	1	FALSE	FALSE
ACCCGCTCAATACCCT-1	OP549859_1_ORF1	0	0	1	1	FALSE	TRUE
ACCCGCTCAATCGTTC-1	OZ258728_1_ORF2	0	0	1	1	FALSE	FALSE
ACCCGCTCACAATCCT-1	MZ286102_1_ORF1	0	0	1	1	FALSE	FALSE
ACCCGCTCACGAATGC-1	MZ286102_1_ORF2	1	0	5	5	TRUE	TRUE
ACCCGCTCACTCGCTA-1	MZ286102_1_ORF1	0	0	3	4	TRUE	TRUE
ACCCGCTCACTCGTCA-1	meGFP	0	0	1	1	FALSE	FALSE
ACCCGCTCACTTCAAC-1	MZ286258_1_ORF2	1	0	9	9	TRUE	TRUE
ACCCGCTCAGGGTTAC-1	OZ258728_1_ORF2	0	0	1	1	FALSE	TRUE
ACCCGCTCATCCAGCC-1	OZ258728_1_ORF2	1	1	10	12	TRUE	TRUE
ACCCGGACAAAGGGCA-1	MZ286197_1_ORF1	0	0	1	1	FALSE	FALSE
ACCCGGACACGTGAAC-1	OP549859_1_ORF1	1	1	35	36	TRUE	TRUE
ACCCGGACACGTTACT-1	OP549859_1_ORF1	0	0	2	2	TRUE	FALSE
ACCCGGACAGAACGGA-1	MZ286258_1_ORF2	1	1	12	12	TRUE	TRUE
ACCCGGACAGATACAT-1	OP549859_1_ORF1	0	0	1	1	FALSE	FALSE
ACCCGGACAGATTCGA-1	meGFP	0	0	1	1	FALSE	FALSE
ACCCGGACAGGGTCTG-1	OP549859_1_ORF1	1	1	141	141	TRUE	TRUE
ACCCGGACAGGTACGT-1	MZ286188_1_ORF1	0	0	1	1	FALSE	TRUE
ACCCGGACAGTGAATT-1	OZ258728_1_ORF2	0	0	1	2	FALSE	TRUE
ACCCGGACATCAGCAA-1	MZ286197_1_ORF1	1	0	6	9	TRUE	TRUE
ACCCGGACATCCGCAC-1	MZ286258_1_ORF2	0	0	2	2	TRUE	FALSE
ACCCGGACATGAATCG-1	meGFP	0	0	1	1	FALSE	FALSE
ACCCGGACATTGCCCA-1	meGFP	2	2	147	182	TRUE	TRUE
ACCCGGGAGATGGCGC-1	OZ258728_1_ORF1	0	0	1	1	FALSE	FALSE
ACCCGGGAGCCTTGCG-1	OP549859_1_ORF1	1	1	91	92	TRUE	TRUE
ACCCGGGAGCTCGTTA-1	MZ286188_1_ORF1	0	0	1	1	FALSE	FALSE
ACCCGGGAGGAGCATT-1	MZ286102_1_ORF2	1	1	10	11	TRUE	TRUE
ACCCGGGAGGCCAGGT-1	OZ258728_1_ORF2	0	0	1	1	FALSE	FALSE
ACCCGGGAGTTAAGTG-1	OZ258728_1_ORF2	0	0	1	1	FALSE	FALSE
ACCCGGGAGTTACACT-1	OZ258728_1_ORF2	0	0	1	1	FALSE	FALSE
ACCCTAATCAATTACC-1	MZ286102_1_ORF2	0	0	1	1	FALSE	FALSE
ACCCTAATCACATATC-1	meGFP	0	0	1	1	FALSE	TRUE
ACCCTAATCACGAAGT-1	MZ286197_1_ORF2	0	0	1	1	FALSE	TRUE
ACCCTAATCAGGACGC-1	OZ258728_1_ORF2	0	0	1	1	FALSE	FALSE
ACCCTAATCGACACCT-1	OP549859_1_ORF1	1	0	8	8	TRUE	TRUE
ACCCTAATCGTACGTC-1	meGFP	0	0	1	1	FALSE	FALSE
ACCCTAATCTAACTAC-1	MZ286258_1_ORF1	0	0	2	2	TRUE	TRUE
ACCCTAATCTTCGGCG-1	meGFP	1	0	5	5	TRUE	TRUE
ACCCTGCCAAACGGGA-1	meGFP	0	0	1	3	FALSE	TRUE
ACCCTGCCAATCCGGG-1	OZ258728_1_ORF2	0	0	1	1	FALSE	FALSE
ACCCTGCCAGCTTGGG-1	OZ258728_1_ORF2	0	0	1	1	FALSE	FALSE
ACCCTGCCAGTAAGGG-1	MZ286102_1_ORF2	0	0	1	3	FALSE	TRUE
ACCCTGCCAGTAGGAG-1	OP549859_1_ORF1	0	0	1	1	FALSE	FALSE
ACCCTGCCAGTCCCGT-1	OZ258728_1_ORF2	0	0	1	1	FALSE	TRUE
ACCCTGCCATACTCCG-1	MZ286102_1_ORF2	1	0	4	4	TRUE	TRUE
ACCCTGCCATAGTAGT-1	OP549859_1_ORF1	0	0	1	1	FALSE	TRUE
ACCCTGCCATCCGCAC-1	OZ258728_1_ORF1	1	0	6	6	TRUE	TRUE
ACCCTGCCATGAGGAG-1	OZ258728_1_ORF2	0	0	1	1	FALSE	FALSE
ACCCTGCCATTACCCG-1	meGFP	0	0	2	8	FALSE	TRUE
ACCGAAAGTAACCGGG-1	MZ286102_1_ORF2	0	0	1	2	FALSE	TRUE
ACCGAAAGTACGTTCG-1	OZ258728_1_ORF2	0	0	1	1	FALSE	FALSE
ACCGAAAGTATCCCGA-1	MZ286197_1_ORF1	0	0	1	1	FALSE	FALSE
ACCGAAAGTCACTCCT-1	MZ286258_1_ORF1	0	0	1	1	FALSE	FALSE
ACCGAAAGTCGCATAT-1	OZ258728_1_ORF2	0	0	1	1	FALSE	TRUE
ACCGAAAGTGCGTACC-1	OZ258728_1_ORF2	0	0	1	1	FALSE	FALSE
ACCGAAAGTGCTTAGT-1	MZ286188_1_ORF1	0	0	1	1	FALSE	FALSE
ACCGAAAGTGGGATTA-1	OZ258728_1_ORF2	1	1	67	67	TRUE	TRUE
ACCGAAAGTTAACGAG-1	meGFP	0	0	1	1	FALSE	TRUE
ACCGAACCAAACGGGA-1	MZ286258_1_ORF1	0	0	1	1	FALSE	FALSE
ACCGAACCAACCCAGG-1	MZ286102_1_ORF2	1	1	15	15	TRUE	TRUE
ACCGAACCACGCACGA-1	OZ258728_1_ORF2	0	0	1	1	FALSE	TRUE
ACCGAACCACTAATGG-1	MZ286188_1_ORF1	1	1	33	33	TRUE	TRUE
ACCGAACCAGATCCTT-1	OZ258728_1_ORF2	1	1	20	21	TRUE	TRUE
ACCGAACCATAAGTCG-1	OP549859_1_ORF1	1	1	13	14	TRUE	TRUE
ACCGAACCATCAGTCT-1	MZ286188_1_ORF2	1	0	5	5	TRUE	TRUE
ACCGAACCATGAGGAG-1	meGFP	1	1	11	11	TRUE	TRUE
ACCGACCGTAGCATAG-1	OZ258728_1_ORF2	0	0	1	1	FALSE	TRUE
ACCGACCGTAGCGTGG-1	MZ286258_1_ORF1	0	0	1	1	FALSE	FALSE
ACCGACCGTAGCTGAA-1	OZ258728_1_ORF2	0	0	1	1	FALSE	FALSE
ACCGACCGTCCTGTGA-1	OP549859_1_ORF1	0	0	1	1	FALSE	TRUE
ACCGACCGTCTTACCC-1	MZ286102_1_ORF2	2	0	4	8	FALSE	TRUE
ACCGACCGTGCTTAGT-1	MZ286188_1_ORF1	0	0	1	1	FALSE	FALSE
ACCGACCGTGGAACCG-1	OP549859_1_ORF1	1	1	14	17	TRUE	TRUE
ACCGACCGTTAGAGAT-1	OZ258728_1_ORF2	0	0	1	1	FALSE	FALSE
ACCGACCGTTCGCAGC-1	OP549859_1_ORF2	1	0	5	7	TRUE	TRUE
ACCGATACAAAGCCCG-1	MZ286102_1_ORF2	1	1	12	12	TRUE	TRUE
ACCGATACAATGGCTA-1	OP549859_1_ORF1	1	1	67	67	TRUE	TRUE
ACCGATACACAAGGCT-1	MZ286258_1_ORF2	0	0	1	1	FALSE	TRUE
ACCGATACACCTCTAG-1	MZ286102_1_ORF2	0	0	1	1	FALSE	FALSE
ACCGATACACGGGTAT-1	OP549859_1_ORF1	2	2	21	34	FALSE	TRUE
ACCGATACACGGTAAC-1	OP549859_1_ORF1	0	0	1	1	FALSE	FALSE
ACCGATACACTACTAC-1	OZ258728_1_ORF2	1	1	56	58	TRUE	TRUE
ACCGATACAGCCTCGT-1	OZ258728_1_ORF2	0	0	2	3	FALSE	TRUE
ACCGATACAGCTATCT-1	meGFP	0	0	1	1	FALSE	FALSE
ACCGATACAGGTAGAG-1	meGFP	1	1	26	26	TRUE	TRUE
ACCGATACATACCGGG-1	MZ286102_1_ORF2	1	1	18	19	TRUE	TRUE
ACCGATACATCCTTCC-1	meGFP	0	0	1	1	FALSE	FALSE
ACCGCAAAGAAGCGCC-1	OP549859_1_ORF1	0	0	1	2	FALSE	TRUE
ACCGCAAAGATACTGA-1	OZ258728_1_ORF2	1	1	10	10	TRUE	TRUE
ACCGCAAAGATTGGTA-1	meGFP	1	1	15	15	TRUE	TRUE
ACCGCAAAGCCACTCG-1	MZ286197_1_ORF1	1	0	9	9	TRUE	TRUE
ACCGCAAAGCGGATCA-1	OZ258728_1_ORF2	0	0	1	1	FALSE	TRUE
ACCGCAAAGGATGGAA-1	MZ286188_1_ORF1	0	0	2	2	TRUE	TRUE
ACCGCAAAGGCACGGT-1	OZ258728_1_ORF2	1	0	6	6	TRUE	TRUE
ACCGCAAAGGCTTCGT-1	OZ258728_1_ORF1	0	0	1	1	FALSE	FALSE
ACCGCAAAGGGATACT-1	meGFP	0	0	1	2	FALSE	TRUE
ACCGCAAAGGGATGAA-1	meGFP	0	0	1	1	FALSE	TRUE
ACCGCAAAGGGCAGGA-1	OZ258728_1_ORF2	0	0	1	2	FALSE	TRUE
ACCGCAAAGGGCCGAT-1	MZ286197_1_ORF1	0	0	1	1	FALSE	FALSE
ACCGCAGCAACCTCGC-1	MZ286258_1_ORF1	1	1	55	55	TRUE	TRUE
ACCGCAGCACCTCTCT-1	MZ286258_1_ORF1	0	0	1	1	FALSE	FALSE
ACCGCAGCACGGGTAT-1	MZ286102_1_ORF2	1	1	14	14	TRUE	TRUE
ACCGCAGCAGATACAT-1	OZ258728_1_ORF2	0	0	1	1	FALSE	FALSE
ACCGCAGCAGTCCAGG-1	OZ258728_1_ORF2	0	0	1	2	FALSE	TRUE
ACCGCAGCATATCGAG-1	MZ286197_1_ORF2	1	0	7	7	TRUE	TRUE
ACCGCAGCATCATAGG-1	OP549859_1_ORF2	0	0	2	3	FALSE	TRUE
ACCGCAGCATCCATAC-1	MZ286102_1_ORF1	1	0	9	12	TRUE	TRUE
ACCGCAGCATCGCATT-1	OZ258728_1_ORF2	0	0	2	2	TRUE	TRUE
ACCGCAGCATCGGGCA-1	MZ286102_1_ORF1	0	0	1	1	FALSE	FALSE
ACCGCAGCATGTCGGG-1	meGFP	0	0	1	1	FALSE	TRUE
ACCGCAGCATTACCCG-1	OZ258728_1_ORF2	0	0	2	2	TRUE	FALSE
ACCGCTGTCAGTATGA-1	MZ286102_1_ORF2	1	1	15	15	TRUE	TRUE
ACCGCTGTCATCAATC-1	OZ258728_1_ORF1	0	0	1	1	FALSE	FALSE
ACCGCTGTCATGGAAC-1	OP549859_1_ORF2	1	0	7	8	TRUE	TRUE
ACCGCTGTCCGTAGCT-1	MZ286188_1_ORF1	1	0	8	9	TRUE	TRUE
ACCGCTGTCCTACTGA-1	MZ286102_1_ORF2	0	0	1	1	FALSE	TRUE
ACCGCTGTCCTCTGGG-1	MZ286258_1_ORF2	1	0	4	4	TRUE	TRUE
ACCGCTGTCGAGCGAC-1	OZ258728_1_ORF1	0	0	2	4	FALSE	TRUE
ACCGCTGTCGCACTTA-1	OP549859_1_ORF1	1	0	7	12	TRUE	TRUE
ACCGCTGTCGCGGAGT-1	MZ286102_1_ORF2	0	0	1	1	FALSE	FALSE
ACCGCTGTCGGGATCA-1	MZ286102_1_ORF2	1	1	10	12	TRUE	TRUE
ACCGCTGTCTAGATTC-1	OZ258728_1_ORF2	0	0	2	4	FALSE	TRUE
ACCGCTGTCTGTGGAG-1	MZ286258_1_ORF2	1	0	4	4	TRUE	TRUE
ACCGCTGTCTTAGTGT-1	meGFP	0	0	1	1	FALSE	FALSE
ACCGGACAGATAGACC-1	MZ286197_1_ORF1	1	0	8	9	TRUE	TRUE
ACCGGACAGCCATGAG-1	OZ258728_1_ORF1	0	0	1	1	FALSE	TRUE
ACCGGACAGCGCAGTA-1	meGFP	0	0	1	1	FALSE	FALSE
ACCGGACAGCGTGCTT-1	meGFP	0	0	1	1	FALSE	FALSE
ACCGGACAGGGTCAGC-1	OP549859_1_ORF1	0	0	1	1	FALSE	FALSE
ACCGGACAGGGTGTCA-1	meGFP	0	0	1	1	FALSE	FALSE
ACCGGACAGGGTTAGT-1	meGFP	1	1	97	99	TRUE	TRUE
ACCGGACAGGTGTGGC-1	MZ286102_1_ORF2	1	0	6	8	TRUE	TRUE
ACCGGGGTCAATGCAA-1	MZ286188_1_ORF1	0	0	1	1	FALSE	TRUE
ACCGGGGTCCAAGTCC-1	MZ286102_1_ORF2	0	0	1	1	FALSE	TRUE
ACCGGGGTCCGACATC-1	OZ258728_1_ORF2	0	0	2	3	FALSE	TRUE
ACCGGGGTCGTGCTGT-1	MZ286188_1_ORF1	0	0	1	1	FALSE	FALSE
ACCGGGGTCGTTACCA-1	OP549859_1_ORF2	0	0	1	1	FALSE	TRUE
ACCGGGGTCTAGATGA-1	MZ286102_1_ORF2	1	0	5	5	TRUE	TRUE
ACCGGGGTCTAGATTC-1	MZ286197_1_ORF2	0	0	1	1	FALSE	TRUE
ACCGGGGTCTGTGGCT-1	MZ286258_1_ORF2	1	1	11	11	TRUE	TRUE
ACCGGTGCACCGTTCA-1	MZ286258_1_ORF2	0	0	1	1	FALSE	TRUE
ACCGGTGCACGGTTCC-1	OZ258728_1_ORF1	0	0	1	1	FALSE	FALSE
ACCGGTGCAGAACGGA-1	MZ286258_1_ORF2	1	1	11	11	TRUE	TRUE
ACCGGTGCAGAGCCTG-1	OZ258728_1_ORF2	0	0	2	2	TRUE	TRUE
ACCGGTGCAGCGCTTC-1	MZ286102_1_ORF2	1	1	17	20	TRUE	TRUE
ACCGGTGCATAAGCCA-1	OP549859_1_ORF2	0	0	1	1	FALSE	TRUE
ACCGGTGCATCCAGCC-1	MZ286102_1_ORF2	0	0	2	2	TRUE	TRUE
ACCGGTGCATCTATCA-1	MZ286258_1_ORF2	0	0	1	1	FALSE	FALSE
ACCGGTGCATGCTGAA-1	OZ258728_1_ORF1	0	0	1	1	FALSE	TRUE
ACCGGTGCATTACAGG-1	MZ286102_1_ORF2	0	0	1	1	FALSE	TRUE
ACCGGTTTCCAATGCC-1	OP549859_1_ORF2	1	0	6	10	TRUE	TRUE
ACCGGTTTCCCATCAA-1	meGFP	1	1	48	48	TRUE	TRUE
ACCGGTTTCCCATCCC-1	OP549859_1_ORF1	2	2	90	124	FALSE	TRUE
ACCGGTTTCCCTTCCA-1	MZ286102_1_ORF2	0	0	3	6	FALSE	TRUE
ACCGGTTTCCGCCTGA-1	OZ258728_1_ORF2	0	0	1	1	FALSE	TRUE
ACCGGTTTCCTCCTAT-1	MZ286197_1_ORF1	1	1	50	50	TRUE	TRUE
ACCGGTTTCCTCCTGC-1	OZ258728_1_ORF1	0	0	1	1	FALSE	FALSE
ACCGGTTTCGAGCAGC-1	MZ286188_1_ORF1	1	1	27	28	TRUE	TRUE
ACCGGTTTCGGTAAGT-1	MZ286258_1_ORF1	1	1	23	23	TRUE	TRUE
ACCGGTTTCTCCTAAG-1	MZ286197_1_ORF1	0	0	1	1	FALSE	FALSE
ACCGGTTTCTCGATCA-1	MZ286102_1_ORF2	0	0	1	1	FALSE	TRUE
ACCGTGCGTACCTAGT-1	meGFP	2	2	12	22	FALSE	TRUE
ACCGTGCGTACGTAAG-1	OZ258728_1_ORF2	1	1	24	24	TRUE	TRUE
ACCGTGCGTCGGGCTT-1	MZ286188_1_ORF1	0	0	1	1	FALSE	FALSE
ACCGTGCGTGAGGTGT-1	MZ286102_1_ORF1	0	0	1	2	FALSE	TRUE
ACCGTGCGTGATAGTG-1	meGFP	0	0	2	2	TRUE	FALSE
ACCGTGCGTGATTGCT-1	OZ258728_1_ORF2	0	0	1	1	FALSE	FALSE
ACCGTGCGTGCCTAAT-1	OP549859_1_ORF1	0	0	1	1	FALSE	TRUE
ACCGTGCGTGGGAATC-1	MZ286188_1_ORF1	1	1	33	34	TRUE	TRUE
ACCGTGCGTGGGTAGT-1	meGFP	1	1	55	56	TRUE	TRUE
ACCGTGCGTGTGGATA-1	MZ286258_1_ORF1	0	0	1	1	FALSE	TRUE
ACCGTGCGTTAGTTGC-1	MZ286197_1_ORF1	0	0	1	1	FALSE	TRUE
ACCGTGCGTTCCCAGA-1	meGFP	0	0	1	1	FALSE	FALSE
ACCGTGCGTTTGAACC-1	MZ286188_1_ORF1	1	0	5	8	TRUE	TRUE
ACCGTTATCACGGTCT-1	OZ258728_1_ORF2	1	1	62	62	TRUE	TRUE
ACCGTTATCAGTGTGG-1	OZ258728_1_ORF2	0	0	1	1	FALSE	FALSE
ACCGTTATCGCACGAA-1	OZ258728_1_ORF2	2	0	7	12	FALSE	TRUE
ACCGTTATCGCCCAAT-1	OP549859_1_ORF2	1	0	5	5	TRUE	TRUE
ACCGTTATCTCGAAGG-1	OZ258728_1_ORF1	0	0	1	1	FALSE	FALSE
ACCGTTATCTGAGTGG-1	MZ286197_1_ORF1	0	0	1	1	FALSE	TRUE
ACCGTTATCTGTCGGT-1	OZ258728_1_ORF2	0	0	1	1	FALSE	FALSE
ACCGTTGGTAGCTGAA-1	OP549859_1_ORF2	1	0	7	7	TRUE	TRUE
ACCGTTGGTATAGACG-1	MZ286188_1_ORF2	1	0	7	7	TRUE	TRUE
ACCGTTGGTCGATGAA-1	OZ258728_1_ORF2	0	0	1	1	FALSE	FALSE
ACCGTTGGTCTTACCC-1	MZ286197_1_ORF2	0	0	2	2	TRUE	TRUE
ACCGTTGGTGACCTCA-1	OZ258728_1_ORF2	1	1	69	71	TRUE	TRUE
ACCGTTGGTGATAGTG-1	MZ286102_1_ORF2	0	0	1	1	FALSE	FALSE
ACCGTTGGTGATGTCT-1	MZ286197_1_ORF2	0	0	3	3	TRUE	TRUE
ACCGTTGGTGATTGCT-1	MZ286188_1_ORF2	1	0	9	9	TRUE	TRUE
ACCGTTGGTGCGACAG-1	OZ258728_1_ORF1	0	0	1	1	FALSE	FALSE
ACCGTTGGTGGAAGCT-1	MZ286188_1_ORF2	0	0	1	2	FALSE	TRUE
ACCGTTGGTGTGGATA-1	OZ258728_1_ORF2	0	0	1	1	FALSE	FALSE
ACCTCACAGAAGCCTG-1	MZ286197_1_ORF1	0	0	3	3	TRUE	TRUE
ACCTCACAGACACGCA-1	MZ286102_1_ORF1	1	0	4	5	TRUE	TRUE
ACCTCACAGACCAGCA-1	OZ258728_1_ORF2	0	0	1	1	FALSE	FALSE
ACCTCACAGACGATAC-1	meGFP	1	1	59	59	TRUE	TRUE
ACCTCACAGATACAGC-1	meGFP	1	1	39	40	TRUE	TRUE
ACCTCACAGCAACGAT-1	OP549859_1_ORF2	0	0	2	2	TRUE	TRUE
ACCTCACAGCACCAGA-1	OZ258728_1_ORF1	0	0	1	1	FALSE	FALSE
ACCTCACAGCGCTTAC-1	OZ258728_1_ORF2	0	0	1	1	FALSE	FALSE
ACCTCACAGCGGAACC-1	MZ286102_1_ORF2	1	0	7	8	TRUE	TRUE
ACCTCACAGGAAGTAG-1	MZ286197_1_ORF1	1	1	18	18	TRUE	FALSE
ACCTCACAGGAATGAG-1	MZ286188_1_ORF1	0	0	1	1	FALSE	TRUE
ACCTCACAGGCGTGAC-1	OP549859_1_ORF1	0	0	1	1	FALSE	FALSE
ACCTCACAGGGAGACG-1	OP549859_1_ORF1	0	0	1	1	FALSE	TRUE
ACCTCACAGGTCCAGA-1	OZ258728_1_ORF2	1	1	18	18	TRUE	TRUE
ACCTCACAGTATACCT-1	OZ258728_1_ORF2	0	0	1	1	FALSE	TRUE
ACCTCACAGTTACCAT-1	OZ258728_1_ORF2	0	0	1	1	FALSE	FALSE
ACCTGGAAGACCAGCA-1	meGFP	1	1	12	12	TRUE	TRUE
ACCTGGAAGCGGATCA-1	MZ286197_1_ORF1	1	0	6	6	TRUE	TRUE
ACCTGGAAGGACATAC-1	OZ258728_1_ORF2	1	1	76	77	TRUE	TRUE
ACCTGGAAGGGTCAGC-1	OZ258728_1_ORF2	0	0	1	1	FALSE	TRUE
ACCTGGAAGTTGCAGG-1	OZ258728_1_ORF2	1	1	48	48	TRUE	TRUE
ACCTGGCGTAGCCCTA-1	OZ258728_1_ORF1	2	2	38	73	FALSE	TRUE
ACCTGGCGTAGTGGCG-1	OZ258728_1_ORF2	0	0	1	1	FALSE	TRUE
ACCTGGCGTCGCGAGA-1	MZ286258_1_ORF2	0	0	1	1	FALSE	TRUE
ACCTGGCGTCGGGACA-1	OP549859_1_ORF1	0	0	1	1	FALSE	FALSE
ACCTGGCGTGATGTAG-1	OZ258728_1_ORF2	1	1	37	38	TRUE	TRUE
ACCTGGCGTGTTGCAT-1	OP549859_1_ORF1	0	0	1	1	FALSE	TRUE
ACCTGTGGTACACTAC-1	meGFP	0	0	1	1	FALSE	TRUE
ACCTGTGGTACAGGAC-1	OZ258728_1_ORF2	0	0	1	1	FALSE	FALSE
ACCTGTGGTACAGGGT-1	OZ258728_1_ORF2	0	0	1	1	FALSE	FALSE
ACCTGTGGTATCGAGA-1	OZ258728_1_ORF1	1	0	6	6	TRUE	FALSE
ACCTGTGGTCCGCGAT-1	MZ286102_1_ORF2	1	1	13	13	TRUE	TRUE
ACCTGTGGTGCAAGCG-1	OP549859_1_ORF1	0	0	1	1	FALSE	FALSE
ACCTGTGGTGCTTAGT-1	MZ286188_1_ORF1	0	0	1	1	FALSE	FALSE
ACCTGTGGTGGGAATC-1	MZ286197_1_ORF2	0	0	3	4	TRUE	TRUE
ACCTGTGGTTAACGAG-1	MZ286258_1_ORF2	0	0	3	3	TRUE	TRUE
ACCTGTGGTTTACTTC-1	MZ286188_1_ORF1	0	0	1	1	FALSE	FALSE
ACCTGTGGTTTCAAGC-1	OP549859_1_ORF1	1	1	25	27	TRUE	TRUE
ACCTGTGGTTTGGCGC-1	OZ258728_1_ORF2	0	0	1	2	FALSE	TRUE
ACCTTACCAATAGCAT-1	MZ286197_1_ORF2	0	0	2	2	TRUE	TRUE
ACCTTACCACCTTGAT-1	OZ258728_1_ORF2	0	0	1	1	FALSE	TRUE
ACCTTACCAGAATGAA-1	OP549859_1_ORF1	1	1	98	98	TRUE	TRUE
ACCTTACCAGACACAC-1	OZ258728_1_ORF1	0	0	1	1	FALSE	FALSE
ACCTTACCAGATCCTT-1	OZ258728_1_ORF2	0	0	1	1	FALSE	FALSE
ACCTTACCAGATTAAC-1	OZ258728_1_ORF1	1	1	24	24	TRUE	TRUE
ACCTTACCAGCCAACG-1	OP549859_1_ORF2	1	1	18	19	TRUE	TRUE
ACCTTACCAGGATTGC-1	OP549859_1_ORF1	1	1	41	41	TRUE	TRUE
ACCTTACCATCGGGCA-1	MZ286102_1_ORF2	0	0	1	1	FALSE	TRUE
ACCTTACCATGAGCCG-1	OP549859_1_ORF1	0	0	1	1	FALSE	TRUE
ACCTTACCATGCATCT-1	OP549859_1_ORF1	1	1	62	62	TRUE	TRUE
ACCTTTGAGATAGACC-1	MZ286188_1_ORF2	0	0	1	1	FALSE	TRUE
ACCTTTGAGATTGGTA-1	MZ286197_1_ORF2	0	0	1	1	FALSE	TRUE
ACCTTTGAGCATTGGG-1	MZ286188_1_ORF2	0	0	2	2	TRUE	TRUE
ACCTTTGAGGAGTATC-1	OP549859_1_ORF1	0	0	1	1	FALSE	FALSE
ACCTTTGAGTTGAATG-1	MZ286102_1_ORF2	1	0	4	4	TRUE	TRUE
ACGAAACTCAAGCCAG-1	OZ258728_1_ORF2	1	1	100	102	TRUE	TRUE
ACGAAACTCACTAGGG-1	OZ258728_1_ORF2	0	0	1	1	FALSE	FALSE
ACGAAACTCCAATCAT-1	OZ258728_1_ORF2	0	0	1	1	FALSE	FALSE
ACGAAACTCCATCGCG-1	OZ258728_1_ORF2	0	0	1	1	FALSE	FALSE
ACGAAACTCCCATTGA-1	OZ258728_1_ORF2	0	0	1	1	FALSE	FALSE
ACGAAACTCCGGATGA-1	OP549859_1_ORF1	0	0	1	1	FALSE	FALSE
ACGAAACTCCTCTAAG-1	OZ258728_1_ORF2	0	0	1	2	FALSE	TRUE
ACGAAACTCGTCATGC-1	OZ258728_1_ORF2	0	0	1	1	FALSE	TRUE
ACGAAACTCGTCCATA-1	OP549859_1_ORF1	0	0	2	4	FALSE	TRUE
ACGAAACTCTAAGCAA-1	OZ258728_1_ORF2	1	1	22	22	TRUE	TRUE
ACGAAACTCTAAGCGG-1	OZ258728_1_ORF2	1	1	74	74	TRUE	TRUE
ACGAAACTCTAAGTCT-1	OZ258728_1_ORF2	0	0	1	1	FALSE	FALSE
ACGAAACTCTCCTTCG-1	OZ258728_1_ORF2	1	1	76	77	TRUE	TRUE
ACGAAACTCTCGAAGG-1	MZ286258_1_ORF2	1	1	14	14	TRUE	TRUE
ACGAAACTCTCTCACT-1	meGFP	1	0	5	5	TRUE	FALSE
ACGAAACTCTGAGTGG-1	meGFP	1	1	62	62	TRUE	TRUE
ACGAAACTCTTCGTAG-1	OP549859_1_ORF2	1	0	8	8	TRUE	TRUE
ACGAAACTCTTGGATT-1	OZ258728_1_ORF2	0	0	1	1	FALSE	TRUE
ACGAACGTCATTAACC-1	OZ258728_1_ORF2	0	0	1	1	FALSE	FALSE
ACGAACGTCCAGAGGC-1	OZ258728_1_ORF2	0	0	1	1	FALSE	TRUE
ACGAACGTCCTGATAT-1	OZ258728_1_ORF2	0	0	1	2	FALSE	TRUE
ACGAACGTCGATGGAT-1	MZ286188_1_ORF1	1	1	61	61	TRUE	TRUE
ACGAACGTCGATTCAT-1	MZ286197_1_ORF1	1	1	22	22	TRUE	TRUE
ACGAACGTCGCTTGAC-1	MZ286188_1_ORF1	0	0	1	1	FALSE	TRUE
ACGAACGTCGGCCATT-1	OZ258728_1_ORF2	0	0	1	1	FALSE	FALSE
ACGAACGTCTGCCTGG-1	OP549859_1_ORF1	1	1	24	24	TRUE	TRUE
ACGAACGTCTGGATGG-1	OZ258728_1_ORF2	1	1	47	47	TRUE	TRUE
ACGAACGTCTGTATGT-1	OZ258728_1_ORF2	1	1	125	125	TRUE	TRUE
ACGAACGTCTGTCGGT-1	OZ258728_1_ORF1	1	0	7	8	TRUE	TRUE
ACGAAGGCAACGGACT-1	MZ286258_1_ORF2	1	0	6	6	TRUE	TRUE
ACGAAGGCAAGGTGCT-1	MZ286102_1_ORF2	0	0	1	1	FALSE	FALSE
ACGAAGGCAATACCCT-1	MZ286197_1_ORF1	2	1	14	22	FALSE	TRUE
ACGAAGGCAATGGCTA-1	OP549859_1_ORF1	0	0	1	1	FALSE	FALSE
ACGAAGGCACGATGTA-1	OZ258728_1_ORF2	0	0	1	1	FALSE	FALSE
ACGAAGGCACTACCCA-1	meGFP	1	1	38	38	TRUE	TRUE
ACGAAGGCAGCCCTGT-1	MZ286197_1_ORF2	0	0	3	3	TRUE	TRUE
ACGAAGGCAGCTCAGG-1	meGFP	0	0	2	2	TRUE	TRUE
ACGAAGGCAGGTCGAT-1	OZ258728_1_ORF2	0	0	1	1	FALSE	TRUE
ACGAAGGCATGAAGGG-1	OP549859_1_ORF2	0	0	3	3	TRUE	TRUE
ACGAAGGCATTAGGGC-1	OP549859_1_ORF2	0	0	1	1	FALSE	TRUE
ACGAATATCATTGCCA-1	MZ286102_1_ORF1	1	1	18	18	TRUE	TRUE
ACGAATATCCAACCTA-1	MZ286102_1_ORF2	0	0	1	2	FALSE	TRUE
ACGAATATCCACGCAT-1	OP549859_1_ORF2	1	0	9	10	TRUE	TRUE
ACGAATATCCATTAGT-1	MZ286102_1_ORF2	0	0	1	1	FALSE	TRUE
ACGAATATCGCCCAAT-1	meGFP	1	1	12	12	TRUE	TRUE
ACGAATATCTCTATGG-1	meGFP	0	0	1	1	FALSE	FALSE
ACGAATATCTGAGTCC-1	MZ286102_1_ORF2	1	0	5	5	TRUE	TRUE
ACGACAAGTAACTGAG-1	MZ286197_1_ORF2	0	0	3	4	TRUE	TRUE
ACGACAAGTACCGACC-1	MZ286102_1_ORF2	0	0	1	1	FALSE	FALSE
ACGACAAGTAGGTAGC-1	MZ286258_1_ORF2	1	0	5	8	TRUE	TRUE
ACGACAAGTCACTCCT-1	MZ286102_1_ORF2	0	0	1	3	FALSE	TRUE
ACGACAAGTCCCGAAC-1	OZ258728_1_ORF1	0	0	1	1	FALSE	TRUE
ACGACAAGTGCGCATC-1	OZ258728_1_ORF1	1	1	49	49	TRUE	TRUE
ACGACAAGTGCTGACC-1	meGFP	0	0	1	1	FALSE	TRUE
ACGACAAGTTACGTTA-1	OP549859_1_ORF2	1	1	19	21	TRUE	TRUE
ACGACACCAAAGCCCG-1	MZ286258_1_ORF2	1	0	6	6	TRUE	TRUE
ACGACACCAAGATGAA-1	MZ286197_1_ORF1	1	1	52	52	TRUE	TRUE
ACGACACCACCACAGG-1	MZ286258_1_ORF2	0	0	1	1	FALSE	TRUE
ACGACACCACCATAGA-1	MZ286102_1_ORF2	0	0	1	1	FALSE	FALSE
ACGACACCACTCGCTA-1	MZ286258_1_ORF1	1	1	34	35	TRUE	TRUE
ACGACACCAGGAAGTG-1	meGFP	1	1	36	37	TRUE	TRUE
ACGACACCAGTGTCCC-1	MZ286197_1_ORF1	1	1	31	33	TRUE	TRUE
ACGACACCATAACGAT-1	OZ258728_1_ORF2	1	1	36	36	TRUE	TRUE
ACGACACCATCCAGCC-1	meGFP	0	0	3	3	TRUE	TRUE
ACGACACCATGGACGT-1	MZ286102_1_ORF1	0	0	2	2	TRUE	TRUE
ACGACACCATGGCCTC-1	OZ258728_1_ORF2	0	0	1	1	FALSE	FALSE
ACGACCTTCCACCAGT-1	OZ258728_1_ORF1	1	1	25	26	TRUE	TRUE
ACGACCTTCCCCGACA-1	OP549859_1_ORF1	0	0	1	1	FALSE	TRUE
ACGACCTTCCTCTCCA-1	MZ286188_1_ORF2	0	0	1	1	FALSE	TRUE
ACGACCTTCGCAAGGC-1	MZ286102_1_ORF2	1	1	10	10	TRUE	TRUE
ACGACCTTCGCTATGC-1	MZ286102_1_ORF1	0	0	1	1	FALSE	TRUE
ACGACCTTCGGTATGG-1	meGFP	1	1	29	30	TRUE	TRUE
ACGACCTTCTCAGTGC-1	OZ258728_1_ORF1	0	0	1	1	FALSE	FALSE
ACGACCTTCTGCATCA-1	OZ258728_1_ORF2	1	1	58	58	TRUE	TRUE
ACGACCTTCTTCGGCG-1	meGFP	1	1	19	20	TRUE	TRUE
ACGACTGAGAAGGATG-1	OP549859_1_ORF2	1	0	5	5	TRUE	TRUE
ACGACTGAGCACGTTC-1	OZ258728_1_ORF2	1	0	4	4	TRUE	TRUE
ACGACTGAGCATCCGT-1	OP549859_1_ORF1	0	0	1	1	FALSE	FALSE
ACGACTGAGCCCTGCA-1	OZ258728_1_ORF1	1	1	12	12	TRUE	TRUE
ACGACTGAGCGCTAGA-1	OZ258728_1_ORF2	0	0	1	1	FALSE	FALSE
ACGACTGAGGACGTTG-1	OZ258728_1_ORF2	0	0	1	1	FALSE	FALSE
ACGACTGAGGGAGACG-1	OP549859_1_ORF1	0	0	1	1	FALSE	FALSE
ACGACTGAGGTAGACT-1	OZ258728_1_ORF2	1	1	27	27	TRUE	TRUE
ACGACTGAGTAGTGTA-1	MZ286102_1_ORF2	1	0	5	7	TRUE	TRUE
ACGACTGAGTGGAGCC-1	MZ286258_1_ORF1	1	0	4	5	TRUE	TRUE
ACGAGGACAAACGGCT-1	meGFP	1	1	31	34	TRUE	TRUE
ACGAGGACAAATCAGT-1	MZ286258_1_ORF2	0	0	3	6	FALSE	TRUE
ACGAGGACAATTCGGA-1	MZ286258_1_ORF1	1	1	54	54	TRUE	TRUE
ACGAGGACACCGTACC-1	OZ258728_1_ORF1	0	0	1	1	FALSE	FALSE
ACGAGGACACGGATCG-1	meGFP	0	0	1	1	FALSE	FALSE
ACGAGGACACTAATGG-1	MZ286188_1_ORF1	0	0	1	1	FALSE	FALSE
ACGAGGACAGCCGATG-1	meGFP	0	0	1	1	FALSE	FALSE
ACGAGGACATAATCCC-1	OZ258728_1_ORF1	0	0	1	2	FALSE	TRUE
ACGAGGACATCGGGCA-1	OP549859_1_ORF2	0	0	3	4	TRUE	TRUE
ACGAGGACATGCCCTA-1	OZ258728_1_ORF2	1	0	7	8	TRUE	TRUE
ACGAGGACATGGAGCT-1	meGFP	0	0	1	1	FALSE	FALSE
ACGAGGACATTCATTG-1	MZ286102_1_ORF2	0	0	1	1	FALSE	TRUE
ACGAGGGAGAATGGAG-1	meGFP	0	0	1	1	FALSE	FALSE
ACGAGGGAGACGCCTT-1	meGFP	0	0	3	5	FALSE	TRUE
ACGAGGGAGATATCCT-1	OP549859_1_ORF1	0	0	2	2	TRUE	TRUE
ACGAGGGAGCCGTGAA-1	MZ286197_1_ORF1	0	0	1	1	FALSE	FALSE
ACGAGGGAGCCTTGCG-1	MZ286197_1_ORF1	1	1	15	16	TRUE	TRUE
ACGAGGGAGCGGATTG-1	MZ286197_1_ORF1	1	1	15	15	TRUE	TRUE
ACGAGGGAGCGGTAGC-1	OP549859_1_ORF2	1	1	13	13	TRUE	TRUE
ACGATACAGAAGTGAG-1	OP549859_1_ORF1	1	1	44	44	TRUE	TRUE
ACGATACAGCAAGTAC-1	meGFP	1	1	41	43	TRUE	TRUE
ACGATACAGCGTTCGT-1	OZ258728_1_ORF2	1	1	73	73	TRUE	TRUE
ACGATACAGGAGGAGT-1	MZ286188_1_ORF2	1	0	4	4	TRUE	TRUE
ACGATACAGGCTTCAC-1	OZ258728_1_ORF2	0	0	1	1	FALSE	FALSE
ACGATACAGGTCGTCT-1	OZ258728_1_ORF1	0	0	1	1	FALSE	FALSE
ACGATATCAACAGACC-1	MZ286197_1_ORF2	1	0	7	7	TRUE	TRUE
ACGATATCAAGACCGT-1	OP549859_1_ORF1	1	1	29	29	TRUE	TRUE
ACGATATCAAGCGCCA-1	OZ258728_1_ORF2	1	1	73	73	TRUE	TRUE
ACGATATCAAGGCAAG-1	OZ258728_1_ORF2	0	0	1	1	FALSE	TRUE
ACGATATCAGCAAGTC-1	MZ286197_1_ORF2	1	0	4	6	TRUE	TRUE
ACGATATCAGTACCTT-1	meGFP	0	0	1	1	FALSE	FALSE
ACGATATCATCAGTCT-1	OZ258728_1_ORF2	1	1	36	36	TRUE	TRUE
ACGATATCATGACGGT-1	OZ258728_1_ORF2	0	0	1	2	FALSE	TRUE
ACGATATCATGGCCTC-1	OZ258728_1_ORF2	0	0	1	1	FALSE	FALSE
ACGATATCATTGGACA-1	MZ286197_1_ORF2	0	0	1	1	FALSE	FALSE
ACGATCGAGAGGCATT-1	meGFP	0	0	1	1	FALSE	FALSE
ACGATCGAGATGGTGT-1	OZ258728_1_ORF1	0	0	1	1	FALSE	FALSE
ACGATCGAGCCTTCCC-1	OZ258728_1_ORF2	0	0	1	1	FALSE	TRUE
ACGATCGAGCGACGGT-1	MZ286102_1_ORF2	1	1	10	10	TRUE	TRUE
ACGATCGAGCGGGAAG-1	MZ286258_1_ORF1	0	0	1	1	FALSE	TRUE
ACGATCGAGGCGAACC-1	OP549859_1_ORF1	1	1	38	39	TRUE	TRUE
ACGATCGAGGGTCAGC-1	MZ286102_1_ORF2	0	0	1	1	FALSE	FALSE
ACGATCGAGTCGCTCG-1	meGFP	1	1	68	68	TRUE	TRUE
ACGATCGAGTGATAGC-1	OZ258728_1_ORF1	0	0	1	4	FALSE	TRUE
ACGATCGAGTGGAGCC-1	OZ258728_1_ORF2	1	1	50	50	TRUE	TRUE
ACGATTGCAAATGACT-1	OP549859_1_ORF1	0	0	1	2	FALSE	TRUE
ACGATTGCAAGCCATA-1	MZ286102_1_ORF1	0	0	1	1	FALSE	TRUE
ACGATTGCAATAGAGA-1	OP549859_1_ORF2	0	0	1	2	FALSE	TRUE
ACGATTGCACACAGCG-1	OZ258728_1_ORF2	0	0	1	1	FALSE	FALSE
ACGATTGCACCCATTG-1	MZ286258_1_ORF2	1	0	7	8	TRUE	TRUE
ACGATTGCACGATGTA-1	OZ258728_1_ORF2	0	0	1	1	FALSE	FALSE
ACGATTGCAGATAGGG-1	meGFP	0	0	1	1	FALSE	TRUE
ACGATTGCAGCTTGCC-1	MZ286258_1_ORF1	0	0	1	2	FALSE	TRUE
ACGATTGCAGTTCGTT-1	OZ258728_1_ORF1	1	0	5	5	TRUE	TRUE
ACGATTGCATGCTCGC-1	meGFP	1	1	29	29	TRUE	TRUE
ACGATTGCATGGTCCC-1	OZ258728_1_ORF1	1	0	7	7	TRUE	TRUE
ACGATTGCATTCACAC-1	MZ286188_1_ORF2	0	0	3	3	TRUE	TRUE
ACGATTGCATTGGACA-1	OZ258728_1_ORF2	0	0	3	6	FALSE	TRUE
ACGCAAGTCTATACCG-1	OZ258728_1_ORF1	1	1	21	22	TRUE	TRUE
ACGCAAGTCTCTATGG-1	meGFP	0	0	1	1	FALSE	TRUE
ACGCAAGTCTGGGTAG-1	MZ286197_1_ORF2	0	0	3	3	TRUE	TRUE
ACGCAAGTCTTCGTAG-1	OZ258728_1_ORF2	0	0	1	2	FALSE	TRUE
ACGCAAGTCTTGAATC-1	MZ286197_1_ORF1	0	0	1	1	FALSE	TRUE
ACGCATTGTGATTGCT-1	meGFP	0	0	1	1	FALSE	FALSE
ACGCATTGTTAGTTGC-1	MZ286258_1_ORF1	1	0	4	5	TRUE	TRUE
ACGCATTGTTCGGTTG-1	MZ286197_1_ORF1	1	0	5	5	TRUE	TRUE
ACGCATTGTTTAGCAC-1	MZ286188_1_ORF1	0	0	1	1	FALSE	TRUE
ACGCCATTCACAGGCA-1	OP549859_1_ORF2	1	0	4	5	TRUE	TRUE
ACGCCATTCCCATCGG-1	meGFP	2	2	28	51	FALSE	TRUE
ACGCCATTCCGCGCTA-1	MZ286258_1_ORF2	1	1	47	47	TRUE	TRUE
ACGCCATTCCTACTTC-1	MZ286102_1_ORF2	1	0	6	6	TRUE	TRUE
ACGCCATTCGACTCTA-1	MZ286102_1_ORF1	1	1	12	13	TRUE	TRUE
ACGCCATTCGATCGCT-1	MZ286258_1_ORF2	0	0	1	1	FALSE	FALSE
ACGCCATTCGCAGGGT-1	OP549859_1_ORF1	0	0	1	1	FALSE	TRUE
ACGCCATTCGCGCTCA-1	MZ286258_1_ORF2	0	0	1	1	FALSE	FALSE
ACGCCATTCGCTTAAT-1	MZ286197_1_ORF2	0	0	2	4	FALSE	TRUE
ACGCCATTCGTCCATA-1	MZ286102_1_ORF2	1	0	5	6	TRUE	TRUE
ACGCCATTCTCAGTGC-1	MZ286188_1_ORF1	0	0	1	1	FALSE	TRUE
ACGCCATTCTCGAGCT-1	OZ258728_1_ORF2	1	1	52	52	TRUE	TRUE
ACGCCATTCTTCGCAA-1	OP549859_1_ORF1	0	0	1	1	FALSE	TRUE
ACGCCCATCAACCTTG-1	MZ286102_1_ORF2	0	0	1	1	FALSE	TRUE
ACGCCCATCAATCACT-1	OZ258728_1_ORF2	1	0	7	8	TRUE	TRUE
ACGCCCATCCCAGTAC-1	OZ258728_1_ORF1	1	0	6	6	TRUE	TRUE
ACGCCCATCGTGAAGT-1	OZ258728_1_ORF2	1	1	36	37	TRUE	TRUE
ACGCCCATCTAATTGC-1	OP549859_1_ORF2	0	0	1	1	FALSE	FALSE
ACGCCCATCTCCTTCG-1	meGFP	0	0	3	3	TRUE	TRUE
ACGCCCATCTGGCTTA-1	OZ258728_1_ORF2	1	1	83	83	TRUE	TRUE
ACGCCTAGTAACGATG-1	meGFP	0	0	3	3	TRUE	TRUE
ACGCCTAGTACCCAGC-1	MZ286258_1_ORF1	0	0	1	1	FALSE	TRUE
ACGCCTAGTATCTGGT-1	OZ258728_1_ORF2	0	0	2	3	FALSE	TRUE
ACGCCTAGTCTGTAAC-1	OZ258728_1_ORF2	1	0	8	8	TRUE	TRUE
ACGCCTAGTGCAACCC-1	OP549859_1_ORF1	0	0	1	1	FALSE	FALSE
ACGCCTAGTGCTTAGT-1	MZ286102_1_ORF2	0	0	1	1	FALSE	FALSE
ACGCCTAGTTACGCCA-1	meGFP	0	0	1	1	FALSE	FALSE
ACGCCTAGTTGCGGAG-1	OZ258728_1_ORF2	0	0	1	1	FALSE	TRUE
ACGCCTAGTTGTCCTC-1	MZ286188_1_ORF1	0	0	1	1	FALSE	TRUE
ACGCCTAGTTTAATCG-1	MZ286188_1_ORF2	1	0	4	4	TRUE	TRUE
ACGCCTAGTTTCAAGC-1	MZ286197_1_ORF1	0	0	1	1	FALSE	TRUE
ACGCGCACAAAGGCGA-1	OZ258728_1_ORF2	0	0	1	1	FALSE	TRUE
ACGCGCACAAATGCGC-1	OZ258728_1_ORF2	0	0	1	1	FALSE	TRUE
ACGCGCACAATAGAGA-1	OZ258728_1_ORF2	1	0	8	8	TRUE	TRUE
ACGCGCACACGCGAAT-1	MZ286197_1_ORF1	0	0	1	1	FALSE	TRUE
ACGCGCACACTTGCTG-1	OZ258728_1_ORF1	0	0	1	1	FALSE	TRUE
ACGCGCACAGAACGGA-1	OZ258728_1_ORF1	0	0	1	1	FALSE	FALSE
ACGCGCACAGATCCTT-1	OP549859_1_ORF1	0	0	1	1	FALSE	TRUE
ACGCGCACAGTACCTT-1	MZ286258_1_ORF1	0	0	1	1	FALSE	TRUE
ACGCGCACATAGTAAC-1	MZ286102_1_ORF2	0	0	1	1	FALSE	TRUE
ACGCGCACATTCACAC-1	OP549859_1_ORF1	0	0	1	1	FALSE	TRUE
ACGCGCCTCATCCGGT-1	OP549859_1_ORF1	1	1	35	36	TRUE	TRUE
ACGCGCCTCCAGACTC-1	OP549859_1_ORF1	0	0	1	1	FALSE	TRUE
ACGCGCCTCCCCGTGA-1	OZ258728_1_ORF2	1	0	7	7	TRUE	TRUE
ACGCGCCTCCCGTTGG-1	OZ258728_1_ORF2	1	1	21	22	TRUE	TRUE
ACGCGCCTCCGGATGA-1	OP549859_1_ORF1	0	0	1	1	FALSE	FALSE
ACGCGCCTCGAGTTGG-1	OZ258728_1_ORF1	1	1	31	31	TRUE	TRUE
ACGCGCCTCTCAGTGC-1	OP549859_1_ORF2	0	0	1	1	FALSE	FALSE
ACGCGCCTCTGCATCA-1	meGFP	0	0	1	1	FALSE	FALSE
ACGCGCCTCTGCCATA-1	MZ286197_1_ORF1	0	0	1	1	FALSE	FALSE
ACGCGCTGTAAGCGGT-1	OZ258728_1_ORF2	1	1	17	17	TRUE	TRUE
ACGCGCTGTACGTAAG-1	OZ258728_1_ORF2	0	0	1	1	FALSE	FALSE
ACGCGCTGTCCATTAA-1	meGFP	0	0	1	1	FALSE	TRUE
ACGCGCTGTCTAATCA-1	OP549859_1_ORF1	0	0	3	10	FALSE	TRUE
ACGCGCTGTCTTGGGC-1	OZ258728_1_ORF1	0	0	1	1	FALSE	FALSE
ACGCGCTGTGATGTAG-1	MZ286102_1_ORF2	0	0	1	3	FALSE	TRUE
ACGCGCTGTGATTACC-1	MZ286102_1_ORF2	1	0	9	10	TRUE	TRUE
ACGCGCTGTGCGCGTT-1	MZ286188_1_ORF1	1	1	16	17	TRUE	TRUE
ACGCGCTGTGTTGCAT-1	MZ286102_1_ORF2	1	1	21	24	TRUE	TRUE
ACGCGCTGTTTAGGCT-1	MZ286102_1_ORF2	1	1	11	11	TRUE	TRUE
ACGCGTGCAACCCGTC-1	OZ258728_1_ORF2	0	0	1	1	FALSE	FALSE
ACGCGTGCACCGGACA-1	MZ286102_1_ORF1	1	1	20	22	TRUE	TRUE
ACGCGTGCACGAACCG-1	OZ258728_1_ORF2	1	1	32	32	TRUE	TRUE
ACGCGTGCACTGAGGT-1	MZ286197_1_ORF2	1	1	10	10	TRUE	TRUE
ACGCGTGCACTTGCTG-1	MZ286102_1_ORF2	0	0	1	1	FALSE	TRUE
ACGCGTGCAGACATTG-1	OZ258728_1_ORF1	0	0	1	1	FALSE	FALSE
ACGCGTGCAGGGTCTG-1	OP549859_1_ORF2	0	0	2	2	TRUE	TRUE
ACGCGTGCATACTGAG-1	MZ286102_1_ORF2	0	0	2	2	TRUE	TRUE
ACGCGTGCATGCAATG-1	OZ258728_1_ORF2	0	0	1	1	FALSE	TRUE
ACGCGTTTCACCACGT-1	OP549859_1_ORF2	0	0	1	1	FALSE	FALSE
ACGCGTTTCCCGCAAT-1	MZ286102_1_ORF2	0	0	1	1	FALSE	FALSE
ACGCGTTTCCGACTAC-1	OZ258728_1_ORF1	0	0	1	2	FALSE	TRUE
ACGCGTTTCCTACTTC-1	meGFP	0	0	1	1	FALSE	TRUE
ACGCGTTTCGCCCTGA-1	MZ286102_1_ORF2	1	1	10	11	TRUE	TRUE
ACGCGTTTCGTGCTAC-1	MZ286258_1_ORF1	0	0	1	1	FALSE	TRUE
ACGCGTTTCTGGATGG-1	OZ258728_1_ORF1	1	0	8	9	TRUE	TRUE
ACGCGTTTCTTGAATC-1	MZ286188_1_ORF2	1	0	7	7	TRUE	TRUE
ACGCTATGTACCTCGA-1	MZ286102_1_ORF2	0	0	1	1	FALSE	TRUE
ACGCTATGTAGGCTCC-1	MZ286197_1_ORF2	0	0	3	4	TRUE	TRUE
ACGCTATGTATTGCGT-1	MZ286102_1_ORF1	0	0	1	4	FALSE	FALSE
ACGCTATGTATTGGCT-1	OZ258728_1_ORF2	0	0	1	1	FALSE	FALSE
ACGCTATGTCAAGTTC-1	MZ286197_1_ORF2	0	0	1	1	FALSE	TRUE
ACGCTATGTCATACTA-1	MZ286188_1_ORF1	0	0	1	1	FALSE	FALSE
ACGCTATGTCGTTGGC-1	MZ286102_1_ORF1	0	0	1	1	FALSE	FALSE
ACGCTATGTGCCCGAT-1	MZ286102_1_ORF1	1	1	55	55	TRUE	TRUE
ACGCTATGTGCGACAG-1	MZ286188_1_ORF2	0	0	3	3	TRUE	TRUE
ACGCTATGTGGAACCG-1	OZ258728_1_ORF2	0	0	1	1	FALSE	TRUE
ACGCTATGTTTACCAA-1	meGFP	1	1	66	67	TRUE	TRUE
ACGCTTGGTATCTCAA-1	OP549859_1_ORF1	1	0	4	4	TRUE	TRUE
ACGCTTGGTATTGGCT-1	OZ258728_1_ORF2	1	1	28	30	TRUE	TRUE
ACGCTTGGTATTGGGA-1	OP549859_1_ORF1	1	1	33	33	TRUE	TRUE
ACGCTTGGTCACCAGC-1	OP549859_1_ORF2	1	0	5	5	TRUE	TRUE
ACGCTTGGTCACTCCT-1	OZ258728_1_ORF2	0	0	1	1	FALSE	TRUE
ACGCTTGGTCGAAGGT-1	OP549859_1_ORF2	1	1	11	11	TRUE	TRUE
ACGCTTGGTGCCGGAA-1	OP549859_1_ORF1	0	0	1	1	FALSE	FALSE
ACGCTTGGTTGCCTTC-1	MZ286197_1_ORF2	1	0	5	8	TRUE	TRUE
ACGCTTGGTTGGACCC-1	MZ286102_1_ORF2	1	0	4	5	TRUE	TRUE
ACGCTTGGTTTAGGAG-1	meGFP	0	0	1	1	FALSE	TRUE
ACGCTTGGTTTCGGGC-1	MZ286197_1_ORF2	0	0	3	3	TRUE	TRUE
ACGCTTTCAAGGGTAG-1	OZ258728_1_ORF2	0	0	1	1	FALSE	FALSE
ACGCTTTCAATAGAGA-1	OZ258728_1_ORF2	1	1	28	28	TRUE	TRUE
ACGCTTTCACCATTAC-1	MZ286258_1_ORF2	1	1	14	15	TRUE	TRUE
ACGCTTTCACGCCATC-1	meGFP	0	0	1	1	FALSE	FALSE
ACGCTTTCACGTATAG-1	OP549859_1_ORF1	0	0	1	1	FALSE	TRUE
ACGCTTTCACGTGAAC-1	meGFP	1	1	16	16	TRUE	TRUE
ACGCTTTCAGAATGAA-1	meGFP	0	0	2	2	TRUE	TRUE
ACGCTTTCAGCTTAGA-1	MZ286197_1_ORF1	0	0	1	1	FALSE	FALSE
ACGCTTTCATAACCTC-1	OP549859_1_ORF1	0	0	1	1	FALSE	TRUE
ACGCTTTCATAGCGCG-1	OZ258728_1_ORF2	0	0	1	2	FALSE	TRUE
ACGCTTTCATGCTCGC-1	meGFP	0	0	1	1	FALSE	FALSE
ACGGACATCCAAGTCC-1	meGFP	1	1	25	28	TRUE	TRUE
ACGGACATCCGAACGA-1	OP549859_1_ORF1	1	1	47	47	TRUE	TRUE
ACGGACATCCTCTAAG-1	OZ258728_1_ORF1	0	0	1	1	FALSE	FALSE
ACGGACATCGAGGTCA-1	MZ286197_1_ORF1	1	1	43	43	TRUE	TRUE
ACGGACATCGGATATA-1	OZ258728_1_ORF2	0	0	1	1	FALSE	TRUE
ACGGACATCTCAGTGC-1	MZ286102_1_ORF2	1	1	10	10	TRUE	TRUE
ACGGACATCTTCGTCT-1	OZ258728_1_ORF2	0	0	1	1	FALSE	FALSE
ACGGACCAGAACGGCC-1	MZ286197_1_ORF2	1	0	6	8	TRUE	TRUE
ACGGACCAGAATCGTA-1	MZ286258_1_ORF2	1	1	11	11	TRUE	TRUE
ACGGACCAGACACTAA-1	OP549859_1_ORF2	0	0	1	1	FALSE	TRUE
ACGGACCAGACCGATG-1	MZ286197_1_ORF1	0	0	1	2	FALSE	TRUE
ACGGACCAGAGGAAGC-1	MZ286188_1_ORF1	1	1	75	75	TRUE	TRUE
ACGGACCAGAGGTCTG-1	meGFP	0	0	1	1	FALSE	FALSE
ACGGACCAGATATCCT-1	OP549859_1_ORF2	1	0	4	6	TRUE	TRUE
ACGGACCAGATTGGTA-1	MZ286258_1_ORF2	1	1	14	17	TRUE	TRUE
ACGGACCAGCACCAGA-1	OZ258728_1_ORF2	0	0	1	1	FALSE	FALSE
ACGGACCAGGCGGTGT-1	OZ258728_1_ORF1	0	0	1	1	FALSE	FALSE
ACGGACCAGGCGTGAC-1	OP549859_1_ORF2	0	0	1	1	FALSE	FALSE
ACGGACCAGTAGCTCC-1	MZ286102_1_ORF2	0	0	1	1	FALSE	TRUE
ACGGACCAGTGAGAGA-1	MZ286258_1_ORF2	0	0	1	2	FALSE	TRUE
ACGGACCAGTGGGTTG-1	MZ286188_1_ORF2	1	1	10	10	TRUE	TRUE
ACGGACCAGTTAACCT-1	MZ286258_1_ORF1	1	1	86	87	TRUE	TRUE
ACGGCCACAAAGTTAC-1	OZ258728_1_ORF2	2	2	114	138	TRUE	TRUE
ACGGCCACAAATCCGA-1	OP549859_1_ORF2	1	0	8	9	TRUE	TRUE
ACGGCCACAACGTGCG-1	MZ286258_1_ORF1	1	1	12	13	TRUE	TRUE
ACGGCCACAATGTAAC-1	OP549859_1_ORF2	0	0	2	2	TRUE	TRUE
ACGGCCACACAGTTAG-1	MZ286258_1_ORF2	1	0	4	4	TRUE	TRUE
ACGGCCACACGATGTA-1	OZ258728_1_ORF2	0	0	1	1	FALSE	FALSE
ACGGCCACACGGCTCT-1	meGFP	0	0	1	1	FALSE	FALSE
ACGGCCACACGGGTAT-1	MZ286102_1_ORF2	0	0	1	1	FALSE	FALSE
ACGGCCACACGTTAAG-1	OZ258728_1_ORF2	0	0	1	1	FALSE	FALSE
ACGGCCACACTCACGC-1	OP549859_1_ORF1	1	1	17	17	TRUE	TRUE
ACGGCCACAGCCAACG-1	MZ286197_1_ORF1	0	0	1	1	FALSE	TRUE
ACGGCCACAGGTCTAA-1	OZ258728_1_ORF2	0	0	1	2	FALSE	TRUE
ACGGCCACAGGTCTCC-1	meGFP	0	0	1	1	FALSE	FALSE
ACGGCCACATAGACCA-1	MZ286188_1_ORF1	1	1	62	63	TRUE	TRUE
ACGGCCACATCCACAT-1	meGFP	0	0	1	1	FALSE	TRUE
ACGGCCACATCCGCAC-1	OP549859_1_ORF1	1	0	4	5	TRUE	TRUE
ACGGCCACATGCAATG-1	MZ286197_1_ORF2	1	0	7	7	TRUE	TRUE
ACGGCCACATGCAGGT-1	OZ258728_1_ORF2	0	0	2	3	FALSE	TRUE
ACGGCCACATTAACGG-1	MZ286102_1_ORF2	1	1	18	18	TRUE	TRUE
ACGGCCCTCAGGATGT-1	MZ286197_1_ORF1	1	1	12	13	TRUE	TRUE
ACGGCCCTCCACCTGG-1	MZ286197_1_ORF2	0	0	2	2	TRUE	TRUE
ACGGCCCTCCGAACGA-1	meGFP	1	1	20	21	TRUE	TRUE
ACGGCCCTCCGTGGAA-1	OZ258728_1_ORF2	1	1	22	25	TRUE	TRUE
ACGGCCCTCGGCCATT-1	OZ258728_1_ORF2	0	0	1	1	FALSE	FALSE
ACGGCCCTCTAAGTCT-1	OP549859_1_ORF1	0	0	1	1	FALSE	TRUE
ACGGCCCTCTAGCTTG-1	OP549859_1_ORF2	0	0	1	1	FALSE	TRUE
ACGGCTGCAACTTCGT-1	MZ286258_1_ORF2	0	0	2	2	TRUE	TRUE
ACGGCTGCACGATTGA-1	OZ258728_1_ORF2	0	0	1	1	FALSE	TRUE
ACGGCTGCACGTATAG-1	OP549859_1_ORF1	1	0	8	8	TRUE	TRUE
ACGGCTGCATCGCTCA-1	MZ286258_1_ORF2	0	0	1	1	FALSE	TRUE
ACGGCTGCATCTATCA-1	OZ258728_1_ORF2	1	1	48	48	TRUE	TRUE
ACGGCTGCATGAGGAG-1	OZ258728_1_ORF2	0	0	1	1	FALSE	FALSE
ACGGCTGCATTGAAGT-1	MZ286102_1_ORF2	0	0	1	1	FALSE	FALSE
ACGGCTGCATTGCCCA-1	OZ258728_1_ORF2	0	0	1	1	FALSE	FALSE
ACGGCTTTCAATTACC-1	OP549859_1_ORF2	0	0	3	4	TRUE	TRUE
ACGGCTTTCACACACC-1	MZ286258_1_ORF2	1	1	20	21	TRUE	TRUE
ACGGCTTTCACCGCAT-1	OZ258728_1_ORF2	0	0	1	1	FALSE	TRUE
ACGGCTTTCACTAGGG-1	meGFP	0	0	1	1	FALSE	TRUE
ACGGCTTTCAGGCTAG-1	OP549859_1_ORF1	0	0	3	3	TRUE	TRUE
ACGGCTTTCATATGTC-1	meGFP	1	0	5	5	TRUE	TRUE
ACGGCTTTCCAGCGAA-1	OZ258728_1_ORF2	0	0	1	1	FALSE	FALSE
ACGGCTTTCCCAACCG-1	OP549859_1_ORF2	2	0	8	14	FALSE	TRUE
ACGGCTTTCCCGCAAT-1	OZ258728_1_ORF1	0	0	1	1	FALSE	TRUE
ACGGCTTTCCGACTAC-1	OZ258728_1_ORF2	0	0	1	1	FALSE	FALSE
ACGGCTTTCCGCATGT-1	OP549859_1_ORF1	1	1	10	10	TRUE	TRUE
ACGGCTTTCCGTGGAA-1	OP549859_1_ORF2	0	0	1	1	FALSE	FALSE
ACGGCTTTCCTCTGGG-1	OP549859_1_ORF1	0	0	1	1	FALSE	FALSE
ACGGCTTTCCTGATAT-1	OP549859_1_ORF1	0	0	1	1	FALSE	FALSE
ACGGCTTTCGAGTGAT-1	OZ258728_1_ORF2	1	1	16	16	TRUE	TRUE
ACGGCTTTCGCACGAA-1	OZ258728_1_ORF2	1	1	70	71	TRUE	TRUE
ACGGCTTTCTATACCG-1	MZ286258_1_ORF1	0	0	3	8	FALSE	TRUE
ACGGCTTTCTCGCTCC-1	OP549859_1_ORF2	0	0	1	1	FALSE	FALSE
ACGGCTTTCTGATAGA-1	OZ258728_1_ORF2	0	0	1	1	FALSE	TRUE
ACGGCTTTCTGGTTGC-1	meGFP	1	1	122	122	TRUE	TRUE
ACGGGGAAGACTTACT-1	OZ258728_1_ORF2	0	0	1	1	FALSE	FALSE
ACGGGGAAGAGCCAAT-1	MZ286197_1_ORF1	0	0	2	2	TRUE	TRUE
ACGGGGAAGCCACAGA-1	OZ258728_1_ORF2	0	0	1	1	FALSE	FALSE
ACGGGGAAGCCTGTGT-1	OZ258728_1_ORF2	0	0	1	1	FALSE	TRUE
ACGGGGAAGCTTACGC-1	MZ286102_1_ORF2	0	0	1	1	FALSE	TRUE
ACGGGGAAGCTTGAGG-1	OZ258728_1_ORF2	2	1	13	21	FALSE	TRUE
ACGGGGAAGGATTACA-1	meGFP	0	0	1	1	FALSE	FALSE
ACGGGGAAGGGATGAA-1	OZ258728_1_ORF2	1	1	23	25	TRUE	TRUE
ACGGGGAAGGGCAACC-1	MZ286258_1_ORF2	0	0	3	4	TRUE	TRUE
ACGGGGAAGGGTTGCA-1	OZ258728_1_ORF2	0	0	1	1	FALSE	FALSE
ACGGGGAAGTTACCAT-1	OZ258728_1_ORF2	0	0	1	1	FALSE	FALSE
ACGGGGAAGTTGCACC-1	meGFP	1	1	38	38	TRUE	TRUE
ACGTAAGGTACGTTCG-1	meGFP	1	1	82	83	TRUE	TRUE
ACGTAAGGTCCGAATT-1	meGFP	1	1	31	32	TRUE	TRUE
ACGTAAGGTCGATGCC-1	meGFP	0	0	1	1	FALSE	TRUE
ACGTAAGGTGCAACCC-1	OP549859_1_ORF2	0	0	1	1	FALSE	FALSE
ACGTAAGGTTGCAATC-1	meGFP	0	0	1	1	FALSE	FALSE
ACGTAAGGTTGGTTAC-1	OZ258728_1_ORF2	1	1	12	16	TRUE	TRUE
ACGTAAGGTTTAATCG-1	meGFP	1	1	11	13	TRUE	TRUE
ACGTAAGGTTTCCAGG-1	OP549859_1_ORF1	0	0	3	3	TRUE	TRUE
ACGTGAGTCACCCTGG-1	OZ258728_1_ORF2	0	0	2	7	FALSE	TRUE
ACGTGAGTCATCATAC-1	meGFP	0	0	2	2	TRUE	TRUE
ACGTGAGTCCTCTCCA-1	MZ286102_1_ORF2	1	1	16	17	TRUE	TRUE
ACGTGAGTCGAACGTG-1	meGFP	0	0	1	1	FALSE	TRUE
ACGTGAGTCGACCCAT-1	OZ258728_1_ORF1	1	0	9	9	TRUE	FALSE
ACGTGAGTCGTGCTAC-1	MZ286188_1_ORF2	0	0	1	1	FALSE	FALSE
ACGTGAGTCTCGAGCT-1	OZ258728_1_ORF2	0	0	1	1	FALSE	TRUE
ACGTGAGTCTTGGATT-1	OZ258728_1_ORF2	0	0	1	1	FALSE	TRUE
ACGTGATAGAAGCAAG-1	OP549859_1_ORF1	0	0	1	2	FALSE	TRUE
ACGTGATAGACGCAAT-1	MZ286258_1_ORF2	1	0	6	7	TRUE	TRUE
ACGTGATAGCAATCGG-1	MZ286258_1_ORF2	0	0	1	1	FALSE	TRUE
ACGTGATAGCCATGAG-1	MZ286258_1_ORF2	0	0	1	1	FALSE	TRUE
ACGTGATAGCCTAATT-1	MZ286258_1_ORF2	0	0	1	1	FALSE	FALSE
ACGTGATAGCGCCTAT-1	meGFP	0	0	1	1	FALSE	FALSE
ACGTGATAGCGGTAGC-1	meGFP	1	0	4	6	TRUE	FALSE
ACGTGATAGCGTAAGT-1	MZ286102_1_ORF2	1	1	12	13	TRUE	TRUE
ACGTGATAGTGCAACG-1	MZ286197_1_ORF2	0	0	1	1	FALSE	TRUE
ACGTGATAGTTGCGTC-1	meGFP	0	0	3	7	FALSE	TRUE
ACGTGCAAGAATGCTA-1	OZ258728_1_ORF1	1	1	33	33	TRUE	TRUE
ACGTGCAAGACATCGG-1	MZ286102_1_ORF1	1	0	7	7	TRUE	TRUE
ACGTGCAAGACGCGAC-1	MZ286258_1_ORF2	0	0	1	1	FALSE	TRUE
ACGTGCAAGAGGCCAC-1	OP549859_1_ORF2	0	0	3	3	TRUE	TRUE
ACGTGCAAGCATCACC-1	MZ286197_1_ORF2	0	0	3	5	FALSE	TRUE
ACGTGCAAGCGCTAGA-1	MZ286197_1_ORF1	0	0	1	1	FALSE	FALSE
ACGTGCAAGCGGGACT-1	OP549859_1_ORF2	0	0	1	1	FALSE	TRUE
ACGTGCAAGCGTTCAC-1	OP549859_1_ORF2	0	0	2	2	TRUE	TRUE
ACGTGCAAGCTATACT-1	MZ286258_1_ORF2	0	0	1	1	FALSE	TRUE
ACGTGCAAGGGGACAG-1	MZ286197_1_ORF2	0	0	1	2	FALSE	TRUE
ACGTGCAAGTCCTCAA-1	MZ286102_1_ORF2	1	1	23	24	TRUE	TRUE
ACGTGCAAGTTGAATG-1	MZ286258_1_ORF1	0	0	1	1	FALSE	TRUE
ACGTTCGGTAGCTGAA-1	meGFP	0	0	1	1	FALSE	FALSE
ACGTTCGGTAGTGACA-1	MZ286102_1_ORF2	1	0	4	5	TRUE	TRUE
ACGTTCGGTAGTGGCG-1	OZ258728_1_ORF2	0	0	1	1	FALSE	TRUE
ACGTTCGGTCCGTCAA-1	MZ286188_1_ORF1	0	0	1	1	FALSE	FALSE
ACGTTCGGTCGCGAGA-1	MZ286102_1_ORF2	0	0	1	2	FALSE	TRUE
ACGTTCGGTGGGATTA-1	MZ286102_1_ORF2	1	1	15	16	TRUE	TRUE
ACGTTCTCAACTTCGT-1	MZ286102_1_ORF2	0	0	1	1	FALSE	TRUE
ACGTTCTCAATGGCTA-1	meGFP	0	0	1	3	FALSE	TRUE
ACGTTCTCAATTGCCT-1	OZ258728_1_ORF1	1	0	9	10	TRUE	TRUE
ACGTTCTCAGAACGGA-1	OP549859_1_ORF2	1	0	9	11	TRUE	TRUE
ACGTTCTCATCCACAT-1	MZ286102_1_ORF2	1	0	6	6	TRUE	TRUE
ACGTTGGAGACCAGCA-1	MZ286188_1_ORF1	0	0	1	1	FALSE	FALSE
ACGTTGGAGACGCGAC-1	OP549859_1_ORF1	1	0	8	9	TRUE	TRUE
ACGTTGGAGACTAATG-1	MZ286188_1_ORF1	1	1	20	20	TRUE	TRUE
ACGTTGGAGAGGCATT-1	OZ258728_1_ORF1	0	0	1	1	FALSE	FALSE
ACGTTGGAGCCTACTA-1	MZ286188_1_ORF1	0	0	1	1	FALSE	FALSE
ACGTTGGAGCCTTCCC-1	OZ258728_1_ORF1	1	1	56	57	TRUE	TRUE
ACGTTGGAGCGATTCC-1	meGFP	0	0	1	1	FALSE	TRUE
ACGTTGGAGCGCTTAC-1	OZ258728_1_ORF2	0	0	1	1	FALSE	FALSE
ACGTTGGAGCGGTAAT-1	MZ286102_1_ORF2	0	0	1	1	FALSE	FALSE
ACGTTGGAGCTAGAGT-1	OZ258728_1_ORF2	0	0	1	1	FALSE	FALSE
ACGTTGGAGGCACGGT-1	MZ286188_1_ORF2	0	0	1	1	FALSE	FALSE
ACGTTGGAGGGAGCAG-1	OZ258728_1_ORF2	0	0	1	1	FALSE	FALSE
ACGTTGGAGGGCAATT-1	MZ286102_1_ORF1	0	0	1	1	FALSE	TRUE
ACGTTGGAGGTAATTG-1	meGFP	1	1	34	34	TRUE	TRUE
ACGTTGGAGTGCGGAC-1	OP549859_1_ORF2	0	0	1	1	FALSE	TRUE
ACGTTGGAGTTAACCT-1	OP549859_1_ORF1	2	1	39	50	TRUE	TRUE
ACGTTTCCAACCGAAC-1	OP549859_1_ORF2	0	0	1	1	FALSE	FALSE
ACGTTTCCAACCTCGC-1	OZ258728_1_ORF2	1	1	40	40	TRUE	TRUE
ACGTTTCCAACGGCCA-1	MZ286258_1_ORF2	0	0	1	1	FALSE	TRUE
ACGTTTCCAATCTCAC-1	MZ286102_1_ORF1	0	0	1	1	FALSE	FALSE
ACGTTTCCAGGTCTAA-1	OZ258728_1_ORF2	0	0	1	1	FALSE	FALSE
ACGTTTCCATCAGAGC-1	meGFP	1	1	43	43	TRUE	TRUE
ACGTTTCCATGGCCTC-1	MZ286102_1_ORF2	1	1	15	16	TRUE	TRUE
ACGTTTCCATGTGATG-1	MZ286102_1_ORF2	0	0	1	2	FALSE	TRUE
ACTAAGATCGCAACTC-1	MZ286258_1_ORF2	0	0	1	1	FALSE	FALSE
ACTAAGATCGCCTATA-1	OP549859_1_ORF2	1	0	4	5	TRUE	TRUE
ACTAAGATCTACTCCT-1	MZ286188_1_ORF2	1	0	8	9	TRUE	TRUE
ACTAAGATCTAGAGGT-1	OP549859_1_ORF1	0	0	1	1	FALSE	TRUE
ACTAAGATCTCACGCG-1	MZ286102_1_ORF1	0	0	1	1	FALSE	FALSE
ACTAAGATCTGAGTGG-1	meGFP	0	0	1	1	FALSE	FALSE
ACTAAGATCTGATTAC-1	MZ286188_1_ORF2	0	0	1	1	FALSE	FALSE
ACTAATGAGACATTAG-1	OZ258728_1_ORF2	1	1	43	43	TRUE	TRUE
ACTAATGAGAGCCAAT-1	MZ286102_1_ORF2	0	0	1	1	FALSE	TRUE
ACTAATGAGCCAGACA-1	OP549859_1_ORF1	1	0	5	5	TRUE	TRUE
ACTAATGAGCCGAGTA-1	MZ286102_1_ORF2	0	0	2	2	TRUE	TRUE
ACTAATGAGGGGAACG-1	MZ286102_1_ORF2	0	0	1	1	FALSE	TRUE
ACTAATGAGGTAGGCC-1	MZ286258_1_ORF1	0	0	1	2	FALSE	TRUE
ACTACAGCAAAGGTCC-1	OP549859_1_ORF2	1	0	8	9	TRUE	TRUE
ACTACAGCAACCTTAC-1	OZ258728_1_ORF2	0	0	2	3	FALSE	TRUE
ACTACAGCAATATAGC-1	OZ258728_1_ORF2	1	1	34	35	TRUE	TRUE
ACTACAGCAATTAGAC-1	OZ258728_1_ORF2	0	0	2	2	TRUE	TRUE
ACTACAGCACATGCTT-1	OP549859_1_ORF1	0	0	1	1	FALSE	TRUE
ACTACAGCACGATCCC-1	OZ258728_1_ORF2	1	1	164	165	TRUE	TRUE
ACTACAGCACGGATTA-1	OZ258728_1_ORF1	0	0	1	1	FALSE	FALSE
ACTACAGCAGAGCCTG-1	MZ286258_1_ORF2	1	1	11	12	TRUE	TRUE
ACTACAGCAGCCCGAA-1	MZ286102_1_ORF2	0	0	3	4	TRUE	TRUE
ACTACAGCATCAAGTG-1	OZ258728_1_ORF2	0	0	3	3	TRUE	TRUE
ACTACAGCATGTGGCG-1	OZ258728_1_ORF1	1	0	6	8	TRUE	TRUE
ACTACGACACCATGCC-1	OZ258728_1_ORF2	0	0	1	1	FALSE	FALSE
ACTACGACAGAGGTTC-1	MZ286102_1_ORF1	0	0	2	2	TRUE	TRUE
ACTACGACAGCTCTAT-1	MZ286102_1_ORF2	0	0	1	1	FALSE	TRUE
ACTACGACAGTCCAGG-1	MZ286102_1_ORF2	1	0	4	4	TRUE	TRUE
ACTACGACATCAGTCT-1	MZ286102_1_ORF2	0	0	1	1	FALSE	FALSE
ACTACGACATTGGATG-1	MZ286102_1_ORF1	0	0	1	2	FALSE	TRUE
ACTACGGAGCAACTAA-1	MZ286102_1_ORF2	2	1	11	19	FALSE	TRUE
ACTACGGAGCAAGCTG-1	MZ286188_1_ORF2	0	0	2	2	TRUE	TRUE
ACTACGGAGCAATCAA-1	OP549859_1_ORF2	1	1	14	14	TRUE	TRUE
ACTACGGAGCAGCCTT-1	OZ258728_1_ORF1	1	0	5	5	TRUE	TRUE
ACTACGGAGCCAGGGT-1	OP549859_1_ORF1	0	0	1	2	FALSE	TRUE
ACTACGGAGCCTAATT-1	MZ286102_1_ORF2	0	0	1	1	FALSE	FALSE
ACTACGGAGCCTTCCC-1	MZ286258_1_ORF1	0	0	2	2	TRUE	FALSE
ACTACGGAGGATGGCC-1	OP549859_1_ORF1	1	1	10	12	TRUE	TRUE
ACTACGGAGTATGTCT-1	MZ286258_1_ORF2	1	1	15	16	TRUE	TRUE
ACTACGGAGTCCAATT-1	MZ286258_1_ORF1	0	0	2	2	TRUE	TRUE
ACTATCAGTACGTTCG-1	OZ258728_1_ORF2	0	0	1	1	FALSE	FALSE
ACTATCAGTAGCACTT-1	meGFP	0	0	1	1	FALSE	FALSE
ACTATCAGTCGCTACA-1	MZ286188_1_ORF1	0	0	1	1	FALSE	FALSE
ACTATCAGTCTGGCGT-1	OP549859_1_ORF2	0	0	1	1	FALSE	TRUE
ACTATCAGTGAAGCCG-1	MZ286258_1_ORF2	2	0	6	12	FALSE	TRUE
ACTATCAGTGTTCGGC-1	OZ258728_1_ORF2	0	0	1	1	FALSE	TRUE
ACTATCAGTTATCTAG-1	MZ286188_1_ORF1	0	0	1	1	FALSE	TRUE
ACTATCAGTTTGCGGC-1	OZ258728_1_ORF2	0	0	1	4	FALSE	TRUE
ACTATCCCAAAGTCAT-1	OP549859_1_ORF1	0	0	1	1	FALSE	TRUE
ACTATCCCACACACTT-1	MZ286197_1_ORF2	1	0	7	8	TRUE	TRUE
ACTATCCCACAGATCA-1	MZ286188_1_ORF1	1	1	77	78	TRUE	TRUE
ACTATCCCACCCAGCT-1	MZ286258_1_ORF1	1	1	15	15	TRUE	TRUE
ACTATCCCACCTGCAC-1	MZ286258_1_ORF2	0	0	3	3	TRUE	TRUE
ACTATCCCACTAGACA-1	OZ258728_1_ORF2	0	0	1	1	FALSE	FALSE
ACTATCCCAGAATGGG-1	MZ286102_1_ORF2	0	0	1	1	FALSE	FALSE
ACTATCCCAGGCATTA-1	OP549859_1_ORF2	1	0	5	7	TRUE	TRUE
ACTATCCCAGTACCTT-1	meGFP	0	0	1	1	FALSE	TRUE
ACTATCCCAGTTGGTA-1	meGFP	0	0	1	1	FALSE	FALSE
ACTATCCCATACCGGG-1	MZ286197_1_ORF1	0	0	1	1	FALSE	FALSE
ACTATCCCATAGCGCG-1	MZ286258_1_ORF1	0	0	1	1	FALSE	TRUE
ACTATCCCATAGGCAC-1	MZ286258_1_ORF2	1	1	14	14	TRUE	TRUE
ACTATCCCATGCAATG-1	MZ286102_1_ORF2	1	1	10	11	TRUE	TRUE
ACTATCCCATGTCGAA-1	OZ258728_1_ORF1	0	0	2	2	TRUE	TRUE
ACTATCCCATGTGGCG-1	OP549859_1_ORF1	0	0	1	1	FALSE	TRUE
ACTATCCCATTGGACA-1	MZ286197_1_ORF1	1	1	19	19	TRUE	TRUE
ACTATCTAGACGACTG-1	MZ286258_1_ORF1	0	0	1	2	FALSE	TRUE
ACTATCTAGATAGTCA-1	meGFP	0	0	1	1	FALSE	FALSE
ACTATCTAGATCCTGC-1	MZ286197_1_ORF1	0	0	2	2	TRUE	TRUE
ACTATCTAGCCAACCT-1	MZ286188_1_ORF1	0	0	2	4	FALSE	TRUE
ACTATCTAGCTACTTG-1	OZ258728_1_ORF1	0	0	1	2	FALSE	TRUE
ACTATCTAGGGGCTTA-1	MZ286258_1_ORF2	0	0	3	3	TRUE	TRUE
ACTATCTAGTAGACAC-1	MZ286197_1_ORF1	1	1	17	17	TRUE	TRUE
ACTATCTAGTCCTCAA-1	OZ258728_1_ORF2	0	0	1	1	FALSE	TRUE
ACTATCTAGTGCGGAC-1	OZ258728_1_ORF2	0	0	1	2	FALSE	TRUE
ACTATCTAGTTACCAT-1	OZ258728_1_ORF1	0	0	1	1	FALSE	TRUE
ACTATCTAGTTGGAAC-1	MZ286258_1_ORF2	0	0	1	1	FALSE	TRUE
ACTATGGCAACACCGG-1	MZ286102_1_ORF2	0	0	3	3	TRUE	TRUE
ACTATGGCAACCAGTA-1	OP549859_1_ORF1	0	0	1	1	FALSE	FALSE
ACTATGGCACCTCGAC-1	meGFP	2	1	65	69	TRUE	TRUE
ACTATGGCACGAACCG-1	MZ286197_1_ORF2	0	0	1	1	FALSE	TRUE
ACTATGGCAGAATGGG-1	OZ258728_1_ORF2	0	0	1	1	FALSE	FALSE
ACTATGGCAGCTTAGA-1	MZ286197_1_ORF1	0	0	1	1	FALSE	TRUE
ACTATGGCAGGTCTCC-1	MZ286188_1_ORF2	1	0	6	6	TRUE	TRUE
ACTATGGCATAAGCCA-1	OZ258728_1_ORF1	0	0	1	1	FALSE	TRUE
ACTATGGCATAGGCAC-1	MZ286258_1_ORF1	1	0	7	7	TRUE	TRUE
ACTATGGCATGAGTAT-1	meGFP	0	0	1	1	FALSE	FALSE
ACTATGGCATGTGATG-1	MZ286102_1_ORF2	0	0	2	2	TRUE	TRUE
ACTATGTTCAATCGCC-1	MZ286102_1_ORF2	1	0	9	10	TRUE	TRUE
ACTATGTTCAGGCAAT-1	MZ286102_1_ORF2	1	1	25	25	TRUE	TRUE
ACTATGTTCATCCGGT-1	OZ258728_1_ORF2	0	0	1	1	FALSE	FALSE
ACTATGTTCGGGATCA-1	MZ286102_1_ORF2	0	0	1	1	FALSE	TRUE
ACTATGTTCTTCGGCG-1	meGFP	1	1	17	17	TRUE	TRUE
ACTCAGGAGACGCGAC-1	MZ286102_1_ORF2	0	0	1	1	FALSE	FALSE
ACTCAGGAGATCAAGC-1	meGFP	1	1	11	12	TRUE	TRUE
ACTCAGGAGCCACTCG-1	OP549859_1_ORF2	1	1	21	21	TRUE	TRUE
ACTCAGGAGCCATGAG-1	OZ258728_1_ORF2	0	0	1	1	FALSE	TRUE
ACTCAGGAGCGATTCC-1	MZ286258_1_ORF1	1	0	7	7	TRUE	TRUE
ACTCAGGAGCTCTAGC-1	MZ286258_1_ORF2	0	0	3	3	TRUE	TRUE
ACTCAGGAGGCACGGT-1	meGFP	0	0	1	1	FALSE	FALSE
ACTCAGGAGGCGAAGG-1	OP549859_1_ORF1	0	0	1	1	FALSE	TRUE
ACTCAGGAGGGATACT-1	meGFP	0	0	3	3	TRUE	TRUE
ACTCATTAGATTAGGC-1	MZ286258_1_ORF2	0	0	2	2	TRUE	TRUE
ACTCATTAGCAGCCTT-1	MZ286188_1_ORF1	1	0	5	5	TRUE	TRUE
ACTCATTAGCCGTGAA-1	meGFP	0	0	1	1	FALSE	FALSE
ACTCATTAGCGTGCTT-1	OZ258728_1_ORF2	1	0	7	7	TRUE	TRUE
ACTCATTAGCTTACGC-1	MZ286258_1_ORF2	0	0	1	1	FALSE	FALSE
ACTCATTAGGAATGAG-1	meGFP	1	1	30	31	TRUE	TRUE
ACTCTATAGAATGGAG-1	OZ258728_1_ORF2	1	1	51	51	TRUE	TRUE
ACTCTATAGCCACAGA-1	OP549859_1_ORF1	0	0	1	1	FALSE	TRUE
ACTCTATAGGTAGGAA-1	OP549859_1_ORF2	1	1	21	21	TRUE	TRUE
ACTCTATAGGTCGTCT-1	OZ258728_1_ORF2	0	0	1	1	FALSE	FALSE
ACTCTATAGTAATGTG-1	MZ286102_1_ORF2	1	0	6	6	TRUE	TRUE
ACTCTCAAGACATTAG-1	MZ286258_1_ORF2	1	0	7	8	TRUE	TRUE
ACTCTCAAGATGCCAG-1	OP549859_1_ORF1	0	0	1	1	FALSE	FALSE
ACTCTCAAGGGTTCGA-1	MZ286188_1_ORF1	0	0	1	1	FALSE	FALSE
ACTCTCAAGGTCGTCT-1	OP549859_1_ORF1	0	0	1	1	FALSE	TRUE
ACTGAAGGTATTGACC-1	OZ258728_1_ORF2	1	1	50	50	TRUE	TRUE
ACTGAAGGTCAAGTAG-1	OZ258728_1_ORF2	0	0	1	1	FALSE	FALSE
ACTGAAGGTCATACTA-1	meGFP	1	1	18	19	TRUE	TRUE
ACTGAAGGTGAGGTGT-1	meGFP	0	0	3	12	FALSE	TRUE
ACTGAAGGTGATGTCT-1	OZ258728_1_ORF2	0	0	1	1	FALSE	FALSE
ACTGAAGGTTTCAAGC-1	MZ286258_1_ORF2	0	0	1	1	FALSE	FALSE
ACTGAGAGTAACGGAC-1	OP549859_1_ORF1	0	0	1	1	FALSE	TRUE
ACTGAGAGTACAGGGT-1	OZ258728_1_ORF2	0	0	1	1	FALSE	FALSE
ACTGAGAGTCGACCGT-1	OZ258728_1_ORF2	1	1	11	11	TRUE	TRUE
ACTGAGAGTGCCTAAT-1	MZ286258_1_ORF2	1	1	14	14	TRUE	TRUE
ACTGAGAGTGGCGTCT-1	MZ286102_1_ORF2	1	0	7	7	TRUE	TRUE
ACTGAGAGTTACCGTG-1	MZ286102_1_ORF2	0	0	1	1	FALSE	FALSE
ACTGAGAGTTTCGGGC-1	OZ258728_1_ORF2	0	0	1	1	FALSE	FALSE
ACTGCATGTACAGCAA-1	OZ258728_1_ORF2	0	0	1	1	FALSE	FALSE
ACTGCATGTGATCAAG-1	MZ286197_1_ORF2	0	0	2	2	TRUE	TRUE
ACTGCATGTGCTTCGA-1	MZ286188_1_ORF1	1	0	4	4	TRUE	TRUE
ACTGCATGTTCGCAGC-1	OZ258728_1_ORF1	0	0	1	1	FALSE	FALSE
ACTGCATGTTGTGCGC-1	meGFP	0	0	1	1	FALSE	FALSE
ACTGCCCCAACCATTC-1	MZ286102_1_ORF2	0	0	1	1	FALSE	FALSE
ACTGCCCCAACGTAAT-1	OZ258728_1_ORF2	0	0	1	1	FALSE	FALSE
ACTGCCCCAATAGAGA-1	MZ286197_1_ORF1	1	0	6	9	TRUE	TRUE
ACTGCCCCACGAAGGA-1	meGFP	0	0	1	1	FALSE	FALSE
ACTGCCCCACGCCTGT-1	MZ286197_1_ORF1	0	0	1	1	FALSE	FALSE
ACTGCCCCACTAGTCT-1	OZ258728_1_ORF2	0	0	1	1	FALSE	FALSE
ACTGCCCCAGCTATCT-1	OP549859_1_ORF1	1	1	113	114	TRUE	TRUE
ACTGCCCCAGGGTAAG-1	OP549859_1_ORF1	0	0	0	0	FALSE	TRUE
ACTGCCCCAGGTCTCC-1	meGFP	0	0	1	3	FALSE	TRUE
ACTGCCCCATTGGTTC-1	MZ286258_1_ORF2	0	0	1	1	FALSE	FALSE
ACTGGCAAGACACGCA-1	OZ258728_1_ORF1	0	0	2	3	FALSE	TRUE
ACTGGCAAGACTCCGT-1	MZ286102_1_ORF2	1	0	5	6	TRUE	TRUE
ACTGGCAAGATAGACC-1	OP549859_1_ORF2	0	0	1	1	FALSE	FALSE
ACTGGCAAGCAGGGCT-1	MZ286188_1_ORF2	0	0	1	1	FALSE	TRUE
ACTGGCAAGCTATACT-1	MZ286197_1_ORF1	0	0	1	1	FALSE	TRUE
ACTGGCAAGGGATGAA-1	OZ258728_1_ORF2	0	0	1	1	FALSE	FALSE
ACTGGCAAGGTAGGAA-1	OP549859_1_ORF1	0	0	1	2	FALSE	TRUE
ACTGGGATCAACTGGG-1	OP549859_1_ORF1	0	0	1	1	FALSE	TRUE
ACTGGGATCAAGCTCC-1	MZ286197_1_ORF2	1	0	7	7	TRUE	TRUE
ACTGGGATCAGGATAC-1	OZ258728_1_ORF2	1	1	47	47	TRUE	TRUE
ACTGGGATCAGGCTAG-1	OZ258728_1_ORF2	0	0	2	2	TRUE	TRUE
ACTGGGATCCAATGAA-1	MZ286188_1_ORF2	1	0	9	9	TRUE	TRUE
ACTGGGATCCATAGCC-1	meGFP	0	0	1	1	FALSE	TRUE
ACTGGGATCCGACTAC-1	OZ258728_1_ORF1	1	0	6	7	TRUE	TRUE
ACTGGGATCGCACTTA-1	MZ286197_1_ORF2	0	0	1	1	FALSE	FALSE
ACTGGGATCGCATCGT-1	MZ286258_1_ORF2	1	1	23	25	TRUE	TRUE
ACTGGGATCGGTATGG-1	OZ258728_1_ORF2	0	0	2	2	TRUE	TRUE
ACTGGGATCGTCTAGC-1	MZ286258_1_ORF2	0	0	1	1	FALSE	FALSE
ACTGGGATCTTCGCAA-1	OZ258728_1_ORF1	0	0	2	2	TRUE	FALSE
ACTGGTACAACATCCT-1	MZ286258_1_ORF2	1	1	15	16	TRUE	TRUE
ACTGGTACACGATTGA-1	MZ286258_1_ORF2	0	0	2	2	TRUE	TRUE
ACTGGTACACTCGTCA-1	OP549859_1_ORF1	1	1	11	13	TRUE	TRUE
ACTGGTACAGAACTAT-1	MZ286188_1_ORF2	1	1	17	18	TRUE	TRUE
ACTGGTACAGGCCAAT-1	MZ286197_1_ORF1	0	0	2	2	TRUE	TRUE
ACTGGTACAGTTCGCC-1	OZ258728_1_ORF1	0	0	1	1	FALSE	FALSE
ACTGGTACATTCATTG-1	MZ286197_1_ORF2	0	0	1	3	FALSE	TRUE
ACTGTTAGTCGCGTGT-1	OZ258728_1_ORF2	0	0	3	3	TRUE	TRUE
ACTGTTAGTCTTAATG-1	OP549859_1_ORF1	0	0	1	1	FALSE	TRUE
ACTTACCCAAATGCGC-1	OP549859_1_ORF1	0	0	1	1	FALSE	TRUE
ACTTACCCACAAGGCT-1	MZ286188_1_ORF1	1	1	22	23	TRUE	TRUE
ACTTACCCACACTGGG-1	OZ258728_1_ORF2	0	0	1	1	FALSE	TRUE
ACTTACCCACATAGTG-1	MZ286102_1_ORF1	0	0	1	1	FALSE	FALSE
ACTTACCCACCTCAAT-1	MZ286258_1_ORF1	1	0	6	7	TRUE	TRUE
ACTTACCCACCTGTGC-1	OP549859_1_ORF1	1	1	18	18	TRUE	TRUE
ACTTACCCAGACACAC-1	OP549859_1_ORF1	0	0	1	1	FALSE	TRUE
ACTTACCCAGCTCTAT-1	OZ258728_1_ORF2	0	0	1	1	FALSE	TRUE
ACTTACCCATACCGTT-1	OP549859_1_ORF1	0	0	1	2	FALSE	FALSE
ACTTACCCATACTGAG-1	MZ286188_1_ORF2	1	0	8	8	TRUE	TRUE
ACTTACCCATAGATAC-1	OP549859_1_ORF1	0	0	1	1	FALSE	TRUE
ACTTACCCATGAAGGG-1	MZ286258_1_ORF1	0	0	1	1	FALSE	TRUE
ACTTACCCATGCGTGG-1	MZ286188_1_ORF2	1	0	4	5	TRUE	TRUE
ACTTATCAGAACCGTG-1	MZ286102_1_ORF2	0	0	1	2	FALSE	TRUE
ACTTATCAGATTCGTT-1	OP549859_1_ORF1	0	0	1	1	FALSE	FALSE
ACTTATCAGCGAGAGG-1	MZ286102_1_ORF2	1	0	5	6	TRUE	TRUE
ACTTATCAGCTTGAGG-1	MZ286188_1_ORF1	1	1	44	45	TRUE	TRUE
ACTTATCAGGGACATT-1	MZ286188_1_ORF1	1	1	12	12	TRUE	TRUE
ACTTATCAGGGCTTGA-1	meGFP	0	0	1	1	FALSE	FALSE
ACTTATCAGGTAGGTT-1	MZ286258_1_ORF1	1	1	47	47	TRUE	TRUE
ACTTATCAGGTGGCTA-1	MZ286197_1_ORF2	1	1	11	11	TRUE	TRUE
ACTTCCAAGAATCCGG-1	MZ286102_1_ORF2	1	0	4	4	TRUE	TRUE
ACTTCCAAGAGGAAGC-1	OP549859_1_ORF1	0	0	1	1	FALSE	TRUE
ACTTCCAAGCCTCTGG-1	OP549859_1_ORF1	0	0	1	1	FALSE	TRUE
ACTTCCAAGCGCAGTA-1	MZ286258_1_ORF2	0	0	2	3	FALSE	TRUE
ACTTCCAAGCGCTTAC-1	meGFP	0	0	1	1	FALSE	FALSE
ACTTCCAAGTCCGCTG-1	MZ286102_1_ORF2	0	0	1	1	FALSE	TRUE
ACTTCCAAGTTACACT-1	OZ258728_1_ORF1	1	1	52	53	TRUE	TRUE
ACTTCCAAGTTACCAT-1	OZ258728_1_ORF1	0	0	1	1	FALSE	FALSE
ACTTGAAAGCGGGACT-1	OP549859_1_ORF1	1	1	49	49	TRUE	TRUE
ACTTGAAAGCTTGGTC-1	meGFP	1	1	90	90	TRUE	TRUE
ACTTGAAAGGCACTTC-1	OZ258728_1_ORF2	1	1	14	14	TRUE	TRUE
ACTTGAAAGGCATCCT-1	OP549859_1_ORF2	1	0	7	8	TRUE	TRUE
ACTTGAAAGGCGTGAC-1	MZ286258_1_ORF2	0	0	1	2	FALSE	TRUE
ACTTGAAAGGCTTAGG-1	MZ286188_1_ORF1	0	0	1	1	FALSE	FALSE
ACTTGAAAGGGAGTAA-1	MZ286188_1_ORF2	1	1	11	12	TRUE	TRUE
ACTTGAAAGGGCTTGA-1	MZ286258_1_ORF1	0	0	1	1	FALSE	FALSE
ACTTGAGCAAAGGATA-1	OZ258728_1_ORF2	0	0	1	1	FALSE	TRUE
ACTTGAGCAAATCAGT-1	meGFP	0	0	1	1	FALSE	TRUE
ACTTGAGCACCAAGCG-1	OZ258728_1_ORF2	0	0	1	1	FALSE	TRUE
ACTTGAGCACGGATTA-1	MZ286188_1_ORF2	0	0	1	1	FALSE	FALSE
ACTTGAGCACTATCGT-1	OZ258728_1_ORF2	0	0	1	2	FALSE	TRUE
ACTTGAGCAGACACAC-1	MZ286102_1_ORF1	1	1	20	20	TRUE	TRUE
ACTTGAGCAGGAAGCA-1	meGFP	0	0	1	1	FALSE	FALSE
ACTTGAGCAGGTCTCC-1	meGFP	0	0	1	1	FALSE	FALSE
ACTTGAGCAGTCCAGG-1	MZ286188_1_ORF2	0	0	1	1	FALSE	TRUE
ACTTGAGCATGCGTGG-1	OZ258728_1_ORF2	0	0	1	1	FALSE	FALSE
ACTTGAGCATTACTTG-1	MZ286258_1_ORF2	0	0	1	1	FALSE	FALSE
ACTTGCCAGAACCCAG-1	OZ258728_1_ORF1	0	0	1	1	FALSE	FALSE
ACTTGCCAGAGGACTT-1	OP549859_1_ORF1	0	0	1	1	FALSE	FALSE
ACTTGCCAGCAATCAA-1	MZ286258_1_ORF2	0	0	1	1	FALSE	TRUE
ACTTGCCAGCACGTAG-1	MZ286197_1_ORF2	0	0	3	4	TRUE	TRUE
ACTTGCCAGCCTCACG-1	MZ286188_1_ORF1	0	0	1	1	FALSE	TRUE
ACTTGCCAGCGCTTAC-1	MZ286258_1_ORF2	0	0	3	3	TRUE	TRUE
ACTTGCCAGCGGTAGC-1	MZ286258_1_ORF2	0	0	1	1	FALSE	FALSE
ACTTGCCAGCTTAATC-1	OP549859_1_ORF2	1	1	31	32	TRUE	TRUE
ACTTGCCAGGAATGAG-1	OZ258728_1_ORF1	0	0	1	1	FALSE	TRUE
ACTTGCCAGGCGTGGT-1	MZ286258_1_ORF2	0	0	1	2	FALSE	TRUE
ACTTGCCAGGGACTCA-1	MZ286102_1_ORF2	1	1	20	20	TRUE	TRUE
ACTTGCCAGGTCTACC-1	MZ286258_1_ORF1	1	1	11	11	TRUE	TRUE
ACTTGGACAAGCGCCA-1	OP549859_1_ORF1	0	0	1	1	FALSE	FALSE
ACTTGGACAAGGCAAG-1	MZ286258_1_ORF1	0	0	1	1	FALSE	TRUE
ACTTGGACAATCTCAC-1	MZ286188_1_ORF2	1	0	8	9	TRUE	TRUE
ACTTGGACAATTCGGA-1	meGFP	0	0	1	1	FALSE	FALSE
ACTTGGACACCAAGTA-1	OZ258728_1_ORF2	0	0	1	1	FALSE	TRUE
ACTTGGACACGCACGA-1	MZ286197_1_ORF2	1	0	5	8	TRUE	TRUE
ACTTGGACAGAATGGG-1	OZ258728_1_ORF2	0	0	1	2	FALSE	TRUE
ACTTGGACAGCCAACG-1	MZ286102_1_ORF2	0	0	1	1	FALSE	FALSE
ACTTGGACAGGGACTT-1	MZ286258_1_ORF1	0	0	2	2	TRUE	TRUE
ACTTGGGAGCCTTCCC-1	MZ286188_1_ORF1	1	1	14	15	TRUE	TRUE
ACTTGGGAGCGCTTAC-1	MZ286188_1_ORF1	0	0	2	2	TRUE	FALSE
ACTTGGGAGGGAGACG-1	OP549859_1_ORF2	1	0	6	6	TRUE	TRUE
ACTTGGGAGGTCCAGA-1	MZ286258_1_ORF1	0	0	1	1	FALSE	TRUE
ACTTGGTGTAAGCATG-1	MZ286102_1_ORF1	0	0	1	1	FALSE	FALSE
ACTTGGTGTAAGCGGT-1	MZ286102_1_ORF1	1	1	13	13	TRUE	TRUE
ACTTGGTGTACAGGGT-1	OZ258728_1_ORF2	0	0	1	1	FALSE	FALSE
ACTTGGTGTACTTCCC-1	MZ286258_1_ORF2	1	0	6	6	TRUE	TRUE
ACTTGGTGTAGTCGTT-1	MZ286258_1_ORF2	1	1	11	12	TRUE	TRUE
ACTTGGTGTCTCCTTA-1	MZ286258_1_ORF1	0	0	1	1	FALSE	FALSE
ACTTTAGGTACCGACC-1	OZ258728_1_ORF1	0	0	1	1	FALSE	FALSE
ACTTTAGGTAGGCTCC-1	OZ258728_1_ORF2	0	0	1	1	FALSE	TRUE
ACTTTAGGTATCTCAA-1	MZ286102_1_ORF2	0	0	3	4	TRUE	TRUE
ACTTTAGGTCCAACTG-1	OZ258728_1_ORF2	0	0	1	1	FALSE	TRUE
ACTTTAGGTCCGCGAT-1	MZ286197_1_ORF2	0	0	3	5	FALSE	TRUE
ACTTTAGGTCTTAATG-1	OZ258728_1_ORF2	0	0	1	1	FALSE	TRUE
ACTTTAGGTGGCGCAA-1	meGFP	0	0	1	1	FALSE	FALSE
ACTTTAGGTGGTGCGA-1	meGFP	0	0	1	1	FALSE	TRUE
ACTTTAGGTTATAGGG-1	OZ258728_1_ORF2	0	0	1	1	FALSE	FALSE
ACTTTCGAGAGCCAAT-1	OZ258728_1_ORF2	0	0	1	1	FALSE	TRUE
ACTTTCGAGAGGCGTC-1	OP549859_1_ORF1	0	0	1	1	FALSE	TRUE
ACTTTCGAGAGTCGCA-1	OZ258728_1_ORF2	0	0	1	1	FALSE	FALSE
ACTTTCGAGATTCGTT-1	meGFP	0	0	2	2	TRUE	TRUE
ACTTTCGAGCCTTCCC-1	MZ286258_1_ORF2	0	0	3	5	FALSE	TRUE
ACTTTCGAGGACACCA-1	OP549859_1_ORF1	1	0	9	9	TRUE	TRUE
ACTTTCGAGGAGACCC-1	MZ286258_1_ORF2	1	0	7	7	TRUE	TRUE
ACTTTCGAGGATCGCA-1	OZ258728_1_ORF2	1	1	14	14	TRUE	TRUE
ACTTTCGAGGTAGACT-1	meGFP	0	0	1	1	FALSE	TRUE
ACTTTCGAGTTGCAGG-1	MZ286188_1_ORF2	1	1	12	12	TRUE	TRUE
ACTTTCGAGTTGGAAC-1	OZ258728_1_ORF2	0	0	1	2	FALSE	TRUE
AGAAGCCGTAGCATAG-1	MZ286258_1_ORF2	1	0	4	7	TRUE	TRUE
AGAAGCCGTCTTGACG-1	MZ286188_1_ORF1	0	0	1	1	FALSE	FALSE
AGAAGCCGTGACCTTG-1	meGFP	1	0	5	6	TRUE	TRUE
AGAAGCCGTGGCAACG-1	OZ258728_1_ORF2	0	0	1	1	FALSE	TRUE
AGAAGCCGTGTTGCGC-1	MZ286102_1_ORF2	1	0	7	7	TRUE	TRUE
AGAAGCCGTTATAGCC-1	MZ286197_1_ORF2	0	0	1	1	FALSE	TRUE
AGAAGGATCACCGTTA-1	MZ286197_1_ORF2	1	0	6	7	TRUE	TRUE
AGAAGGATCAGCGGAC-1	OZ258728_1_ORF2	0	0	2	2	TRUE	TRUE
AGAAGGATCCATCGCG-1	OP549859_1_ORF2	1	0	6	6	TRUE	TRUE
AGAAGGATCCGGCTTG-1	meGFP	0	0	1	1	FALSE	TRUE
AGAAGGATCCTCCTGC-1	meGFP	0	0	1	1	FALSE	FALSE
AGAAGGATCGAATCAA-1	MZ286258_1_ORF2	1	0	8	8	TRUE	TRUE
AGAAGGATCGCTAGTC-1	MZ286197_1_ORF1	0	0	1	2	FALSE	TRUE
AGAAGGATCGGCTCCA-1	MZ286258_1_ORF2	1	0	9	9	TRUE	TRUE
AGAAGGATCTCTAACG-1	meGFP	0	0	1	1	FALSE	FALSE
AGAAGGATCTTAAGCT-1	meGFP	0	0	1	1	FALSE	TRUE
AGAAGGATCTTCGCAA-1	MZ286102_1_ORF2	0	0	1	1	FALSE	FALSE
AGAAGGCAGACCAGCA-1	MZ286258_1_ORF1	0	0	1	1	FALSE	FALSE
AGAAGGCAGACCCATC-1	OP549859_1_ORF1	0	0	1	3	FALSE	TRUE
AGAAGGCAGAGAGCTT-1	OZ258728_1_ORF2	1	1	22	22	TRUE	TRUE
AGAAGGCAGAGGTCTG-1	OP549859_1_ORF1	0	0	1	1	FALSE	FALSE
AGAAGGCAGATACTGA-1	OP549859_1_ORF1	1	1	100	100	TRUE	TRUE
AGAAGGCAGCCAGACA-1	OZ258728_1_ORF2	0	0	1	1	FALSE	FALSE
AGAAGGCAGCCTAGTC-1	meGFP	0	0	3	3	TRUE	TRUE
AGAAGGCAGGGGCTTA-1	OP549859_1_ORF1	0	0	1	1	FALSE	FALSE
AGAAGGCAGGTACCCT-1	meGFP	1	1	86	86	TRUE	TRUE
AGAAGGCAGGTCGTCT-1	MZ286258_1_ORF2	0	0	1	1	FALSE	FALSE
AGAAGGCAGTTCGGCT-1	MZ286188_1_ORF1	0	0	1	1	FALSE	TRUE
AGAAGGCAGTTGGCGA-1	MZ286102_1_ORF2	0	0	1	1	FALSE	TRUE
AGAAGGGGTAAGTAAC-1	OZ258728_1_ORF2	2	1	65	71	TRUE	TRUE
AGAAGGGGTCACACCA-1	OP549859_1_ORF1	0	0	1	1	FALSE	TRUE
AGAAGGGGTCACCAGC-1	OZ258728_1_ORF2	0	0	1	1	FALSE	FALSE
AGAAGGGGTGATGTAG-1	MZ286102_1_ORF2	0	0	1	1	FALSE	FALSE
AGAAGGGGTGCGCGAA-1	OP549859_1_ORF1	0	0	1	1	FALSE	FALSE
AGAAGGGGTGCGTACC-1	MZ286102_1_ORF2	0	0	1	1	FALSE	FALSE
AGAAGGGGTTGCGGTC-1	MZ286197_1_ORF2	0	0	2	3	FALSE	TRUE
AGAAGTGAGCCTAATT-1	OZ258728_1_ORF2	0	0	1	1	FALSE	FALSE
AGAAGTGAGGTTCATT-1	MZ286102_1_ORF2	1	1	13	13	TRUE	TRUE
AGAAGTGAGTCTAGTT-1	MZ286197_1_ORF1	2	1	10	18	FALSE	TRUE
AGAAGTGAGTGCTACC-1	OZ258728_1_ORF2	1	1	44	44	TRUE	TRUE
AGAAGTGAGTGTCGCT-1	OZ258728_1_ORF1	0	0	1	1	FALSE	TRUE
AGAAGTGAGTTGAATG-1	MZ286188_1_ORF1	1	1	12	13	TRUE	TRUE
AGAAGTTGTAACGGAC-1	OZ258728_1_ORF2	2	1	41	51	TRUE	TRUE
AGAAGTTGTACGACTT-1	OZ258728_1_ORF1	1	1	33	33	TRUE	TRUE
AGAAGTTGTATTGGGA-1	MZ286258_1_ORF2	1	0	9	9	TRUE	TRUE
AGAAGTTGTGATCCCA-1	MZ286102_1_ORF2	1	1	18	19	TRUE	TRUE
AGAAGTTGTGGGTAGT-1	meGFP	0	0	1	1	FALSE	FALSE
AGAAGTTGTGTCGAGG-1	OP549859_1_ORF1	0	0	1	1	FALSE	FALSE
AGAAGTTGTTAACGAG-1	MZ286102_1_ORF2	1	1	18	18	TRUE	TRUE
AGAAGTTGTTGGACTT-1	MZ286258_1_ORF2	0	0	1	1	FALSE	FALSE
AGAAGTTGTTTACTTC-1	MZ286258_1_ORF2	0	0	1	1	FALSE	FALSE
AGAAGTTGTTTCAGTA-1	OZ258728_1_ORF2	1	1	32	32	TRUE	TRUE
AGAAGTTGTTTGAGTC-1	meGFP	0	0	1	1	FALSE	TRUE
AGAAGTTGTTTGCCCT-1	OP549859_1_ORF1	1	0	7	7	TRUE	TRUE
AGAAGTTGTTTGGCGC-1	meGFP	0	0	1	1	FALSE	FALSE
AGAATCATCAACCGGA-1	MZ286102_1_ORF2	1	0	9	10	TRUE	TRUE
AGAATCATCAACCGTC-1	MZ286188_1_ORF1	0	0	2	2	TRUE	TRUE
AGAATCATCCATCACA-1	MZ286102_1_ORF2	1	0	4	4	TRUE	TRUE
AGAATCATCCCAACCG-1	meGFP	1	1	35	35	TRUE	TRUE
AGAATCATCCGGCTTG-1	MZ286197_1_ORF2	0	0	1	1	FALSE	FALSE
AGAATCATCCGTGGTT-1	MZ286197_1_ORF2	0	0	2	2	TRUE	TRUE
AGAATCATCCTATACG-1	meGFP	2	1	34	42	TRUE	TRUE
AGAATCATCGTACGTC-1	OZ258728_1_ORF1	0	0	2	4	FALSE	TRUE
AGAATCCAGATAGTCA-1	meGFP	1	1	24	24	TRUE	TRUE
AGAATCCAGCCTGTAC-1	OP549859_1_ORF1	0	0	1	1	FALSE	FALSE
AGAATCCAGGAGCCTA-1	OP549859_1_ORF2	0	0	2	2	TRUE	TRUE
AGAATCCAGGATGGAA-1	MZ286102_1_ORF2	1	1	11	12	TRUE	TRUE
AGAATCCAGGCAGGCT-1	MZ286102_1_ORF2	0	0	1	1	FALSE	FALSE
AGAATCCAGGCTACAG-1	OZ258728_1_ORF2	0	0	1	1	FALSE	TRUE
AGAATCCAGGGGCAAG-1	meGFP	0	0	1	1	FALSE	FALSE
AGAATCCAGTGTGATA-1	MZ286102_1_ORF2	1	1	33	33	TRUE	TRUE
AGAATCGGTAAGCATG-1	MZ286197_1_ORF1	0	0	1	1	FALSE	FALSE
AGAATCGGTAGCAGGT-1	MZ286188_1_ORF2	0	0	3	4	TRUE	TRUE
AGAATCGGTAGGTCAA-1	MZ286258_1_ORF2	1	1	19	19	TRUE	TRUE
AGAATCGGTATCGCCA-1	OZ258728_1_ORF2	0	0	1	1	FALSE	TRUE
AGAATCGGTCCATTAA-1	MZ286102_1_ORF2	0	0	2	3	FALSE	TRUE
AGAATCGGTGAACCAA-1	MZ286102_1_ORF2	1	0	4	4	TRUE	TRUE
AGAATCGGTGATCCCA-1	MZ286102_1_ORF1	0	0	1	3	FALSE	TRUE
AGAATCGGTGGGACCA-1	MZ286197_1_ORF1	1	1	37	39	TRUE	TRUE
AGAATCGGTGTGTCAT-1	OZ258728_1_ORF1	1	1	21	22	TRUE	TRUE
AGAATCGGTTCGATTA-1	MZ286102_1_ORF2	1	1	13	14	TRUE	TRUE
AGAATGACAAAGGGCA-1	OZ258728_1_ORF2	0	0	1	1	FALSE	FALSE
AGAATGACAAATGAGA-1	MZ286188_1_ORF1	0	0	1	1	FALSE	FALSE
AGAATGACAACTTAGG-1	MZ286102_1_ORF1	0	0	1	1	FALSE	FALSE
AGAATGACAATACCGA-1	OP549859_1_ORF2	0	0	1	1	FALSE	TRUE
AGAATGACAATCTCAC-1	OZ258728_1_ORF2	1	1	35	36	TRUE	TRUE
AGAATGACAATGTAGT-1	OP549859_1_ORF1	0	0	1	1	FALSE	FALSE
AGAATGACACAGATCA-1	MZ286102_1_ORF2	0	0	1	1	FALSE	FALSE
AGAATGACACCAGGCA-1	MZ286258_1_ORF1	1	0	4	4	TRUE	TRUE
AGAATGACAGAATGAA-1	MZ286258_1_ORF2	1	0	6	7	TRUE	TRUE
AGAATGACAGACATTG-1	MZ286197_1_ORF1	0	0	1	1	FALSE	TRUE
AGAATGACAGATCCTT-1	OP549859_1_ORF1	1	0	7	7	TRUE	TRUE
AGAATGACAGCCGATG-1	OZ258728_1_ORF2	0	0	1	1	FALSE	FALSE
AGAATGACAGCTATCT-1	OP549859_1_ORF1	0	0	1	1	FALSE	FALSE
AGAATGACATAGGATT-1	MZ286258_1_ORF2	1	1	14	14	TRUE	TRUE
AGAATGACATATGCTC-1	meGFP	0	0	1	1	FALSE	TRUE
AGAATGACATCAGCAA-1	meGFP	1	1	29	29	TRUE	TRUE
AGACAACTCATACAGA-1	OP549859_1_ORF2	1	1	17	18	TRUE	TRUE
AGACAACTCCAGAGGC-1	OP549859_1_ORF2	1	0	8	10	TRUE	TRUE
AGACAACTCCCTCGCT-1	OP549859_1_ORF1	1	1	14	14	TRUE	TRUE
AGACAACTCTAACCAT-1	OZ258728_1_ORF2	0	0	1	2	FALSE	TRUE
AGACAACTCTCCATCT-1	OP549859_1_ORF1	1	0	4	4	TRUE	TRUE
AGACAAGAGGCCAGGT-1	MZ286258_1_ORF1	0	0	2	4	FALSE	TRUE
AGACAAGAGGCTTCAC-1	OP549859_1_ORF1	0	0	1	1	FALSE	TRUE
AGACAAGAGGGGCTTA-1	OZ258728_1_ORF2	0	0	1	1	FALSE	FALSE
AGACAAGAGGGTTAGT-1	OZ258728_1_ORF2	1	1	81	81	TRUE	TRUE
AGACAAGAGTTACCAT-1	OP549859_1_ORF2	1	1	10	12	TRUE	TRUE
AGACAAGAGTTAGGTA-1	OP549859_1_ORF2	0	0	3	3	TRUE	TRUE
AGACACAGTACCCAAT-1	MZ286102_1_ORF2	1	0	7	7	TRUE	TRUE
AGACACAGTAGTGACA-1	meGFP	0	0	2	4	FALSE	TRUE
AGACACAGTCCACATG-1	OZ258728_1_ORF2	0	0	1	1	FALSE	FALSE
AGACACAGTGAGTTAG-1	MZ286258_1_ORF2	0	0	1	1	FALSE	FALSE
AGACACAGTGCCGGAA-1	MZ286258_1_ORF1	0	0	2	2	TRUE	TRUE
AGACACAGTGTCCTTC-1	MZ286258_1_ORF2	1	0	8	8	TRUE	TRUE
AGACACAGTGTCTATA-1	MZ286102_1_ORF2	0	0	2	2	TRUE	TRUE
AGACACAGTTAGAGAT-1	MZ286188_1_ORF1	0	0	1	1	FALSE	TRUE
AGACACAGTTATCCAA-1	MZ286258_1_ORF2	2	2	18	30	FALSE	TRUE
AGACACAGTTCCCAGA-1	MZ286188_1_ORF1	0	0	1	1	FALSE	FALSE
AGACACAGTTGCAATC-1	MZ286197_1_ORF2	0	0	1	1	FALSE	TRUE
AGACACAGTTTACTTC-1	MZ286197_1_ORF2	0	0	1	1	FALSE	FALSE
AGACACCCAAGACCGT-1	MZ286102_1_ORF1	0	0	1	1	FALSE	TRUE
AGACACCCAAGATGGG-1	MZ286197_1_ORF1	0	0	1	2	FALSE	TRUE
AGACACCCACCACACC-1	OZ258728_1_ORF2	0	0	1	1	FALSE	TRUE
AGACACCCACTGAGGT-1	MZ286102_1_ORF1	0	0	2	3	FALSE	TRUE
AGACACCCAGAACGCT-1	MZ286102_1_ORF2	1	0	8	10	TRUE	TRUE
AGACACCCAGGTCTCC-1	meGFP	0	0	1	1	FALSE	FALSE
AGACACCCATGAGGAG-1	MZ286197_1_ORF1	0	0	1	1	FALSE	TRUE
AGACACCCATGGACGT-1	MZ286258_1_ORF2	1	1	26	28	TRUE	TRUE
AGACACTAGCGGATCA-1	OP549859_1_ORF1	0	0	3	4	TRUE	TRUE
AGACACTAGCTGGTTC-1	OZ258728_1_ORF2	2	1	10	17	FALSE	TRUE
AGACACTAGTATGGTA-1	OZ258728_1_ORF1	1	1	41	41	TRUE	TRUE
AGACATATCAACCGGA-1	MZ286188_1_ORF1	0	0	1	2	FALSE	TRUE
AGACATATCAATCGCC-1	MZ286102_1_ORF2	1	1	12	12	TRUE	TRUE
AGACATATCCATAGCC-1	OZ258728_1_ORF2	0	0	1	2	FALSE	TRUE
AGACATATCCCTGCGA-1	MZ286258_1_ORF2	1	0	6	6	TRUE	TRUE
AGACATATCCTCTACT-1	OZ258728_1_ORF1	0	0	1	1	FALSE	FALSE
AGACATATCCTCTCCA-1	MZ286258_1_ORF2	1	0	5	5	TRUE	TRUE
AGACATATCCTCTGGG-1	meGFP	0	0	1	1	FALSE	FALSE
AGACATATCGAACCCT-1	meGFP	0	0	1	1	FALSE	FALSE
AGACATATCGGGATTG-1	OZ258728_1_ORF2	0	0	1	1	FALSE	TRUE
AGACATTCAAAGTGCC-1	OZ258728_1_ORF2	0	0	1	1	FALSE	TRUE
AGACATTCAAGCGTTA-1	MZ286102_1_ORF2	1	0	6	6	TRUE	TRUE
AGACATTCACAGTATG-1	OZ258728_1_ORF1	1	0	6	6	TRUE	TRUE
AGACATTCACGCCATC-1	OZ258728_1_ORF2	0	0	1	1	FALSE	FALSE
AGACATTCACGTTGGG-1	OP549859_1_ORF1	0	0	1	1	FALSE	FALSE
AGACATTCACTCCGTA-1	MZ286258_1_ORF2	1	0	8	9	TRUE	TRUE
AGACATTCACTCGTCA-1	OP549859_1_ORF1	1	1	107	108	TRUE	TRUE
AGACATTCAGGGTCTG-1	OP549859_1_ORF1	0	0	1	1	FALSE	FALSE
AGACATTCATTGCCCA-1	meGFP	1	1	21	21	TRUE	TRUE
AGACGATTCAATGCTT-1	OP549859_1_ORF1	1	1	19	19	TRUE	TRUE
AGACGATTCAGCTTCA-1	OZ258728_1_ORF2	0	0	1	1	FALSE	FALSE
AGACGATTCATGATCT-1	OP549859_1_ORF1	0	0	1	1	FALSE	FALSE
AGACGATTCCAGAGGC-1	MZ286258_1_ORF2	0	0	1	1	FALSE	TRUE
AGACGATTCCGGGTAA-1	meGFP	0	0	1	1	FALSE	FALSE
AGACGATTCGGTCGAA-1	MZ286102_1_ORF2	0	0	1	1	FALSE	TRUE
AGACGATTCGTGCGAA-1	MZ286258_1_ORF2	0	0	1	1	FALSE	FALSE
AGACGATTCTAGAGGT-1	OZ258728_1_ORF2	0	0	1	1	FALSE	TRUE
AGACGATTCTATACCG-1	MZ286258_1_ORF2	1	0	4	4	TRUE	TRUE
AGACGATTCTTCGTAG-1	MZ286197_1_ORF1	0	0	1	1	FALSE	FALSE
AGACGCATCAATTCGT-1	MZ286102_1_ORF2	0	0	2	3	FALSE	TRUE
AGACGCATCACCCTAA-1	MZ286102_1_ORF2	0	0	1	1	FALSE	FALSE
AGACGCATCACGAAGT-1	MZ286188_1_ORF2	1	1	14	15	TRUE	TRUE
AGACGCATCGCATCGT-1	meGFP	1	1	13	15	TRUE	TRUE
AGACGCATCGCCTGCA-1	MZ286197_1_ORF1	1	0	4	4	TRUE	TRUE
AGACGCATCTAACTAC-1	OZ258728_1_ORF2	0	0	1	1	FALSE	TRUE
AGACGCCAGAAGCCTG-1	OZ258728_1_ORF1	0	0	1	1	FALSE	FALSE
AGACGCCAGAATGGAG-1	OP549859_1_ORF1	0	0	1	1	FALSE	FALSE
AGACGCCAGACACGCA-1	OZ258728_1_ORF2	0	0	2	6	FALSE	TRUE
AGACGCCAGACGATAC-1	MZ286102_1_ORF2	1	1	13	13	TRUE	TRUE
AGACGCCAGACTCAGG-1	meGFP	1	0	5	5	TRUE	TRUE
AGACGCCAGAGCTAGT-1	OZ258728_1_ORF1	0	0	1	1	FALSE	TRUE
AGACGCCAGCAAGTAC-1	OP549859_1_ORF1	1	1	20	21	TRUE	TRUE
AGACGCCAGCCTTGCG-1	OP549859_1_ORF1	0	0	2	2	TRUE	TRUE
AGACGCCAGCGCTAGA-1	OZ258728_1_ORF2	0	0	1	1	FALSE	FALSE
AGACGCCAGCGTGCTT-1	MZ286197_1_ORF1	1	1	13	13	TRUE	TRUE
AGACGCCAGCTGGGTA-1	OZ258728_1_ORF2	0	0	1	1	FALSE	FALSE
AGACGCCAGCTTGAGG-1	OZ258728_1_ORF2	0	0	1	1	FALSE	FALSE
AGACGCCAGGATCGCA-1	OZ258728_1_ORF2	0	0	1	1	FALSE	TRUE
AGACGCCAGTAATGTG-1	meGFP	1	1	60	60	TRUE	TRUE
AGACGCCAGTACTTCG-1	OZ258728_1_ORF2	0	0	1	1	FALSE	TRUE
AGACGCCAGTTACCAT-1	MZ286102_1_ORF2	1	1	23	25	TRUE	TRUE
AGACGCCAGTTGCAGG-1	MZ286102_1_ORF2	1	0	5	5	TRUE	TRUE
AGACTCACAAAGGTCC-1	MZ286258_1_ORF2	1	1	18	18	TRUE	TRUE
AGACTCACAACCAGCG-1	OZ258728_1_ORF2	0	0	1	1	FALSE	FALSE
AGACTCACAAGCGAAG-1	meGFP	0	0	1	1	FALSE	FALSE
AGACTCACACCCAGCT-1	MZ286197_1_ORF1	1	1	10	10	TRUE	TRUE
AGACTCACACTACCCA-1	MZ286102_1_ORF2	0	0	1	1	FALSE	FALSE
AGACTCACACTAGACA-1	MZ286197_1_ORF1	1	1	45	45	TRUE	TRUE
AGACTCACAGACATTG-1	OZ258728_1_ORF2	1	1	15	15	TRUE	TRUE
AGACTCACAGGGACTT-1	OP549859_1_ORF1	0	0	1	1	FALSE	TRUE
AGACTCACAGGTCGAT-1	OZ258728_1_ORF2	1	1	78	79	TRUE	TRUE
AGACTCACAGTGAATT-1	MZ286197_1_ORF1	1	0	5	6	TRUE	TRUE
AGACTCACATCCACAT-1	OZ258728_1_ORF2	1	1	76	79	TRUE	TRUE
AGACTCACATGCAGGT-1	MZ286102_1_ORF2	0	0	1	1	FALSE	TRUE
AGACTCCTCACCCTGG-1	OZ258728_1_ORF2	0	0	1	1	FALSE	TRUE
AGACTCCTCAGTGTGG-1	OP549859_1_ORF1	1	1	21	21	TRUE	TRUE
AGACTCCTCATCTAGT-1	OP549859_1_ORF2	0	0	1	1	FALSE	TRUE
AGACTCCTCCCAGTGT-1	MZ286197_1_ORF2	0	0	1	1	FALSE	FALSE
AGACTCCTCGAAGCGC-1	OZ258728_1_ORF2	0	0	1	1	FALSE	FALSE
AGACTCCTCTGTCGGT-1	MZ286197_1_ORF2	0	0	3	4	TRUE	TRUE
AGACTGCCAAAGGATA-1	MZ286188_1_ORF1	1	0	7	7	TRUE	TRUE
AGACTGCCAACAGATT-1	OP549859_1_ORF2	0	0	1	1	FALSE	TRUE
AGACTGCCAACAGGCT-1	OZ258728_1_ORF2	0	0	1	1	FALSE	FALSE
AGACTGCCAAGACCGT-1	MZ286197_1_ORF1	1	0	9	9	TRUE	TRUE
AGACTGCCAAGTGACC-1	OZ258728_1_ORF2	1	1	31	31	TRUE	TRUE
AGACTGCCACACTGGG-1	meGFP	0	0	1	1	FALSE	TRUE
AGACTGCCACCAAGCG-1	OZ258728_1_ORF1	1	1	14	15	TRUE	TRUE
AGACTGCCACCGCAAG-1	meGFP	0	0	1	1	FALSE	TRUE
AGACTGCCACCGTACC-1	OZ258728_1_ORF2	0	0	1	1	FALSE	FALSE
AGACTGCCACGAATGC-1	MZ286102_1_ORF2	0	0	1	2	FALSE	TRUE
AGACTGCCACGCTACC-1	MZ286197_1_ORF2	0	0	2	5	FALSE	TRUE
AGACTGCCACTAATGG-1	MZ286258_1_ORF2	1	1	14	17	TRUE	TRUE
AGACTGCCACTCATAC-1	OZ258728_1_ORF2	2	1	14	20	FALSE	TRUE
AGACTGCCACTGACTT-1	MZ286258_1_ORF2	0	0	3	3	TRUE	TRUE
AGACTGCCAGCTTGGG-1	OZ258728_1_ORF2	1	1	163	163	TRUE	TRUE
AGACTGCCAGGTACAC-1	MZ286102_1_ORF2	1	0	8	8	TRUE	TRUE
AGACTGCCAGTTCGCC-1	OP549859_1_ORF1	0	0	1	1	FALSE	FALSE
AGACTGCCATAGTTGG-1	OZ258728_1_ORF1	2	0	9	13	FALSE	TRUE
AGACTGCCATTAGGGC-1	OZ258728_1_ORF2	0	0	1	1	FALSE	FALSE
AGACTTAAGACTAATG-1	OZ258728_1_ORF2	1	1	32	32	TRUE	TRUE
AGACTTAAGATGCCAG-1	MZ286188_1_ORF1	1	1	11	13	TRUE	TRUE
AGACTTAAGCGGAACC-1	MZ286197_1_ORF1	0	0	1	1	FALSE	FALSE
AGACTTAAGCGTTCGT-1	MZ286197_1_ORF2	0	0	2	2	TRUE	FALSE
AGACTTAAGGAGTGCC-1	OZ258728_1_ORF2	0	0	1	1	FALSE	TRUE
AGACTTAAGGATCGCA-1	meGFP	0	0	3	4	TRUE	TRUE
AGACTTAAGGGATACT-1	OZ258728_1_ORF2	0	0	1	1	FALSE	FALSE
AGACTTAAGGTAGGTT-1	MZ286197_1_ORF1	0	0	3	6	FALSE	TRUE
AGACTTAAGTACTAAG-1	meGFP	0	0	1	1	FALSE	TRUE
AGACTTAAGTGGAGCC-1	MZ286188_1_ORF1	0	0	1	2	FALSE	TRUE
AGACTTCGTAACGATG-1	MZ286258_1_ORF2	1	0	4	6	TRUE	TRUE
AGACTTCGTCGCATAT-1	MZ286197_1_ORF2	0	0	2	2	TRUE	TRUE
AGACTTCGTGAAGGCT-1	MZ286188_1_ORF2	0	0	1	1	FALSE	TRUE
AGACTTCGTGGCAACG-1	MZ286188_1_ORF2	0	0	1	2	FALSE	TRUE
AGACTTCGTTAACGTC-1	MZ286258_1_ORF1	0	0	2	2	TRUE	TRUE
AGACTTGCAACTGGTA-1	MZ286197_1_ORF1	0	0	1	1	FALSE	TRUE
AGACTTGCACGTGAGT-1	OP549859_1_ORF1	0	0	1	1	FALSE	FALSE
AGACTTGCACTACTAC-1	meGFP	1	1	12	13	TRUE	TRUE
AGACTTGCACTTCAAC-1	OZ258728_1_ORF2	0	0	1	1	FALSE	FALSE
AGACTTGCAGCACTCC-1	MZ286188_1_ORF2	0	0	1	3	FALSE	TRUE
AGACTTGCATGAGGAG-1	OZ258728_1_ORF2	0	0	1	1	FALSE	FALSE
AGAGAACCAACAGAGG-1	meGFP	0	0	1	1	FALSE	FALSE
AGAGAACCAAGATGGG-1	meGFP	1	1	47	49	TRUE	TRUE
AGAGAACCACGCACGA-1	OP549859_1_ORF2	0	0	1	2	FALSE	TRUE
AGAGAACCACTATCGT-1	MZ286188_1_ORF1	0	0	1	1	FALSE	TRUE
AGAGAACCACTTCCTC-1	meGFP	0	0	1	2	FALSE	TRUE
AGAGAACCAGCTATCT-1	OZ258728_1_ORF2	0	0	1	1	FALSE	FALSE
AGAGAACCAGTAGGAG-1	OZ258728_1_ORF2	0	0	1	1	FALSE	FALSE
AGAGAACCATAGTAGT-1	meGFP	1	1	65	65	TRUE	TRUE
AGAGAACCATCCCGAC-1	OP549859_1_ORF1	1	1	99	99	TRUE	TRUE
AGAGAACCATGCAGGT-1	MZ286197_1_ORF2	0	0	2	3	FALSE	TRUE
AGAGAACCATGGAGAG-1	MZ286197_1_ORF2	0	0	2	3	FALSE	TRUE
AGAGAACCATTCATTG-1	OZ258728_1_ORF2	1	1	135	135	TRUE	TRUE
AGAGATACAAACTAAC-1	meGFP	1	1	25	25	TRUE	TRUE
AGAGATACAAACTTCC-1	meGFP	0	0	1	1	FALSE	TRUE
AGAGATACAAGCGTTA-1	MZ286258_1_ORF2	1	0	8	8	TRUE	TRUE
AGAGATACACAACCAA-1	OP549859_1_ORF1	0	0	1	1	FALSE	TRUE
AGAGATACACAATCCT-1	OZ258728_1_ORF2	2	1	151	160	TRUE	TRUE
AGAGATACACCACAGG-1	MZ286188_1_ORF2	1	1	18	18	TRUE	TRUE
AGAGATACACCTGCAC-1	MZ286102_1_ORF2	0	0	1	2	FALSE	TRUE
AGAGATACACGGGTAT-1	OZ258728_1_ORF1	1	0	8	8	TRUE	TRUE
AGAGATACACGTTAAG-1	OP549859_1_ORF1	0	0	2	2	TRUE	TRUE
AGAGATACAGAGAGAT-1	meGFP	1	0	8	8	TRUE	TRUE
AGAGATACAGAGGTTC-1	MZ286102_1_ORF2	1	1	11	11	TRUE	TRUE
AGAGATACATACCGTT-1	MZ286102_1_ORF2	0	0	1	1	FALSE	FALSE
AGAGATACATCCACAT-1	MZ286188_1_ORF1	0	0	1	1	FALSE	TRUE
AGAGGATCAACCATTC-1	MZ286258_1_ORF2	1	1	35	35	TRUE	TRUE
AGAGGATCAAGTCAAT-1	OP549859_1_ORF1	1	1	69	69	TRUE	TRUE
AGAGGATCAAGTGTCA-1	meGFP	0	0	1	1	FALSE	TRUE
AGAGGATCAATCGTTC-1	OP549859_1_ORF1	0	0	1	1	FALSE	FALSE
AGAGGATCACAAGGCT-1	MZ286102_1_ORF2	0	0	1	1	FALSE	FALSE
AGAGGATCACATTCGT-1	OZ258728_1_ORF1	1	1	10	10	TRUE	TRUE
AGAGGATCACCAATCT-1	MZ286258_1_ORF2	0	0	1	1	FALSE	FALSE
AGAGGATCAGATTAAC-1	OZ258728_1_ORF2	0	0	1	1	FALSE	FALSE
AGAGGATCAGGTCTCC-1	meGFP	0	0	1	1	FALSE	FALSE
AGAGGATCATAAGGTT-1	meGFP	0	0	1	1	FALSE	TRUE
AGAGGATCATAATCCC-1	meGFP	1	1	17	17	TRUE	TRUE
AGAGGATCATATGCAG-1	OZ258728_1_ORF2	0	0	1	1	FALSE	TRUE
AGAGGGAGTACAGCCC-1	OP549859_1_ORF1	0	0	1	1	FALSE	FALSE
AGAGGGAGTACCGACC-1	meGFP	0	0	1	1	FALSE	FALSE
AGAGGGAGTAGTCGGG-1	meGFP	1	0	9	9	TRUE	TRUE
AGAGGGAGTCGCGTGT-1	meGFP	0	0	1	1	FALSE	FALSE
AGAGGGAGTGCGTAGG-1	MZ286197_1_ORF2	0	0	3	3	TRUE	TRUE
AGAGGGAGTGGGAATC-1	MZ286258_1_ORF2	1	0	7	7	TRUE	TRUE
AGAGGGAGTTGGGATA-1	OZ258728_1_ORF2	0	0	1	1	FALSE	TRUE
AGAGGGCCAAACGGCT-1	MZ286102_1_ORF2	1	0	7	8	TRUE	TRUE
AGAGGGCCAAACTGTG-1	meGFP	0	0	1	2	FALSE	TRUE
AGAGGGCCAAATCAGT-1	OZ258728_1_ORF2	0	0	1	1	FALSE	FALSE
AGAGGGCCAAGCGAAG-1	OZ258728_1_ORF2	1	1	45	45	TRUE	TRUE
AGAGGGCCAGAATGAA-1	OP549859_1_ORF2	0	0	3	3	TRUE	TRUE
AGAGGGCCAGCCAACG-1	MZ286197_1_ORF1	0	0	1	1	FALSE	FALSE
AGAGGGCCAGGTAGAG-1	MZ286102_1_ORF1	1	1	17	18	TRUE	TRUE
AGAGGGCCATTCCGTG-1	meGFP	0	0	3	3	TRUE	TRUE
AGAGGGTAGAACCACG-1	MZ286197_1_ORF1	0	0	1	1	FALSE	TRUE
AGAGGGTAGAAGGACA-1	OZ258728_1_ORF2	0	0	1	1	FALSE	TRUE
AGAGGGTAGACGATAC-1	MZ286258_1_ORF2	0	0	1	1	FALSE	TRUE
AGAGGGTAGACGCAAT-1	MZ286102_1_ORF2	1	1	14	14	TRUE	TRUE
AGAGGGTAGAGCCAAT-1	OZ258728_1_ORF1	0	0	1	1	FALSE	TRUE
AGAGGGTAGAGGCGTC-1	MZ286102_1_ORF2	0	0	1	1	FALSE	FALSE
AGAGGGTAGATTGGTA-1	OZ258728_1_ORF1	0	0	3	5	FALSE	TRUE
AGAGGGTAGCCTACTA-1	OZ258728_1_ORF2	0	0	1	1	FALSE	FALSE
AGAGGGTAGCTACTTG-1	MZ286258_1_ORF2	0	0	1	1	FALSE	FALSE
AGAGGGTAGGAAGTAG-1	OP549859_1_ORF1	1	1	109	111	TRUE	TRUE
AGAGGGTAGGAATGTC-1	OP549859_1_ORF1	1	1	82	82	TRUE	TRUE
AGAGGTCGTAACCGGG-1	OZ258728_1_ORF2	0	0	1	1	FALSE	FALSE
AGAGGTCGTAATGCAG-1	OZ258728_1_ORF2	0	0	1	1	FALSE	TRUE
AGAGGTCGTACAGGGT-1	OZ258728_1_ORF2	0	0	1	1	FALSE	FALSE
AGAGGTCGTACGTTCG-1	OZ258728_1_ORF2	0	0	1	1	FALSE	FALSE
AGAGGTCGTACTTGGT-1	MZ286258_1_ORF2	1	0	4	5	TRUE	TRUE
AGAGGTCGTAGTCCTG-1	MZ286258_1_ORF2	0	0	1	1	FALSE	FALSE
AGAGGTCGTCCACATG-1	meGFP	0	0	1	1	FALSE	FALSE
AGAGGTCGTCGATGCC-1	MZ286188_1_ORF1	0	0	1	1	FALSE	TRUE
AGAGGTCGTCTCCTCG-1	MZ286102_1_ORF2	0	0	3	3	TRUE	TRUE
AGAGGTCGTGCATGAA-1	OZ258728_1_ORF1	1	0	8	8	TRUE	TRUE
AGAGGTCGTGGCCGTT-1	OZ258728_1_ORF2	0	0	2	2	TRUE	FALSE
AGAGGTCGTGTCCTTC-1	OP549859_1_ORF1	2	2	33	64	FALSE	TRUE
AGAGGTCGTTCGCTGA-1	MZ286188_1_ORF1	0	0	1	1	FALSE	FALSE
AGAGGTCGTTTCAAGC-1	MZ286258_1_ORF2	0	0	1	1	FALSE	FALSE
AGAGGTGCAACCCTGC-1	OP549859_1_ORF1	0	0	2	2	TRUE	TRUE
AGAGGTGCAACGTAAT-1	OP549859_1_ORF2	1	1	19	19	TRUE	TRUE
AGAGGTGCAAGTGAGG-1	MZ286102_1_ORF1	0	0	1	1	FALSE	TRUE
AGAGGTGCACATAGTG-1	OZ258728_1_ORF2	0	0	1	1	FALSE	FALSE
AGAGGTGCACCGCAAG-1	MZ286197_1_ORF1	1	1	39	39	TRUE	TRUE
AGAGGTGCACGCGAAT-1	MZ286197_1_ORF1	0	0	1	1	FALSE	FALSE
AGAGGTGCAGCTGCGA-1	MZ286197_1_ORF1	0	0	1	1	FALSE	FALSE
AGAGGTGCAGGATTGC-1	OZ258728_1_ORF2	1	1	151	151	TRUE	TRUE
AGAGGTGCAGGCGCTA-1	OZ258728_1_ORF2	0	0	1	1	FALSE	FALSE
AGAGGTGCATAACTGG-1	MZ286258_1_ORF2	1	1	14	14	TRUE	TRUE
AGAGGTGCATGTCGAA-1	meGFP	1	1	79	80	TRUE	TRUE
AGAGTTATCATGATCT-1	MZ286197_1_ORF2	0	0	2	3	FALSE	TRUE
AGAGTTATCATTCGAT-1	MZ286102_1_ORF1	1	1	23	23	TRUE	TRUE
AGAGTTATCTTGCATG-1	OZ258728_1_ORF2	0	0	1	2	FALSE	TRUE
AGCAAGCGTAGCGAGT-1	meGFP	0	0	1	2	FALSE	TRUE
AGCAAGCGTCATTCGG-1	MZ286188_1_ORF2	0	0	2	3	FALSE	TRUE
AGCAAGCGTGCGTGCT-1	MZ286258_1_ORF2	0	0	1	1	FALSE	FALSE
AGCAAGCGTGGACATA-1	OZ258728_1_ORF1	1	0	6	8	TRUE	TRUE
AGCAAGCGTGGGTAAC-1	OP549859_1_ORF1	0	0	1	1	FALSE	FALSE
AGCAAGCGTTCCAACG-1	MZ286197_1_ORF1	0	0	1	1	FALSE	FALSE
AGCAAGGCAAATGAGA-1	OZ258728_1_ORF2	0	0	1	1	FALSE	FALSE
AGCAAGGCAACTTCGT-1	OP549859_1_ORF1	0	0	1	1	FALSE	TRUE
AGCAAGGCAATAGCAT-1	OZ258728_1_ORF2	0	0	2	6	FALSE	TRUE
AGCAAGGCACAGTTAG-1	MZ286258_1_ORF2	0	0	1	1	FALSE	TRUE
AGCAAGGCACCTCAAT-1	MZ286258_1_ORF2	0	0	1	1	FALSE	TRUE
AGCAAGGCAGCCTCGT-1	MZ286102_1_ORF2	0	0	3	4	TRUE	TRUE
AGCAAGGCAGTTCGCC-1	MZ286102_1_ORF1	0	0	1	1	FALSE	FALSE
AGCAATATCAATGCAA-1	OP549859_1_ORF1	0	0	1	1	FALSE	TRUE
AGCAATATCATCTAGT-1	OZ258728_1_ORF2	0	0	1	1	FALSE	TRUE
AGCAATATCCGCCTGA-1	OZ258728_1_ORF2	0	0	1	1	FALSE	TRUE
AGCAATATCCTGATAT-1	OZ258728_1_ORF2	0	0	1	1	FALSE	TRUE
AGCAATATCGCTGGAA-1	OP549859_1_ORF2	0	0	1	2	FALSE	TRUE
AGCAATATCGGCTCCA-1	OZ258728_1_ORF2	0	0	1	1	FALSE	TRUE
AGCAATATCGGGATTG-1	OZ258728_1_ORF1	0	0	1	1	FALSE	FALSE
AGCAATTCAAAGGATA-1	OZ258728_1_ORF2	0	0	1	2	FALSE	TRUE
AGCAATTCAAAGGCGA-1	OZ258728_1_ORF2	0	0	1	1	FALSE	TRUE
AGCAATTCAAATGCGC-1	meGFP	2	2	26	50	FALSE	TRUE
AGCAATTCACAGCCAG-1	meGFP	0	0	1	1	FALSE	TRUE
AGCAATTCACGTTGGG-1	meGFP	0	0	1	1	FALSE	TRUE
AGCAATTCAGCAACCG-1	meGFP	0	0	1	1	FALSE	TRUE
AGCAATTCAGGACGAA-1	OZ258728_1_ORF2	0	0	1	1	FALSE	TRUE
AGCAATTCAGTACCAA-1	MZ286258_1_ORF2	0	0	1	1	FALSE	TRUE
AGCAATTCATATCACC-1	MZ286102_1_ORF2	0	0	1	1	FALSE	TRUE
AGCAATTCATGATTCC-1	OZ258728_1_ORF1	0	0	1	2	FALSE	TRUE
AGCAATTCATGCAATG-1	OP549859_1_ORF1	2	1	11	17	FALSE	TRUE
AGCAATTCATTCGCTG-1	meGFP	1	1	14	14	TRUE	TRUE
AGCACCTTCACCAGGA-1	OZ258728_1_ORF2	0	0	1	1	FALSE	TRUE
AGCACCTTCATCCGGT-1	MZ286258_1_ORF2	1	0	8	8	TRUE	TRUE
AGCACCTTCATTAACC-1	MZ286102_1_ORF2	0	0	2	2	TRUE	TRUE
AGCACCTTCCAAGTGG-1	OZ258728_1_ORF2	0	0	1	1	FALSE	TRUE
AGCACCTTCGGTAAGT-1	OZ258728_1_ORF2	0	0	1	1	FALSE	FALSE
AGCACCTTCTCTATGG-1	OZ258728_1_ORF1	1	1	10	10	TRUE	TRUE
AGCACCTTCTCTCAAG-1	OP549859_1_ORF1	0	0	1	1	FALSE	FALSE
AGCACGATCCCCGACA-1	OZ258728_1_ORF1	0	0	3	3	TRUE	TRUE
AGCACGATCCCGATGT-1	MZ286197_1_ORF1	2	1	26	31	TRUE	TRUE
AGCACGATCGCCCGTA-1	OZ258728_1_ORF2	0	0	1	1	FALSE	FALSE
AGCACGATCGGATGCA-1	OZ258728_1_ORF2	0	0	1	1	FALSE	FALSE
AGCACGATCTAGATGA-1	MZ286258_1_ORF2	0	0	2	2	TRUE	TRUE
AGCACGATCTATAGGA-1	MZ286258_1_ORF1	0	0	1	1	FALSE	TRUE
AGCACGATCTCCTTCG-1	MZ286102_1_ORF1	1	1	50	51	TRUE	TRUE
AGCACGATCTTAGTAC-1	MZ286197_1_ORF1	0	0	3	6	FALSE	TRUE
AGCACTACAACCTCGC-1	OZ258728_1_ORF2	1	1	47	47	TRUE	TRUE
AGCACTACAACTGGCG-1	OZ258728_1_ORF1	0	0	1	2	FALSE	TRUE
AGCACTACACACCGCT-1	MZ286258_1_ORF1	1	0	8	8	TRUE	TRUE
AGCACTACACCAAGTA-1	MZ286188_1_ORF2	1	0	5	8	TRUE	TRUE
AGCACTACACCAGGCA-1	MZ286102_1_ORF2	1	0	8	8	TRUE	TRUE
AGCACTACAGAGAGAT-1	MZ286258_1_ORF2	0	0	1	1	FALSE	FALSE
AGCACTACAGGACGAA-1	MZ286102_1_ORF2	1	0	7	8	TRUE	TRUE
AGCACTACAGGTACAC-1	meGFP	0	0	1	1	FALSE	FALSE
AGCACTACAGTTCGGG-1	MZ286258_1_ORF1	1	0	8	8	TRUE	TRUE
AGCACTACATCGCATT-1	meGFP	0	0	3	3	TRUE	TRUE
AGCACTGAGAAGTTGC-1	MZ286197_1_ORF1	1	0	7	8	TRUE	TRUE
AGCACTGAGAATCAGC-1	OP549859_1_ORF2	0	0	1	1	FALSE	FALSE
AGCACTGAGCGACGGT-1	MZ286258_1_ORF1	0	0	1	1	FALSE	TRUE
AGCACTGAGGGCGTGT-1	MZ286258_1_ORF2	1	1	14	14	TRUE	TRUE
AGCAGGCTCACGGAAT-1	OZ258728_1_ORF2	1	1	15	15	TRUE	TRUE
AGCAGGCTCACGGTCT-1	meGFP	1	1	14	14	TRUE	TRUE
AGCAGGCTCATCGTTG-1	MZ286102_1_ORF2	0	0	1	1	FALSE	TRUE
AGCAGGCTCCTACTGA-1	MZ286102_1_ORF1	1	0	8	14	TRUE	TRUE
AGCAGGCTCGGGATTG-1	OZ258728_1_ORF2	0	0	1	1	FALSE	FALSE
AGCAGGCTCTACCGAC-1	MZ286188_1_ORF1	0	0	1	1	FALSE	FALSE
AGCAGGCTCTAGCCCG-1	MZ286197_1_ORF2	1	0	7	7	TRUE	TRUE
AGCAGGCTCTCCTTCG-1	MZ286102_1_ORF2	0	0	3	3	TRUE	TRUE
AGCAGGCTCTGGATGG-1	OP549859_1_ORF1	1	0	7	8	TRUE	TRUE
AGCATAATCAAGGGTT-1	OZ258728_1_ORF2	1	1	39	39	TRUE	TRUE
AGCATAATCCGTAGCT-1	MZ286258_1_ORF2	1	0	7	8	TRUE	TRUE
AGCATAATCGCCAGTT-1	MZ286258_1_ORF2	0	0	1	1	FALSE	FALSE
AGCATAATCTAGGCAG-1	OP549859_1_ORF2	1	0	7	7	TRUE	TRUE
AGCCACAAGAATCAGC-1	OZ258728_1_ORF2	1	1	44	45	TRUE	TRUE
AGCCACAAGACTTGCC-1	OP549859_1_ORF1	0	0	1	1	FALSE	TRUE
AGCCACAAGAGATAGG-1	MZ286197_1_ORF2	1	1	10	11	TRUE	TRUE
AGCCACAAGAGTTAGC-1	MZ286188_1_ORF1	0	0	1	1	FALSE	FALSE
AGCCACAAGATTGGTA-1	OZ258728_1_ORF2	0	0	1	1	FALSE	FALSE
AGCCACAAGCCTAGTC-1	meGFP	0	0	2	3	FALSE	TRUE
AGCCACAAGCCTTCCC-1	MZ286258_1_ORF2	0	0	3	3	TRUE	TRUE
AGCCACAAGTGATAGC-1	OP549859_1_ORF1	0	0	1	1	FALSE	TRUE
AGCCACAAGTTAAGTG-1	MZ286102_1_ORF2	1	1	23	23	TRUE	TRUE
AGCCACAAGTTGACTT-1	MZ286102_1_ORF2	1	0	6	6	TRUE	TRUE
AGCCACAAGTTGCAGG-1	meGFP	3	0	7	21	FALSE	TRUE
AGCCAGCAGACCCATC-1	OZ258728_1_ORF2	0	0	1	1	FALSE	FALSE
AGCCAGCAGAGGACTT-1	MZ286258_1_ORF2	0	0	2	2	TRUE	TRUE
AGCCAGCAGCACCATC-1	MZ286188_1_ORF1	0	0	2	3	FALSE	TRUE
AGCCAGCAGCTACTTG-1	MZ286258_1_ORF2	0	0	1	1	FALSE	FALSE
AGCCAGCAGGAAGGGT-1	OP549859_1_ORF1	1	1	82	82	TRUE	TRUE
AGCCAGCAGGAGTATC-1	MZ286258_1_ORF1	0	0	1	2	FALSE	FALSE
AGCCAGCAGGCACATG-1	MZ286258_1_ORF1	1	1	16	16	TRUE	TRUE
AGCCAGCAGGCATCCT-1	OZ258728_1_ORF2	1	1	16	17	TRUE	TRUE
AGCCAGCAGTCATCCA-1	MZ286258_1_ORF2	1	0	7	11	TRUE	TRUE
AGCCCCATCAATTACC-1	MZ286102_1_ORF1	0	0	1	1	FALSE	TRUE
AGCCCCATCACGTTCA-1	MZ286258_1_ORF1	1	1	81	81	TRUE	TRUE
AGCCCCATCCAATCAT-1	MZ286258_1_ORF2	1	1	27	27	TRUE	TRUE
AGCCCCATCCGTGGTT-1	OZ258728_1_ORF1	0	0	1	1	FALSE	TRUE
AGCCCCATCGAATCAA-1	meGFP	0	0	1	1	FALSE	FALSE
AGCCCCATCGCCCGTA-1	OP549859_1_ORF1	0	0	2	2	TRUE	TRUE
AGCCCCATCGGCGTAA-1	OP549859_1_ORF2	1	1	12	14	TRUE	TRUE
AGCCCCATCTAGATGA-1	MZ286102_1_ORF2	0	0	1	1	FALSE	FALSE
AGCCCCATCTGGATGG-1	OP549859_1_ORF1	0	0	1	1	FALSE	TRUE
AGCCCGCTCAATCGAA-1	MZ286197_1_ORF1	0	0	1	1	FALSE	FALSE
AGCCCGCTCATGGCAG-1	meGFP	0	0	1	1	FALSE	FALSE
AGCCCGCTCCAGAGAT-1	MZ286258_1_ORF1	1	0	5	5	TRUE	TRUE
AGCCCGCTCCCGTAAC-1	MZ286188_1_ORF1	0	0	1	1	FALSE	FALSE
AGCCCGCTCCCTCGCT-1	MZ286258_1_ORF2	0	0	3	3	TRUE	TRUE
AGCCCGCTCGACACAG-1	MZ286258_1_ORF1	0	0	1	2	FALSE	TRUE
AGCCCGCTCGACTCCG-1	OZ258728_1_ORF2	0	0	1	1	FALSE	TRUE
AGCCCGCTCGTACGGA-1	OZ258728_1_ORF2	1	0	6	6	TRUE	TRUE
AGCCCGCTCTCGAGCT-1	MZ286197_1_ORF2	0	0	3	7	FALSE	TRUE
AGCCCGTGTAACGGAC-1	MZ286102_1_ORF2	0	0	1	1	FALSE	FALSE
AGCCCGTGTATCTCAA-1	MZ286258_1_ORF2	1	1	30	30	TRUE	TRUE
AGCCCGTGTATCTGGT-1	OP549859_1_ORF1	0	0	1	1	FALSE	TRUE
AGCCCGTGTCCACGGT-1	MZ286258_1_ORF2	1	1	14	16	TRUE	TRUE
AGCCCGTGTGATGTAG-1	MZ286197_1_ORF1	1	1	26	27	TRUE	TRUE
AGCCCGTGTGCCCAAC-1	meGFP	1	0	4	4	TRUE	TRUE
AGCCCGTGTTAGAGAT-1	meGFP	0	0	1	1	FALSE	TRUE
AGCCCGTGTTCAAGTC-1	MZ286188_1_ORF1	0	0	1	1	FALSE	FALSE
AGCCCGTGTTCCGTTC-1	MZ286258_1_ORF2	0	0	2	2	TRUE	FALSE
AGCCCGTGTTGGTTAC-1	MZ286102_1_ORF1	0	0	1	2	FALSE	TRUE
AGCCCGTGTTTGAACC-1	OZ258728_1_ORF1	0	0	2	2	TRUE	FALSE
AGCCCGTGTTTGCGGC-1	MZ286188_1_ORF1	1	1	10	10	TRUE	TRUE
AGCCTCGTCACATGCC-1	MZ286258_1_ORF1	0	0	1	1	FALSE	TRUE
AGCCTCGTCATGGCTC-1	MZ286102_1_ORF2	0	0	1	1	FALSE	FALSE
AGCCTCGTCCCCGGTA-1	MZ286258_1_ORF2	1	0	4	4	TRUE	FALSE
AGCCTCGTCGCCTGCA-1	MZ286197_1_ORF1	0	0	1	2	FALSE	TRUE
AGCCTCGTCGCTTGGT-1	OZ258728_1_ORF2	0	0	1	2	FALSE	TRUE
AGCCTCGTCGTCTAGC-1	OP549859_1_ORF2	0	0	1	1	FALSE	TRUE
AGCCTCGTCTAAGCGG-1	MZ286197_1_ORF1	1	0	4	4	TRUE	TRUE
AGCCTCGTCTAAGTCT-1	MZ286188_1_ORF1	0	0	1	1	FALSE	FALSE
AGCCTCGTCTGTAATC-1	MZ286102_1_ORF2	1	0	7	7	TRUE	TRUE
AGCCTCTAGAAGCCTG-1	OZ258728_1_ORF2	1	1	72	72	TRUE	TRUE
AGCCTCTAGACTTACT-1	meGFP	0	0	1	1	FALSE	FALSE
AGCCTCTAGCGTAAGT-1	OZ258728_1_ORF2	1	1	26	26	TRUE	TRUE
AGCCTCTAGCTTAGTT-1	OZ258728_1_ORF2	0	0	1	1	FALSE	FALSE
AGCCTCTAGTAATGTG-1	MZ286197_1_ORF1	0	0	1	1	FALSE	FALSE
AGCCTCTAGTCATTAC-1	OP549859_1_ORF2	1	0	6	6	TRUE	TRUE
AGCCTCTAGTGCGGAC-1	MZ286102_1_ORF2	0	0	1	1	FALSE	TRUE
AGCCTCTAGTTGAATG-1	MZ286188_1_ORF2	1	0	5	7	TRUE	TRUE
AGCCTTTCAAACTAAC-1	MZ286197_1_ORF2	0	0	1	1	FALSE	TRUE
AGCCTTTCAACCTCAT-1	MZ286258_1_ORF2	1	1	19	20	TRUE	TRUE
AGCCTTTCATCGTAAG-1	OZ258728_1_ORF2	0	0	2	5	FALSE	TRUE
AGCCTTTCATGGCTGG-1	OZ258728_1_ORF2	0	0	1	1	FALSE	TRUE
AGCCTTTCATTCATTG-1	OZ258728_1_ORF2	1	1	86	86	TRUE	TRUE
AGCCTTTCATTGAAGT-1	MZ286197_1_ORF1	1	0	8	8	TRUE	TRUE
AGCGCCCTCACCAATT-1	OZ258728_1_ORF1	0	0	1	2	FALSE	FALSE
AGCGCCCTCCAATCAT-1	OP549859_1_ORF1	1	1	14	14	TRUE	TRUE
AGCGCCCTCCCGTAAC-1	OZ258728_1_ORF2	0	0	1	1	FALSE	TRUE
AGCGCCCTCGCTATGC-1	OZ258728_1_ORF1	1	1	26	26	TRUE	TRUE
AGCGCCCTCTAAGTCT-1	meGFP	0	0	1	1	FALSE	FALSE
AGCGCCTGTAACTTGC-1	OZ258728_1_ORF2	1	1	30	31	TRUE	TRUE
AGCGCCTGTAAGCCAA-1	MZ286197_1_ORF1	1	0	4	5	TRUE	TRUE
AGCGCCTGTCATACTA-1	OZ258728_1_ORF2	1	1	30	30	TRUE	TRUE
AGCGCCTGTCTAATCA-1	MZ286102_1_ORF2	0	0	1	2	FALSE	TRUE
AGCGCCTGTGAAGCCG-1	OZ258728_1_ORF2	0	0	2	3	FALSE	TRUE
AGCGCCTGTGAGTAAT-1	OZ258728_1_ORF2	1	1	28	28	TRUE	TRUE
AGCGCCTGTGGGTAAC-1	OZ258728_1_ORF2	0	0	1	1	FALSE	FALSE
AGCGCCTGTTGTGCGC-1	OZ258728_1_ORF2	0	0	1	1	FALSE	FALSE
AGCGCCTGTTTACCAA-1	MZ286102_1_ORF2	1	0	4	6	TRUE	TRUE
AGCGCCTGTTTCATCT-1	OZ258728_1_ORF1	1	1	26	27	TRUE	TRUE
AGCGGGTTCACAGATA-1	meGFP	0	0	1	1	FALSE	TRUE
AGCGGGTTCACGTTCA-1	OP549859_1_ORF1	0	0	1	1	FALSE	FALSE
AGCGGGTTCATCAATC-1	MZ286102_1_ORF2	0	0	1	1	FALSE	FALSE
AGCGGGTTCCAAGTCC-1	MZ286102_1_ORF2	1	0	4	4	TRUE	TRUE
AGCGGGTTCCCCAGAT-1	MZ286102_1_ORF1	0	0	3	6	FALSE	TRUE
AGCGGGTTCGCGTTAC-1	MZ286258_1_ORF2	1	1	10	11	TRUE	TRUE
AGCGGGTTCTAAGCAA-1	MZ286102_1_ORF1	1	0	9	9	TRUE	TRUE
AGCGGGTTCTGGCTTA-1	OZ258728_1_ORF1	0	0	3	3	TRUE	TRUE
AGCGTTACAAAGGGCA-1	OZ258728_1_ORF2	0	0	1	1	FALSE	FALSE
AGCGTTACAACACCAA-1	MZ286188_1_ORF2	0	0	1	1	FALSE	TRUE
AGCGTTACAACCATTC-1	OZ258728_1_ORF2	0	0	1	2	FALSE	TRUE
AGCGTTACAAGACCGT-1	MZ286188_1_ORF1	1	0	9	11	TRUE	TRUE
AGCGTTACAATTGAAC-1	MZ286258_1_ORF1	1	1	83	83	TRUE	TRUE
AGCGTTACACTTCCTC-1	MZ286197_1_ORF1	0	0	1	2	FALSE	TRUE
AGCGTTACAGATAGGG-1	meGFP	0	0	1	1	FALSE	FALSE
AGCGTTACATGTCTGT-1	meGFP	0	0	1	1	FALSE	FALSE
AGCGTTACATTCACAC-1	OZ258728_1_ORF2	0	0	1	1	FALSE	TRUE
AGCTGACCAGGGTCCA-1	OP549859_1_ORF2	2	0	7	13	FALSE	TRUE
AGCTGACCAGTACCAA-1	MZ286188_1_ORF1	0	0	1	1	FALSE	FALSE
AGCTGACCAGTGAATT-1	OZ258728_1_ORF2	0	0	1	1	FALSE	TRUE
AGCTGACCATAACGAT-1	MZ286188_1_ORF2	0	0	2	2	TRUE	FALSE
AGCTGACCATCGGGCA-1	MZ286258_1_ORF1	1	0	4	5	TRUE	TRUE
AGCTGACCATGACAGC-1	MZ286102_1_ORF2	1	0	4	5	TRUE	TRUE
AGCTGACCATGATTCC-1	MZ286102_1_ORF1	0	0	1	2	FALSE	TRUE
AGCTGACCATGGAGCT-1	OZ258728_1_ORF2	0	0	1	1	FALSE	FALSE
AGCTGTGAGAGCTAGT-1	OZ258728_1_ORF2	0	0	1	1	FALSE	TRUE
AGCTGTGAGATAGACC-1	OP549859_1_ORF1	0	0	1	1	FALSE	FALSE
AGCTGTGAGCACGGAC-1	meGFP	0	0	1	1	FALSE	FALSE
AGCTGTGAGCGAGAGG-1	meGFP	0	0	1	1	FALSE	TRUE
AGCTGTGAGCGATTAA-1	OZ258728_1_ORF2	0	0	1	1	FALSE	TRUE
AGCTGTGAGCTTGAGG-1	OZ258728_1_ORF2	0	0	1	1	FALSE	FALSE
AGCTGTGAGGACATAC-1	OZ258728_1_ORF2	0	0	1	1	FALSE	FALSE
AGCTGTGAGGATCACG-1	MZ286188_1_ORF2	0	0	2	2	TRUE	TRUE
AGCTGTGAGGCCATTC-1	meGFP	0	0	1	1	FALSE	FALSE
AGCTGTGAGGGCAGGA-1	MZ286258_1_ORF2	0	0	3	3	TRUE	TRUE
AGCTGTGAGGTAGGAA-1	MZ286258_1_ORF1	0	0	2	2	TRUE	TRUE
AGCTTCCAGACTCCGT-1	MZ286102_1_ORF2	0	0	1	1	FALSE	TRUE
AGCTTCCAGCCACTCG-1	meGFP	0	0	2	2	TRUE	FALSE
AGCTTCCAGCGCTTAC-1	OP549859_1_ORF2	0	0	1	1	FALSE	TRUE
AGCTTCCAGCTCCTGG-1	MZ286197_1_ORF1	1	0	4	4	TRUE	TRUE
AGCTTCCAGCTCTCAA-1	MZ286197_1_ORF2	0	0	2	2	TRUE	TRUE
AGCTTCCAGGAATGAG-1	MZ286258_1_ORF2	0	0	2	4	FALSE	TRUE
AGCTTCCAGGCGTAAT-1	MZ286102_1_ORF2	2	0	9	16	FALSE	TRUE
AGCTTCCAGTGTGATA-1	OZ258728_1_ORF2	1	1	11	12	TRUE	TRUE
AGCTTGTGTAAGTCTC-1	OZ258728_1_ORF1	0	0	1	2	FALSE	TRUE
AGCTTGTGTACAGAGC-1	MZ286258_1_ORF2	0	0	1	3	FALSE	TRUE
AGCTTGTGTCTAAGCT-1	OZ258728_1_ORF2	0	0	1	2	FALSE	TRUE
AGCTTGTGTGCGCGAA-1	MZ286102_1_ORF1	1	1	28	28	TRUE	TRUE
AGCTTGTGTGTCTATA-1	MZ286197_1_ORF1	1	1	88	90	TRUE	TRUE
AGCTTGTGTGTGATTC-1	MZ286197_1_ORF2	0	0	2	2	TRUE	TRUE
AGCTTGTGTTCGTGCA-1	OZ258728_1_ORF2	0	0	1	1	FALSE	FALSE
AGCTTGTGTTGCGGTC-1	OZ258728_1_ORF1	0	0	1	1	FALSE	TRUE
AGCTTGTGTTGGAGCG-1	MZ286102_1_ORF2	2	2	22	33	FALSE	TRUE
AGGAAACCAAAGGTCC-1	meGFP	0	0	1	1	FALSE	FALSE
AGGAAACCAAGACCGT-1	MZ286188_1_ORF2	0	0	2	3	FALSE	TRUE
AGGAAACCACCCATTG-1	OZ258728_1_ORF2	0	0	1	1	FALSE	TRUE
AGGAAACCACGTATAG-1	OP549859_1_ORF2	0	0	1	1	FALSE	FALSE
AGGAAACCACGTGCCT-1	OP549859_1_ORF1	0	0	1	1	FALSE	FALSE
AGGAAACCAGAACCCG-1	MZ286258_1_ORF1	0	0	3	6	FALSE	TRUE
AGGAAACCAGGGTAAG-1	MZ286258_1_ORF2	1	0	5	5	TRUE	TRUE
AGGAAACCAGGGTCTG-1	MZ286258_1_ORF1	0	0	2	2	TRUE	TRUE
AGGAAACCAGGTCTCC-1	meGFP	0	0	1	1	FALSE	FALSE
AGGAAACCATATCACC-1	MZ286102_1_ORF2	1	1	10	12	TRUE	TRUE
AGGAAACCATGAACCA-1	MZ286258_1_ORF2	1	0	5	6	TRUE	TRUE
AGGAAACCATGTCGAA-1	OZ258728_1_ORF2	1	1	29	31	TRUE	TRUE
AGGAATCTCAACCGGA-1	MZ286102_1_ORF2	0	0	1	1	FALSE	TRUE
AGGAATCTCCAATGCC-1	MZ286258_1_ORF1	0	0	2	3	FALSE	TRUE
AGGAATCTCCACCAAC-1	MZ286258_1_ORF2	0	0	1	1	FALSE	FALSE
AGGAATCTCCCTCTAT-1	MZ286197_1_ORF1	0	0	1	1	FALSE	TRUE
AGGAATCTCGAAGTTA-1	OP549859_1_ORF2	0	0	2	4	FALSE	TRUE
AGGAATCTCGAATGAC-1	meGFP	2	2	81	91	TRUE	TRUE
AGGAATCTCGATCGCT-1	meGFP	0	0	1	1	FALSE	FALSE
AGGAATCTCGCGAGGT-1	meGFP	0	0	1	1	FALSE	FALSE
AGGAATCTCGCGCCTA-1	OP549859_1_ORF1	0	0	1	1	FALSE	TRUE
AGGAATCTCTGTATGT-1	MZ286258_1_ORF1	0	0	2	2	TRUE	TRUE
AGGACAGCAAACGTAT-1	MZ286102_1_ORF2	1	0	5	8	TRUE	TRUE
AGGACAGCAAATGCGC-1	MZ286197_1_ORF2	1	0	4	4	TRUE	TRUE
AGGACAGCAAGGCAAG-1	OP549859_1_ORF1	0	0	1	3	FALSE	TRUE
AGGACAGCACGTGCCT-1	MZ286102_1_ORF2	0	0	2	2	TRUE	FALSE
AGGACAGCAGATAGGG-1	MZ286102_1_ORF1	0	0	1	2	FALSE	TRUE
AGGACAGCAGGCCAAT-1	OZ258728_1_ORF2	0	0	1	1	FALSE	FALSE
AGGACAGCAGTCCAGG-1	meGFP	0	0	1	1	FALSE	FALSE
AGGACAGCAGTTCGTT-1	MZ286258_1_ORF2	1	0	7	8	TRUE	TRUE
AGGACAGCAGTTGGTA-1	MZ286102_1_ORF1	0	0	1	1	FALSE	TRUE
AGGACAGCATGTCTGT-1	meGFP	1	1	205	205	TRUE	TRUE
AGGACATTCAGTAGTA-1	MZ286102_1_ORF2	0	0	3	3	TRUE	TRUE
AGGACATTCCATCACA-1	meGFP	0	0	1	1	FALSE	FALSE
AGGACATTCCGCATGT-1	MZ286188_1_ORF1	1	1	21	24	TRUE	TRUE
AGGACATTCTAGCCCG-1	meGFP	1	1	29	29	TRUE	TRUE
AGGACATTCTTGCGAC-1	MZ286258_1_ORF1	0	0	1	1	FALSE	FALSE
AGGACGGAGAACCCAG-1	MZ286258_1_ORF2	0	0	1	1	FALSE	FALSE
AGGACGGAGATACAGC-1	MZ286258_1_ORF2	0	0	1	1	FALSE	TRUE
AGGACGGAGATCAAGC-1	OP549859_1_ORF1	1	0	7	10	TRUE	TRUE
AGGACGGAGCACCATC-1	meGFP	0	0	1	1	FALSE	TRUE
AGGACGGAGCGCTTAC-1	MZ286188_1_ORF2	1	0	6	6	TRUE	TRUE
AGGACGGAGCGGGACT-1	MZ286197_1_ORF1	0	0	1	1	FALSE	FALSE
AGGACGGAGCTCGAAG-1	OZ258728_1_ORF1	0	0	1	1	FALSE	FALSE
AGGACGGAGGATCGTG-1	MZ286102_1_ORF2	0	0	1	1	FALSE	FALSE
AGGACGGAGGGCCAGT-1	OP549859_1_ORF2	0	0	3	4	TRUE	TRUE
AGGACGGAGTACTGGG-1	MZ286197_1_ORF1	1	1	63	64	TRUE	TRUE
AGGACGGAGTACTTCG-1	MZ286197_1_ORF1	0	0	1	2	FALSE	TRUE
AGGACGGAGTCCGCTG-1	meGFP	0	0	1	1	FALSE	TRUE
AGGACTTAGCACGTAG-1	MZ286258_1_ORF2	0	0	1	1	FALSE	TRUE
AGGACTTAGCAGGCAC-1	OZ258728_1_ORF1	1	1	30	30	TRUE	TRUE
AGGACTTAGCCTTCAA-1	OP549859_1_ORF2	0	0	2	3	FALSE	TRUE
AGGACTTAGCTCGAAG-1	MZ286102_1_ORF2	0	0	1	1	FALSE	TRUE
AGGACTTAGTACTTCG-1	MZ286102_1_ORF1	1	1	32	33	TRUE	TRUE
AGGACTTAGTCCAATT-1	meGFP	1	1	14	14	TRUE	TRUE
AGGACTTAGTGCCCAT-1	MZ286102_1_ORF2	0	0	3	5	FALSE	TRUE
AGGACTTAGTTAACCT-1	MZ286188_1_ORF1	0	0	1	1	FALSE	TRUE
AGGAGGCCAACCTCAT-1	MZ286102_1_ORF1	0	0	1	1	FALSE	TRUE
AGGAGGCCACAAGGCT-1	OZ258728_1_ORF2	0	0	1	1	FALSE	FALSE
AGGAGGCCACCTGTAT-1	MZ286258_1_ORF1	0	0	1	1	FALSE	TRUE
AGGAGGCCACGAAGGA-1	meGFP	0	0	1	1	FALSE	TRUE
AGGAGGCCACGATCCC-1	MZ286258_1_ORF2	1	1	11	12	TRUE	TRUE
AGGAGGCCACGTGGAT-1	OZ258728_1_ORF1	1	1	30	31	TRUE	TRUE
AGGAGGCCAGCACTCC-1	MZ286188_1_ORF1	0	0	1	1	FALSE	FALSE
AGGAGGCCAGCTGCGA-1	OP549859_1_ORF1	1	1	51	52	TRUE	TRUE
AGGAGGCCAGGTCTCC-1	meGFP	0	0	1	1	FALSE	FALSE
AGGAGGCCATCAGTCT-1	OZ258728_1_ORF1	1	1	91	91	TRUE	TRUE
AGGAGGTAGATGACAC-1	OZ258728_1_ORF1	1	0	6	7	TRUE	TRUE
AGGAGGTAGCTACTTG-1	MZ286258_1_ORF2	0	0	1	1	FALSE	TRUE
AGGAGGTAGTACCCGT-1	OP549859_1_ORF2	1	0	5	5	TRUE	TRUE
AGGAGGTAGTATGTCT-1	OZ258728_1_ORF2	0	0	2	2	TRUE	TRUE
AGGAGGTAGTCGCTCG-1	MZ286258_1_ORF2	0	0	1	1	FALSE	FALSE
AGGAGTCGTCTAATCA-1	MZ286197_1_ORF1	1	0	5	5	TRUE	TRUE
AGGAGTCGTGCAATTC-1	MZ286258_1_ORF2	0	0	2	3	FALSE	TRUE
AGGAGTCGTGTAAGTG-1	meGFP	1	1	55	55	TRUE	TRUE
AGGAGTCGTGTCGAGG-1	meGFP	1	0	5	5	TRUE	TRUE
AGGAGTCGTGTTCGGC-1	meGFP	0	0	1	1	FALSE	TRUE
AGGAGTCGTGTTGCAT-1	meGFP	0	0	1	1	FALSE	FALSE
AGGAGTCGTTAATTCG-1	OZ258728_1_ORF2	0	0	1	1	FALSE	FALSE
AGGAGTCGTTGCGGTC-1	OZ258728_1_ORF1	0	0	1	1	FALSE	FALSE
AGGATAACAAAGGGCA-1	OZ258728_1_ORF2	0	0	1	1	FALSE	FALSE
AGGATAACAATTGCCT-1	OP549859_1_ORF1	1	1	57	57	TRUE	TRUE
AGGATAACACACCGCT-1	MZ286102_1_ORF1	1	1	22	22	TRUE	TRUE
AGGATAACACCAAGTA-1	MZ286102_1_ORF2	1	0	5	5	TRUE	TRUE
AGGATAACACTAATGG-1	OP549859_1_ORF2	0	0	3	3	TRUE	TRUE
AGGATAACAGATTGGC-1	meGFP	0	0	3	3	TRUE	FALSE
AGGATAACAGGTCTAA-1	OZ258728_1_ORF2	0	0	1	1	FALSE	TRUE
AGGATAACAGTCTCAT-1	meGFP	0	0	1	1	FALSE	FALSE
AGGATAACATAGACCA-1	OP549859_1_ORF1	1	0	8	8	TRUE	TRUE
AGGATAACATCTATCA-1	meGFP	0	0	1	3	FALSE	TRUE
AGGATAACATGGCTGG-1	MZ286197_1_ORF1	0	0	2	4	FALSE	TRUE
AGGCAATTCAACCTTG-1	meGFP	1	1	14	15	TRUE	TRUE
AGGCAATTCAGTAGTA-1	OZ258728_1_ORF2	0	0	3	3	TRUE	TRUE
AGGCAATTCGTTCACA-1	OZ258728_1_ORF2	2	0	7	13	FALSE	TRUE
AGGCAATTCTACTCCT-1	meGFP	1	1	12	14	TRUE	TRUE
AGGCACGGTAACGATG-1	MZ286102_1_ORF2	1	0	4	4	TRUE	TRUE
AGGCACGGTACAGGGT-1	OZ258728_1_ORF2	0	0	1	1	FALSE	FALSE
AGGCACGGTCGACCGT-1	MZ286258_1_ORF1	1	1	16	17	TRUE	TRUE
AGGCACGGTGTCTGTG-1	MZ286188_1_ORF1	1	0	4	4	TRUE	FALSE
AGGCACGGTTGCCTTC-1	MZ286197_1_ORF1	1	0	9	9	TRUE	TRUE
AGGCACGGTTTACGAC-1	OZ258728_1_ORF2	1	1	52	54	TRUE	TRUE
AGGCAGGAGACATCGG-1	OP549859_1_ORF1	0	0	1	1	FALSE	FALSE
AGGCAGGAGCCTCTGG-1	MZ286197_1_ORF1	1	0	9	11	TRUE	TRUE
AGGCAGGAGCTATCCA-1	meGFP	0	0	1	1	FALSE	FALSE
AGGCAGGAGCTCTCAA-1	OP549859_1_ORF1	1	1	43	43	TRUE	TRUE
AGGCAGGAGTAGCTCC-1	MZ286258_1_ORF2	0	0	1	1	FALSE	TRUE
AGGCAGGAGTATGTCT-1	MZ286197_1_ORF1	0	0	1	1	FALSE	FALSE
AGGCAGGAGTCAGCAG-1	MZ286102_1_ORF1	0	0	1	2	FALSE	TRUE
AGGCAGGAGTGTGTCC-1	MZ286188_1_ORF1	0	0	1	1	FALSE	TRUE
AGGCCAGGTATTGACC-1	OP549859_1_ORF1	1	1	78	79	TRUE	TRUE
AGGCCAGGTGCCTGGT-1	OZ258728_1_ORF2	1	1	29	29	TRUE	TRUE
AGGCCAGGTGCTTAGT-1	MZ286188_1_ORF1	0	0	1	1	FALSE	FALSE
AGGCCATCAAGTCGGT-1	OZ258728_1_ORF1	0	0	1	1	FALSE	FALSE
AGGCCATCAGCACTCC-1	meGFP	0	0	1	1	FALSE	FALSE
AGGCCATCAGTGAATT-1	meGFP	0	0	1	1	FALSE	FALSE
AGGCCTGCAAAGGTCC-1	OZ258728_1_ORF2	1	0	9	10	TRUE	TRUE
AGGCCTGCACAACGGT-1	MZ286197_1_ORF1	0	0	1	1	FALSE	FALSE
AGGCCTGCACACACTT-1	OZ258728_1_ORF1	1	1	12	12	TRUE	TRUE
AGGCCTGCACAGGTGT-1	OZ258728_1_ORF2	0	0	1	1	FALSE	FALSE
AGGCCTGCAGATCCTT-1	MZ286258_1_ORF2	1	1	17	17	TRUE	TRUE
AGGCGAGAGAACGAAG-1	OZ258728_1_ORF2	0	0	1	2	FALSE	TRUE
AGGCGAGAGAAGCCTG-1	MZ286258_1_ORF2	1	0	6	7	TRUE	TRUE
AGGCGAGAGAATCGTA-1	OP549859_1_ORF1	0	0	1	1	FALSE	FALSE
AGGCGAGAGACTAGCG-1	meGFP	0	0	2	3	FALSE	TRUE
AGGCGAGAGACTTACT-1	MZ286258_1_ORF1	0	0	1	1	FALSE	TRUE
AGGCGAGAGATGAGGA-1	OP549859_1_ORF1	1	1	39	41	TRUE	TRUE
AGGCGAGAGATGCCAG-1	OP549859_1_ORF1	0	0	1	1	FALSE	TRUE
AGGCGAGAGCCTCACG-1	OZ258728_1_ORF2	0	0	1	1	FALSE	FALSE
AGGCGAGAGGAGGAGT-1	OP549859_1_ORF1	0	0	1	1	FALSE	FALSE
AGGCGAGAGGCACTTC-1	OP549859_1_ORF1	0	0	1	1	FALSE	FALSE
AGGCGAGAGGCTTCAC-1	OZ258728_1_ORF2	1	1	44	45	TRUE	TRUE
AGGCGAGAGTCCTCAA-1	MZ286188_1_ORF1	0	0	1	2	FALSE	TRUE
AGGCGTGGTAACGGAC-1	OZ258728_1_ORF2	0	0	1	1	FALSE	TRUE
AGGCGTGGTAGCACTT-1	OZ258728_1_ORF2	0	0	1	1	FALSE	FALSE
AGGCGTGGTAGCTCGC-1	MZ286258_1_ORF1	1	0	6	7	TRUE	TRUE
AGGCGTGGTCTTACCC-1	MZ286102_1_ORF2	1	0	4	4	TRUE	TRUE
AGGCGTGGTGACCAGG-1	OZ258728_1_ORF2	1	1	29	29	TRUE	TRUE
AGGCGTGGTGATTGCT-1	MZ286102_1_ORF2	0	0	3	3	TRUE	TRUE
AGGCGTGGTGCAACCC-1	MZ286258_1_ORF1	0	0	2	2	TRUE	TRUE
AGGCGTGGTGCAAGCG-1	OZ258728_1_ORF2	0	0	1	1	FALSE	FALSE
AGGCGTGGTTATCCAA-1	MZ286102_1_ORF2	0	0	1	1	FALSE	TRUE
AGGCGTGGTTCCGCAA-1	MZ286197_1_ORF2	1	0	5	5	TRUE	TRUE
AGGCGTGGTTTCCTGC-1	OP549859_1_ORF1	0	0	1	1	FALSE	FALSE
AGGCTGTCAAAGGCGA-1	OP549859_1_ORF1	0	0	2	4	FALSE	TRUE
AGGCTGTCAAAGGGCA-1	OZ258728_1_ORF2	0	0	1	1	FALSE	FALSE
AGGCTGTCACCTCTCT-1	MZ286188_1_ORF1	1	1	29	29	TRUE	TRUE
AGGCTGTCACGATCCC-1	OZ258728_1_ORF2	0	0	1	1	FALSE	TRUE
AGGCTGTCACGTGGAT-1	MZ286258_1_ORF1	2	2	18	35	FALSE	TRUE
AGGCTGTCACTCATAC-1	MZ286102_1_ORF2	0	0	1	1	FALSE	FALSE
AGGCTGTCAGGAAGCA-1	OZ258728_1_ORF1	0	0	2	4	FALSE	TRUE
AGGCTGTCAGGTAGAG-1	OP549859_1_ORF1	0	0	1	1	FALSE	FALSE
AGGCTGTCAGTCCAGG-1	OZ258728_1_ORF2	1	1	30	30	TRUE	TRUE
AGGCTGTCAGTCCCGT-1	meGFP	0	0	1	1	FALSE	FALSE
AGGCTGTCATACTGAG-1	MZ286102_1_ORF2	0	0	2	2	TRUE	FALSE
AGGCTGTCATTAGAGT-1	OZ258728_1_ORF2	0	0	2	5	FALSE	TRUE
AGGCTTACAAACGTAT-1	MZ286102_1_ORF1	0	0	1	1	FALSE	FALSE
AGGCTTACAAAGTCAT-1	MZ286197_1_ORF1	0	0	1	1	FALSE	FALSE
AGGCTTACAATGTAGT-1	meGFP	0	0	1	1	FALSE	FALSE
AGGCTTACACCAATGA-1	MZ286197_1_ORF2	0	0	2	3	FALSE	TRUE
AGGCTTACACTCGTCA-1	OP549859_1_ORF1	1	0	4	4	TRUE	TRUE
AGGCTTACAGACATTG-1	OZ258728_1_ORF1	1	1	18	21	TRUE	TRUE
AGGCTTACAGATATAC-1	MZ286197_1_ORF1	0	0	1	2	FALSE	TRUE
AGGCTTACATATCACC-1	MZ286197_1_ORF1	0	0	2	2	TRUE	TRUE
AGGGATCGTAACCTAC-1	OZ258728_1_ORF2	0	0	2	2	TRUE	FALSE
AGGGATCGTACGAATG-1	meGFP	0	0	1	1	FALSE	TRUE
AGGGATCGTCACTAAC-1	OZ258728_1_ORF2	0	0	1	1	FALSE	FALSE
AGGGATCGTCTTAATG-1	OZ258728_1_ORF1	0	0	1	2	FALSE	TRUE
AGGGATCGTCTTGCAG-1	OP549859_1_ORF1	0	0	1	2	FALSE	TRUE
AGGGATCGTGAGGTAC-1	MZ286258_1_ORF2	1	0	6	6	TRUE	TRUE
AGGGATCGTTGACCGC-1	MZ286102_1_ORF1	0	0	1	1	FALSE	FALSE
AGGGATCGTTTACTTC-1	MZ286258_1_ORF2	1	1	14	14	TRUE	TRUE
AGGGATGCAACCCTGC-1	MZ286258_1_ORF2	1	1	13	13	TRUE	TRUE
AGGGATGCAACGAGCT-1	meGFP	0	0	2	2	TRUE	TRUE
AGGGATGCAAGCGTTA-1	OZ258728_1_ORF2	0	0	1	2	FALSE	TRUE
AGGGATGCAATGGGTC-1	MZ286197_1_ORF2	0	0	1	1	FALSE	TRUE
AGGGATGCACGCTACC-1	OZ258728_1_ORF1	0	0	1	1	FALSE	TRUE
AGGGATGCACTCATAC-1	MZ286102_1_ORF2	0	0	3	3	TRUE	TRUE
AGGGATGCACTGAGGT-1	OZ258728_1_ORF2	0	0	1	1	FALSE	TRUE
AGGGATGCAGACACAC-1	OZ258728_1_ORF2	0	0	2	2	TRUE	TRUE
AGGGATGCAGATATAC-1	OZ258728_1_ORF2	0	0	1	1	FALSE	FALSE
AGGGATGCAGGAAGTG-1	OZ258728_1_ORF2	1	1	107	107	TRUE	TRUE
AGGGATGCAGGATTGC-1	OZ258728_1_ORF2	0	0	1	1	FALSE	FALSE
AGGGATGCAGGTCTAA-1	OZ258728_1_ORF2	0	0	1	1	FALSE	FALSE
AGGGATGCATATCACC-1	MZ286188_1_ORF1	1	0	6	8	TRUE	TRUE
AGGGGAAGTACGGGCA-1	MZ286197_1_ORF1	0	0	2	3	FALSE	TRUE
AGGGGAAGTACGTTCG-1	meGFP	0	0	1	2	FALSE	FALSE
AGGGGAAGTATAGACG-1	MZ286188_1_ORF1	0	0	1	1	FALSE	TRUE
AGGGGAAGTATGGCCC-1	MZ286102_1_ORF1	0	0	1	1	FALSE	TRUE
AGGGGAAGTCGACCGT-1	OZ258728_1_ORF2	0	0	1	2	FALSE	TRUE
AGGGGAAGTCGAGAGT-1	meGFP	1	0	4	4	TRUE	TRUE
AGGGGAAGTGAGTTAG-1	OZ258728_1_ORF2	0	0	1	1	FALSE	FALSE
AGGGGAAGTGATCCCA-1	MZ286102_1_ORF1	0	0	1	1	FALSE	FALSE
AGGGGAAGTTCTGTCC-1	MZ286258_1_ORF1	0	0	1	1	FALSE	FALSE
AGGGGAAGTTGAAGCA-1	meGFP	1	1	18	18	TRUE	TRUE
AGGGGATAGAGGAAGC-1	OZ258728_1_ORF2	0	0	1	1	FALSE	FALSE
AGGGGATAGATATCCT-1	OZ258728_1_ORF1	1	1	16	16	TRUE	TRUE
AGGGGATAGATCCTGC-1	MZ286258_1_ORF2	1	0	5	6	TRUE	TRUE
AGGGGATAGCAAGTAC-1	OP549859_1_ORF2	0	0	2	2	TRUE	TRUE
AGGGGATAGCTAACGG-1	meGFP	1	1	20	20	TRUE	TRUE
AGGGGATAGCTCCGCA-1	MZ286188_1_ORF1	1	0	4	4	TRUE	TRUE
AGGGGATAGCTGTCGT-1	OZ258728_1_ORF2	0	0	1	1	FALSE	FALSE
AGGGGATAGGGCAGGA-1	MZ286258_1_ORF2	1	0	4	6	TRUE	TRUE
AGGGGATAGGTCCACT-1	meGFP	1	1	66	66	TRUE	TRUE
AGGGGATAGTACCCGT-1	MZ286258_1_ORF2	0	0	2	2	TRUE	TRUE
AGGGGATAGTATACCT-1	OP549859_1_ORF1	0	0	1	1	FALSE	FALSE
AGGGGATAGTCAGCAG-1	MZ286197_1_ORF1	0	0	1	1	FALSE	FALSE
AGGGGTCTCACCCAGT-1	OP549859_1_ORF1	0	0	1	1	FALSE	FALSE
AGGGGTCTCAGGACGC-1	MZ286258_1_ORF2	1	0	4	4	TRUE	TRUE
AGGGGTCTCCCTTCCA-1	MZ286102_1_ORF2	0	0	2	2	TRUE	TRUE
AGGGGTCTCCTCATTC-1	MZ286102_1_ORF2	0	0	1	3	FALSE	TRUE
AGGGGTCTCCTGAGAG-1	OZ258728_1_ORF2	1	1	26	26	TRUE	TRUE
AGGGGTCTCGCGCCTA-1	OZ258728_1_ORF2	1	1	27	27	TRUE	TRUE
AGGGGTCTCGGATGCA-1	MZ286197_1_ORF1	1	1	39	39	TRUE	TRUE
AGGGGTCTCTCTGTGA-1	MZ286197_1_ORF1	0	0	1	1	FALSE	TRUE
AGGGGTCTCTGAGTCC-1	OP549859_1_ORF1	0	0	1	1	FALSE	FALSE
AGGGTACGTAAGCTAG-1	MZ286258_1_ORF2	1	0	5	5	TRUE	TRUE
AGGGTACGTACCTGGC-1	MZ286258_1_ORF1	1	0	4	4	TRUE	TRUE
AGGGTACGTCAGGAGT-1	MZ286102_1_ORF2	0	0	2	2	TRUE	TRUE
AGGGTACGTCGTTAGT-1	OP549859_1_ORF1	1	1	17	17	TRUE	TRUE
AGGGTACGTGCAAGCG-1	OZ258728_1_ORF1	0	0	1	2	FALSE	FALSE
AGGGTACGTGCACTCA-1	MZ286102_1_ORF2	1	0	8	8	TRUE	TRUE
AGGGTACGTGTGGACG-1	MZ286102_1_ORF1	1	1	17	17	TRUE	TRUE
AGGGTACGTTCCACTC-1	MZ286188_1_ORF2	0	0	1	2	FALSE	FALSE
AGGGTACGTTCGCAGC-1	meGFP	0	0	1	1	FALSE	FALSE
AGGGTACGTTCTATGA-1	meGFP	0	0	1	1	FALSE	TRUE
AGGGTACGTTGGAGCG-1	meGFP	0	0	2	2	TRUE	TRUE
AGGGTCGGTAACCATC-1	OP549859_1_ORF2	1	1	20	20	TRUE	TRUE
AGGGTCGGTAACGGAC-1	OP549859_1_ORF1	0	0	2	2	TRUE	TRUE
AGGGTCGGTACGACTT-1	MZ286102_1_ORF2	1	0	5	5	TRUE	TRUE
AGGGTCGGTGGAGAGA-1	MZ286188_1_ORF1	0	0	1	1	FALSE	FALSE
AGGGTCGGTGGCCTAC-1	OZ258728_1_ORF1	1	1	12	15	TRUE	TRUE
AGGGTCGGTGTCCAAT-1	meGFP	1	1	65	65	TRUE	TRUE
AGGGTCGGTTACGGAA-1	meGFP	0	0	1	1	FALSE	TRUE
AGGGTCGGTTGTCTAA-1	MZ286102_1_ORF1	1	1	34	36	TRUE	TRUE
AGGGTCGGTTGTGTGT-1	MZ286258_1_ORF2	1	0	5	5	TRUE	TRUE
AGGGTCGGTTTACTTC-1	MZ286188_1_ORF1	0	0	1	1	FALSE	TRUE
AGGGTCTCACTTCGAT-1	OP549859_1_ORF1	0	0	1	1	FALSE	TRUE
AGGGTCTCAGAGAGAT-1	MZ286197_1_ORF2	0	0	1	1	FALSE	FALSE
AGGGTCTCAGATACAT-1	OZ258728_1_ORF2	1	1	95	97	TRUE	TRUE
AGGGTCTCAGGCGCTA-1	meGFP	0	0	1	2	FALSE	TRUE
AGGGTCTCATGTCCAT-1	MZ286258_1_ORF2	0	0	1	1	FALSE	FALSE
AGGGTTGTCACATGCC-1	MZ286102_1_ORF2	1	0	5	5	TRUE	TRUE
AGGGTTGTCCAGAGAT-1	meGFP	0	0	2	2	TRUE	FALSE
AGGGTTGTCCGCCACA-1	MZ286188_1_ORF1	0	0	3	7	FALSE	TRUE
AGGGTTGTCCTACGGT-1	MZ286188_1_ORF2	0	0	1	1	FALSE	FALSE
AGGGTTGTCGGTCGAA-1	MZ286197_1_ORF2	0	0	1	1	FALSE	TRUE
AGGGTTGTCGGTCTAC-1	MZ286188_1_ORF1	0	0	1	4	FALSE	FALSE
AGGGTTGTCTACCAGC-1	MZ286102_1_ORF2	0	0	3	4	TRUE	TRUE
AGGGTTTAGAATCGTA-1	meGFP	2	1	58	67	TRUE	TRUE
AGGGTTTAGAGCTAGT-1	MZ286188_1_ORF2	1	0	5	7	TRUE	TRUE
AGGGTTTAGCCGAGTA-1	meGFP	0	0	1	2	FALSE	TRUE
AGGGTTTAGCGCAGTA-1	MZ286102_1_ORF1	1	1	12	12	TRUE	TRUE
AGGGTTTAGCTGGTGA-1	MZ286188_1_ORF1	0	0	1	1	FALSE	TRUE
AGGGTTTAGGATCGCA-1	MZ286102_1_ORF1	1	1	23	24	TRUE	TRUE
AGGGTTTAGGGTTCGA-1	OZ258728_1_ORF1	0	0	1	1	FALSE	FALSE
AGGGTTTAGGTCGTCT-1	MZ286188_1_ORF1	0	0	1	1	FALSE	FALSE
AGGGTTTAGTCCAATT-1	MZ286102_1_ORF2	1	1	14	14	TRUE	TRUE
AGGGTTTAGTCCACGT-1	OZ258728_1_ORF2	0	0	1	1	FALSE	FALSE
AGGGTTTAGTCTAGTT-1	MZ286188_1_ORF1	0	0	1	1	FALSE	TRUE
AGGGTTTAGTTGAATG-1	OZ258728_1_ORF1	0	0	1	1	FALSE	TRUE
AGGTAGAAGGAGCCTA-1	MZ286197_1_ORF2	1	0	9	10	TRUE	TRUE
AGGTAGAAGTCATCCA-1	OZ258728_1_ORF2	0	0	1	1	FALSE	TRUE
AGGTAGGCAAACTTCC-1	MZ286258_1_ORF2	0	0	1	1	FALSE	TRUE
AGGTAGGCAACTGGCG-1	MZ286258_1_ORF2	0	0	1	1	FALSE	FALSE
AGGTAGGCAATCTCAC-1	MZ286188_1_ORF2	0	0	3	3	TRUE	TRUE
AGGTAGGCACCAAGTA-1	OZ258728_1_ORF2	0	0	1	1	FALSE	FALSE
AGGTAGGCACTATCGT-1	meGFP	0	0	1	1	FALSE	FALSE
AGGTAGGCACTCGTCA-1	MZ286188_1_ORF2	0	0	3	3	TRUE	TRUE
AGGTAGGCACTTGGAA-1	OZ258728_1_ORF2	1	0	4	4	TRUE	TRUE
AGGTAGGCATATGCTC-1	OZ258728_1_ORF2	0	0	1	1	FALSE	TRUE
AGGTAGGCATCCACAT-1	MZ286102_1_ORF2	0	0	1	3	FALSE	TRUE
AGGTTCACAAAGGGCA-1	OP549859_1_ORF2	0	0	1	1	FALSE	FALSE
AGGTTCACAACCAGTA-1	MZ286188_1_ORF2	0	0	1	1	FALSE	FALSE
AGGTTCACAAGTGACC-1	MZ286102_1_ORF1	1	1	14	14	TRUE	TRUE
AGGTTCACACCCAGCT-1	MZ286102_1_ORF2	1	1	12	12	TRUE	TRUE
AGGTTCACACCTTGAT-1	meGFP	0	0	2	2	TRUE	TRUE
AGGTTCACACTCGTCA-1	MZ286258_1_ORF2	0	0	1	1	FALSE	TRUE
AGGTTCACAGCGCTTC-1	OZ258728_1_ORF1	1	1	60	61	TRUE	TRUE
AGGTTCACATCACTGT-1	MZ286258_1_ORF2	0	0	1	3	FALSE	TRUE
AGGTTCACATCAGTCT-1	OZ258728_1_ORF2	1	1	72	73	TRUE	TRUE
AGGTTCACATGACGGT-1	MZ286188_1_ORF1	0	0	1	1	FALSE	FALSE
AGGTTCACATTGCCCA-1	OP549859_1_ORF1	0	0	1	1	FALSE	FALSE
AGGTTCGAGAACCCAG-1	meGFP	0	0	1	2	FALSE	TRUE
AGGTTCGAGAACCTAA-1	MZ286188_1_ORF1	0	0	3	3	TRUE	TRUE
AGGTTCGAGCCCTGCA-1	OZ258728_1_ORF1	1	1	44	45	TRUE	TRUE
AGGTTCGAGCGAACTG-1	MZ286188_1_ORF1	0	0	1	1	FALSE	TRUE
AGGTTCGAGGGACTCA-1	MZ286197_1_ORF1	0	0	1	2	FALSE	TRUE
AGGTTCGAGGTTGGGC-1	OZ258728_1_ORF2	0	0	1	1	FALSE	TRUE
AGGTTCGAGTACTAAG-1	OZ258728_1_ORF1	0	0	1	1	FALSE	TRUE
AGGTTCGAGTACTTCG-1	MZ286102_1_ORF1	0	0	1	1	FALSE	FALSE
AGGTTCGAGTTGGCCT-1	MZ286258_1_ORF2	0	0	1	1	FALSE	FALSE
AGTAACATCAGGCTAG-1	MZ286258_1_ORF2	1	0	7	8	TRUE	TRUE
AGTAACATCATCCGGT-1	MZ286258_1_ORF2	0	0	2	5	FALSE	TRUE
AGTAACATCCAGACTC-1	MZ286258_1_ORF2	1	0	5	6	TRUE	TRUE
AGTAACATCCCGCTGA-1	MZ286188_1_ORF1	1	1	31	32	TRUE	TRUE
AGTAACATCGAACTAA-1	OP549859_1_ORF1	0	0	1	1	FALSE	FALSE
AGTAACATCGATCCCG-1	MZ286188_1_ORF2	0	0	2	4	FALSE	TRUE
AGTAACATCGATCGCT-1	OZ258728_1_ORF1	0	0	2	2	TRUE	FALSE
AGTAACATCGCACTTA-1	MZ286102_1_ORF2	1	0	6	6	TRUE	TRUE
AGTAACATCTAGCTTG-1	OZ258728_1_ORF2	0	0	1	1	FALSE	TRUE
AGTAACATCTAGGTAA-1	MZ286197_1_ORF2	0	0	1	1	FALSE	TRUE
AGTAAGTGTAGTGGCG-1	OP549859_1_ORF1	1	1	64	66	TRUE	TRUE
AGTAAGTGTATGAGTG-1	OP549859_1_ORF2	0	0	1	1	FALSE	TRUE
AGTAAGTGTCAAGTAG-1	OP549859_1_ORF2	1	0	9	11	TRUE	TRUE
AGTAAGTGTGATCCCA-1	OP549859_1_ORF1	0	0	1	1	FALSE	FALSE
AGTAAGTGTGATCGTT-1	meGFP	1	1	113	113	TRUE	TRUE
AGTAAGTGTGATTGCT-1	meGFP	0	0	1	1	FALSE	FALSE
AGTAAGTGTGGTGATA-1	MZ286197_1_ORF1	1	1	42	43	TRUE	TRUE
AGTAAGTGTTTACGAC-1	MZ286258_1_ORF2	0	0	1	1	FALSE	FALSE
AGTAAGTGTTTCAAGC-1	MZ286258_1_ORF2	0	0	1	1	FALSE	FALSE
AGTAAGTGTTTCCTAT-1	OZ258728_1_ORF2	0	0	1	1	FALSE	TRUE
AGTAATTAGATTCACT-1	MZ286188_1_ORF2	1	0	8	8	TRUE	TRUE
AGTAATTAGCCTAGTC-1	MZ286188_1_ORF2	0	0	1	1	FALSE	TRUE
AGTAATTAGCTACTTG-1	MZ286258_1_ORF2	0	0	1	1	FALSE	FALSE
AGTAATTAGGCCTAAG-1	OP549859_1_ORF2	0	0	2	2	TRUE	TRUE
AGTAATTAGGTTCCCG-1	MZ286102_1_ORF2	0	0	1	1	FALSE	TRUE
AGTAATTAGTCATCCA-1	MZ286197_1_ORF1	0	0	1	1	FALSE	FALSE
AGTACCTGTAACGATG-1	OP549859_1_ORF1	0	0	1	1	FALSE	FALSE
AGTACCTGTAATGGAT-1	MZ286258_1_ORF2	1	1	11	11	TRUE	TRUE
AGTACCTGTACAGCCC-1	OZ258728_1_ORF2	1	1	29	30	TRUE	TRUE
AGTACCTGTACCCAAT-1	MZ286258_1_ORF2	0	0	1	1	FALSE	TRUE
AGTACCTGTACCTGGC-1	MZ286102_1_ORF2	1	1	14	14	TRUE	TRUE
AGTACCTGTAGCATAG-1	OZ258728_1_ORF2	0	0	1	1	FALSE	FALSE
AGTACCTGTAGTCCTG-1	meGFP	0	0	1	1	FALSE	TRUE
AGTACCTGTATCTGGT-1	OP549859_1_ORF1	1	1	15	15	TRUE	TRUE
AGTACCTGTCAGTCGC-1	meGFP	0	0	1	2	FALSE	TRUE
AGTACCTGTCCGGGTT-1	MZ286197_1_ORF1	1	0	5	5	TRUE	TRUE
AGTACCTGTCTAATCA-1	MZ286102_1_ORF2	0	0	1	2	FALSE	TRUE
AGTACCTGTCTCCAAG-1	OZ258728_1_ORF2	1	1	22	22	TRUE	TRUE
AGTACCTGTGACCAGG-1	MZ286102_1_ORF2	0	0	1	2	FALSE	TRUE
AGTACCTGTGTCCAAT-1	MZ286102_1_ORF2	0	0	3	3	TRUE	TRUE
AGTACCTGTGTCTGTG-1	MZ286197_1_ORF2	0	0	1	1	FALSE	TRUE
AGTACCTGTGTTGACT-1	MZ286102_1_ORF1	0	0	1	1	FALSE	FALSE
AGTACCTGTTCACGAT-1	MZ286197_1_ORF2	1	0	4	5	TRUE	TRUE
AGTACCTGTTTCCGTC-1	OZ258728_1_ORF2	0	0	1	1	FALSE	FALSE
AGTACGGTCAAGCTCC-1	OZ258728_1_ORF1	1	0	4	4	TRUE	TRUE
AGTACGGTCGAATGGT-1	OZ258728_1_ORF2	1	1	43	43	TRUE	TRUE
AGTACGGTCGAGGTCA-1	MZ286258_1_ORF2	1	0	4	4	TRUE	TRUE
AGTACGGTCTAGATTC-1	OZ258728_1_ORF2	1	0	4	5	TRUE	TRUE
AGTACGGTCTGGACCT-1	MZ286102_1_ORF2	0	0	2	2	TRUE	TRUE
AGTATCCGTAATGTCC-1	meGFP	0	0	1	1	FALSE	FALSE
AGTATCCGTAGTGACA-1	MZ286188_1_ORF2	0	0	1	2	FALSE	TRUE
AGTATCCGTCAAGTAG-1	MZ286258_1_ORF2	1	1	15	16	TRUE	TRUE
AGTATCCGTCATACTA-1	MZ286102_1_ORF2	0	0	2	3	FALSE	TRUE
AGTATCCGTCGATGAA-1	MZ286188_1_ORF1	0	0	1	2	FALSE	TRUE
AGTATCCGTCGCGTGT-1	MZ286188_1_ORF2	0	0	1	2	FALSE	TRUE
AGTATCCGTGATCCCA-1	meGFP	0	0	1	1	FALSE	TRUE
AGTATCCGTGGCGTCT-1	MZ286197_1_ORF2	1	0	4	5	TRUE	TRUE
AGTATCCGTGGGTCGA-1	MZ286258_1_ORF2	1	1	12	17	TRUE	TRUE
AGTATCCGTGTGTGAA-1	MZ286258_1_ORF1	0	0	1	3	FALSE	TRUE
AGTATCCGTTGAAGCA-1	MZ286102_1_ORF1	1	1	10	10	TRUE	TRUE
AGTATCCGTTGCCTAG-1	OZ258728_1_ORF2	1	0	6	6	TRUE	TRUE
AGTATCCGTTTGAGTC-1	MZ286188_1_ORF2	0	0	1	2	FALSE	TRUE
AGTCCAACAAAGTGCC-1	OP549859_1_ORF1	0	0	1	1	FALSE	TRUE
AGTCCAACAACGGGTT-1	OZ258728_1_ORF2	1	0	5	5	TRUE	TRUE
AGTCCAACAATTGCCT-1	OZ258728_1_ORF2	0	0	1	1	FALSE	FALSE
AGTCCAACACAAGCCG-1	OZ258728_1_ORF2	0	0	1	1	FALSE	FALSE
AGTCCAACACCTCGAC-1	OZ258728_1_ORF2	0	0	1	2	FALSE	TRUE
AGTCCAACACGTGAGT-1	OP549859_1_ORF1	1	1	12	13	TRUE	TRUE
AGTCCAACACTACCCA-1	OP549859_1_ORF1	0	0	1	1	FALSE	TRUE
AGTCCAACAGCCCGAA-1	MZ286197_1_ORF1	0	0	1	2	FALSE	TRUE
AGTCCAACAGCCCTGT-1	MZ286188_1_ORF1	0	0	1	1	FALSE	FALSE
AGTCCAACAGCTTGGG-1	MZ286188_1_ORF1	1	1	12	12	TRUE	TRUE
AGTCCAACAGTCTCAT-1	OZ258728_1_ORF2	1	1	82	82	TRUE	TRUE
AGTCCAACATAGCGCG-1	OZ258728_1_ORF2	0	0	1	1	FALSE	TRUE
AGTCCAACATAGGCAC-1	MZ286102_1_ORF1	1	1	12	12	TRUE	TRUE
AGTCCAACATGCAGAC-1	OZ258728_1_ORF2	1	1	46	47	TRUE	TRUE
AGTCCAACATGCAGGT-1	MZ286197_1_ORF1	1	1	18	19	TRUE	TRUE
AGTCCAACATTGAAGT-1	MZ286258_1_ORF2	0	0	1	2	FALSE	FALSE
AGTCCCAGTAAGGTAT-1	MZ286188_1_ORF2	1	0	8	10	TRUE	TRUE
AGTCCCAGTAGCTGAA-1	meGFP	1	0	5	5	TRUE	TRUE
AGTCCCAGTAGTCCCA-1	OZ258728_1_ORF2	0	0	1	1	FALSE	FALSE
AGTCCCAGTATGGCCC-1	meGFP	1	1	17	18	TRUE	TRUE
AGTCCCAGTCAAGCCC-1	OP549859_1_ORF2	0	0	1	1	FALSE	TRUE
AGTCCCAGTCTTGGGC-1	OZ258728_1_ORF1	0	0	1	1	FALSE	FALSE
AGTCCCAGTGAACGAC-1	OZ258728_1_ORF1	0	0	1	1	FALSE	FALSE
AGTCCCAGTGAATCTC-1	OZ258728_1_ORF2	0	0	1	1	FALSE	TRUE
AGTCCCAGTGACCAGG-1	OZ258728_1_ORF2	1	1	85	85	TRUE	TRUE
AGTCCCAGTGCTGACC-1	OP549859_1_ORF1	0	0	1	1	FALSE	FALSE
AGTCCCAGTGGATGAC-1	MZ286102_1_ORF2	1	0	4	4	TRUE	TRUE
AGTCCCAGTGTGTCAT-1	OZ258728_1_ORF2	1	1	49	49	TRUE	TRUE
AGTCCCAGTTGTCTGG-1	MZ286188_1_ORF1	1	0	8	10	TRUE	TRUE
AGTCCCAGTTTCCTAT-1	MZ286197_1_ORF1	0	0	1	1	FALSE	TRUE
AGTCCCAGTTTGGATC-1	MZ286102_1_ORF2	1	0	7	8	TRUE	TRUE
AGTCCGGCAAAGGGCA-1	OZ258728_1_ORF2	0	0	2	2	TRUE	FALSE
AGTCCGGCAAAGGTCC-1	MZ286258_1_ORF2	1	0	5	5	TRUE	TRUE
AGTCCGGCAACGGGTT-1	MZ286102_1_ORF1	0	0	1	2	FALSE	TRUE
AGTCCGGCACTACCCA-1	MZ286102_1_ORF2	0	0	1	1	FALSE	FALSE
AGTCCGGCAGGATTGC-1	MZ286197_1_ORF2	0	0	1	1	FALSE	FALSE
AGTCCGGCAGTCGAGT-1	MZ286102_1_ORF2	0	0	1	1	FALSE	FALSE
AGTCCGGCATAATCCC-1	OP549859_1_ORF1	0	0	1	1	FALSE	TRUE
AGTCCGGCATACCGTT-1	OZ258728_1_ORF2	1	1	51	51	TRUE	TRUE
AGTCCGGCATCAGTCT-1	meGFP	0	0	1	1	FALSE	TRUE
AGTCCGGCATCCCGAC-1	MZ286197_1_ORF1	0	0	1	1	FALSE	FALSE
AGTCCGGCATGAAGGG-1	MZ286102_1_ORF2	1	0	4	4	TRUE	TRUE
AGTCCGGCATGGAGCT-1	OZ258728_1_ORF2	0	0	1	1	FALSE	FALSE
AGTCGCGCACTAGTCT-1	OZ258728_1_ORF1	0	0	1	1	FALSE	FALSE
AGTCGCGCACTATCGT-1	OZ258728_1_ORF2	0	0	1	1	FALSE	FALSE
AGTCGCGCACTTCAAC-1	MZ286258_1_ORF2	1	1	16	17	TRUE	TRUE
AGTCGCGCAGACCGCA-1	MZ286102_1_ORF2	2	1	12	19	FALSE	TRUE
AGTCGCGCAGTGAATT-1	meGFP	0	0	1	1	FALSE	TRUE
AGTCGCGCATAGGCAC-1	MZ286258_1_ORF1	0	0	3	4	TRUE	TRUE
AGTCGCGCATATCGAG-1	MZ286102_1_ORF1	1	1	69	70	TRUE	TRUE
AGTCGCGCATGCAGGT-1	OZ258728_1_ORF2	0	0	1	1	FALSE	TRUE
AGTCGCGCATGCATCT-1	OZ258728_1_ORF2	2	1	27	36	TRUE	TRUE
AGTCGCGCATGCTCGC-1	meGFP	0	0	1	1	FALSE	FALSE
AGTCGGATCAACCGTC-1	MZ286188_1_ORF1	0	0	1	1	FALSE	TRUE
AGTCGGATCACCAGGA-1	OP549859_1_ORF2	2	0	6	12	FALSE	TRUE
AGTCGGATCAGGCTAG-1	MZ286188_1_ORF1	0	0	1	1	FALSE	FALSE
AGTCGGATCCAATCAT-1	meGFP	0	0	2	4	FALSE	TRUE
AGTCGGATCCCTTACT-1	OZ258728_1_ORF2	0	0	1	1	FALSE	TRUE
AGTCGGATCCCTTCCA-1	MZ286102_1_ORF2	0	0	1	1	FALSE	FALSE
AGTCGGATCCGCATGT-1	MZ286188_1_ORF1	0	0	1	2	FALSE	TRUE
AGTCGGATCGGGATCA-1	MZ286188_1_ORF1	1	1	12	13	TRUE	TRUE
AGTCGGATCTCCTTCG-1	MZ286102_1_ORF1	0	0	1	1	FALSE	FALSE
AGTCGGATCTTAGTAC-1	MZ286102_1_ORF2	0	0	2	4	FALSE	TRUE
AGTCGTCTCAATGCTT-1	MZ286102_1_ORF2	2	0	8	15	FALSE	TRUE
AGTCGTCTCAGCTTCA-1	OZ258728_1_ORF1	1	0	6	6	TRUE	TRUE
AGTCGTCTCCGCCTGA-1	MZ286188_1_ORF2	0	0	1	1	FALSE	FALSE
AGTCGTCTCCGTCGCA-1	OZ258728_1_ORF1	1	1	10	12	TRUE	TRUE
AGTCGTCTCGCACTTA-1	OP549859_1_ORF2	0	0	3	3	TRUE	TRUE
AGTCGTCTCTAGGCTC-1	MZ286188_1_ORF2	1	0	8	9	TRUE	TRUE
AGTGACGTCCACCAGT-1	meGFP	0	0	1	1	FALSE	FALSE
AGTGACGTCCCAGTAC-1	OP549859_1_ORF1	0	0	1	1	FALSE	FALSE
AGTGACGTCCTAATGT-1	meGFP	1	1	26	26	TRUE	TRUE
AGTGACGTCCTCCTGC-1	MZ286258_1_ORF1	1	1	39	39	TRUE	TRUE
AGTGACGTCCTGATAT-1	meGFP	0	0	1	1	FALSE	TRUE
AGTGACGTCGAATGGT-1	MZ286258_1_ORF2	0	0	2	4	FALSE	TRUE
AGTGACGTCGCGCCTA-1	MZ286102_1_ORF2	1	0	6	6	TRUE	TRUE
AGTGACGTCTCGAGCT-1	MZ286258_1_ORF1	1	1	19	19	TRUE	TRUE
AGTGACGTCTGTAATC-1	MZ286102_1_ORF2	1	0	7	8	TRUE	TRUE
AGTGACGTCTTGAGCC-1	MZ286102_1_ORF2	1	0	4	4	TRUE	TRUE
AGTGAGAAGAATGCTA-1	meGFP	0	0	1	1	FALSE	TRUE
AGTGAGAAGCCCGATT-1	OZ258728_1_ORF2	0	0	1	1	FALSE	FALSE
AGTGAGAAGCCTACTA-1	meGFP	0	0	1	1	FALSE	FALSE
AGTGAGAAGCCTGGAA-1	MZ286102_1_ORF2	0	0	1	1	FALSE	FALSE
AGTGAGAAGCGAGAGG-1	MZ286197_1_ORF1	1	1	11	12	TRUE	TRUE
AGTGAGAAGCGTAAGT-1	OZ258728_1_ORF2	1	1	156	156	TRUE	TRUE
AGTGAGAAGCTTAGTT-1	OZ258728_1_ORF2	0	0	1	1	FALSE	FALSE
AGTGAGAAGGTGGCTA-1	meGFP	0	0	1	1	FALSE	FALSE
AGTGAGAAGGTGTGGC-1	OZ258728_1_ORF1	1	1	44	44	TRUE	TRUE
AGTGAGAAGTGCTACC-1	MZ286258_1_ORF1	0	0	1	1	FALSE	TRUE
AGTGCAAGTAGTCGTT-1	OP549859_1_ORF2	0	0	1	1	FALSE	TRUE
AGTGCAAGTGCGCATC-1	meGFP	0	0	2	3	FALSE	FALSE
AGTGCAAGTGCGCGTT-1	OP549859_1_ORF2	0	0	1	1	FALSE	TRUE
AGTGCAAGTTACCTAA-1	OZ258728_1_ORF2	1	1	30	34	TRUE	TRUE
AGTGCAAGTTCGCTGA-1	MZ286188_1_ORF2	0	0	1	1	FALSE	TRUE
AGTGCAAGTTGCCACA-1	OP549859_1_ORF1	0	0	1	1	FALSE	FALSE
AGTGCAGTCAATTACC-1	OZ258728_1_ORF2	0	0	1	1	FALSE	FALSE
AGTGCAGTCCACCTGG-1	MZ286197_1_ORF1	1	1	29	32	TRUE	TRUE
AGTGCAGTCCGGATGA-1	MZ286102_1_ORF2	1	0	8	8	TRUE	TRUE
AGTGCAGTCCGGATTC-1	OP549859_1_ORF1	1	1	151	151	TRUE	TRUE
AGTGCAGTCCGTAGAG-1	MZ286102_1_ORF2	1	0	6	6	TRUE	TRUE
AGTGCAGTCGGGATCA-1	OZ258728_1_ORF2	0	0	1	1	FALSE	TRUE
AGTGCAGTCTCGATTG-1	OZ258728_1_ORF2	0	0	1	1	FALSE	FALSE
AGTGCCTTCCCAACTA-1	MZ286102_1_ORF1	1	0	5	6	TRUE	TRUE
AGTGCCTTCCTCTAAG-1	meGFP	0	0	1	1	FALSE	TRUE
AGTGCCTTCGACACAG-1	OZ258728_1_ORF2	0	0	1	1	FALSE	FALSE
AGTGCCTTCGGCTCTG-1	MZ286102_1_ORF2	1	0	8	9	TRUE	TRUE
AGTGCCTTCTAGGCTC-1	meGFP	1	1	105	105	TRUE	TRUE
AGTGCCTTCTCCTAAG-1	OZ258728_1_ORF2	0	0	1	1	FALSE	FALSE
AGTGCCTTCTGGATGG-1	MZ286258_1_ORF1	0	0	1	1	FALSE	TRUE
AGTGGACGTACGCCTA-1	meGFP	0	0	1	2	FALSE	TRUE
AGTGGACGTCAATCTA-1	OP549859_1_ORF2	1	0	7	7	TRUE	TRUE
AGTGGACGTCCCTTCG-1	OZ258728_1_ORF1	0	0	1	1	FALSE	FALSE
AGTGGACGTCTGTAAC-1	OZ258728_1_ORF2	0	0	1	1	FALSE	TRUE
AGTGGACGTGGGTTCC-1	MZ286258_1_ORF1	3	2	18	38	FALSE	TRUE
AGTGGACGTTATCCAA-1	MZ286188_1_ORF2	0	0	2	2	TRUE	TRUE
AGTGGACGTTGCGGTC-1	OZ258728_1_ORF2	0	0	1	1	FALSE	FALSE
AGTGGCGGTAGAGCCG-1	OP549859_1_ORF1	0	0	1	1	FALSE	FALSE
AGTGGCGGTCCAACTG-1	MZ286102_1_ORF2	0	0	1	1	FALSE	FALSE
AGTGGCGGTCCACACA-1	OZ258728_1_ORF2	0	0	1	1	FALSE	FALSE
AGTGGCGGTCGCGAGA-1	OP549859_1_ORF2	0	0	1	1	FALSE	TRUE
AGTGGCGGTGGATGAC-1	MZ286258_1_ORF2	0	0	1	1	FALSE	TRUE
AGTGGCGGTTAGATGG-1	MZ286188_1_ORF1	1	1	179	179	TRUE	TRUE
AGTGTTCGTAGCGTGG-1	meGFP	0	0	1	2	FALSE	TRUE
AGTGTTCGTCGCGAGA-1	OP549859_1_ORF1	1	0	5	7	TRUE	TRUE
AGTGTTCGTGCGTGCT-1	OZ258728_1_ORF2	1	1	34	35	TRUE	TRUE
AGTGTTCGTGCTTCCT-1	OP549859_1_ORF1	1	1	55	57	TRUE	TRUE
AGTGTTCGTGTTGCGC-1	MZ286188_1_ORF1	0	0	1	1	FALSE	TRUE
AGTGTTCGTTTCCTGC-1	OP549859_1_ORF1	1	1	16	17	TRUE	TRUE
AGTGTTCGTTTGGGTT-1	meGFP	0	0	2	3	FALSE	TRUE
AGTTAAGTCACACTTG-1	MZ286197_1_ORF2	0	0	3	4	TRUE	TRUE
AGTTAAGTCAGTATGA-1	MZ286188_1_ORF2	0	0	1	1	FALSE	TRUE
AGTTAAGTCCGTGGAA-1	OZ258728_1_ORF2	0	0	1	1	FALSE	FALSE
AGTTAAGTCGCAAGGC-1	meGFP	1	1	77	77	TRUE	TRUE
AGTTAAGTCGCGAGGT-1	OZ258728_1_ORF1	1	1	26	26	TRUE	TRUE
AGTTAAGTCTCCTAAG-1	OZ258728_1_ORF1	1	1	16	17	TRUE	TRUE
AGTTAAGTCTTCATCC-1	OP549859_1_ORF2	1	0	5	5	TRUE	TRUE
AGTTACAAGACGCCTT-1	OP549859_1_ORF1	0	0	1	1	FALSE	FALSE
AGTTACAAGATTCACT-1	MZ286188_1_ORF1	1	1	14	14	TRUE	TRUE
AGTTACAAGCCACTTA-1	meGFP	0	0	1	1	FALSE	FALSE
AGTTACAAGCCTGTGT-1	meGFP	0	0	1	1	FALSE	TRUE
AGTTACAAGCGCTAGA-1	OZ258728_1_ORF2	0	0	1	1	FALSE	FALSE
AGTTACAAGTATCGAA-1	OZ258728_1_ORF1	0	0	1	1	FALSE	FALSE
AGTTACCGTAATGTCC-1	OZ258728_1_ORF1	0	0	1	1	FALSE	FALSE
AGTTACCGTAGGCTCC-1	MZ286197_1_ORF1	0	0	1	1	FALSE	FALSE
AGTTACCGTAGGTCAA-1	MZ286258_1_ORF1	2	1	13	19	FALSE	TRUE
AGTTACCGTCAAGTAG-1	OP549859_1_ORF2	1	0	7	8	TRUE	TRUE
AGTTACCGTCAGCATT-1	OP549859_1_ORF2	0	0	1	1	FALSE	FALSE
AGTTACCGTCGGGACA-1	meGFP	1	0	5	5	TRUE	TRUE
AGTTACCGTGCTGACC-1	meGFP	0	0	1	2	FALSE	TRUE
AGTTACCGTGGCATGG-1	meGFP	1	1	17	18	TRUE	TRUE
AGTTACCGTGGCCATC-1	meGFP	0	0	1	1	FALSE	TRUE
AGTTACCGTGTACCGC-1	meGFP	1	0	6	6	TRUE	TRUE
AGTTACCGTGTTGCGC-1	MZ286188_1_ORF2	1	1	13	13	TRUE	TRUE
AGTTACCGTTCGTAGT-1	meGFP	0	0	1	1	FALSE	TRUE
AGTTACCGTTCGTGCA-1	OZ258728_1_ORF2	0	0	1	1	FALSE	TRUE
AGTTACCGTTTGATGC-1	OP549859_1_ORF2	1	0	4	4	TRUE	TRUE
AGTTACGCAACCTCGC-1	OZ258728_1_ORF2	0	0	0	0	FALSE	FALSE
AGTTACGCAAGTGACC-1	OZ258728_1_ORF2	0	0	2	2	TRUE	FALSE
AGTTACGCAGCTTAGA-1	MZ286258_1_ORF2	0	0	1	1	FALSE	FALSE
AGTTACGCATAAGGTT-1	OP549859_1_ORF1	0	0	1	2	FALSE	TRUE
AGTTACGCATCGCTCA-1	OZ258728_1_ORF2	0	0	1	1	FALSE	FALSE
AGTTACGCATTCCGTG-1	MZ286102_1_ORF2	1	1	12	13	TRUE	TRUE
AGTTAGCAGAGAGCTT-1	OZ258728_1_ORF2	2	1	102	107	TRUE	TRUE
AGTTAGCAGAGGTTAC-1	MZ286102_1_ORF2	0	0	1	1	FALSE	FALSE
AGTTAGCAGCGCTTAC-1	MZ286188_1_ORF2	1	1	11	13	TRUE	TRUE
AGTTAGCAGCGTGCTT-1	OZ258728_1_ORF2	1	1	47	47	TRUE	TRUE
AGTTAGCAGGGATGAA-1	OZ258728_1_ORF2	0	0	1	1	FALSE	FALSE
AGTTAGCAGGGGCTTA-1	MZ286102_1_ORF2	1	0	7	9	TRUE	TRUE
AGTTAGCAGTTACCGC-1	OZ258728_1_ORF2	0	0	1	1	FALSE	TRUE
AGTTAGCAGTTGGCCT-1	MZ286188_1_ORF2	0	0	3	3	TRUE	TRUE
AGTTAGTCAAGATGGG-1	meGFP	0	0	1	1	FALSE	TRUE
AGTTAGTCAAGCGAAG-1	OZ258728_1_ORF2	1	1	125	126	TRUE	TRUE
AGTTAGTCACAAGCCG-1	meGFP	1	1	15	15	TRUE	TRUE
AGTTAGTCACCTTGAT-1	OZ258728_1_ORF2	1	1	46	47	TRUE	TRUE
AGTTAGTCACGGATCG-1	MZ286102_1_ORF1	0	0	1	1	FALSE	FALSE
AGTTAGTCACGGTAAC-1	OZ258728_1_ORF2	0	0	1	1	FALSE	FALSE
AGTTAGTCAGCTCTAT-1	MZ286102_1_ORF2	1	0	5	5	TRUE	TRUE
AGTTAGTCAGGCAACT-1	OZ258728_1_ORF2	0	0	1	1	FALSE	TRUE
AGTTAGTCATTACTCA-1	MZ286102_1_ORF2	1	1	20	20	TRUE	TRUE
AGTTGAATCAATCGCC-1	MZ286188_1_ORF1	1	1	52	52	TRUE	TRUE
AGTTGAATCACCGCAT-1	MZ286102_1_ORF1	1	0	8	8	TRUE	FALSE
AGTTGAATCCATCGCG-1	meGFP	1	0	8	8	TRUE	FALSE
AGTTGAATCCCCGACA-1	MZ286102_1_ORF2	2	0	8	13	FALSE	TRUE
AGTTGAATCCTCCTAT-1	MZ286102_1_ORF2	0	0	1	1	FALSE	FALSE
AGTTGAATCGATACTT-1	OZ258728_1_ORF2	0	0	2	4	FALSE	TRUE
AGTTGAATCGCGTCCA-1	OZ258728_1_ORF1	0	0	1	1	FALSE	FALSE
AGTTGAATCGCGTTAC-1	OP549859_1_ORF2	1	0	9	9	TRUE	TRUE
AGTTGAATCGGTAAGT-1	MZ286258_1_ORF2	1	0	7	7	TRUE	TRUE
AGTTGAATCGGTAGCA-1	meGFP	0	0	3	4	TRUE	TRUE
AGTTGAATCTAAGCAA-1	OZ258728_1_ORF2	1	1	17	19	TRUE	TRUE
AGTTGAATCTGTGCGT-1	MZ286258_1_ORF2	0	0	1	1	FALSE	TRUE
AGTTGAATCTTGAATC-1	MZ286102_1_ORF2	0	0	1	1	FALSE	TRUE
AGTTGGGTCAGTATGA-1	MZ286258_1_ORF2	0	0	1	1	FALSE	TRUE
AGTTGGGTCCAAGTCC-1	MZ286102_1_ORF2	0	0	2	2	TRUE	TRUE
AGTTGGGTCCAATCAT-1	MZ286102_1_ORF1	0	0	1	1	FALSE	FALSE
AGTTGGGTCCATTAGT-1	MZ286102_1_ORF2	0	0	1	2	FALSE	FALSE
AGTTGGGTCCGACAGA-1	meGFP	0	0	1	1	FALSE	FALSE
AGTTGGGTCGATGGAT-1	MZ286102_1_ORF2	0	0	2	2	TRUE	TRUE
AGTTGGGTCGCTATGC-1	OZ258728_1_ORF2	0	0	1	1	FALSE	TRUE
AGTTGGGTCGTCTAGC-1	OZ258728_1_ORF2	0	0	1	1	FALSE	FALSE
AGTTGGGTCTAAGTGA-1	MZ286102_1_ORF1	1	0	7	7	TRUE	TRUE
AGTTGGGTCTCTCGCC-1	OZ258728_1_ORF1	0	0	1	1	FALSE	TRUE
AGTTGGGTCTGGATGG-1	MZ286197_1_ORF2	0	0	1	2	FALSE	TRUE
AGTTGTAAGAATGGAG-1	meGFP	0	0	1	1	FALSE	FALSE
AGTTGTAAGACTTGCC-1	OZ258728_1_ORF1	1	1	17	17	TRUE	TRUE
AGTTGTAAGCCACAGA-1	meGFP	0	0	1	1	FALSE	FALSE
AGTTGTAAGCCACTCG-1	MZ286258_1_ORF1	0	0	1	1	FALSE	FALSE
AGTTGTAAGCGGATTG-1	MZ286258_1_ORF2	1	0	5	5	TRUE	TRUE
AGTTGTAAGGCACATG-1	MZ286102_1_ORF2	0	0	1	1	FALSE	TRUE
AGTTGTAAGGCATCCT-1	OZ258728_1_ORF2	0	0	1	1	FALSE	FALSE
AGTTGTAAGTCCACGT-1	OP549859_1_ORF1	0	0	1	1	FALSE	TRUE
AGTTGTAAGTGCAGAT-1	MZ286102_1_ORF2	0	0	3	3	TRUE	TRUE
AGTTGTAAGTGGGTCA-1	OZ258728_1_ORF2	1	1	22	25	TRUE	TRUE
AGTTGTAAGTGTAATG-1	MZ286197_1_ORF1	1	0	6	7	TRUE	TRUE
AGTTGTGCAACAGGCT-1	OZ258728_1_ORF2	0	0	1	1	FALSE	FALSE
AGTTGTGCAACGGGTT-1	meGFP	0	0	2	3	FALSE	TRUE
AGTTGTGCACAACGGT-1	OP549859_1_ORF2	0	0	1	1	FALSE	FALSE
AGTTGTGCACCTGTAT-1	meGFP	0	0	1	2	FALSE	TRUE
AGTTGTGCAGGCTATA-1	MZ286188_1_ORF1	1	1	55	56	TRUE	TRUE
AGTTGTGCAGTTGCTT-1	meGFP	0	0	1	2	FALSE	TRUE
AGTTGTGCATAATCCC-1	MZ286188_1_ORF1	0	0	1	1	FALSE	TRUE
AGTTGTGCATGGAGCT-1	meGFP	1	1	71	71	TRUE	TRUE
AGTTGTGCATGTCTGT-1	OZ258728_1_ORF2	0	0	1	1	FALSE	FALSE
AGTTGTGCATGTGATG-1	meGFP	0	0	1	2	FALSE	TRUE
AGTTGTGCATTCACAC-1	MZ286258_1_ORF2	0	0	2	2	TRUE	TRUE
AGTTTACTCAAGCGTG-1	OP549859_1_ORF1	0	0	1	3	FALSE	TRUE
AGTTTACTCACACACC-1	MZ286258_1_ORF2	0	0	1	1	FALSE	TRUE
AGTTTACTCACGAAGT-1	OP549859_1_ORF2	1	1	13	14	TRUE	TRUE
AGTTTACTCCGTAGAG-1	MZ286102_1_ORF2	0	0	1	1	FALSE	FALSE
AGTTTACTCCTCCTAT-1	MZ286258_1_ORF2	0	0	1	2	FALSE	TRUE
AGTTTACTCGCGTTAC-1	OZ258728_1_ORF1	1	0	5	5	TRUE	TRUE
AGTTTACTCGCTTAAT-1	OZ258728_1_ORF1	0	0	1	1	FALSE	TRUE
AGTTTACTCGTGCGAA-1	meGFP	0	0	3	3	TRUE	TRUE
AGTTTACTCTCCCAGG-1	MZ286188_1_ORF2	0	0	3	4	TRUE	TRUE
AGTTTACTCTGGGTAG-1	MZ286102_1_ORF2	1	1	11	12	TRUE	TRUE
AGTTTACTCTTAGTAC-1	meGFP	0	0	2	2	TRUE	TRUE
AGTTTCGTCACGGAAT-1	MZ286102_1_ORF2	0	0	3	3	TRUE	TRUE
AGTTTCGTCCAGCGAA-1	OP549859_1_ORF1	1	1	24	24	TRUE	TRUE
AGTTTCGTCGAACCCT-1	OP549859_1_ORF2	0	0	1	1	FALSE	FALSE
AGTTTCGTCGACTCTA-1	MZ286258_1_ORF1	0	0	1	1	FALSE	FALSE
AGTTTCGTCGAGTTGG-1	MZ286258_1_ORF2	1	1	25	25	TRUE	TRUE
AGTTTCGTCGGCTGAA-1	OZ258728_1_ORF2	1	1	39	40	TRUE	TRUE
AGTTTCGTCGGGAACC-1	MZ286197_1_ORF2	0	0	2	2	TRUE	TRUE
AGTTTCGTCGTCAATT-1	MZ286258_1_ORF2	0	0	1	2	FALSE	TRUE
AGTTTCGTCTAAGCAA-1	MZ286102_1_ORF2	1	1	11	11	TRUE	TRUE
AGTTTCGTCTAGCCCG-1	MZ286258_1_ORF2	1	0	5	5	TRUE	TRUE
AGTTTCGTCTCCCAGG-1	MZ286188_1_ORF2	1	0	4	5	TRUE	TRUE
AGTTTCGTCTGTGGAG-1	OP549859_1_ORF1	0	0	1	1	FALSE	TRUE
ATAACACCAAAGGGCA-1	OZ258728_1_ORF2	0	0	1	1	FALSE	FALSE
ATAACACCAAGATCCA-1	MZ286188_1_ORF2	0	0	2	2	TRUE	TRUE
ATAACACCAAGATGGG-1	MZ286102_1_ORF1	0	0	0	0	FALSE	FALSE
ATAACACCAAGGTGCT-1	OP549859_1_ORF1	0	0	1	1	FALSE	TRUE
ATAACACCACAGTTAG-1	OZ258728_1_ORF2	0	0	1	1	FALSE	FALSE
ATAACACCACGTGAAC-1	MZ286258_1_ORF2	1	1	22	24	TRUE	TRUE
ATAACACCACTACGGG-1	MZ286102_1_ORF2	1	1	23	24	TRUE	TRUE
ATAACACCAGACATTG-1	OZ258728_1_ORF2	0	0	1	1	FALSE	FALSE
ATAACACCAGCAGGAA-1	OP549859_1_ORF1	1	0	8	9	TRUE	TRUE
ATAACACCAGCTCAGG-1	meGFP	0	0	1	1	FALSE	FALSE
ATAACACCAGGATTGC-1	MZ286102_1_ORF1	0	0	1	1	FALSE	FALSE
ATAACACCAGGGTCTG-1	MZ286258_1_ORF1	0	0	1	1	FALSE	FALSE
ATAACACCATAAGGTT-1	OP549859_1_ORF1	1	1	47	48	TRUE	TRUE
ATAACACCATCGCTCA-1	OZ258728_1_ORF2	0	0	1	1	FALSE	TRUE
ATAACACCATGGAGAG-1	MZ286258_1_ORF2	1	0	6	10	TRUE	TRUE
ATAACAGTCACATGCC-1	MZ286102_1_ORF1	1	1	19	20	TRUE	TRUE
ATAACAGTCACGAAGT-1	MZ286258_1_ORF2	1	1	21	21	TRUE	TRUE
ATAACAGTCCCACAGT-1	OZ258728_1_ORF1	0	0	1	1	FALSE	FALSE
ATAACAGTCCGGCTCA-1	MZ286197_1_ORF2	1	0	8	9	TRUE	TRUE
ATAACAGTCGAAGTTA-1	MZ286102_1_ORF1	1	0	6	6	TRUE	TRUE
ATAACAGTCGCGCATT-1	MZ286258_1_ORF1	1	1	34	34	TRUE	TRUE
ATAACAGTCGTTACTG-1	MZ286258_1_ORF2	1	1	17	17	TRUE	TRUE
ATAACAGTCTGGACGA-1	meGFP	0	0	1	1	FALSE	TRUE
ATAACCAAGCAGGGCT-1	MZ286188_1_ORF1	0	0	1	1	FALSE	FALSE
ATAACCAAGCGGTAAT-1	OZ258728_1_ORF2	0	0	1	1	FALSE	FALSE
ATAACCAAGCGTGCAA-1	OP549859_1_ORF2	0	0	1	1	FALSE	TRUE
ATAACCAAGCTCATGC-1	MZ286258_1_ORF2	1	0	4	4	TRUE	TRUE
ATAACCAAGGGACATT-1	MZ286102_1_ORF2	1	0	4	5	TRUE	TRUE
ATAACCAAGGGACTCA-1	MZ286188_1_ORF2	0	0	1	1	FALSE	TRUE
ATAACCAAGGTAGGAA-1	MZ286188_1_ORF1	0	0	1	1	FALSE	TRUE
ATAACCAAGTATGGTA-1	OZ258728_1_ORF2	2	1	35	43	TRUE	TRUE
ATAACCAAGTTGACTT-1	meGFP	1	1	74	74	TRUE	TRUE
ATAACGATCACGGAAT-1	MZ286102_1_ORF2	1	0	5	5	TRUE	TRUE
ATAACGATCCCCAAGT-1	MZ286197_1_ORF2	1	0	4	4	TRUE	TRUE
ATAACGATCCCGATAC-1	OP549859_1_ORF1	1	1	32	33	TRUE	TRUE
ATAACGATCGATCGCT-1	MZ286188_1_ORF1	0	0	1	1	FALSE	FALSE
ATAACGATCGCCCAAT-1	meGFP	0	0	1	1	FALSE	FALSE
ATAACGATCGTACGTC-1	meGFP	1	1	166	166	TRUE	TRUE
ATAACGATCTCTAACG-1	OP549859_1_ORF1	0	0	1	1	FALSE	FALSE
ATAACGATCTCTATCC-1	OZ258728_1_ORF1	1	1	21	21	TRUE	TRUE
ATAACGATCTGCACCG-1	OZ258728_1_ORF1	1	1	50	51	TRUE	TRUE
ATAACGATCTGGTTGC-1	MZ286102_1_ORF2	0	0	1	2	FALSE	FALSE
ATAACGATCTTAGTGT-1	MZ286102_1_ORF2	1	0	4	4	TRUE	TRUE
ATAAGCATCCGCTCGA-1	OZ258728_1_ORF2	0	0	1	1	FALSE	TRUE
ATAAGCATCCTTCACT-1	OP549859_1_ORF2	0	0	1	2	FALSE	TRUE
ATAAGCATCGAATGGT-1	meGFP	1	1	30	30	TRUE	TRUE
ATAAGCATCGAGGCGT-1	MZ286188_1_ORF2	0	0	1	1	FALSE	FALSE
ATAAGCATCGGACAGC-1	OZ258728_1_ORF2	1	0	4	4	TRUE	TRUE
ATAAGCATCTAGAGGT-1	MZ286102_1_ORF2	1	1	10	10	TRUE	TRUE
ATAAGCATCTATAGGA-1	MZ286197_1_ORF2	0	0	1	1	FALSE	FALSE
ATAAGCATCTCCTAAG-1	MZ286102_1_ORF2	0	0	2	2	TRUE	TRUE
ATAAGCATCTCTATGG-1	OP549859_1_ORF1	0	0	1	1	FALSE	TRUE
ATAAGCATCTCTCAAG-1	MZ286188_1_ORF2	1	0	6	6	TRUE	TRUE
ATAAGCATCTGGTGTC-1	MZ286197_1_ORF1	0	0	1	1	FALSE	TRUE
ATAAGCATCTGTGGCT-1	OZ258728_1_ORF2	0	0	1	1	FALSE	FALSE
ATAAGCCAGACATCGG-1	OP549859_1_ORF1	1	0	6	6	TRUE	TRUE
ATAAGCCAGCCGAGTA-1	OZ258728_1_ORF2	1	1	12	14	TRUE	TRUE
ATAAGCCAGCGAACTG-1	OP549859_1_ORF1	0	0	1	1	FALSE	TRUE
ATAAGCCAGGACTCTC-1	OP549859_1_ORF2	0	0	1	3	FALSE	TRUE
ATAAGCCAGTGCGGAC-1	MZ286197_1_ORF1	2	1	22	28	TRUE	TRUE
ATAAGCCAGTGGATTA-1	OZ258728_1_ORF2	0	0	1	1	FALSE	FALSE
ATAAGCTCAAAGTGCC-1	OP549859_1_ORF2	1	0	5	5	TRUE	TRUE
ATAAGCTCAATCCGGG-1	OP549859_1_ORF2	0	0	2	2	TRUE	TRUE
ATAAGCTCACAAGGCT-1	MZ286197_1_ORF2	0	0	1	1	FALSE	TRUE
ATAAGCTCACTGATGA-1	OZ258728_1_ORF1	1	0	5	6	TRUE	TRUE
ATAAGCTCAGACACAC-1	MZ286102_1_ORF2	1	1	17	18	TRUE	TRUE
ATAAGCTCAGATCCTT-1	MZ286102_1_ORF1	0	0	1	1	FALSE	TRUE
ATAAGCTCATGGCCTC-1	MZ286258_1_ORF2	0	0	1	1	FALSE	TRUE
ATAAGCTCATTAACGG-1	MZ286188_1_ORF2	0	0	1	1	FALSE	FALSE
ATAAGTAGTAACGGAC-1	OZ258728_1_ORF1	0	0	2	3	FALSE	TRUE
ATAAGTAGTAAGTCTC-1	MZ286188_1_ORF2	0	0	1	1	FALSE	TRUE
ATAAGTAGTACTTACA-1	OP549859_1_ORF2	0	0	1	1	FALSE	TRUE
ATAAGTAGTGTTGACT-1	MZ286102_1_ORF1	0	0	3	3	TRUE	TRUE
ATAAGTCCAAAGGGCA-1	OZ258728_1_ORF2	0	0	1	1	FALSE	FALSE
ATAAGTCCAACATCCT-1	OZ258728_1_ORF1	0	0	1	1	FALSE	TRUE
ATAAGTCCAAGGCAAG-1	MZ286188_1_ORF1	1	1	13	14	TRUE	TRUE
ATAAGTCCACATTCGT-1	MZ286102_1_ORF2	1	1	14	15	TRUE	TRUE
ATAAGTCCACCTGTGC-1	MZ286258_1_ORF2	0	0	2	3	FALSE	TRUE
ATAAGTCCATGCGTGG-1	MZ286102_1_ORF1	0	0	1	3	FALSE	TRUE
ATAAGTGTCACGAAGT-1	OZ258728_1_ORF2	1	1	18	18	TRUE	FALSE
ATAAGTGTCATCAATC-1	MZ286188_1_ORF2	0	0	2	2	TRUE	TRUE
ATAAGTGTCATGGCAG-1	meGFP	2	1	84	93	TRUE	TRUE
ATAAGTGTCCATGACC-1	OZ258728_1_ORF2	0	0	1	1	FALSE	FALSE
ATAAGTGTCCCGTAGT-1	OZ258728_1_ORF2	0	0	1	1	FALSE	TRUE
ATAAGTGTCCTAATGT-1	MZ286188_1_ORF1	1	1	13	14	TRUE	TRUE
ATAAGTGTCCTCCTGC-1	OP549859_1_ORF2	1	0	4	4	TRUE	TRUE
ATAAGTGTCCTGAGAG-1	OZ258728_1_ORF2	0	0	1	2	FALSE	TRUE
ATAAGTGTCGAACCGA-1	MZ286102_1_ORF2	0	0	1	1	FALSE	FALSE
ATAAGTGTCGGACCAA-1	MZ286197_1_ORF1	0	0	1	1	FALSE	TRUE
ATAAGTGTCGGGATTG-1	OP549859_1_ORF2	0	0	1	1	FALSE	FALSE
ATAAGTGTCTCCATCT-1	MZ286258_1_ORF1	0	0	1	2	FALSE	TRUE
ATAATCACACTTCGGC-1	OP549859_1_ORF1	1	1	11	11	TRUE	FALSE
ATAATCACAGCCAACG-1	MZ286102_1_ORF2	2	2	28	56	FALSE	TRUE
ATAATCACAGGACGAA-1	MZ286102_1_ORF2	0	0	1	2	FALSE	FALSE
ATAATCACAGGTACGT-1	MZ286258_1_ORF2	1	0	4	4	TRUE	FALSE
ATAATCACATCAGTCT-1	MZ286102_1_ORF2	0	0	1	1	FALSE	FALSE
ATAATGAGTAACCTAC-1	OP549859_1_ORF2	1	0	7	7	TRUE	TRUE
ATAATGAGTAACGATG-1	OZ258728_1_ORF2	0	0	1	1	FALSE	FALSE
ATAATGAGTAAGGTGC-1	MZ286258_1_ORF1	0	0	1	1	FALSE	FALSE
ATAATGAGTAAGTCTC-1	MZ286188_1_ORF1	0	0	1	1	FALSE	TRUE
ATAATGAGTACCGACC-1	OZ258728_1_ORF1	0	0	1	1	FALSE	FALSE
ATAATGAGTATACGTC-1	OP549859_1_ORF2	0	0	1	1	FALSE	TRUE
ATAATGAGTCACTCCT-1	OP549859_1_ORF1	0	0	1	1	FALSE	FALSE
ATAATGAGTGACCAGG-1	MZ286197_1_ORF1	0	0	1	1	FALSE	TRUE
ATAATGAGTGACCCTA-1	meGFP	0	0	1	1	FALSE	TRUE
ATAATGAGTGTCAGTT-1	MZ286197_1_ORF2	2	0	4	9	FALSE	TRUE
ATAATGAGTTAACGAG-1	OZ258728_1_ORF2	1	1	70	70	TRUE	TRUE
ATAATGAGTTACTTGA-1	OP549859_1_ORF1	1	1	16	16	TRUE	TRUE
ATAATGAGTTATCCGG-1	MZ286197_1_ORF1	0	0	1	1	FALSE	FALSE
ATAATGAGTTCATCGG-1	OP549859_1_ORF1	0	0	1	1	FALSE	FALSE
ATAATGAGTTGTAAGG-1	OP549859_1_ORF1	2	2	36	73	FALSE	TRUE
ATAATGAGTTTGAACC-1	meGFP	0	0	1	1	FALSE	TRUE
ATAATGAGTTTGGGTT-1	MZ286258_1_ORF1	0	0	1	1	FALSE	FALSE
ATAATGCCAAAGCGGA-1	OZ258728_1_ORF2	0	0	1	1	FALSE	FALSE
ATAATGCCAAGTCGGT-1	OZ258728_1_ORF2	0	0	1	1	FALSE	TRUE
ATAATGCCACAAGCCG-1	OZ258728_1_ORF2	0	0	1	1	FALSE	FALSE
ATAATGCCACGATTGA-1	meGFP	1	1	65	65	TRUE	TRUE
ATAATGCCAGAGAGAT-1	MZ286188_1_ORF1	1	1	23	24	TRUE	TRUE
ATAATGCCAGATACAT-1	MZ286197_1_ORF2	1	0	6	6	TRUE	TRUE
ATAATGCCAGTACGGT-1	MZ286197_1_ORF2	0	0	1	2	FALSE	TRUE
ATAATGCCATAGGATT-1	OZ258728_1_ORF2	0	0	1	1	FALSE	FALSE
ATAATGCCATATCGAG-1	OZ258728_1_ORF2	1	1	32	32	TRUE	TRUE
ATAATGCCATGAATCG-1	MZ286197_1_ORF2	1	1	10	10	TRUE	TRUE
ATAATGCCATTAGAGT-1	meGFP	1	1	32	33	TRUE	TRUE
ATAATGCCATTGGTTC-1	MZ286258_1_ORF2	1	0	6	6	TRUE	TRUE
ATAATGGTCATACAGA-1	meGFP	1	1	13	13	TRUE	TRUE
ATAATGGTCCATTAGT-1	OZ258728_1_ORF2	0	0	1	1	FALSE	TRUE
ATAATGGTCGCTTGAC-1	MZ286258_1_ORF1	1	0	4	4	TRUE	TRUE
ATAATGGTCGGTCTAC-1	MZ286102_1_ORF2	1	0	6	6	TRUE	TRUE
ATAATGGTCGTCAATT-1	MZ286197_1_ORF1	0	0	2	2	TRUE	TRUE
ATAATGGTCTGCATCA-1	MZ286258_1_ORF2	0	0	1	2	FALSE	TRUE
ATAATGGTCTGTGGCT-1	MZ286102_1_ORF2	0	0	1	1	FALSE	TRUE
ATAATGGTCTTAGGCC-1	MZ286197_1_ORF2	0	0	1	1	FALSE	FALSE
ATACAACCAAAGGGCA-1	OZ258728_1_ORF2	0	0	1	1	FALSE	FALSE
ATACAACCAATGGCTA-1	OZ258728_1_ORF2	1	1	18	19	TRUE	TRUE
ATACAACCACGTGCCT-1	MZ286102_1_ORF2	1	1	12	12	TRUE	TRUE
ATACAACCACTAGTCT-1	meGFP	0	0	1	1	FALSE	TRUE
ATACAACCACTTCCAG-1	OP549859_1_ORF1	0	0	1	2	FALSE	TRUE
ATACAACCAGCATCAA-1	MZ286258_1_ORF1	0	0	1	1	FALSE	TRUE
ATACAACCAGGCAACT-1	MZ286102_1_ORF2	0	0	1	1	FALSE	FALSE
ATACAACCAGGCTATA-1	MZ286197_1_ORF1	1	1	24	25	TRUE	TRUE
ATACAACCAGTAAGGG-1	MZ286258_1_ORF1	2	2	27	50	FALSE	TRUE
ATACAACCATATGCAG-1	MZ286197_1_ORF1	0	0	1	1	FALSE	TRUE
ATACAACCATCAGTCT-1	OP549859_1_ORF2	0	0	3	3	TRUE	TRUE
ATACAATAGAGGCATT-1	OP549859_1_ORF1	0	0	1	1	FALSE	FALSE
ATACAATAGAGTCCCT-1	OZ258728_1_ORF2	0	0	1	1	FALSE	TRUE
ATACAATAGCAGCATG-1	OP549859_1_ORF1	1	1	131	134	TRUE	TRUE
ATACAATAGCGATTCC-1	meGFP	0	0	1	1	FALSE	FALSE
ATACAATAGCTGGTTC-1	OP549859_1_ORF1	0	0	1	1	FALSE	TRUE
ATACAATAGGCATCCT-1	MZ286258_1_ORF1	0	0	1	1	FALSE	FALSE
ATACAATAGGCGAAGG-1	MZ286258_1_ORF2	1	0	4	4	TRUE	TRUE
ATACAATAGTAATGTG-1	MZ286258_1_ORF1	1	0	6	6	TRUE	TRUE
ATACAATAGTGTAATG-1	OZ258728_1_ORF2	0	0	1	1	FALSE	FALSE
ATACAATAGTGTGTCC-1	MZ286258_1_ORF1	1	1	25	25	TRUE	TRUE
ATACAGCAGAAGCGTT-1	OP549859_1_ORF1	0	0	1	1	FALSE	FALSE
ATACAGCAGCGTTCAC-1	meGFP	0	0	1	1	FALSE	FALSE
ATACAGCAGCGTTCGT-1	meGFP	0	0	1	1	FALSE	TRUE
ATACAGCAGGACTAAC-1	MZ286102_1_ORF2	1	0	7	7	TRUE	TRUE
ATACAGCAGGAGTCTG-1	MZ286258_1_ORF2	2	2	20	32	FALSE	TRUE
ATACAGCAGGCGAAGG-1	OZ258728_1_ORF2	1	0	9	10	TRUE	TRUE
ATACAGCAGGCGTGGT-1	OP549859_1_ORF1	0	0	1	1	FALSE	TRUE
ATACAGCAGGCTGCAA-1	MZ286258_1_ORF2	1	0	4	4	TRUE	TRUE
ATACAGCAGGGCCAGT-1	meGFP	0	0	1	1	FALSE	TRUE
ATACAGCAGGGCTTGA-1	OZ258728_1_ORF2	0	0	1	1	FALSE	FALSE
ATACAGCAGGTAGACT-1	OP549859_1_ORF1	1	1	65	65	TRUE	TRUE
ATACAGCAGTAATCCT-1	OZ258728_1_ORF2	0	0	1	1	FALSE	FALSE
ATACAGCAGTACTAAG-1	OP549859_1_ORF2	2	0	5	9	FALSE	TRUE
ATACAGCAGTCTCACA-1	OZ258728_1_ORF1	0	0	3	4	TRUE	TRUE
ATACAGCAGTTACCGC-1	OZ258728_1_ORF2	0	0	1	1	FALSE	FALSE
ATACCCCAGAATCGTA-1	MZ286188_1_ORF1	1	1	56	56	TRUE	TRUE
ATACCCCAGCAAGCTG-1	OZ258728_1_ORF2	1	1	34	34	TRUE	TRUE
ATACCCCAGCCACTTA-1	MZ286102_1_ORF1	1	0	4	5	TRUE	TRUE
ATACCCCAGCGATTCC-1	MZ286197_1_ORF1	1	0	8	9	TRUE	TRUE
ATACCCCAGCTACTTG-1	MZ286258_1_ORF2	0	0	1	1	FALSE	FALSE
ATACCCCAGCTGAGAT-1	OZ258728_1_ORF2	0	0	1	1	FALSE	FALSE
ATACCCCAGGATCGTG-1	OZ258728_1_ORF2	0	0	1	1	FALSE	FALSE
ATACCCCAGGCCAGGT-1	OP549859_1_ORF2	1	1	24	25	TRUE	TRUE
ATACCCCAGGGCTGGT-1	MZ286188_1_ORF1	0	0	1	1	FALSE	FALSE
ATACCCCAGGTTAATG-1	MZ286188_1_ORF2	0	0	1	1	FALSE	TRUE
ATACCCCAGTGATAGC-1	OP549859_1_ORF1	0	0	1	1	FALSE	TRUE
ATACCCCAGTGCAACG-1	OP549859_1_ORF1	0	0	2	2	TRUE	TRUE
ATACCCCAGTGCTACC-1	OP549859_1_ORF2	0	0	2	4	FALSE	TRUE
ATACCCCAGTTACCAT-1	MZ286197_1_ORF1	1	0	5	5	TRUE	TRUE
ATACCCTCAACCAGCG-1	MZ286188_1_ORF1	1	1	15	15	TRUE	TRUE
ATACCCTCAACCTCGC-1	MZ286258_1_ORF1	0	0	1	1	FALSE	FALSE
ATACCCTCAATGGCTA-1	MZ286258_1_ORF2	1	0	5	6	TRUE	TRUE
ATACCCTCACCCAGCT-1	OZ258728_1_ORF2	0	0	2	3	FALSE	TRUE
ATACCCTCACGTTACT-1	MZ286258_1_ORF2	3	0	7	19	FALSE	TRUE
ATACCCTCAGAACCCG-1	meGFP	0	0	2	2	TRUE	TRUE
ATACCCTCAGAATGGG-1	MZ286102_1_ORF2	1	1	26	26	TRUE	TRUE
ATACCCTCATGAATCG-1	MZ286102_1_ORF1	0	0	1	1	FALSE	TRUE
ATACCCTCATTGAGGC-1	MZ286188_1_ORF1	0	0	1	1	FALSE	FALSE
ATACCGACAACTTAGG-1	OP549859_1_ORF2	0	0	1	1	FALSE	FALSE
ATACCGACAAGTGAGG-1	MZ286258_1_ORF2	1	1	11	12	TRUE	TRUE
ATACCGACACAGTTAG-1	MZ286258_1_ORF2	2	2	16	26	FALSE	TRUE
ATACCGACAGATCCTT-1	MZ286188_1_ORF2	1	1	18	18	TRUE	TRUE
ATACCGACAGCAACCG-1	OZ258728_1_ORF1	0	0	1	1	FALSE	FALSE
ATACCGACAGCAAGTC-1	OP549859_1_ORF1	0	0	1	1	FALSE	FALSE
ATACCGACAGCCTCGT-1	MZ286188_1_ORF1	0	0	3	3	TRUE	TRUE
ATACCGACATACTCCG-1	OZ258728_1_ORF2	2	1	41	47	TRUE	TRUE
ATACCGACATCCCGAC-1	MZ286258_1_ORF1	0	0	1	2	FALSE	FALSE
ATACCGACATGCTCGC-1	OZ258728_1_ORF2	2	2	71	84	TRUE	TRUE
ATACCGACATGGTAAT-1	MZ286197_1_ORF1	0	0	1	1	FALSE	FALSE
ATACCGCTCAACTGAA-1	MZ286258_1_ORF1	2	1	10	16	FALSE	TRUE
ATACCGCTCCATCGCG-1	meGFP	0	0	1	1	FALSE	FALSE
ATACCGCTCCCTGGTG-1	OZ258728_1_ORF2	0	0	1	3	FALSE	TRUE
ATACCGCTCCGTCGCA-1	OP549859_1_ORF1	0	0	1	2	FALSE	TRUE
ATACCGCTCGACGGGT-1	meGFP	0	0	1	1	FALSE	FALSE
ATACCGCTCGATACTT-1	MZ286258_1_ORF1	1	0	4	6	TRUE	TRUE
ATACCGCTCGCGTCCA-1	MZ286197_1_ORF1	0	0	1	1	FALSE	TRUE
ATACCGCTCGTACCCG-1	meGFP	1	1	13	13	TRUE	TRUE
ATACCGCTCGTTCCGG-1	MZ286197_1_ORF1	0	0	1	1	FALSE	TRUE
ATACCGCTCTAGGCAG-1	MZ286258_1_ORF2	0	0	2	3	FALSE	TRUE
ATACCGCTCTCGCTCC-1	OZ258728_1_ORF1	0	0	1	1	FALSE	TRUE
ATACCGCTCTGAGTAA-1	meGFP	1	1	39	39	TRUE	TRUE
ATACCGCTCTGTGGCT-1	MZ286102_1_ORF2	1	1	14	15	TRUE	TRUE
ATACCGTGTACCCAAT-1	MZ286197_1_ORF1	0	0	1	1	FALSE	FALSE
ATACCGTGTATAGACG-1	meGFP	0	0	1	1	FALSE	FALSE
ATACCGTGTCATTCAA-1	MZ286258_1_ORF2	0	0	1	4	FALSE	TRUE
ATACCGTGTCCACGGT-1	MZ286197_1_ORF1	1	1	149	149	TRUE	TRUE
ATACCGTGTCTATCGG-1	OP549859_1_ORF1	0	0	1	1	FALSE	FALSE
ATACCGTGTCTCCTCG-1	MZ286258_1_ORF2	0	0	2	2	TRUE	TRUE
ATACCGTGTTATAGGG-1	OZ258728_1_ORF2	0	0	2	2	TRUE	TRUE
ATACCGTGTTTAGGAG-1	meGFP	1	1	27	27	TRUE	TRUE
ATACTACTCAAGGGTT-1	meGFP	0	0	1	1	FALSE	TRUE
ATACTACTCAATTAGG-1	MZ286197_1_ORF2	1	0	5	6	TRUE	TRUE
ATACTACTCCACCAGT-1	MZ286258_1_ORF2	1	0	6	6	TRUE	TRUE
ATACTACTCCACCTGG-1	OZ258728_1_ORF2	0	0	1	1	FALSE	FALSE
ATACTACTCCCCTTCA-1	MZ286102_1_ORF1	1	0	4	4	TRUE	TRUE
ATACTACTCCGGATGA-1	OP549859_1_ORF1	0	0	1	1	FALSE	TRUE
ATACTACTCCTTACAG-1	meGFP	0	0	1	1	FALSE	TRUE
ATACTACTCGATCCCG-1	OZ258728_1_ORF2	0	0	1	1	FALSE	FALSE
ATACTACTCGCTAGTC-1	meGFP	0	0	1	1	FALSE	FALSE
ATACTACTCGGCGTAA-1	meGFP	0	0	1	1	FALSE	TRUE
ATACTACTCGGCTTCG-1	MZ286258_1_ORF2	1	1	21	21	TRUE	TRUE
ATACTACTCTCGATCA-1	MZ286197_1_ORF1	0	0	1	1	FALSE	TRUE
ATACTACTCTCGCTCC-1	meGFP	0	0	1	1	FALSE	TRUE
ATACTACTCTGGACGA-1	MZ286102_1_ORF2	0	0	1	1	FALSE	FALSE
ATACTACTCTGTATGT-1	OZ258728_1_ORF2	0	0	1	1	FALSE	TRUE
ATACTTTCAAAGGATA-1	MZ286197_1_ORF2	0	0	2	2	TRUE	TRUE
ATACTTTCACCGTACC-1	meGFP	0	0	1	1	FALSE	FALSE
ATACTTTCACTAATGG-1	OP549859_1_ORF1	0	0	1	1	FALSE	TRUE
ATACTTTCAGAACTAT-1	MZ286197_1_ORF1	1	1	17	17	TRUE	TRUE
ATACTTTCAGATATAC-1	MZ286197_1_ORF1	1	1	26	26	TRUE	TRUE
ATACTTTCAGGATTGC-1	MZ286102_1_ORF2	1	1	24	25	TRUE	TRUE
ATACTTTCATCAGGGT-1	OZ258728_1_ORF1	0	0	1	1	FALSE	FALSE
ATACTTTCATGACGAC-1	MZ286197_1_ORF2	0	0	2	4	FALSE	TRUE
ATACTTTCATGTGATG-1	MZ286197_1_ORF1	1	1	10	10	TRUE	TRUE
ATACTTTCATTACTCA-1	MZ286102_1_ORF2	0	0	1	1	FALSE	TRUE
ATACTTTCATTGAAGT-1	OZ258728_1_ORF2	1	1	78	78	TRUE	TRUE
ATAGCAGGTACGTAAG-1	OZ258728_1_ORF2	0	0	1	1	FALSE	TRUE
ATAGCAGGTACTGTCG-1	OZ258728_1_ORF2	0	0	1	1	FALSE	TRUE
ATAGCAGGTCATTCGG-1	OP549859_1_ORF1	0	0	1	1	FALSE	TRUE
ATAGCAGGTGTCGAGG-1	OZ258728_1_ORF2	1	1	79	79	TRUE	TRUE
ATAGCAGGTTACGCCA-1	OZ258728_1_ORF2	0	0	1	1	FALSE	TRUE
ATAGCATCAAGAGGTG-1	MZ286102_1_ORF1	1	0	4	5	TRUE	TRUE
ATAGCATCACCGGTAG-1	OP549859_1_ORF1	0	0	1	1	FALSE	TRUE
ATAGCATCACGCACGA-1	OZ258728_1_ORF2	1	1	54	55	TRUE	TRUE
ATAGCATCACTACCCA-1	MZ286188_1_ORF2	1	1	16	19	TRUE	TRUE
ATAGCATCACTCACGC-1	MZ286102_1_ORF2	1	0	8	8	TRUE	TRUE
ATAGCATCACTGACTT-1	MZ286102_1_ORF2	0	0	1	1	FALSE	TRUE
ATAGCATCAGCCCTGT-1	MZ286102_1_ORF2	0	0	3	3	TRUE	TRUE
ATAGCATCAGGCGCTA-1	MZ286197_1_ORF1	0	0	1	1	FALSE	TRUE
ATAGCATCATAGGCAC-1	MZ286188_1_ORF2	1	1	10	11	TRUE	TRUE
ATAGCATCATGCCCTA-1	MZ286258_1_ORF2	1	1	20	22	TRUE	TRUE
ATAGCATCATTGGTTC-1	OZ258728_1_ORF2	1	1	37	42	TRUE	TRUE
ATAGCGCCAAAGGGCA-1	OZ258728_1_ORF2	0	0	1	1	FALSE	FALSE
ATAGCGCCAACCTCGC-1	OP549859_1_ORF1	0	0	1	1	FALSE	FALSE
ATAGCGCCACATGCTT-1	OZ258728_1_ORF2	0	0	1	1	FALSE	TRUE
ATAGCGCCAGACACAC-1	MZ286188_1_ORF2	0	0	2	2	TRUE	TRUE
ATAGCGCCAGTAGGAG-1	OZ258728_1_ORF2	0	0	1	1	FALSE	TRUE
ATAGCGCCATAAGTCG-1	OP549859_1_ORF2	0	0	1	1	FALSE	TRUE
ATAGCGCCATGAGTAT-1	MZ286188_1_ORF2	0	0	1	1	FALSE	TRUE
ATAGCGCCATGATTCC-1	MZ286197_1_ORF2	0	0	1	1	FALSE	FALSE
ATAGCGCCATGGACGT-1	OZ258728_1_ORF2	1	1	10	10	TRUE	FALSE
ATAGCGCCATGTCGGG-1	MZ286197_1_ORF2	1	0	6	6	TRUE	TRUE
ATAGCGTAGACTCCGT-1	meGFP	1	1	14	15	TRUE	FALSE
ATAGCGTAGAGCTAGT-1	OP549859_1_ORF1	1	1	37	37	TRUE	TRUE
ATAGCGTAGAGTCATA-1	OP549859_1_ORF1	0	0	1	1	FALSE	FALSE
ATAGCGTAGATACAGC-1	OZ258728_1_ORF2	0	0	1	1	FALSE	FALSE
ATAGCGTAGATTCCGC-1	OZ258728_1_ORF2	1	1	13	18	TRUE	TRUE
ATAGCGTAGCAATCAA-1	OZ258728_1_ORF2	1	0	4	4	TRUE	FALSE
ATAGCGTAGCGATTAA-1	MZ286197_1_ORF2	1	0	4	4	TRUE	TRUE
ATAGCGTAGGACATAC-1	meGFP	0	0	1	1	FALSE	TRUE
ATAGCGTAGGAGTATC-1	OZ258728_1_ORF1	0	0	1	1	FALSE	TRUE
ATAGCGTAGGATCACG-1	OP549859_1_ORF2	1	0	7	8	TRUE	TRUE
ATAGCGTAGGGATGGG-1	OZ258728_1_ORF2	0	0	1	1	FALSE	FALSE
ATAGCGTAGGGCAATT-1	MZ286102_1_ORF2	0	0	1	1	FALSE	TRUE
ATAGCGTAGGGTATGT-1	OP549859_1_ORF1	0	0	1	1	FALSE	FALSE
ATAGCGTAGGGTTGCA-1	meGFP	1	1	35	36	TRUE	TRUE
ATAGCGTAGTGGGTTG-1	meGFP	0	0	1	1	FALSE	TRUE
ATAGGCAGTAACTGAG-1	OZ258728_1_ORF2	0	0	1	1	FALSE	FALSE
ATAGGCAGTACAGCCC-1	OZ258728_1_ORF2	2	2	20	34	FALSE	TRUE
ATAGGCAGTACAGGAC-1	OZ258728_1_ORF2	0	0	1	1	FALSE	FALSE
ATAGGCAGTACCCAAT-1	MZ286197_1_ORF1	0	0	1	1	FALSE	FALSE
ATAGGCAGTAGCTGAA-1	MZ286188_1_ORF1	0	0	1	1	FALSE	TRUE
ATAGGCAGTAGGCAGT-1	MZ286258_1_ORF2	1	0	5	6	TRUE	TRUE
ATAGGCAGTGATCCCA-1	OP549859_1_ORF1	0	0	1	1	FALSE	TRUE
ATAGGCAGTGCAGCCT-1	meGFP	0	0	1	2	FALSE	FALSE
ATAGGCAGTGGGATTA-1	MZ286258_1_ORF1	1	1	12	13	TRUE	TRUE
ATAGGCAGTGGTGATA-1	OZ258728_1_ORF2	0	0	1	1	FALSE	TRUE
ATAGGCAGTGTCCAAT-1	OP549859_1_ORF1	1	1	16	16	TRUE	TRUE
ATAGGCAGTTCCAACG-1	OP549859_1_ORF1	0	0	1	1	FALSE	FALSE
ATAGGCAGTTCTATCT-1	OP549859_1_ORF1	1	0	4	5	TRUE	TRUE
ATAGGCAGTTGGAGCG-1	MZ286258_1_ORF1	0	0	1	2	FALSE	TRUE
ATAGGCAGTTTAGGAG-1	MZ286188_1_ORF1	1	1	75	78	TRUE	TRUE
ATAGGCAGTTTGAGTC-1	MZ286258_1_ORF2	0	0	2	3	FALSE	TRUE
ATAGGCCCAACAGGCT-1	MZ286197_1_ORF1	0	0	3	3	TRUE	TRUE
ATAGGCCCAAGGCAAG-1	MZ286258_1_ORF2	0	0	1	1	FALSE	TRUE
ATAGGCCCAATACCCT-1	meGFP	0	0	1	1	FALSE	FALSE
ATAGGCCCACATACAG-1	MZ286188_1_ORF1	2	2	44	90	FALSE	TRUE
ATAGGCCCACCATGCC-1	MZ286258_1_ORF1	0	0	1	1	FALSE	TRUE
ATAGGCCCACCATTAC-1	OP549859_1_ORF2	1	0	5	5	TRUE	TRUE
ATAGGCCCAGCAAGTC-1	MZ286258_1_ORF2	0	0	1	2	FALSE	TRUE
ATAGGCCCAGGTAGCT-1	MZ286188_1_ORF1	0	0	1	1	FALSE	FALSE
ATAGGCCCAGTCCCGT-1	OZ258728_1_ORF2	1	1	88	88	TRUE	TRUE
ATAGGCCCAGTCGAGT-1	meGFP	0	0	1	1	FALSE	TRUE
ATAGGCCCATACTCCG-1	OZ258728_1_ORF2	0	0	1	1	FALSE	TRUE
ATAGGGTTCACCCAGT-1	OZ258728_1_ORF2	0	0	1	1	FALSE	FALSE
ATAGGGTTCCTCATAG-1	MZ286188_1_ORF2	0	0	1	2	FALSE	TRUE
ATAGGGTTCCTGAGAG-1	OZ258728_1_ORF1	0	0	2	2	TRUE	TRUE
ATAGGGTTCGAAGCGC-1	OZ258728_1_ORF2	0	0	1	1	FALSE	FALSE
ATAGGGTTCGACCTTA-1	MZ286258_1_ORF2	0	0	1	1	FALSE	FALSE
ATAGGGTTCGATGTCC-1	OZ258728_1_ORF2	1	1	17	17	TRUE	TRUE
ATAGGGTTCGGTATGG-1	MZ286258_1_ORF1	0	0	1	2	FALSE	TRUE
ATAGGGTTCTAATTGC-1	MZ286258_1_ORF2	0	0	1	1	FALSE	TRUE
ATAGGGTTCTGAGTAA-1	MZ286188_1_ORF1	0	0	1	1	FALSE	FALSE
ATAGGGTTCTGAGTCC-1	OZ258728_1_ORF1	0	0	1	2	FALSE	TRUE
ATAGGGTTCTGGCTTA-1	OP549859_1_ORF1	1	1	85	86	TRUE	TRUE
ATAGGGTTCTGGTTGC-1	OP549859_1_ORF1	0	0	1	1	FALSE	FALSE
ATAGTACCAACACCAA-1	OZ258728_1_ORF2	0	0	1	1	FALSE	FALSE
ATAGTACCAATTAGAC-1	OZ258728_1_ORF2	1	1	43	43	TRUE	TRUE
ATAGTACCAGAACTAT-1	MZ286258_1_ORF2	1	0	5	5	TRUE	TRUE
ATAGTACCAGCCCGAA-1	OP549859_1_ORF2	1	1	14	16	TRUE	TRUE
ATAGTACCAGGGTAAG-1	MZ286102_1_ORF2	1	0	6	6	TRUE	TRUE
ATAGTACCATAGATAC-1	MZ286102_1_ORF2	1	0	7	7	TRUE	TRUE
ATAGTACCATGCTCGC-1	meGFP	0	0	1	1	FALSE	FALSE
ATAGTACCATGTGATG-1	MZ286102_1_ORF2	0	0	1	1	FALSE	TRUE
ATAGTACCATTGAGGC-1	MZ286258_1_ORF2	0	0	2	5	FALSE	TRUE
ATAGTCCGTACAGGGT-1	OZ258728_1_ORF2	0	0	1	1	FALSE	FALSE
ATAGTCCGTCATGAGA-1	OZ258728_1_ORF1	0	0	1	1	FALSE	FALSE
ATAGTCCGTCCCGAAC-1	MZ286102_1_ORF2	1	1	14	16	TRUE	TRUE
ATAGTCCGTCGTTAGT-1	MZ286102_1_ORF1	1	0	4	4	TRUE	TRUE
ATAGTCCGTCTAATCA-1	MZ286197_1_ORF2	0	0	3	3	TRUE	TRUE
ATAGTCCGTCTGGTCA-1	MZ286197_1_ORF2	0	0	1	1	FALSE	TRUE
ATAGTCCGTGACGAAC-1	OZ258728_1_ORF2	1	1	101	101	TRUE	TRUE
ATAGTCCGTGGAAGGA-1	meGFP	0	0	1	1	FALSE	TRUE
ATAGTCCGTGGATGAC-1	MZ286102_1_ORF1	1	1	14	14	TRUE	TRUE
ATAGTCCGTTAGGGTA-1	MZ286102_1_ORF2	1	0	4	7	TRUE	TRUE
ATAGTCCGTTCCGCAA-1	OP549859_1_ORF2	0	0	2	2	TRUE	TRUE
ATAGTCCGTTGTACGT-1	MZ286258_1_ORF2	0	0	1	1	FALSE	TRUE
ATAGTCGCAACTGCCC-1	MZ286102_1_ORF1	0	0	1	1	FALSE	TRUE
ATAGTCGCAAGTGAGG-1	meGFP	1	1	26	26	TRUE	TRUE
ATAGTCGCAATAGAGA-1	MZ286188_1_ORF2	1	0	7	7	TRUE	TRUE
ATAGTCGCAATGGCTA-1	MZ286258_1_ORF2	1	1	10	14	TRUE	TRUE
ATAGTCGCACGGATCG-1	OZ258728_1_ORF1	0	0	1	1	FALSE	FALSE
ATAGTCGCAGTCCAGG-1	MZ286102_1_ORF2	0	0	2	2	TRUE	TRUE
ATAGTCGCAGTCCCGT-1	OZ258728_1_ORF2	0	0	1	3	FALSE	TRUE
ATAGTCGCAGTGTGAC-1	MZ286258_1_ORF2	1	1	15	15	TRUE	TRUE
ATAGTCGCATCAAGTG-1	MZ286102_1_ORF1	0	0	1	2	FALSE	FALSE
ATATCCGTCACATGAA-1	OZ258728_1_ORF2	0	0	1	1	FALSE	FALSE
ATATCCGTCACCCTAA-1	MZ286258_1_ORF2	0	0	1	1	FALSE	TRUE
ATATCCGTCAGTATGA-1	MZ286102_1_ORF2	0	0	1	1	FALSE	TRUE
ATATCCGTCCGCGCTA-1	meGFP	0	0	1	1	FALSE	TRUE
ATATCCGTCCTACTTC-1	OZ258728_1_ORF2	1	1	51	52	TRUE	TRUE
ATATCCGTCGGCTGAA-1	MZ286188_1_ORF1	0	0	1	1	FALSE	TRUE
ATATCCGTCGTAGACG-1	MZ286102_1_ORF1	1	0	4	4	TRUE	TRUE
ATATCTATCAATTCGT-1	OZ258728_1_ORF2	1	1	25	27	TRUE	TRUE
ATATCTATCCCAACTA-1	MZ286188_1_ORF1	1	1	27	28	TRUE	TRUE
ATATCTATCCGGCTTG-1	MZ286102_1_ORF2	1	0	4	4	TRUE	TRUE
ATATCTATCCGTAGAG-1	meGFP	1	1	17	17	TRUE	TRUE
ATATCTATCGATGGAT-1	MZ286102_1_ORF2	1	0	9	9	TRUE	TRUE
ATATCTATCGCGCATT-1	OZ258728_1_ORF2	1	1	36	37	TRUE	TRUE
ATATCTATCGGACCAA-1	MZ286188_1_ORF1	0	0	1	1	FALSE	TRUE
ATATCTATCGTTACCA-1	OZ258728_1_ORF2	0	0	1	1	FALSE	FALSE
ATATCTATCTAAGTCT-1	OZ258728_1_ORF2	0	0	1	1	FALSE	FALSE
ATATCTATCTCACGCG-1	OP549859_1_ORF1	0	0	1	1	FALSE	FALSE
ATATCTATCTCAGCAC-1	MZ286258_1_ORF2	1	0	7	9	TRUE	TRUE
ATATCTATCTGGAAGT-1	MZ286197_1_ORF1	1	0	4	4	TRUE	TRUE
ATATCTATCTTGCCTT-1	OZ258728_1_ORF2	0	0	1	1	FALSE	FALSE
ATATCTTCAACTTCGT-1	MZ286258_1_ORF2	0	0	1	1	FALSE	TRUE
ATATCTTCACGGATCG-1	MZ286102_1_ORF1	1	1	30	31	TRUE	TRUE
ATATCTTCACGGGTAT-1	OZ258728_1_ORF1	1	0	5	5	TRUE	TRUE
ATATCTTCAGAGCTTA-1	OP549859_1_ORF1	0	0	3	3	TRUE	TRUE
ATATCTTCATACCGTT-1	MZ286258_1_ORF2	0	0	1	1	FALSE	TRUE
ATATCTTCATCGGGCA-1	MZ286258_1_ORF1	0	0	1	1	FALSE	TRUE
ATATCTTCATGTCGAA-1	OZ258728_1_ORF1	1	1	16	17	TRUE	TRUE
ATATCTTCATTACTTG-1	MZ286197_1_ORF1	0	0	1	1	FALSE	TRUE
ATATCTTCATTGACCT-1	MZ286258_1_ORF2	1	0	5	8	TRUE	TRUE
ATATGACCAACCGTGG-1	MZ286258_1_ORF2	1	0	8	9	TRUE	TRUE
ATATGACCAACGGACT-1	MZ286258_1_ORF2	0	0	3	3	TRUE	TRUE
ATATGACCAAGTCAAT-1	OZ258728_1_ORF1	2	0	7	14	FALSE	TRUE
ATATGACCACCCAACC-1	OP549859_1_ORF1	0	0	1	1	FALSE	FALSE
ATATGACCACCTCTCT-1	OP549859_1_ORF2	0	0	1	1	FALSE	FALSE
ATATGACCACGATTGA-1	MZ286258_1_ORF1	0	0	2	2	TRUE	TRUE
ATATGACCAGGCCAAT-1	OZ258728_1_ORF2	0	0	1	1	FALSE	FALSE
ATATGACCAGTTCGTT-1	MZ286258_1_ORF1	0	0	2	2	TRUE	TRUE
ATATGACCATGAATCG-1	OP549859_1_ORF2	1	1	13	13	TRUE	TRUE
ATATGACCATGACGAC-1	MZ286188_1_ORF1	0	0	2	2	TRUE	TRUE
ATATGACCATGAGTAT-1	MZ286188_1_ORF1	1	1	87	88	TRUE	TRUE
ATATGCTTCACAGGCA-1	MZ286258_1_ORF2	0	0	1	1	FALSE	FALSE
ATATGCTTCACGGGAC-1	OZ258728_1_ORF2	1	1	48	48	TRUE	TRUE
ATATGCTTCCCACAGT-1	OZ258728_1_ORF1	1	0	5	5	TRUE	TRUE
ATATGCTTCGACACAG-1	MZ286102_1_ORF1	0	0	2	2	TRUE	TRUE
ATATGCTTCGCTGGAA-1	OZ258728_1_ORF2	0	0	1	1	FALSE	TRUE
ATATGCTTCGGCGTAA-1	OZ258728_1_ORF2	0	0	1	1	FALSE	FALSE
ATATGCTTCGTCTAGC-1	OZ258728_1_ORF2	0	0	1	1	FALSE	FALSE
ATATGCTTCTCTCACT-1	MZ286188_1_ORF1	0	0	1	1	FALSE	TRUE
ATATGCTTCTGTGCGT-1	meGFP	0	0	1	1	FALSE	FALSE
ATATTACGTAATGAAC-1	OZ258728_1_ORF2	1	1	97	97	TRUE	TRUE
ATATTACGTACCCAGC-1	MZ286102_1_ORF2	1	0	4	5	TRUE	TRUE
ATATTACGTCACTCCT-1	OZ258728_1_ORF2	0	0	1	1	FALSE	FALSE
ATATTACGTCGACTCA-1	OZ258728_1_ORF2	0	0	1	1	FALSE	FALSE
ATATTACGTGAACCAA-1	OZ258728_1_ORF2	0	0	1	1	FALSE	FALSE
ATATTACGTTGCCTAG-1	MZ286188_1_ORF2	1	0	6	6	TRUE	TRUE
ATATTACGTTGCGGAG-1	meGFP	0	0	1	1	FALSE	TRUE
ATATTACGTTGGACTT-1	MZ286258_1_ORF1	0	0	1	1	FALSE	TRUE
ATATTACGTTTCGATA-1	OZ258728_1_ORF2	0	0	1	1	FALSE	FALSE
ATATTCGGTAAGTCTC-1	meGFP	0	0	1	1	FALSE	FALSE
ATATTCGGTACCGACC-1	MZ286258_1_ORF2	0	0	1	1	FALSE	TRUE
ATATTCGGTATCCCGA-1	MZ286102_1_ORF1	0	0	1	1	FALSE	FALSE
ATATTCGGTATCTGGT-1	MZ286102_1_ORF1	1	1	67	68	TRUE	TRUE
ATATTCGGTGCCCGAT-1	MZ286188_1_ORF1	0	0	1	1	FALSE	FALSE
ATATTCGGTGTTGCGC-1	MZ286258_1_ORF1	1	0	4	4	TRUE	TRUE
ATATTCGGTTCGGTTG-1	MZ286102_1_ORF1	0	0	1	1	FALSE	FALSE
ATATTCGGTTCTGTCC-1	MZ286102_1_ORF1	1	1	13	14	TRUE	TRUE
ATATTGGAGACTAGCG-1	MZ286258_1_ORF2	0	0	3	3	TRUE	TRUE
ATATTGGAGATACTGA-1	MZ286258_1_ORF2	0	0	1	1	FALSE	FALSE
ATATTGGAGCAACTAA-1	meGFP	1	0	7	8	TRUE	TRUE
ATATTGGAGGAGTCTG-1	OP549859_1_ORF2	1	0	6	6	TRUE	TRUE
ATATTGGAGGGACATT-1	MZ286188_1_ORF2	0	0	3	3	TRUE	TRUE
ATATTGGAGGGGCAAG-1	meGFP	0	0	1	1	FALSE	FALSE
ATATTGGAGTATACCT-1	MZ286258_1_ORF2	0	0	1	1	FALSE	TRUE
ATATTGGAGTCCACGT-1	OZ258728_1_ORF2	1	1	40	40	TRUE	TRUE
ATCAATTGTAACCGAA-1	MZ286258_1_ORF1	0	0	1	1	FALSE	TRUE
ATCAATTGTAATGAAC-1	MZ286102_1_ORF2	0	0	1	1	FALSE	TRUE
ATCAATTGTAGGCTCC-1	OZ258728_1_ORF2	1	1	91	91	TRUE	TRUE
ATCAATTGTGAATCTC-1	OP549859_1_ORF1	0	0	1	3	FALSE	TRUE
ATCAATTGTGCAATTC-1	OZ258728_1_ORF2	1	1	21	21	TRUE	TRUE
ATCAATTGTGCTTAGT-1	MZ286197_1_ORF1	0	0	1	2	FALSE	TRUE
ATCAATTGTTAGCTTA-1	OZ258728_1_ORF2	0	0	1	1	FALSE	TRUE
ATCAATTGTTGCAATC-1	MZ286188_1_ORF1	0	0	1	1	FALSE	FALSE
ATCACATTCAAGCGTG-1	meGFP	0	0	1	1	FALSE	FALSE
ATCACATTCAAGGGTT-1	MZ286258_1_ORF2	0	0	2	2	TRUE	FALSE
ATCACATTCACACACC-1	MZ286102_1_ORF2	0	0	3	4	TRUE	TRUE
ATCACATTCACGGTCT-1	MZ286188_1_ORF2	1	0	4	4	TRUE	FALSE
ATCACATTCATCCGGT-1	OP549859_1_ORF2	0	0	2	2	TRUE	FALSE
ATCACATTCCTTCACT-1	OZ258728_1_ORF2	1	1	22	22	TRUE	TRUE
ATCACATTCGAATGGT-1	MZ286102_1_ORF2	0	0	1	1	FALSE	TRUE
ATCACATTCGACACAG-1	MZ286258_1_ORF2	1	0	8	9	TRUE	TRUE
ATCACATTCGAGGTCA-1	OZ258728_1_ORF2	0	0	2	2	TRUE	FALSE
ATCACATTCGAGTTGG-1	OP549859_1_ORF1	0	0	1	1	FALSE	TRUE
ATCACATTCGCAGGGT-1	OZ258728_1_ORF1	0	0	1	1	FALSE	TRUE
ATCACATTCGGCTCTG-1	MZ286197_1_ORF1	0	0	1	1	FALSE	FALSE
ATCACATTCTAAGTCT-1	OP549859_1_ORF1	0	0	1	1	FALSE	FALSE
ATCACATTCTTGCGGT-1	MZ286258_1_ORF1	1	1	34	34	TRUE	TRUE
ATCAGGGTCAGGCAAT-1	meGFP	0	0	2	2	TRUE	FALSE
ATCAGGGTCCCAGTGT-1	OZ258728_1_ORF1	1	1	11	11	TRUE	TRUE
ATCAGGGTCCGAAGCA-1	meGFP	1	1	23	23	TRUE	TRUE
ATCAGGGTCCGACATC-1	OP549859_1_ORF1	0	0	1	1	FALSE	FALSE
ATCAGGGTCCGGCTCA-1	OP549859_1_ORF1	0	0	2	2	TRUE	FALSE
ATCAGGGTCGAACGTG-1	meGFP	0	0	1	1	FALSE	FALSE
ATCAGGGTCGACTCTA-1	OZ258728_1_ORF2	1	1	39	39	TRUE	TRUE
ATCAGGGTCGCAACTC-1	meGFP	0	0	1	1	FALSE	FALSE
ATCAGGGTCGCATCGT-1	OZ258728_1_ORF2	1	0	5	5	TRUE	FALSE
ATCAGGGTCGTCCGTG-1	meGFP	0	0	1	1	FALSE	FALSE
ATCAGGGTCTAATTGC-1	MZ286102_1_ORF2	1	0	4	4	TRUE	TRUE
ATCAGGGTCTCGAAGG-1	meGFP	0	0	1	1	FALSE	FALSE
ATCAGGGTCTGCACCG-1	MZ286258_1_ORF1	1	0	7	7	TRUE	TRUE
ATCAGGGTCTGGACGA-1	meGFP	0	0	1	1	FALSE	FALSE
ATCAGGGTCTGGGTTC-1	MZ286102_1_ORF1	1	0	6	7	TRUE	TRUE
ATCAGGGTCTGGTGTC-1	MZ286102_1_ORF2	0	0	1	1	FALSE	FALSE
ATCAGGGTCTGGTTGC-1	OZ258728_1_ORF2	0	0	1	1	FALSE	FALSE
ATCAGTAAGAACCCAG-1	MZ286188_1_ORF1	0	0	2	2	TRUE	FALSE
ATCAGTAAGACGCCTT-1	OZ258728_1_ORF2	0	0	1	1	FALSE	FALSE
ATCAGTAAGAGCTAGT-1	OZ258728_1_ORF2	2	2	100	111	TRUE	TRUE
ATCAGTAAGATACTGA-1	OZ258728_1_ORF2	0	0	1	1	FALSE	FALSE
ATCAGTAAGCAATCCC-1	OP549859_1_ORF1	0	0	2	2	TRUE	FALSE
ATCAGTAAGCCGTGAA-1	meGFP	1	1	29	29	TRUE	TRUE
ATCAGTAAGCCTCACG-1	meGFP	1	1	65	67	TRUE	TRUE
ATCAGTAAGCCTGCCA-1	MZ286102_1_ORF2	0	0	2	2	TRUE	FALSE
ATCAGTAAGCGTGCTT-1	meGFP	0	0	1	1	FALSE	FALSE
ATCAGTAAGCTCTCAA-1	MZ286188_1_ORF1	0	0	1	1	FALSE	FALSE
ATCAGTAAGCTTGGTC-1	OP549859_1_ORF1	0	0	1	1	FALSE	FALSE
ATCAGTAAGGATCGCA-1	MZ286197_1_ORF1	0	0	1	1	FALSE	TRUE
ATCAGTAAGTAGACAC-1	MZ286258_1_ORF2	0	0	1	1	FALSE	TRUE
ATCAGTAAGTCAACTT-1	OZ258728_1_ORF1	0	0	1	1	FALSE	FALSE
ATCATGAAGAACTTAG-1	OZ258728_1_ORF1	1	0	4	4	TRUE	FALSE
ATCATGAAGAAGCGCC-1	MZ286102_1_ORF2	1	0	4	4	TRUE	TRUE
ATCATGAAGACTCAGG-1	OZ258728_1_ORF2	1	0	4	5	TRUE	TRUE
ATCATGAAGAGGCGAG-1	meGFP	0	0	3	3	TRUE	TRUE
ATCATGAAGCAGGGCT-1	MZ286188_1_ORF2	0	0	1	1	FALSE	TRUE
ATCATGAAGCGTTCGT-1	OP549859_1_ORF2	0	0	3	3	TRUE	FALSE
ATCATGAAGGCACGGT-1	OP549859_1_ORF1	0	0	3	3	TRUE	FALSE
ATCATGAAGGGTTGCA-1	MZ286102_1_ORF2	0	0	1	2	FALSE	FALSE
ATCATGAAGGTCGTCT-1	OP549859_1_ORF2	1	1	10	10	TRUE	TRUE
ATCATGAAGGTGGCTA-1	MZ286258_1_ORF1	0	0	3	3	TRUE	TRUE
ATCATGAAGGTTCGGA-1	meGFP	1	1	38	39	TRUE	TRUE
ATCATGAAGTGCCCAT-1	OZ258728_1_ORF2	0	0	1	1	FALSE	TRUE
ATCATGAAGTGTCCGT-1	MZ286258_1_ORF2	0	0	2	2	TRUE	FALSE
ATCATGCGTAAGTAAC-1	MZ286258_1_ORF1	0	0	2	2	TRUE	TRUE
ATCATGCGTAATGGAT-1	OZ258728_1_ORF2	0	0	2	2	TRUE	FALSE
ATCATGCGTACAGGAC-1	meGFP	1	1	90	91	TRUE	TRUE
ATCATGCGTAGCACTT-1	MZ286102_1_ORF2	0	0	2	2	TRUE	TRUE
ATCATGCGTCAAGTTC-1	meGFP	0	0	1	2	FALSE	TRUE
ATCATGCGTCATGAGA-1	MZ286258_1_ORF2	0	0	1	1	FALSE	FALSE
ATCATGCGTCGATGCC-1	MZ286102_1_ORF1	0	0	1	1	FALSE	FALSE
ATCATGCGTCGTTAGT-1	meGFP	0	0	1	1	FALSE	FALSE
ATCATGCGTCTCCTCG-1	MZ286258_1_ORF1	0	0	2	3	FALSE	TRUE
ATCATGCGTGCTGGCT-1	MZ286197_1_ORF1	0	0	3	3	TRUE	TRUE
ATCATGCGTGGCCGTT-1	MZ286197_1_ORF1	0	0	1	1	FALSE	FALSE
ATCATGCGTGGGACCA-1	MZ286258_1_ORF2	0	0	1	1	FALSE	FALSE
ATCATGCGTGTCAGTT-1	MZ286258_1_ORF2	1	0	7	7	TRUE	TRUE
ATCATGCGTTTCGGGC-1	MZ286197_1_ORF1	1	1	14	15	TRUE	TRUE
ATCCAATTCACTTACG-1	OP549859_1_ORF1	0	0	2	2	TRUE	TRUE
ATCCAATTCACTTGCA-1	MZ286197_1_ORF2	0	0	2	2	TRUE	TRUE
ATCCAATTCCATGACC-1	OZ258728_1_ORF2	0	0	1	2	FALSE	TRUE
ATCCAATTCCCGTCGA-1	OZ258728_1_ORF2	0	0	2	3	FALSE	TRUE
ATCCAATTCCTGTCAA-1	OP549859_1_ORF1	0	0	1	1	FALSE	TRUE
ATCCAATTCGGCTCTG-1	OZ258728_1_ORF2	0	0	1	1	FALSE	FALSE
ATCCAATTCTGTATGT-1	meGFP	0	0	1	2	FALSE	TRUE
ATCCCAATCAAGCTCC-1	OZ258728_1_ORF2	0	0	1	1	FALSE	FALSE
ATCCCAATCAAGGCGC-1	OZ258728_1_ORF1	0	0	1	1	FALSE	TRUE
ATCCCAATCCAATGAA-1	MZ286197_1_ORF1	1	0	5	7	TRUE	TRUE
ATCCCAATCCACAGGA-1	meGFP	0	0	1	1	FALSE	FALSE
ATCCCAATCCACGCAT-1	meGFP	0	0	1	1	FALSE	TRUE
ATCCCAATCCGGATGA-1	MZ286258_1_ORF2	0	0	3	3	TRUE	TRUE
ATCCCAATCCTAATGT-1	MZ286258_1_ORF1	0	0	1	1	FALSE	TRUE
ATCCCAATCCTGTCCC-1	meGFP	0	0	1	1	FALSE	FALSE
ATCCCAATCGAATCAA-1	MZ286258_1_ORF1	1	0	7	7	TRUE	TRUE
ATCCCAATCGCAAGGC-1	MZ286102_1_ORF1	1	1	44	44	TRUE	TRUE
ATCCCAATCGGTAAGT-1	MZ286197_1_ORF1	0	0	1	1	FALSE	FALSE
ATCCCAATCTCCATCT-1	OZ258728_1_ORF1	0	0	2	2	TRUE	TRUE
ATCCCAATCTCGATTG-1	MZ286102_1_ORF2	0	0	1	1	FALSE	FALSE
ATCCCAATCTTGAGTT-1	MZ286258_1_ORF1	0	0	1	3	FALSE	TRUE
ATCCCTTTCAATGCTT-1	MZ286258_1_ORF2	0	0	1	1	FALSE	TRUE
ATCCCTTTCACGTTCA-1	OZ258728_1_ORF1	0	0	2	2	TRUE	TRUE
ATCCCTTTCCATTAGT-1	meGFP	0	0	1	1	FALSE	TRUE
ATCCCTTTCCCATCAA-1	MZ286188_1_ORF1	0	0	1	2	FALSE	TRUE
ATCCCTTTCCGGTTAC-1	OP549859_1_ORF2	1	0	5	6	TRUE	TRUE
ATCCCTTTCCTCCTGC-1	MZ286258_1_ORF1	0	0	1	1	FALSE	FALSE
ATCCCTTTCGAATGGT-1	meGFP	0	0	3	3	TRUE	TRUE
ATCCCTTTCGAGGTCA-1	MZ286102_1_ORF2	1	1	15	16	TRUE	TRUE
ATCCCTTTCGCTTGGT-1	OZ258728_1_ORF2	1	1	50	51	TRUE	TRUE
ATCCCTTTCTTCGTCT-1	MZ286102_1_ORF1	0	0	1	1	FALSE	FALSE
ATCCCTTTCTTGAATC-1	OZ258728_1_ORF2	0	0	1	1	FALSE	FALSE
ATCCGACTCACCGTTA-1	meGFP	1	1	143	143	TRUE	TRUE
ATCCGACTCACGGGAC-1	MZ286102_1_ORF2	1	1	10	10	TRUE	TRUE
ATCCGACTCCGCCTGA-1	MZ286102_1_ORF2	1	1	12	13	TRUE	TRUE
ATCCGACTCCTATACG-1	MZ286258_1_ORF2	0	0	1	1	FALSE	TRUE
ATCCGACTCTCACGTA-1	OZ258728_1_ORF2	1	1	77	79	TRUE	TRUE
ATCCGACTCTGTAATC-1	MZ286258_1_ORF2	0	0	3	3	TRUE	TRUE
ATCCGCAGTAGAGCCG-1	OZ258728_1_ORF2	0	0	1	1	FALSE	FALSE
ATCCGCAGTGCCCGAT-1	MZ286258_1_ORF2	0	0	1	1	FALSE	FALSE
ATCCGCAGTGTCCTTC-1	OZ258728_1_ORF2	1	1	68	68	TRUE	TRUE
ATCCGCAGTTTCAAGC-1	MZ286258_1_ORF2	0	0	1	1	FALSE	FALSE
ATCCGGGCAAACGTAT-1	MZ286258_1_ORF2	1	0	8	8	TRUE	TRUE
ATCCGGGCAAAGTAAG-1	MZ286102_1_ORF2	1	1	31	32	TRUE	TRUE
ATCCGGGCAACAGAGG-1	MZ286188_1_ORF2	0	0	1	1	FALSE	FALSE
ATCCGGGCAAGCCATA-1	MZ286102_1_ORF2	1	0	5	7	TRUE	TRUE
ATCCGGGCAATGGCTA-1	MZ286258_1_ORF2	1	1	14	15	TRUE	TRUE
ATCCGGGCAGAACGGA-1	OP549859_1_ORF1	0	0	1	1	FALSE	TRUE
ATCCGGGCAGATTAGT-1	OZ258728_1_ORF2	0	0	1	1	FALSE	TRUE
ATCCGGGCAGCCCTGT-1	OP549859_1_ORF2	0	0	2	3	FALSE	TRUE
ATCCGGGCAGTACCTT-1	meGFP	0	0	1	1	FALSE	FALSE
ATCCGGGCATGACAGC-1	MZ286258_1_ORF2	0	0	1	1	FALSE	FALSE
ATCCGGTTCCGTAGCT-1	MZ286197_1_ORF2	0	0	3	3	TRUE	TRUE
ATCCGGTTCGATGGGC-1	OZ258728_1_ORF2	0	0	1	1	FALSE	FALSE
ATCCGGTTCGTTACCA-1	meGFP	0	0	1	1	FALSE	TRUE
ATCCTAAGTACACTAC-1	MZ286188_1_ORF1	1	1	15	15	TRUE	TRUE
ATCCTAAGTACAGAGC-1	MZ286197_1_ORF1	1	0	6	6	TRUE	TRUE
ATCCTAAGTACGTTCG-1	MZ286102_1_ORF1	0	0	1	1	FALSE	TRUE
ATCCTAAGTATCGCCA-1	meGFP	0	0	1	1	FALSE	FALSE
ATCCTAAGTGAACGAC-1	meGFP	0	0	1	1	FALSE	FALSE
ATCCTAAGTGTGTCGC-1	OP549859_1_ORF1	0	0	1	1	FALSE	TRUE
ATCCTAAGTTCACGAT-1	MZ286197_1_ORF1	0	0	1	1	FALSE	FALSE
ATCCTAAGTTGCGGAG-1	OP549859_1_ORF1	2	1	41	47	TRUE	TRUE
ATCCTCAAGACTTGCC-1	OZ258728_1_ORF2	0	0	2	2	TRUE	TRUE
ATCCTCAAGCAATGAC-1	OP549859_1_ORF1	0	0	1	1	FALSE	TRUE
ATCCTCAAGCCCGATT-1	OZ258728_1_ORF2	0	0	1	1	FALSE	FALSE
ATCCTCAAGGCACGGT-1	MZ286102_1_ORF1	0	0	1	1	FALSE	TRUE
ATCCTCAAGGTCCACT-1	MZ286102_1_ORF2	0	0	1	1	FALSE	TRUE
ATCGAGGTCATAGAGC-1	MZ286102_1_ORF2	1	0	5	5	TRUE	TRUE
ATCGAGGTCGCACGAA-1	MZ286258_1_ORF2	0	0	1	1	FALSE	TRUE
ATCGAGGTCGCGTCCA-1	meGFP	1	1	19	19	TRUE	TRUE
ATCGAGGTCTCTGTGA-1	meGFP	0	0	1	2	FALSE	TRUE
ATCGAGGTCTGGACCT-1	MZ286258_1_ORF2	1	1	18	20	TRUE	TRUE
ATCGAGGTCTGTGGCT-1	MZ286102_1_ORF2	1	0	4	4	TRUE	TRUE
ATCGCATGTACTGCCA-1	meGFP	0	0	1	1	FALSE	TRUE
ATCGCATGTACTTGGT-1	meGFP	1	1	21	24	TRUE	TRUE
ATCGCATGTAGCGTGG-1	MZ286197_1_ORF1	1	1	10	13	TRUE	TRUE
ATCGCATGTCGGGCTT-1	MZ286258_1_ORF1	0	0	1	1	FALSE	FALSE
ATCGCATGTGACCTTG-1	MZ286188_1_ORF2	0	0	1	2	FALSE	TRUE
ATCGCATGTGGGTAGT-1	meGFP	0	0	1	1	FALSE	FALSE
ATCGCATGTGTGATTC-1	OZ258728_1_ORF2	0	0	1	1	FALSE	FALSE
ATCGCATGTGTTGACT-1	meGFP	0	0	2	9	FALSE	TRUE
ATCGCATGTTCACGAT-1	OZ258728_1_ORF2	0	0	1	1	FALSE	FALSE
ATCGCATGTTCCGCAA-1	meGFP	0	0	1	1	FALSE	TRUE
ATCGCGCGTAGAGCCG-1	MZ286102_1_ORF2	1	0	4	4	TRUE	TRUE
ATCGCGCGTAGTCGTT-1	MZ286102_1_ORF2	0	0	1	1	FALSE	FALSE
ATCGCGCGTATTGACC-1	MZ286102_1_ORF1	0	0	1	1	FALSE	FALSE
ATCGCGCGTCACCAGC-1	MZ286102_1_ORF2	0	0	1	1	FALSE	FALSE
ATCGCGCGTCCAGCTA-1	MZ286102_1_ORF1	1	0	4	4	TRUE	TRUE
ATCGCGCGTCCCTTCG-1	OZ258728_1_ORF2	0	0	1	1	FALSE	FALSE
ATCGCGCGTCGGGACA-1	OP549859_1_ORF2	0	0	1	1	FALSE	FALSE
ATCGCGCGTGAATGTG-1	MZ286102_1_ORF1	0	0	1	1	FALSE	FALSE
ATCGCGCGTGATCAAG-1	MZ286197_1_ORF1	1	1	37	37	TRUE	TRUE
ATCGCGCGTGTCCGGT-1	MZ286102_1_ORF2	0	0	3	3	TRUE	TRUE
ATCGCGCGTTGGACTT-1	OZ258728_1_ORF2	1	1	32	32	TRUE	TRUE
ATCGCGGCACCTCTCT-1	meGFP	0	0	1	1	FALSE	TRUE
ATCGCGGCAGTACCTT-1	MZ286102_1_ORF2	0	0	1	1	FALSE	TRUE
ATCGGCGCAAACTAAC-1	OZ258728_1_ORF2	0	0	1	1	FALSE	FALSE
ATCGGCGCAAAGTCAT-1	MZ286188_1_ORF1	0	0	1	1	FALSE	FALSE
ATCGGCGCAATAGAGA-1	meGFP	0	0	1	1	FALSE	FALSE
ATCGGCGCAATCTCAC-1	OP549859_1_ORF1	1	0	4	4	TRUE	TRUE
ATCGGCGCACACCGCT-1	OP549859_1_ORF1	0	0	1	1	FALSE	TRUE
ATCGGCGCACAGTTAG-1	meGFP	1	1	81	82	TRUE	TRUE
ATCGGCGCAGGCCAAT-1	OZ258728_1_ORF2	0	0	1	1	FALSE	FALSE
ATCGGCGCATATGAAC-1	OP549859_1_ORF1	0	0	1	1	FALSE	TRUE
ATCGGTTGTACTTGGT-1	meGFP	0	0	1	1	FALSE	TRUE
ATCGGTTGTCTGGATT-1	meGFP	0	0	1	2	FALSE	TRUE
ATCGGTTGTGACCTCA-1	OZ258728_1_ORF2	0	0	1	1	FALSE	TRUE
ATCGGTTGTGACCTTG-1	meGFP	0	0	1	1	FALSE	TRUE
ATCGGTTGTTACCTAA-1	meGFP	0	0	1	1	FALSE	FALSE
ATCGGTTGTTCCAACG-1	MZ286102_1_ORF2	1	1	14	16	TRUE	TRUE
ATCGGTTGTTCGCTTC-1	OZ258728_1_ORF2	0	0	1	1	FALSE	FALSE
ATCGGTTGTTCTCATT-1	OP549859_1_ORF2	0	0	1	2	FALSE	FALSE
ATCTAGCGTAATGAAC-1	MZ286197_1_ORF1	1	1	45	48	TRUE	TRUE
ATCTAGCGTACGTAAG-1	meGFP	1	1	112	112	TRUE	TRUE
ATCTAGCGTACGTTCG-1	OZ258728_1_ORF2	0	0	1	1	FALSE	FALSE
ATCTAGCGTGCGTAGG-1	OP549859_1_ORF1	1	1	11	12	TRUE	TRUE
ATCTAGCGTGCTATGT-1	MZ286102_1_ORF2	1	1	13	13	TRUE	TRUE
ATCTAGCGTGCTGACC-1	OZ258728_1_ORF2	1	0	6	6	TRUE	FALSE
ATCTAGCGTGGCAACG-1	MZ286197_1_ORF1	0	0	1	1	FALSE	FALSE
ATCTAGCGTGGTTCGC-1	OP549859_1_ORF1	0	0	1	1	FALSE	FALSE
ATCTAGCGTGTCTGTG-1	OP549859_1_ORF1	0	0	2	4	FALSE	TRUE
ATCTAGCGTTCTATCT-1	OZ258728_1_ORF1	0	0	1	1	FALSE	FALSE
ATCTAGCGTTTCCAGG-1	MZ286102_1_ORF2	0	0	1	1	FALSE	FALSE
ATCTATATCACCGTTA-1	OP549859_1_ORF1	1	1	31	31	TRUE	TRUE
ATCTATATCCATCGCG-1	MZ286197_1_ORF1	0	0	1	1	FALSE	TRUE
ATCTATATCGATGGGC-1	meGFP	0	0	1	1	FALSE	FALSE
ATCTATATCGCGTCCA-1	MZ286197_1_ORF1	1	0	9	9	TRUE	TRUE
ATCTATATCGGTAGCA-1	OZ258728_1_ORF2	1	1	11	12	TRUE	TRUE
ATCTCTCTCACTAGGG-1	MZ286102_1_ORF2	1	1	34	37	TRUE	TRUE
ATCTCTCTCAGCCGAA-1	MZ286102_1_ORF2	0	0	1	1	FALSE	TRUE
ATCTCTCTCCACCAAC-1	MZ286258_1_ORF2	0	0	1	1	FALSE	FALSE
ATCTCTCTCCTCTACT-1	MZ286197_1_ORF1	1	1	10	11	TRUE	TRUE
ATCTCTCTCGCCTATA-1	OP549859_1_ORF1	0	0	1	1	FALSE	FALSE
ATCTCTCTCGCGAGGT-1	meGFP	1	1	24	24	TRUE	TRUE
ATCTGGTGTAGCCCTA-1	meGFP	0	0	1	1	FALSE	FALSE
ATCTGGTGTGCAACCC-1	MZ286258_1_ORF2	0	0	1	1	FALSE	FALSE
ATCTGGTGTGCATGAA-1	OP549859_1_ORF1	0	0	1	3	FALSE	TRUE
ATCTGGTGTGCGTACC-1	MZ286258_1_ORF2	1	1	15	15	TRUE	TRUE
ATCTGGTGTGCTTCGA-1	OZ258728_1_ORF2	0	0	1	1	FALSE	FALSE
ATCTGGTGTGTTCGGC-1	OZ258728_1_ORF2	1	1	13	15	TRUE	TRUE
ATCTGGTGTTGTAGCT-1	MZ286102_1_ORF1	1	1	21	24	TRUE	TRUE
ATCTGGTGTTTCGGGC-1	MZ286188_1_ORF1	1	0	9	9	TRUE	TRUE
ATCTGGTGTTTGGGTT-1	meGFP	1	1	55	55	TRUE	TRUE
ATCTGTAGTCGACTCA-1	MZ286102_1_ORF2	0	0	1	1	FALSE	FALSE
ATCTGTAGTCGCATAT-1	OZ258728_1_ORF2	1	1	32	32	TRUE	TRUE
ATCTGTAGTCGCTACA-1	OZ258728_1_ORF2	0	0	1	2	FALSE	TRUE
ATCTGTAGTCTCAGGC-1	OZ258728_1_ORF2	0	0	1	1	FALSE	TRUE
ATCTGTAGTGAGACCG-1	MZ286188_1_ORF1	0	0	1	1	FALSE	FALSE
ATCTGTAGTGAGTTAG-1	MZ286102_1_ORF1	0	0	1	1	FALSE	FALSE
ATCTGTAGTTACCTAA-1	MZ286102_1_ORF2	1	1	20	21	TRUE	TRUE
ATCTGTAGTTGCCTAG-1	MZ286188_1_ORF2	0	0	1	1	FALSE	TRUE
ATCTGTAGTTGCGGTC-1	MZ286102_1_ORF2	1	0	5	5	TRUE	TRUE
ATCTGTAGTTTGAAGG-1	MZ286258_1_ORF2	1	1	18	19	TRUE	TRUE
ATCTGTGTCACAGATA-1	OZ258728_1_ORF1	0	0	1	1	FALSE	FALSE
ATCTGTGTCACATATC-1	MZ286102_1_ORF1	0	0	1	1	FALSE	FALSE
ATCTGTGTCAGGCAAT-1	MZ286188_1_ORF1	1	1	31	31	TRUE	TRUE
ATCTGTGTCATATGTC-1	OP549859_1_ORF2	0	0	1	1	FALSE	FALSE
ATCTGTGTCATCATAC-1	OP549859_1_ORF1	1	1	87	88	TRUE	TRUE
ATCTGTGTCCAGACTC-1	meGFP	1	1	182	182	TRUE	TRUE
ATCTGTGTCCGACTAC-1	meGFP	0	0	1	1	FALSE	FALSE
ATCTGTGTCGAACCGA-1	MZ286102_1_ORF1	0	0	1	1	FALSE	TRUE
ATCTGTGTCGCGCCTA-1	OZ258728_1_ORF2	0	0	1	1	FALSE	FALSE
ATCTGTGTCTACTCCT-1	OZ258728_1_ORF2	0	0	3	9	FALSE	TRUE
ATCTGTGTCTAGATGA-1	meGFP	0	0	1	1	FALSE	FALSE
ATCTGTGTCTCTCAAG-1	MZ286258_1_ORF2	0	0	2	3	FALSE	TRUE
ATCTGTGTCTGTGGCT-1	MZ286258_1_ORF2	1	1	10	11	TRUE	TRUE
ATCTGTTAGCCACTTA-1	OZ258728_1_ORF1	0	0	1	1	FALSE	FALSE
ATCTGTTAGCTCGAAG-1	OP549859_1_ORF1	1	1	52	52	TRUE	TRUE
ATCTGTTAGGCACGGT-1	OZ258728_1_ORF2	1	1	11	11	TRUE	TRUE
ATCTGTTAGGGAGTAA-1	MZ286102_1_ORF2	1	1	23	24	TRUE	TRUE
ATCTGTTAGGTACCCT-1	MZ286258_1_ORF1	0	0	3	5	FALSE	TRUE
ATCTTGAGTACTTGGT-1	MZ286188_1_ORF1	1	1	25	27	TRUE	TRUE
ATCTTGAGTCACTAAC-1	meGFP	0	0	1	1	FALSE	TRUE
ATCTTGAGTCCTGTGA-1	OZ258728_1_ORF2	0	0	1	1	FALSE	TRUE
ATCTTGAGTCGACCGT-1	OZ258728_1_ORF2	1	1	10	10	TRUE	TRUE
ATCTTGAGTCGCATAT-1	meGFP	0	0	1	1	FALSE	TRUE
ATCTTGAGTGCGTACC-1	MZ286102_1_ORF2	1	1	27	28	TRUE	TRUE
ATCTTGAGTTAATTCG-1	OZ258728_1_ORF2	0	0	1	1	FALSE	FALSE
ATCTTGAGTTACACCG-1	MZ286102_1_ORF2	0	0	1	1	FALSE	TRUE
ATCTTGAGTTAGGGTA-1	OZ258728_1_ORF2	0	0	1	1	FALSE	FALSE
ATCTTGCCAACGGCCA-1	MZ286197_1_ORF1	0	0	1	1	FALSE	FALSE
ATCTTGCCAACGGGTT-1	MZ286102_1_ORF2	1	1	24	24	TRUE	TRUE
ATCTTGCCAATCACGA-1	OP549859_1_ORF1	0	0	1	1	FALSE	FALSE
ATCTTGCCAGAACGGA-1	MZ286102_1_ORF1	0	0	1	1	FALSE	TRUE
ATCTTGCCAGATCCTT-1	OP549859_1_ORF1	1	1	42	43	TRUE	TRUE
ATCTTGCCAGGTCTCC-1	meGFP	0	0	1	1	FALSE	FALSE
ATCTTGCCATAGTTGG-1	MZ286258_1_ORF2	0	0	1	1	FALSE	FALSE
ATCTTGCCATCCACAT-1	meGFP	1	1	17	18	TRUE	TRUE
ATCTTGCCATGAGGAG-1	meGFP	0	0	1	1	FALSE	TRUE
ATGAAGCTCAGCGGAC-1	MZ286102_1_ORF2	1	1	14	14	TRUE	TRUE
ATGAAGCTCAGGACGC-1	MZ286197_1_ORF2	0	0	1	1	FALSE	FALSE
ATGAAGCTCAGGCTAG-1	meGFP	1	1	60	60	TRUE	TRUE
ATGAAGCTCCCAGTGT-1	MZ286188_1_ORF1	1	1	17	18	TRUE	TRUE
ATGAAGCTCCTCTAAG-1	MZ286258_1_ORF2	0	0	1	1	FALSE	TRUE
ATGAAGCTCGAGTTGG-1	OZ258728_1_ORF2	2	2	58	70	TRUE	TRUE
ATGAAGCTCTACCAGC-1	OZ258728_1_ORF1	1	1	22	23	TRUE	TRUE
ATGAAGCTCTACGCCG-1	meGFP	1	1	47	47	TRUE	TRUE
ATGAAGTGTAAGCTAG-1	MZ286102_1_ORF2	0	0	1	1	FALSE	FALSE
ATGAAGTGTACCGATT-1	MZ286258_1_ORF2	0	0	2	4	FALSE	TRUE
ATGAAGTGTACCGGAG-1	MZ286102_1_ORF2	0	0	1	1	FALSE	TRUE
ATGAAGTGTACGAATG-1	MZ286258_1_ORF2	1	0	6	7	TRUE	TRUE
ATGAAGTGTCCATCCT-1	OZ258728_1_ORF2	1	1	105	105	TRUE	TRUE
ATGAAGTGTCCCATCT-1	OZ258728_1_ORF2	0	0	1	1	FALSE	FALSE
ATGAAGTGTGAGTTAG-1	OZ258728_1_ORF2	1	0	7	7	TRUE	TRUE
ATGAAGTGTGTAAGTG-1	MZ286258_1_ORF2	0	0	1	1	FALSE	FALSE
ATGAAGTGTTGTAAGG-1	OP549859_1_ORF2	0	0	1	1	FALSE	TRUE
ATGAAGTGTTGTACGT-1	MZ286102_1_ORF1	1	0	4	5	TRUE	TRUE
ATGAATCCAAACGACC-1	OP549859_1_ORF1	0	0	2	2	TRUE	TRUE
ATGAATCCAACCAGTA-1	MZ286102_1_ORF1	1	1	16	16	TRUE	TRUE
ATGAATCCAAGATGGG-1	MZ286188_1_ORF1	0	0	1	1	FALSE	TRUE
ATGAATCCAATTGCAG-1	OP549859_1_ORF2	0	0	2	2	TRUE	TRUE
ATGAATCCACCCAGCT-1	MZ286102_1_ORF2	0	0	1	1	FALSE	FALSE
ATGAATCCAGCAACCG-1	OZ258728_1_ORF1	0	0	1	1	FALSE	FALSE
ATGAATCCAGTCCCGT-1	MZ286258_1_ORF1	0	0	1	1	FALSE	FALSE
ATGAATCCAGTCTCAT-1	MZ286258_1_ORF1	1	1	57	58	TRUE	TRUE
ATGAATCCATAACCTC-1	MZ286258_1_ORF2	1	0	4	4	TRUE	TRUE
ATGAATCCATACTTCA-1	MZ286188_1_ORF1	0	0	2	2	TRUE	TRUE
ATGACAATCACCCAGT-1	OZ258728_1_ORF2	1	1	13	14	TRUE	TRUE
ATGACAATCACTTACG-1	OZ258728_1_ORF2	0	0	1	1	FALSE	FALSE
ATGACAATCCATGACC-1	OP549859_1_ORF2	1	0	4	5	TRUE	TRUE
ATGACAATCCCTCGCT-1	OP549859_1_ORF1	0	0	1	1	FALSE	FALSE
ATGACAATCCTACTTC-1	MZ286102_1_ORF2	0	0	1	1	FALSE	FALSE
ATGACAATCCTCCGTC-1	OZ258728_1_ORF2	1	0	6	6	TRUE	TRUE
ATGACAATCGAGGCGT-1	MZ286188_1_ORF2	0	0	1	1	FALSE	FALSE
ATGACAATCGGGAAGG-1	MZ286258_1_ORF1	0	0	1	1	FALSE	TRUE
ATGACAATCTAAGCGG-1	MZ286188_1_ORF1	0	0	2	2	TRUE	TRUE
ATGACAATCTGTGGAG-1	OP549859_1_ORF1	0	0	1	1	FALSE	FALSE
ATGACAATCTTGAATC-1	OZ258728_1_ORF1	0	0	2	3	FALSE	TRUE
ATGAGGGCAAATCTGG-1	MZ286258_1_ORF2	1	1	37	38	TRUE	TRUE
ATGAGGGCACATTCGT-1	OZ258728_1_ORF2	0	0	1	1	FALSE	TRUE
ATGAGGGCAGAACGGA-1	OZ258728_1_ORF2	0	0	1	1	FALSE	TRUE
ATGAGGGCAGGGTAAG-1	OZ258728_1_ORF2	1	0	5	5	TRUE	TRUE
ATGAGGGCATAACTGG-1	meGFP	0	0	3	3	TRUE	TRUE
ATGAGGGCATAAGCCA-1	MZ286258_1_ORF2	0	0	1	1	FALSE	TRUE
ATGAGGGCATCAAGTG-1	OZ258728_1_ORF1	0	0	1	1	FALSE	TRUE
ATGAGGGCATCCACAT-1	MZ286258_1_ORF2	2	1	11	16	FALSE	TRUE
ATGAGGGCATCGTAAG-1	MZ286197_1_ORF2	0	0	3	3	TRUE	TRUE
ATGAGGGCATCTATCA-1	meGFP	1	1	81	81	TRUE	TRUE
ATGAGGGCATTAGAGT-1	MZ286188_1_ORF1	0	0	1	1	FALSE	FALSE
ATGAGGTTCCCAGTAC-1	MZ286258_1_ORF2	1	1	17	17	TRUE	TRUE
ATGAGGTTCCGTGGTT-1	OP549859_1_ORF1	0	0	1	1	FALSE	FALSE
ATGAGGTTCCTAATGT-1	OZ258728_1_ORF2	0	0	1	1	FALSE	FALSE
ATGAGGTTCCTCTCCA-1	OZ258728_1_ORF2	1	1	27	28	TRUE	TRUE
ATGAGGTTCTGGGACA-1	OP549859_1_ORF2	0	0	2	2	TRUE	TRUE
ATGAGTATCAATCGCC-1	OZ258728_1_ORF1	0	0	1	1	FALSE	TRUE
ATGAGTATCACGGTAG-1	MZ286188_1_ORF1	0	0	1	1	FALSE	TRUE
ATGAGTATCCATCGCG-1	OP549859_1_ORF1	0	0	2	3	FALSE	TRUE
ATGAGTATCCCCAGAT-1	MZ286197_1_ORF2	0	0	1	1	FALSE	FALSE
ATGAGTATCGCACCAT-1	OZ258728_1_ORF2	1	1	36	37	TRUE	TRUE
ATGAGTATCTAGATGA-1	MZ286258_1_ORF2	0	0	2	2	TRUE	TRUE
ATGCAAATCAAGCCAG-1	MZ286102_1_ORF2	0	0	1	2	FALSE	TRUE
ATGCAAATCCCACAGT-1	MZ286188_1_ORF2	1	0	5	5	TRUE	TRUE
ATGCAAATCCGGATGA-1	MZ286197_1_ORF1	0	0	1	1	FALSE	FALSE
ATGCAAATCGCAACTC-1	MZ286102_1_ORF2	1	1	15	17	TRUE	TRUE
ATGCAAATCGCAAGGC-1	OZ258728_1_ORF2	1	1	49	51	TRUE	TRUE
ATGCAAATCGCCCTGA-1	OZ258728_1_ORF2	1	0	4	11	TRUE	TRUE
ATGCAAATCGGGAACC-1	OZ258728_1_ORF2	0	0	1	1	FALSE	TRUE
ATGCAAATCGTTACTG-1	MZ286197_1_ORF1	1	1	20	20	TRUE	TRUE
ATGCAAATCTCTCAAG-1	MZ286258_1_ORF1	0	0	1	2	FALSE	TRUE
ATGCAAATCTGGGACA-1	OZ258728_1_ORF2	0	0	1	1	FALSE	TRUE
ATGCAACAGAGGCGAG-1	meGFP	1	1	15	15	TRUE	TRUE
ATGCAACAGATTCGGG-1	OP549859_1_ORF1	0	0	1	1	FALSE	FALSE
ATGCAACAGCTCGAAG-1	MZ286197_1_ORF1	0	0	1	1	FALSE	FALSE
ATGCAACAGGTACGCA-1	MZ286258_1_ORF2	1	0	4	5	TRUE	TRUE
ATGCAACAGTCCAATT-1	MZ286188_1_ORF2	0	0	1	1	FALSE	TRUE
ATGCAACAGTGATAGC-1	MZ286188_1_ORF1	1	1	27	27	TRUE	TRUE
ATGCAAGGTAGAGGCT-1	OZ258728_1_ORF2	1	0	5	9	TRUE	TRUE
ATGCAAGGTATCCTAA-1	MZ286188_1_ORF1	0	0	1	1	FALSE	TRUE
ATGCAAGGTCCCGAAC-1	MZ286102_1_ORF2	0	0	1	1	FALSE	TRUE
ATGCAAGGTGGCGTGA-1	OP549859_1_ORF2	0	0	1	1	FALSE	FALSE
ATGCAAGGTGGGTAGT-1	OZ258728_1_ORF2	1	0	6	6	TRUE	TRUE
ATGCAAGGTTACTTGA-1	OP549859_1_ORF1	1	0	4	7	TRUE	TRUE
ATGCAAGGTTTCCTGC-1	OP549859_1_ORF1	1	0	4	5	TRUE	TRUE
ATGCACTGTACCGACC-1	OZ258728_1_ORF1	0	0	1	1	FALSE	FALSE
ATGCACTGTAGCGTGG-1	meGFP	0	0	1	1	FALSE	TRUE
ATGCACTGTATACGTC-1	meGFP	0	0	1	1	FALSE	TRUE
ATGCACTGTATCCCGA-1	OZ258728_1_ORF1	0	0	1	1	FALSE	TRUE
ATGCACTGTCATTCAA-1	MZ286102_1_ORF2	0	0	1	1	FALSE	FALSE
ATGCACTGTCGGGACA-1	OZ258728_1_ORF2	0	0	1	1	FALSE	FALSE
ATGCACTGTCGGGCTT-1	OP549859_1_ORF1	0	0	1	1	FALSE	FALSE
ATGCACTGTCTAGTGT-1	meGFP	0	0	1	1	FALSE	TRUE
ATGCACTGTCTGTAAC-1	OZ258728_1_ORF2	1	1	89	89	TRUE	TRUE
ATGCACTGTCTTACCC-1	MZ286102_1_ORF1	0	0	1	1	FALSE	TRUE
ATGCACTGTGATGTCT-1	OZ258728_1_ORF2	0	0	1	1	FALSE	TRUE
ATGCACTGTGCGCGTT-1	OP549859_1_ORF1	1	0	8	8	TRUE	TRUE
ATGCACTGTTAACGAG-1	MZ286102_1_ORF2	0	0	1	1	FALSE	FALSE
ATGCACTGTTGCAATC-1	MZ286102_1_ORF1	0	0	1	1	FALSE	TRUE
ATGCACTGTTGGACTT-1	MZ286102_1_ORF2	1	0	4	4	TRUE	TRUE
ATGCACTGTTGGGATA-1	OZ258728_1_ORF2	0	0	1	1	FALSE	FALSE
ATGCACTGTTTAGGCT-1	OP549859_1_ORF1	0	0	1	1	FALSE	TRUE
ATGCACTGTTTCGGGC-1	OP549859_1_ORF1	1	1	150	152	TRUE	TRUE
ATGCACTGTTTGGGTT-1	OP549859_1_ORF1	0	0	1	1	FALSE	FALSE
ATGCCCAGTAAGGTGC-1	OP549859_1_ORF1	1	1	52	52	TRUE	TRUE
ATGCCCAGTAATGGGC-1	OZ258728_1_ORF1	1	1	11	11	TRUE	FALSE
ATGCCCAGTGGTTAAG-1	OP549859_1_ORF1	0	0	1	1	FALSE	FALSE
ATGCCCAGTGTGTGAA-1	OP549859_1_ORF1	1	1	100	101	TRUE	TRUE
ATGCCCAGTTACTTGA-1	MZ286102_1_ORF2	0	0	1	1	FALSE	FALSE
ATGCCCAGTTCGCTTC-1	MZ286188_1_ORF1	2	2	63	76	TRUE	TRUE
ATGCGCAAGAGGCGTC-1	OZ258728_1_ORF2	1	1	65	66	TRUE	TRUE
ATGCGCAAGCAGGCAC-1	MZ286188_1_ORF1	1	1	109	109	TRUE	TRUE
ATGCGCAAGCCACACT-1	MZ286188_1_ORF1	0	0	2	6	FALSE	TRUE
ATGCGCAAGCCTTGCG-1	meGFP	0	0	1	1	FALSE	FALSE
ATGCGCAAGCGCTAGA-1	OZ258728_1_ORF2	0	0	1	1	FALSE	FALSE
ATGCGCAAGCGTTCGT-1	OZ258728_1_ORF2	0	0	1	1	FALSE	FALSE
ATGCGCAAGGGGCCAT-1	MZ286197_1_ORF2	1	0	4	5	TRUE	TRUE
ATGCGCAAGTCTAGTT-1	MZ286188_1_ORF1	0	0	1	1	FALSE	FALSE
ATGCGCAAGTGCTGCT-1	MZ286197_1_ORF1	1	0	7	7	TRUE	TRUE
ATGCGTCTCAACCGGA-1	meGFP	1	1	46	46	TRUE	TRUE
ATGCGTCTCACCACGT-1	meGFP	1	0	4	4	TRUE	TRUE
ATGCGTCTCACCAGGA-1	meGFP	0	0	1	1	FALSE	TRUE
ATGCGTCTCCGACATC-1	meGFP	0	0	3	4	TRUE	TRUE
ATGCGTCTCCGTCGCA-1	OZ258728_1_ORF2	1	1	43	43	TRUE	TRUE
ATGCGTCTCCTCTCCA-1	OZ258728_1_ORF2	0	0	1	1	FALSE	FALSE
ATGCGTCTCGAATCAA-1	MZ286197_1_ORF2	0	0	1	1	FALSE	TRUE
ATGCGTCTCGCCTATA-1	OZ258728_1_ORF1	0	0	1	1	FALSE	FALSE
ATGCGTCTCGGCTTCG-1	meGFP	0	0	1	1	FALSE	TRUE
ATGCGTCTCGGGATCA-1	OP549859_1_ORF2	1	1	11	11	TRUE	TRUE
ATGCGTCTCTGCACCG-1	OZ258728_1_ORF2	0	0	2	5	FALSE	FALSE
ATGCGTCTCTGGTTGC-1	meGFP	0	0	1	1	FALSE	FALSE
ATGCTAAAGCGGTAAT-1	MZ286188_1_ORF1	0	0	1	2	FALSE	TRUE
ATGCTAAAGGGAGTAA-1	MZ286258_1_ORF2	2	1	11	20	FALSE	TRUE
ATGCTAAAGGTTCCCG-1	OZ258728_1_ORF2	1	1	38	40	TRUE	TRUE
ATGCTAAAGGTTCGGA-1	meGFP	0	0	1	1	FALSE	FALSE
ATGCTAAAGTGGGTCA-1	MZ286102_1_ORF1	0	0	1	1	FALSE	FALSE
ATGCTGACAAACCACA-1	OP549859_1_ORF2	0	0	1	3	FALSE	TRUE
ATGCTGACACGCACGA-1	meGFP	1	1	34	34	TRUE	TRUE
ATGCTGACACTCACAT-1	meGFP	0	0	1	1	FALSE	FALSE
ATGCTGACACTCCGTA-1	MZ286188_1_ORF2	0	0	2	2	TRUE	TRUE
ATGCTGACAGAACGCT-1	MZ286258_1_ORF1	0	0	1	1	FALSE	TRUE
ATGCTGACAGCGCTTC-1	OZ258728_1_ORF1	0	0	1	1	FALSE	FALSE
ATGCTGACAGGGTCTG-1	OZ258728_1_ORF2	0	0	1	1	FALSE	FALSE
ATGCTGACAGTCCAGG-1	meGFP	0	0	1	1	FALSE	FALSE
ATGCTGACATAAGTCG-1	OZ258728_1_ORF2	0	0	1	1	FALSE	TRUE
ATGCTGACATACCGTT-1	OZ258728_1_ORF2	1	1	127	127	TRUE	TRUE
ATGCTGACATAGACCA-1	OP549859_1_ORF1	0	0	1	3	FALSE	TRUE
ATGCTGACATCCTTCC-1	meGFP	0	0	1	3	FALSE	TRUE
ATGGACAGTAATGAAC-1	meGFP	0	0	1	1	FALSE	FALSE
ATGGACAGTACTTGGT-1	MZ286197_1_ORF2	0	0	1	2	FALSE	FALSE
ATGGACAGTATACGTC-1	OP549859_1_ORF1	1	0	4	4	TRUE	TRUE
ATGGACAGTCCAACCA-1	MZ286102_1_ORF1	0	0	3	5	FALSE	TRUE
ATGGACAGTCGTTAGT-1	OP549859_1_ORF2	1	0	7	7	TRUE	TRUE
ATGGACAGTCTTGACG-1	OZ258728_1_ORF2	1	1	21	21	TRUE	TRUE
ATGGACAGTCTTGCTC-1	meGFP	0	0	1	1	FALSE	FALSE
ATGGACAGTGCAGCCT-1	MZ286197_1_ORF1	0	0	3	3	TRUE	TRUE
ATGGACAGTGGGACCA-1	OZ258728_1_ORF2	0	0	1	1	FALSE	FALSE
ATGGACAGTGTACCGC-1	meGFP	1	1	33	33	TRUE	TRUE
ATGGACAGTGTCTATA-1	OZ258728_1_ORF2	0	0	1	1	FALSE	FALSE
ATGGACAGTTAGCTTA-1	meGFP	1	1	120	120	TRUE	TRUE
ATGGACAGTTGCCTTC-1	OP549859_1_ORF1	0	0	1	1	FALSE	TRUE
ATGGACAGTTTGGTAC-1	OZ258728_1_ORF1	0	0	1	1	FALSE	FALSE
ATGGACCCAACAGGCT-1	OZ258728_1_ORF2	0	0	1	1	FALSE	FALSE
ATGGACCCAAGAGGTG-1	MZ286102_1_ORF1	1	0	7	8	TRUE	TRUE
ATGGACCCAAGGCAAG-1	MZ286258_1_ORF2	1	0	8	8	TRUE	TRUE
ATGGACCCACAGCCAG-1	MZ286188_1_ORF1	0	0	1	2	FALSE	TRUE
ATGGACCCACCATTAC-1	MZ286258_1_ORF2	0	0	1	1	FALSE	TRUE
ATGGACCCACGGATTA-1	MZ286102_1_ORF1	0	0	1	1	FALSE	FALSE
ATGGACCCATATGCAG-1	meGFP	0	0	1	1	FALSE	FALSE
ATGGACCCATGAACCA-1	OZ258728_1_ORF2	1	1	55	55	TRUE	TRUE
ATGGACGTCAAGCCAG-1	OP549859_1_ORF1	1	1	53	53	TRUE	TRUE
ATGGACGTCAATTACC-1	MZ286258_1_ORF2	1	0	4	5	TRUE	TRUE
ATGGACGTCAATTCGT-1	MZ286102_1_ORF1	1	1	17	17	TRUE	TRUE
ATGGACGTCACACTTG-1	MZ286197_1_ORF2	1	0	4	7	TRUE	TRUE
ATGGACGTCACGTTCA-1	MZ286258_1_ORF1	0	0	1	1	FALSE	FALSE
ATGGACGTCACTAATC-1	OZ258728_1_ORF1	1	1	12	12	TRUE	TRUE
ATGGACGTCAGGACGC-1	meGFP	0	0	1	1	FALSE	FALSE
ATGGACGTCATCAATC-1	OZ258728_1_ORF2	2	1	18	25	FALSE	TRUE
ATGGACGTCCAATCAT-1	OZ258728_1_ORF1	1	0	5	6	TRUE	TRUE
ATGGACGTCCCAGTAC-1	meGFP	0	0	1	1	FALSE	FALSE
ATGGACGTCCGCCTGA-1	MZ286102_1_ORF2	0	0	2	3	FALSE	TRUE
ATGGACGTCGGCTGAA-1	OZ258728_1_ORF2	0	0	1	1	FALSE	TRUE
ATGGACGTCTGGTTGC-1	OZ258728_1_ORF1	0	0	1	1	FALSE	TRUE
ATGGACGTCTTGCATG-1	OP549859_1_ORF1	0	0	1	1	FALSE	FALSE
ATGGAGGCAACAGATT-1	MZ286197_1_ORF1	1	0	8	8	TRUE	TRUE
ATGGAGGCAACTTCGT-1	MZ286188_1_ORF1	1	1	15	15	TRUE	TRUE
ATGGAGGCAATGGCTA-1	OP549859_1_ORF1	0	0	1	1	FALSE	TRUE
ATGGAGGCAGAGCTTA-1	OZ258728_1_ORF1	1	1	91	93	TRUE	TRUE
ATGGAGGCAGTACCAA-1	MZ286102_1_ORF2	1	1	24	24	TRUE	TRUE
ATGGAGGCATAACGAT-1	OP549859_1_ORF1	1	0	5	5	TRUE	TRUE
ATGGAGGCATGCGTGG-1	MZ286258_1_ORF1	0	0	2	3	FALSE	TRUE
ATGGAGGCATTACCCG-1	MZ286197_1_ORF1	0	0	1	1	FALSE	FALSE
ATGGAGGCATTACTCA-1	MZ286258_1_ORF1	0	0	1	1	FALSE	TRUE
ATGGATATCCCAGTGT-1	MZ286197_1_ORF1	0	0	1	1	FALSE	TRUE
ATGGATATCTATCGTG-1	OZ258728_1_ORF1	0	0	1	1	FALSE	TRUE
ATGGATATCTGAGTGG-1	MZ286102_1_ORF2	1	0	4	4	TRUE	TRUE
ATGGATATCTGTATGT-1	MZ286102_1_ORF2	0	0	2	2	TRUE	TRUE
ATGGCAAGTATAGACG-1	MZ286258_1_ORF2	0	0	2	2	TRUE	FALSE
ATGGCAAGTCCATCCT-1	meGFP	0	0	1	1	FALSE	TRUE
ATGGCAAGTCTAGTGT-1	MZ286188_1_ORF1	1	0	5	6	TRUE	TRUE
ATGGCAAGTGGAAGCT-1	MZ286197_1_ORF1	1	1	50	51	TRUE	TRUE
ATGGCAAGTGTCCAAT-1	MZ286197_1_ORF2	0	0	1	1	FALSE	FALSE
ATGGCAAGTTCCGCAA-1	MZ286188_1_ORF1	0	0	3	3	TRUE	TRUE
ATGGCAAGTTGTACGT-1	MZ286102_1_ORF2	1	0	8	8	TRUE	TRUE
ATGGCAAGTTTCCGTC-1	meGFP	0	0	1	1	FALSE	TRUE
ATGGCCGCAACAGATT-1	OP549859_1_ORF1	0	0	2	3	FALSE	TRUE
ATGGCCGCAACCAGCG-1	MZ286197_1_ORF1	0	0	1	2	FALSE	TRUE
ATGGCCGCAACCTTAC-1	OP549859_1_ORF1	0	0	3	3	TRUE	TRUE
ATGGCCGCAGCTATCT-1	MZ286197_1_ORF1	0	0	1	1	FALSE	FALSE
ATGGCCGCAGGAAGCA-1	OZ258728_1_ORF2	0	0	1	1	FALSE	TRUE
ATGGCCGCAGTTCGTT-1	OZ258728_1_ORF1	0	0	1	1	FALSE	FALSE
ATGGCTACAAACGTAT-1	MZ286102_1_ORF2	0	0	1	1	FALSE	FALSE
ATGGCTACAAACTAAC-1	MZ286197_1_ORF2	1	0	5	6	TRUE	TRUE
ATGGCTACAAACTGTG-1	meGFP	0	0	1	1	FALSE	FALSE
ATGGCTACAAAGGGCA-1	OZ258728_1_ORF2	0	0	1	1	FALSE	FALSE
ATGGCTACAACCTTAC-1	meGFP	0	0	1	1	FALSE	TRUE
ATGGCTACAACGTGCG-1	MZ286102_1_ORF2	0	0	3	4	TRUE	TRUE
ATGGCTACACAATCCT-1	MZ286188_1_ORF1	1	1	51	52	TRUE	TRUE
ATGGCTACACGGATCG-1	OP549859_1_ORF2	1	0	7	8	TRUE	TRUE
ATGGCTACAGAGCTTA-1	OZ258728_1_ORF2	1	1	93	93	TRUE	TRUE
ATGGCTACATACCGGG-1	OP549859_1_ORF1	0	0	1	1	FALSE	FALSE
ATGGCTACATGTGATG-1	MZ286197_1_ORF2	1	0	4	4	TRUE	TRUE
ATGGCTTGTAAGTCTC-1	MZ286188_1_ORF2	0	0	1	1	FALSE	FALSE
ATGGCTTGTACAGGGT-1	OZ258728_1_ORF2	0	0	1	1	FALSE	FALSE
ATGGCTTGTACCCAAT-1	MZ286102_1_ORF1	0	0	1	2	FALSE	TRUE
ATGGCTTGTATCCTAA-1	MZ286258_1_ORF2	1	0	6	7	TRUE	TRUE
ATGGCTTGTGCTGACC-1	MZ286258_1_ORF2	1	1	11	12	TRUE	TRUE
ATGGCTTGTGTACCGC-1	OZ258728_1_ORF2	0	0	1	1	FALSE	FALSE
ATGGCTTGTGTGTCAT-1	MZ286102_1_ORF2	0	0	1	1	FALSE	FALSE
ATGGCTTGTTCGCTTC-1	MZ286188_1_ORF1	0	0	1	1	FALSE	FALSE
ATGGGACGTAAGCCAA-1	MZ286188_1_ORF1	0	0	1	1	FALSE	TRUE
ATGGGACGTATTGACC-1	OZ258728_1_ORF1	0	0	1	2	FALSE	TRUE
ATGGGACGTCCACACA-1	OZ258728_1_ORF2	0	0	1	1	FALSE	TRUE
ATGGGACGTCCCATCT-1	OZ258728_1_ORF2	0	0	1	1	FALSE	FALSE
ATGGGACGTGAGAGCT-1	MZ286188_1_ORF1	0	0	1	1	FALSE	FALSE
ATGGGACGTGGGTTCC-1	MZ286258_1_ORF2	0	0	1	1	FALSE	FALSE
ATGGGACGTGTCTGTG-1	MZ286258_1_ORF2	1	0	6	6	TRUE	TRUE
ATGGGACGTGTGTGAA-1	MZ286102_1_ORF1	0	0	2	3	FALSE	TRUE
ATGGGACGTTAGGCAA-1	OZ258728_1_ORF1	0	0	3	5	FALSE	TRUE
ATGGGACGTTTCCAGG-1	MZ286197_1_ORF2	0	0	1	3	FALSE	TRUE
ATGGGTAGTAATCCGT-1	MZ286102_1_ORF1	0	0	1	1	FALSE	TRUE
ATGGGTAGTACCCAAT-1	OP549859_1_ORF1	2	1	11	16	FALSE	TRUE
ATGGGTAGTAGCTGAA-1	MZ286197_1_ORF1	0	0	1	1	FALSE	FALSE
ATGGGTAGTAGGCTCC-1	OP549859_1_ORF1	0	0	1	1	FALSE	FALSE
ATGGGTAGTCATGAGA-1	meGFP	0	0	1	2	FALSE	TRUE
ATGGGTAGTCTAGTGT-1	OZ258728_1_ORF1	0	0	1	1	FALSE	FALSE
ATGGGTAGTCTATCCC-1	meGFP	0	0	1	1	FALSE	FALSE
ATGGGTAGTGATCCTG-1	OP549859_1_ORF1	0	0	1	1	FALSE	TRUE
ATGGGTAGTGCTTAGT-1	MZ286188_1_ORF1	0	0	1	1	FALSE	FALSE
ATGGGTAGTGGATGAC-1	MZ286102_1_ORF2	0	0	1	1	FALSE	FALSE
ATGGGTAGTGGGTAGT-1	OP549859_1_ORF1	0	0	1	1	FALSE	FALSE
ATGGGTAGTTATGCAC-1	OP549859_1_ORF2	0	0	1	2	FALSE	TRUE
ATGGGTAGTTCATCGG-1	OP549859_1_ORF2	1	0	4	4	TRUE	TRUE
ATGGGTAGTTGTAAGG-1	OP549859_1_ORF1	0	0	2	2	TRUE	FALSE
ATGGGTAGTTTGGGTT-1	OZ258728_1_ORF2	0	0	1	1	FALSE	FALSE
ATGGGTGTCACTCGCG-1	MZ286102_1_ORF1	1	0	7	7	TRUE	TRUE
ATGGGTGTCACTTACG-1	MZ286102_1_ORF2	1	0	6	8	TRUE	TRUE
ATGGGTGTCCACCTGG-1	MZ286188_1_ORF2	0	0	2	3	FALSE	TRUE
ATGGGTGTCCATGACC-1	OP549859_1_ORF1	0	0	2	2	TRUE	TRUE
ATGGGTGTCCGCCTGA-1	MZ286258_1_ORF2	0	0	2	2	TRUE	TRUE
ATGGGTGTCCGCGCTA-1	MZ286258_1_ORF1	0	0	1	1	FALSE	TRUE
ATGGGTGTCGATACTT-1	MZ286258_1_ORF2	0	0	1	1	FALSE	FALSE
ATGGGTGTCTCTCGCC-1	OZ258728_1_ORF2	0	0	1	1	FALSE	FALSE
ATGGGTGTCTGGACCT-1	MZ286258_1_ORF2	0	0	2	2	TRUE	TRUE
ATGGGTGTCTTGCCTT-1	OP549859_1_ORF1	0	0	1	1	FALSE	FALSE
ATGGTAATCCAAGTAA-1	MZ286258_1_ORF2	0	0	1	1	FALSE	FALSE
ATGGTAATCCGCGCTA-1	OZ258728_1_ORF2	1	1	54	55	TRUE	TRUE
ATGGTAATCTAGGCTC-1	meGFP	0	0	3	3	TRUE	FALSE
ATGGTAATCTCGATTG-1	MZ286188_1_ORF2	0	0	1	1	FALSE	TRUE
ATGGTAATCTGGTTGC-1	OZ258728_1_ORF2	0	0	1	1	FALSE	FALSE
ATGGTCACAAGGTGCT-1	MZ286197_1_ORF1	1	1	47	47	TRUE	TRUE
ATGGTCACAATATAGC-1	MZ286197_1_ORF2	0	0	2	2	TRUE	TRUE
ATGGTCACAATCCAAG-1	OP549859_1_ORF1	0	0	1	1	FALSE	FALSE
ATGGTCACAATGGGTC-1	meGFP	1	0	8	8	TRUE	FALSE
ATGGTCACACCTGTGC-1	OZ258728_1_ORF2	0	0	1	1	FALSE	TRUE
ATGGTCACACGTGCCT-1	MZ286102_1_ORF1	0	0	1	2	FALSE	TRUE
ATGGTCACAGCTGATA-1	MZ286188_1_ORF2	0	0	3	3	TRUE	TRUE
ATGGTCACAGTACCTT-1	OP549859_1_ORF1	0	0	1	1	FALSE	FALSE
ATGGTCACATAAGGTT-1	MZ286258_1_ORF2	1	1	11	12	TRUE	TRUE
ATGGTCTGTAGTATCC-1	OZ258728_1_ORF1	1	1	21	21	TRUE	TRUE
ATGGTCTGTCAATCTA-1	meGFP	0	0	1	1	FALSE	TRUE
ATGGTCTGTCTATCCC-1	OP549859_1_ORF1	0	0	1	1	FALSE	TRUE
ATGGTCTGTGCGCATC-1	MZ286197_1_ORF1	0	0	1	1	FALSE	TRUE
ATGGTCTGTGCTTAGT-1	MZ286188_1_ORF1	0	0	1	1	FALSE	FALSE
ATGGTCTGTGGGATTA-1	MZ286258_1_ORF2	0	0	1	2	FALSE	TRUE
ATGGTCTGTGTTGACT-1	MZ286197_1_ORF1	1	0	9	9	TRUE	TRUE
ATGGTCTGTTACACCG-1	MZ286197_1_ORF1	1	0	9	9	TRUE	TRUE
ATGGTCTGTTCTATCT-1	meGFP	0	0	1	1	FALSE	FALSE
ATGGTCTGTTGGTTAC-1	OP549859_1_ORF1	0	0	1	1	FALSE	TRUE
ATGTAAAGTACACCTG-1	OZ258728_1_ORF2	0	0	1	1	FALSE	TRUE
ATGTAAAGTATGTGGA-1	MZ286197_1_ORF2	0	0	1	1	FALSE	TRUE
ATGTAAAGTCACTAAC-1	MZ286102_1_ORF2	0	0	1	1	FALSE	FALSE
ATGTAAAGTCTTAATG-1	meGFP	0	0	1	1	FALSE	FALSE
ATGTAAAGTGCAATTC-1	OZ258728_1_ORF1	0	0	1	1	FALSE	TRUE
ATGTAAAGTGGGTAAC-1	OP549859_1_ORF1	0	0	1	3	FALSE	TRUE
ATGTAAAGTTACGCCA-1	MZ286258_1_ORF1	0	0	1	1	FALSE	TRUE
ATGTAAAGTTCCGCAA-1	meGFP	1	1	37	38	TRUE	TRUE
ATGTAACCAACAGGCT-1	OZ258728_1_ORF2	0	0	1	1	FALSE	FALSE
ATGTAACCACAAGGCT-1	MZ286197_1_ORF1	0	0	1	1	FALSE	TRUE
ATGTAACCACGCACGA-1	OZ258728_1_ORF1	1	0	6	6	TRUE	TRUE
ATGTAACCACTTCAAC-1	MZ286258_1_ORF2	1	1	17	17	TRUE	TRUE
ATGTAACCACTTCCTC-1	meGFP	0	0	1	2	FALSE	TRUE
ATGTAACCAGATTAAC-1	MZ286258_1_ORF2	1	1	29	30	TRUE	TRUE
ATGTAACCAGATTCGA-1	MZ286258_1_ORF2	0	0	3	3	TRUE	TRUE
ATGTAACCAGCCCGAA-1	OZ258728_1_ORF2	0	0	1	1	FALSE	TRUE
ATGTAACCAGCTCTAT-1	MZ286102_1_ORF1	0	0	1	1	FALSE	FALSE
ATGTAACCAGGTAGAG-1	OZ258728_1_ORF1	0	0	1	2	FALSE	TRUE
ATGTAACCATACCGTT-1	MZ286258_1_ORF1	0	0	1	1	FALSE	FALSE
ATGTAACCATAGACCA-1	OP549859_1_ORF1	0	0	2	2	TRUE	FALSE
ATGTAACCATATGCAG-1	MZ286197_1_ORF2	1	0	6	7	TRUE	TRUE
ATGTAACCATCGGGCA-1	MZ286188_1_ORF2	0	0	1	3	FALSE	TRUE
ATGTAACCATGAGTAT-1	OZ258728_1_ORF2	0	0	1	2	FALSE	TRUE
ATGTAACCATGGAGAG-1	MZ286258_1_ORF2	0	0	1	2	FALSE	TRUE
ATGTAAGTCATATGTC-1	MZ286102_1_ORF2	1	0	9	12	TRUE	TRUE
ATGTAAGTCCAAGTGG-1	MZ286188_1_ORF1	0	0	1	1	FALSE	TRUE
ATGTAAGTCCAATCAT-1	MZ286197_1_ORF1	1	1	14	14	TRUE	TRUE
ATGTAAGTCCCTCTAT-1	meGFP	1	1	28	30	TRUE	TRUE
ATGTAAGTCCGAAGCA-1	MZ286188_1_ORF1	0	0	1	1	FALSE	FALSE
ATGTAAGTCCTCATTC-1	OZ258728_1_ORF2	0	0	1	1	FALSE	FALSE
ATGTAAGTCCTTCACT-1	MZ286102_1_ORF2	0	0	1	1	FALSE	TRUE
ATGTAAGTCTGAGTGG-1	OZ258728_1_ORF1	0	0	1	1	FALSE	FALSE
ATGTAAGTCTGCACTA-1	MZ286188_1_ORF1	0	0	2	2	TRUE	TRUE
ATGTAAGTCTGTGGCT-1	MZ286102_1_ORF2	0	0	2	2	TRUE	TRUE
ATGTAGCAGACACTAA-1	OP549859_1_ORF1	0	0	1	1	FALSE	FALSE
ATGTAGCAGCTATCCA-1	meGFP	1	1	92	93	TRUE	TRUE
ATGTAGCAGCTTGACC-1	OP549859_1_ORF1	0	0	1	1	FALSE	FALSE
ATGTAGCAGGACGAGG-1	MZ286102_1_ORF2	1	0	6	7	TRUE	TRUE
ATGTAGCAGGATCCCT-1	MZ286102_1_ORF2	0	0	2	2	TRUE	TRUE
ATGTAGCAGGCTCTGT-1	meGFP	0	0	1	1	FALSE	FALSE
ATGTAGCAGGGTGTCA-1	MZ286188_1_ORF1	0	0	1	1	FALSE	TRUE
ATGTAGCAGGTTGGGC-1	OZ258728_1_ORF2	0	0	1	1	FALSE	TRUE
ATGTAGCAGTAATCCT-1	OP549859_1_ORF1	0	0	1	2	FALSE	TRUE
ATGTATGAGAGGCGTC-1	OP549859_1_ORF1	0	0	1	1	FALSE	FALSE
ATGTATGAGAGGTTAC-1	OZ258728_1_ORF2	0	0	1	1	FALSE	TRUE
ATGTATGAGATGGTGT-1	OZ258728_1_ORF2	1	1	75	77	TRUE	TRUE
ATGTATGAGCGAGAGG-1	OP549859_1_ORF1	0	0	1	1	FALSE	FALSE
ATGTATGAGCGCTAGA-1	OP549859_1_ORF1	1	1	46	48	TRUE	TRUE
ATGTATGAGCTCTAGC-1	MZ286102_1_ORF1	0	0	3	3	TRUE	TRUE
ATGTATGAGGCACTTC-1	MZ286188_1_ORF2	0	0	2	2	TRUE	TRUE
ATGTATGAGGCTTAGG-1	MZ286258_1_ORF2	1	1	11	11	TRUE	TRUE
ATGTATGAGGGACATT-1	OP549859_1_ORF1	0	0	1	1	FALSE	FALSE
ATGTATGAGGGTATGT-1	MZ286197_1_ORF1	0	0	2	2	TRUE	TRUE
ATGTATGAGTTGCACC-1	OP549859_1_ORF1	0	0	1	1	FALSE	TRUE
ATGTCAAAGACTTACT-1	MZ286197_1_ORF2	0	0	1	1	FALSE	TRUE
ATGTCAAAGCGCAGTA-1	MZ286102_1_ORF2	1	0	7	7	TRUE	TRUE
ATGTCAAAGCGGATTG-1	OZ258728_1_ORF2	0	0	1	1	FALSE	FALSE
ATGTCAAAGCGGTAAT-1	MZ286102_1_ORF2	0	0	1	1	FALSE	FALSE
ATGTCAAAGCTATACT-1	OZ258728_1_ORF2	0	0	3	9	FALSE	TRUE
ATGTCAAAGGATCACG-1	MZ286102_1_ORF2	0	0	2	2	TRUE	TRUE
ATGTCAAAGGCGTGGT-1	MZ286102_1_ORF1	0	0	1	3	FALSE	TRUE
ATGTCAAAGGGACATT-1	MZ286197_1_ORF2	0	0	2	2	TRUE	TRUE
ATGTCAAAGGGTCAGC-1	MZ286102_1_ORF2	1	1	21	22	TRUE	TRUE
ATGTCCATCAACCGTC-1	OP549859_1_ORF2	1	0	5	5	TRUE	TRUE
ATGTCCATCACGGTAG-1	MZ286197_1_ORF2	0	0	1	1	FALSE	TRUE
ATGTCCATCCCCAAGT-1	MZ286102_1_ORF2	1	0	6	6	TRUE	TRUE
ATGTCCATCCCGTTGG-1	MZ286102_1_ORF1	0	0	1	1	FALSE	TRUE
ATGTCCATCCCTGGTG-1	OZ258728_1_ORF2	1	1	26	27	TRUE	TRUE
ATGTCCATCCCTTACT-1	OZ258728_1_ORF2	1	0	5	8	TRUE	TRUE
ATGTCCATCCGTGGAA-1	MZ286188_1_ORF1	0	0	1	1	FALSE	FALSE
ATGTCCATCGAACCGA-1	OZ258728_1_ORF2	0	0	1	1	FALSE	TRUE
ATGTCCATCGTTACCA-1	meGFP	2	1	18	25	FALSE	TRUE
ATGTCCCAGACATCCC-1	OZ258728_1_ORF2	1	1	11	11	TRUE	TRUE
ATGTCCCAGAGAGGTA-1	meGFP	1	1	13	13	TRUE	TRUE
ATGTCCCAGAGGCGAG-1	meGFP	1	1	39	39	TRUE	TRUE
ATGTCCCAGAGGGACG-1	meGFP	0	0	1	1	FALSE	FALSE
ATGTCCCAGATGCCAG-1	OZ258728_1_ORF2	0	0	1	1	FALSE	TRUE
ATGTCCCAGCCACAGA-1	meGFP	1	1	72	72	TRUE	TRUE
ATGTCCCAGCGCTTAC-1	MZ286258_1_ORF2	1	1	23	23	TRUE	TRUE
ATGTCCCAGCTGGGTA-1	MZ286258_1_ORF2	2	0	7	11	FALSE	TRUE
ATGTCCCAGGACTAAC-1	OP549859_1_ORF1	0	0	1	1	FALSE	TRUE
ATGTCCCAGGATCCCT-1	MZ286258_1_ORF2	0	0	1	1	FALSE	TRUE
ATGTCCCAGGCGTGGT-1	MZ286197_1_ORF1	1	1	16	16	TRUE	TRUE
ATGTCCCAGGGTCAGC-1	OP549859_1_ORF1	2	1	13	17	TRUE	TRUE
ATGTCCCAGGTCGTCT-1	OP549859_1_ORF2	1	0	7	7	TRUE	TRUE
ATGTCCCAGTGGATTA-1	OZ258728_1_ORF2	0	0	1	1	FALSE	TRUE
ATGTCCGGTACGATAG-1	MZ286102_1_ORF2	1	1	14	14	TRUE	TRUE
ATGTCCGGTCTGGATT-1	MZ286258_1_ORF2	0	0	1	1	FALSE	TRUE
ATGTCCGGTTCGTAGT-1	MZ286258_1_ORF2	0	0	1	1	FALSE	FALSE
ATGTCCGGTTGGACCC-1	MZ286258_1_ORF1	0	0	1	2	FALSE	TRUE
ATGTCCGGTTTAGCAC-1	MZ286197_1_ORF1	0	0	1	1	FALSE	FALSE
ATGTCCTCAAACTAAC-1	OP549859_1_ORF1	0	0	1	1	FALSE	TRUE
ATGTCCTCAACCGTGG-1	OZ258728_1_ORF1	0	0	1	1	FALSE	TRUE
ATGTCCTCAATCCGGG-1	OZ258728_1_ORF2	1	1	10	11	TRUE	TRUE
ATGTCCTCAATCTGTC-1	MZ286258_1_ORF2	1	1	13	13	TRUE	TRUE
ATGTCCTCAATGGACC-1	MZ286258_1_ORF2	0	0	1	1	FALSE	FALSE
ATGTCCTCACTCACAT-1	meGFP	0	0	3	5	FALSE	TRUE
ATGTCCTCAGGTCGAT-1	MZ286102_1_ORF2	1	0	5	5	TRUE	TRUE
ATGTCCTCATCCAGCC-1	OZ258728_1_ORF2	0	0	1	1	FALSE	TRUE
ATGTCCTCATGACGAC-1	MZ286197_1_ORF1	2	2	14	28	FALSE	TRUE
ATGTCCTCATGCAATG-1	MZ286258_1_ORF2	0	0	2	4	FALSE	TRUE
ATGTCCTCATGGAGAG-1	MZ286102_1_ORF2	1	0	6	6	TRUE	TRUE
ATGTGCGAGCAATGAC-1	OZ258728_1_ORF1	1	0	6	7	TRUE	TRUE
ATGTGCGAGCAGCATG-1	MZ286188_1_ORF2	1	1	11	11	TRUE	TRUE
ATGTGCGAGCCGTGAA-1	MZ286102_1_ORF2	0	0	1	1	FALSE	TRUE
ATGTGCGAGCCTCTGG-1	MZ286197_1_ORF2	1	0	4	5	TRUE	TRUE
ATGTGCGAGCGGTAGC-1	OZ258728_1_ORF1	0	0	1	1	FALSE	FALSE
ATGTGCGAGCTCTCAA-1	OZ258728_1_ORF2	0	0	1	1	FALSE	FALSE
ATGTGCGAGGATCACG-1	MZ286258_1_ORF2	0	0	3	4	TRUE	TRUE
ATGTGCGAGGCAGGGA-1	OZ258728_1_ORF2	0	0	1	1	FALSE	FALSE
ATGTGCGAGGCGTGAC-1	MZ286102_1_ORF2	1	1	13	13	TRUE	TRUE
ATGTGCGAGGGTATGT-1	MZ286188_1_ORF2	0	0	1	1	FALSE	FALSE
ATGTGCGAGTTAAGTG-1	meGFP	0	0	1	1	FALSE	TRUE
ATGTTCCCAACCATTC-1	OZ258728_1_ORF2	0	0	1	1	FALSE	FALSE
ATGTTCCCAATCCAAG-1	MZ286102_1_ORF2	1	0	9	9	TRUE	TRUE
ATGTTCCCACCAGGCA-1	MZ286258_1_ORF2	1	1	20	21	TRUE	TRUE
ATGTTCCCAGAACTAT-1	MZ286102_1_ORF2	0	0	1	1	FALSE	TRUE
ATGTTCCCAGTACCTT-1	OZ258728_1_ORF2	0	0	1	1	FALSE	TRUE
ATGTTCCCATGAACCA-1	meGFP	0	0	1	1	FALSE	FALSE
ATGTTCCCATGAATCG-1	MZ286188_1_ORF2	1	1	12	13	TRUE	TRUE
ATGTTCCCATGGTAAT-1	meGFP	0	0	1	2	FALSE	TRUE
ATGTTCCCATGTGGCG-1	OZ258728_1_ORF1	0	0	1	1	FALSE	FALSE
ATGTTCCCATTCATTG-1	OP549859_1_ORF1	0	0	1	1	FALSE	FALSE
ATGTTCGTCAATCCAT-1	MZ286188_1_ORF2	0	0	1	1	FALSE	TRUE
ATGTTCGTCAATTCGT-1	OZ258728_1_ORF2	1	1	23	23	TRUE	TRUE
ATGTTCGTCACAGGCA-1	MZ286102_1_ORF2	1	0	5	6	TRUE	TRUE
ATGTTCGTCATAGAGC-1	OZ258728_1_ORF2	0	0	1	1	FALSE	FALSE
ATGTTCGTCATTAACC-1	OZ258728_1_ORF2	1	1	38	38	TRUE	TRUE
ATGTTCGTCCCGTGCA-1	MZ286102_1_ORF1	0	0	1	2	FALSE	FALSE
ATGTTCGTCCGTGGAA-1	OP549859_1_ORF2	0	0	1	2	FALSE	TRUE
ATGTTCGTCGAATCAA-1	MZ286188_1_ORF2	0	0	1	2	FALSE	TRUE
ATGTTCGTCGCGTTAC-1	OP549859_1_ORF2	0	0	3	4	TRUE	TRUE
ATGTTCGTCTCTATCC-1	MZ286102_1_ORF1	0	0	1	1	FALSE	TRUE
ATGTTCGTCTGCCACG-1	OZ258728_1_ORF2	0	0	1	1	FALSE	FALSE
ATGTTCGTCTTGCCTT-1	meGFP	0	0	1	1	FALSE	TRUE
ATGTTGAAGATCAAGC-1	OP549859_1_ORF1	0	0	1	1	FALSE	TRUE
ATGTTGAAGGATGGAA-1	MZ286188_1_ORF1	1	1	38	39	TRUE	TRUE
ATGTTGAAGGGACTCA-1	OZ258728_1_ORF1	0	0	3	3	TRUE	FALSE
ATGTTGAAGGGGCCAT-1	meGFP	0	0	1	2	FALSE	TRUE
ATGTTGAAGGGTAACT-1	meGFP	1	1	27	27	TRUE	TRUE
ATGTTGAAGGGTTAGT-1	MZ286188_1_ORF1	0	0	1	1	FALSE	FALSE
ATGTTGAAGTAACCAA-1	MZ286197_1_ORF1	0	0	1	1	FALSE	FALSE
ATGTTGAAGTACCCGT-1	MZ286258_1_ORF1	0	0	1	1	FALSE	TRUE
ATGTTGAAGTCCAATT-1	OZ258728_1_ORF2	1	0	8	8	TRUE	TRUE
ATGTTGAAGTGAGAGA-1	OP549859_1_ORF2	1	0	4	6	TRUE	TRUE
ATGTTGAAGTGGGTTG-1	MZ286188_1_ORF1	0	0	1	1	FALSE	TRUE
ATTAACGAGACTTACT-1	MZ286258_1_ORF1	0	0	1	1	FALSE	FALSE
ATTAACGAGGCATCCT-1	MZ286188_1_ORF1	0	0	1	1	FALSE	FALSE
ATTAACGAGGGACTCA-1	OZ258728_1_ORF2	1	1	15	15	TRUE	TRUE
ATTAACGAGTAGCTCC-1	MZ286188_1_ORF1	0	0	1	1	FALSE	TRUE
ATTAAGCCAACAGACC-1	MZ286188_1_ORF2	0	0	3	3	TRUE	TRUE
ATTAAGCCAAGACCGT-1	meGFP	0	0	1	1	FALSE	TRUE
ATTAAGCCACATGCGG-1	MZ286102_1_ORF2	0	0	1	1	FALSE	FALSE
ATTAAGCCAGTCTCAT-1	OZ258728_1_ORF1	1	1	21	21	TRUE	TRUE
ATTAAGCCATTGGATG-1	MZ286258_1_ORF1	0	0	3	3	TRUE	TRUE
ATTAAGTAGACATCAA-1	OZ258728_1_ORF1	0	0	0	0	FALSE	FALSE
ATTAAGTAGATGACAC-1	OZ258728_1_ORF2	0	0	1	1	FALSE	TRUE
ATTAAGTAGGACGAGG-1	OP549859_1_ORF1	0	0	1	1	FALSE	TRUE
ATTAAGTAGGCTCTGT-1	MZ286102_1_ORF2	0	0	1	1	FALSE	TRUE
ATTAAGTAGGGTTGCA-1	MZ286102_1_ORF2	0	0	1	1	FALSE	TRUE
ATTAATGCAACGAGCT-1	MZ286102_1_ORF1	0	0	1	1	FALSE	FALSE
ATTAATGCACAACGGT-1	MZ286102_1_ORF2	0	0	1	1	FALSE	TRUE
ATTAATGCACGAACCG-1	MZ286258_1_ORF2	1	0	7	8	TRUE	TRUE
ATTAATGCACGTATAG-1	OZ258728_1_ORF2	0	0	1	1	FALSE	FALSE
ATTAATGCACGTTAAG-1	OZ258728_1_ORF2	2	1	32	39	TRUE	TRUE
ATTAATGCACTAGTCT-1	OZ258728_1_ORF2	1	1	68	68	TRUE	TRUE
ATTAATGCAGCCCGAA-1	MZ286258_1_ORF1	0	0	2	2	TRUE	TRUE
ATTAATGCAGTACCTT-1	OZ258728_1_ORF2	0	0	1	1	FALSE	FALSE
ATTAATGCATAGACCA-1	MZ286102_1_ORF2	1	0	6	7	TRUE	TRUE
ATTACAACAACCAGTA-1	MZ286188_1_ORF1	0	0	1	3	FALSE	TRUE
ATTACAACAATGTCCT-1	MZ286188_1_ORF1	0	0	1	1	FALSE	FALSE
ATTACAACACAGCCAG-1	OP549859_1_ORF1	1	0	4	5	TRUE	FALSE
ATTACAACACAGTTAG-1	MZ286258_1_ORF2	1	1	19	19	TRUE	TRUE
ATTACAACACCCAACC-1	OZ258728_1_ORF2	1	0	8	8	TRUE	TRUE
ATTACAACATAGGATT-1	MZ286102_1_ORF2	1	1	18	20	TRUE	TRUE
ATTACAACATCCCGAC-1	OZ258728_1_ORF1	1	0	9	9	TRUE	TRUE
ATTACAACATTAGAGT-1	MZ286102_1_ORF2	1	1	17	17	TRUE	TRUE
ATTACAACATTAGGGC-1	meGFP	1	1	85	86	TRUE	TRUE
ATTACAGAGACATCGG-1	MZ286258_1_ORF2	3	2	29	48	FALSE	TRUE
ATTACAGAGACCGATG-1	MZ286102_1_ORF1	0	0	1	1	FALSE	TRUE
ATTACAGAGAGTCCCT-1	meGFP	1	1	50	50	TRUE	TRUE
ATTACAGAGATTGGTA-1	MZ286188_1_ORF1	0	0	2	2	TRUE	TRUE
ATTACAGAGCAATCCC-1	MZ286197_1_ORF2	1	0	5	7	TRUE	TRUE
ATTACAGAGCGCTAGA-1	OZ258728_1_ORF2	0	0	1	1	FALSE	FALSE
ATTACAGAGCTATACT-1	OP549859_1_ORF1	0	0	1	1	FALSE	TRUE
ATTACAGAGCTGTCGT-1	MZ286102_1_ORF1	1	1	50	51	TRUE	TRUE
ATTACAGAGGCAGGCT-1	meGFP	0	0	1	1	FALSE	FALSE
ATTACAGAGGGCCGAT-1	meGFP	0	0	1	1	FALSE	FALSE
ATTACAGAGGGGACAG-1	MZ286102_1_ORF2	0	0	1	1	FALSE	FALSE
ATTACAGAGGTCCAGA-1	MZ286258_1_ORF2	0	0	3	3	TRUE	TRUE
ATTACAGAGTGGATTA-1	MZ286102_1_ORF2	1	0	8	10	TRUE	TRUE
ATTACAGAGTTGCAGG-1	OP549859_1_ORF1	0	0	1	1	FALSE	TRUE
ATTACAGAGTTGCGTC-1	MZ286258_1_ORF2	1	1	11	13	TRUE	TRUE
ATTACCAGTAAGGTGC-1	meGFP	1	1	131	131	TRUE	TRUE
ATTACCAGTAGCCATT-1	OZ258728_1_ORF1	0	0	1	1	FALSE	FALSE
ATTACCAGTATTGGGA-1	MZ286258_1_ORF2	0	0	2	2	TRUE	TRUE
ATTACCAGTCACACCA-1	MZ286188_1_ORF1	1	1	44	44	TRUE	TRUE
ATTACCAGTCAGGAGT-1	MZ286188_1_ORF2	0	0	1	1	FALSE	TRUE
ATTACCAGTCGACCGT-1	MZ286188_1_ORF1	0	0	1	1	FALSE	FALSE
ATTACCAGTGAATCTC-1	meGFP	0	0	1	1	FALSE	TRUE
ATTACCAGTGCCGGAA-1	OZ258728_1_ORF1	0	0	1	1	FALSE	FALSE
ATTACCAGTGCTATGT-1	MZ286188_1_ORF1	0	0	2	2	TRUE	TRUE
ATTACCAGTGGTGTGG-1	OZ258728_1_ORF2	1	1	69	70	TRUE	TRUE
ATTACCAGTTAGATGG-1	MZ286197_1_ORF2	0	0	1	1	FALSE	FALSE
ATTACCAGTTCGCTTC-1	OP549859_1_ORF1	0	0	1	1	FALSE	FALSE
ATTACCAGTTGAAGTG-1	MZ286258_1_ORF1	1	1	16	17	TRUE	TRUE
ATTACCCCAAAGGTCC-1	OZ258728_1_ORF2	0	0	1	1	FALSE	TRUE
ATTACCCCAAATGAGA-1	OZ258728_1_ORF2	0	0	1	1	FALSE	FALSE
ATTACCCCACCATTAC-1	MZ286258_1_ORF2	1	1	16	20	TRUE	TRUE
ATTACCCCACCTCGAC-1	MZ286197_1_ORF2	0	0	1	2	FALSE	TRUE
ATTACCCCACTTACCG-1	OP549859_1_ORF1	0	0	1	1	FALSE	FALSE
ATTACCCCACTTCAAC-1	MZ286258_1_ORF1	0	0	1	1	FALSE	TRUE
ATTACCCCAGGTCGAT-1	OZ258728_1_ORF2	0	0	1	1	FALSE	TRUE
ATTACCCCAGTTCGGG-1	MZ286102_1_ORF2	0	0	1	1	FALSE	FALSE
ATTACCCCATAACTGG-1	meGFP	1	1	74	74	TRUE	TRUE
ATTACCCCATAAGGTT-1	MZ286102_1_ORF1	0	0	1	1	FALSE	FALSE
ATTACCCCATCAGGGT-1	MZ286102_1_ORF2	1	1	10	10	TRUE	TRUE
ATTACCCCATGCTCGC-1	meGFP	0	0	1	1	FALSE	FALSE
ATTACCGTCAACTGGG-1	meGFP	0	0	1	1	FALSE	TRUE
ATTACCGTCCCATCCC-1	OZ258728_1_ORF2	0	0	1	1	FALSE	FALSE
ATTACCGTCGACACAG-1	MZ286197_1_ORF2	0	0	1	1	FALSE	TRUE
ATTACCGTCGCGGAGT-1	OP549859_1_ORF2	1	0	4	5	TRUE	TRUE
ATTACCGTCGGGAAGG-1	MZ286258_1_ORF2	1	1	11	11	TRUE	TRUE
ATTACCGTCTCTCGCC-1	OZ258728_1_ORF2	0	0	2	2	TRUE	TRUE
ATTACCGTCTTGGATT-1	MZ286258_1_ORF2	1	0	4	4	TRUE	FALSE
ATTACGAAGATGCCTC-1	OP549859_1_ORF1	0	0	2	2	TRUE	TRUE
ATTACGAAGCAACGAT-1	MZ286197_1_ORF1	1	1	13	13	TRUE	FALSE
ATTACGAAGCCACAGA-1	OZ258728_1_ORF2	0	0	1	1	FALSE	TRUE
ATTACGAAGCGGGCAT-1	MZ286258_1_ORF2	1	0	8	9	TRUE	TRUE
ATTACGAAGGATCACG-1	MZ286197_1_ORF1	0	0	1	1	FALSE	TRUE
ATTACGAAGGCAGGCT-1	OZ258728_1_ORF2	1	0	4	5	TRUE	TRUE
ATTACGAAGGGCTGGT-1	MZ286197_1_ORF1	1	1	11	12	TRUE	TRUE
ATTACGAAGGTCGGTA-1	meGFP	0	0	1	1	FALSE	TRUE
ATTACGAAGTAACCAA-1	MZ286102_1_ORF1	0	0	1	1	FALSE	TRUE
ATTACTATCAAGCTAA-1	OP549859_1_ORF1	1	1	14	14	TRUE	FALSE
ATTACTATCATCAATC-1	MZ286258_1_ORF1	0	0	1	1	FALSE	TRUE
ATTACTATCCACAGGA-1	MZ286197_1_ORF1	1	0	5	5	TRUE	TRUE
ATTACTATCCCGTTGG-1	OZ258728_1_ORF2	0	0	1	1	FALSE	FALSE
ATTACTATCGGCTCTG-1	MZ286102_1_ORF2	1	0	4	4	TRUE	FALSE
ATTACTATCTTAAGCT-1	OZ258728_1_ORF2	1	1	12	12	TRUE	TRUE
ATTACTGGTACCGGAG-1	OZ258728_1_ORF2	0	0	1	1	FALSE	TRUE
ATTACTGGTCAGCCAC-1	OZ258728_1_ORF2	0	0	1	1	FALSE	FALSE
ATTACTGGTCCTGTGA-1	MZ286258_1_ORF1	1	1	27	27	TRUE	TRUE
ATTACTGGTGCGTACC-1	MZ286258_1_ORF2	0	0	2	2	TRUE	FALSE
ATTACTGGTGGACATA-1	MZ286197_1_ORF1	0	0	1	1	FALSE	TRUE
ATTACTGGTTGTCTGG-1	OZ258728_1_ORF2	0	0	1	1	FALSE	FALSE
ATTACTGGTTTCCAGG-1	MZ286102_1_ORF2	0	0	2	2	TRUE	TRUE
ATTATCGGTACCGGAG-1	OP549859_1_ORF1	1	1	126	126	TRUE	TRUE
ATTATCGGTAGCTGAA-1	OZ258728_1_ORF2	1	0	6	6	TRUE	TRUE
ATTATCGGTATTGACC-1	MZ286102_1_ORF2	0	0	1	1	FALSE	TRUE
ATTATCGGTATTGCGT-1	MZ286188_1_ORF2	0	0	1	1	FALSE	TRUE
ATTATCGGTCAGCCGT-1	OP549859_1_ORF2	0	0	1	1	FALSE	TRUE
ATTATCGGTCATCGTG-1	OZ258728_1_ORF2	0	0	1	1	FALSE	TRUE
ATTATCGGTGAATGTG-1	MZ286188_1_ORF1	0	0	1	1	FALSE	TRUE
ATTATCGGTGGCTTGC-1	MZ286258_1_ORF2	0	0	1	1	FALSE	TRUE
ATTATCGGTGTGATTC-1	MZ286258_1_ORF2	0	0	1	1	FALSE	FALSE
ATTATCGGTTCGCTGA-1	MZ286102_1_ORF1	0	0	1	1	FALSE	TRUE
ATTATCTCAAACCACA-1	MZ286102_1_ORF2	1	0	4	4	TRUE	TRUE
ATTATCTCAAACGGCT-1	MZ286197_1_ORF1	0	0	1	1	FALSE	TRUE
ATTATCTCAGCCCGAA-1	OZ258728_1_ORF1	0	0	1	2	FALSE	TRUE
ATTATCTCAGTACGGT-1	OP549859_1_ORF1	0	0	3	6	FALSE	TRUE
ATTATCTCAGTCCAGG-1	OZ258728_1_ORF2	0	0	2	2	TRUE	TRUE
ATTATCTCATCGTAAG-1	OZ258728_1_ORF1	0	0	1	1	FALSE	TRUE
ATTATCTCATGAGGAG-1	MZ286102_1_ORF2	0	0	2	3	FALSE	TRUE
ATTATCTCATGCCCTA-1	OP549859_1_ORF1	3	2	61	106	FALSE	TRUE
ATTATCTCATGCGTGG-1	meGFP	0	0	3	5	FALSE	TRUE
ATTATCTCATGTCCAT-1	OP549859_1_ORF1	0	0	1	1	FALSE	FALSE
ATTATCTCATGTGATG-1	meGFP	1	1	13	13	TRUE	TRUE
ATTATGGAGACCCAAG-1	meGFP	0	0	1	1	FALSE	FALSE
ATTATGGAGACTTGCC-1	MZ286188_1_ORF1	0	0	1	2	FALSE	TRUE
ATTATGGAGAGGCGAG-1	MZ286102_1_ORF2	0	0	1	1	FALSE	FALSE
ATTATGGAGCAACTAA-1	OP549859_1_ORF1	1	1	48	48	TRUE	TRUE
ATTATGGAGCGAACTG-1	MZ286102_1_ORF2	0	0	1	1	FALSE	FALSE
ATTATGGAGCGGGTTA-1	OP549859_1_ORF1	1	1	30	30	TRUE	TRUE
ATTATGGAGCTACTTG-1	OP549859_1_ORF1	0	0	1	1	FALSE	FALSE
ATTATGGAGCTATCCA-1	meGFP	0	0	1	1	FALSE	FALSE
ATTATGGAGCTGGTTC-1	OZ258728_1_ORF2	0	0	1	2	FALSE	TRUE
ATTATGGAGGAATCTA-1	OP549859_1_ORF1	0	0	1	1	FALSE	TRUE
ATTATGGAGGACTCTC-1	MZ286197_1_ORF2	0	0	1	1	FALSE	FALSE
ATTATGGAGGATAGAG-1	OZ258728_1_ORF2	0	0	1	1	FALSE	FALSE
ATTATGGAGGCCTCAT-1	MZ286197_1_ORF2	1	0	4	4	TRUE	TRUE
ATTATGGAGGCGAACC-1	OZ258728_1_ORF2	1	1	42	42	TRUE	TRUE
ATTATGGAGGGTTAGT-1	OP549859_1_ORF1	0	0	1	1	FALSE	FALSE
ATTATGGAGGTCGGTA-1	MZ286102_1_ORF2	0	0	2	3	FALSE	TRUE
ATTATGGAGGTTCCCG-1	OZ258728_1_ORF1	0	0	1	1	FALSE	FALSE
ATTATGGAGTAGAGGA-1	MZ286197_1_ORF1	0	0	1	1	FALSE	FALSE
ATTCAAGAGAACGAAG-1	MZ286258_1_ORF2	0	0	3	4	TRUE	TRUE
ATTCAAGAGAAGCCTG-1	MZ286197_1_ORF1	0	0	2	2	TRUE	FALSE
ATTCAAGAGAATGGAG-1	meGFP	0	0	1	1	FALSE	FALSE
ATTCAAGAGAGAGCTT-1	OZ258728_1_ORF2	0	0	3	5	FALSE	TRUE
ATTCAAGAGCGGGACT-1	MZ286102_1_ORF2	0	0	1	2	FALSE	FALSE
ATTCAAGAGCGGGCAT-1	OP549859_1_ORF1	1	0	4	4	TRUE	TRUE
ATTCAAGAGCTCTCAA-1	OP549859_1_ORF2	0	0	1	1	FALSE	FALSE
ATTCAAGAGGACTCTC-1	MZ286197_1_ORF1	0	0	2	3	FALSE	TRUE
ATTCAAGAGGAGACCC-1	MZ286102_1_ORF2	0	0	2	3	FALSE	TRUE
ATTCAAGAGGAGTGAA-1	meGFP	1	1	26	26	TRUE	TRUE
ATTCAAGAGGATCCCT-1	meGFP	0	0	2	3	FALSE	TRUE
ATTCAAGAGGATGGCC-1	OP549859_1_ORF2	0	0	1	1	FALSE	FALSE
ATTCAAGAGGGCAACC-1	OZ258728_1_ORF1	1	1	19	19	TRUE	TRUE
ATTCAAGAGGGTCAGC-1	meGFP	0	0	1	1	FALSE	FALSE
ATTCAAGAGTACCTGC-1	meGFP	1	1	49	49	TRUE	TRUE
ATTCAAGAGTATCGTT-1	MZ286102_1_ORF2	0	0	3	3	TRUE	TRUE
ATTCAAGAGTGCGGAC-1	OZ258728_1_ORF1	1	1	15	15	TRUE	TRUE
ATTCAAGAGTTGAATG-1	MZ286102_1_ORF2	1	1	14	14	TRUE	TRUE
ATTCACCCAAACTAAC-1	MZ286258_1_ORF2	0	0	1	1	FALSE	TRUE
ATTCACCCAAACTGTG-1	OZ258728_1_ORF2	1	1	30	30	TRUE	TRUE
ATTCACCCAAATGCGC-1	OZ258728_1_ORF2	0	0	1	1	FALSE	TRUE
ATTCACCCAACAGGCT-1	OZ258728_1_ORF2	1	1	69	69	TRUE	TRUE
ATTCACCCAAGTGTCA-1	OP549859_1_ORF1	1	1	13	14	TRUE	TRUE
ATTCACCCACACAGCG-1	MZ286102_1_ORF1	0	0	2	2	TRUE	TRUE
ATTCACCCACCAAGTA-1	OP549859_1_ORF1	0	0	1	1	FALSE	FALSE
ATTCACCCACGGTCAG-1	OP549859_1_ORF1	0	0	1	1	FALSE	FALSE
ATTCACCCAGACATTG-1	OP549859_1_ORF2	1	1	20	22	TRUE	TRUE
ATTCACCCAGATACAT-1	MZ286258_1_ORF1	0	0	2	2	TRUE	TRUE
ATTCACCCAGCTCTAT-1	meGFP	1	1	16	16	TRUE	TRUE
ATTCACCCAGGTCTCC-1	meGFP	0	0	1	1	FALSE	FALSE
ATTCACCCATTAGGGC-1	OP549859_1_ORF2	0	0	1	1	FALSE	TRUE
ATTCATATCACCGCAT-1	OZ258728_1_ORF2	0	0	1	1	FALSE	TRUE
ATTCATATCACTTACG-1	MZ286102_1_ORF1	0	0	2	3	FALSE	TRUE
ATTCATATCATTCACG-1	OZ258728_1_ORF2	0	0	1	1	FALSE	FALSE
ATTCATATCCCGATGT-1	OZ258728_1_ORF2	1	1	60	60	TRUE	TRUE
ATTCATATCCTGTCCC-1	MZ286102_1_ORF2	0	0	1	1	FALSE	FALSE
ATTCATATCGCCTGCA-1	OZ258728_1_ORF2	1	1	14	14	TRUE	TRUE
ATTCATATCGCGAGGT-1	MZ286188_1_ORF2	1	0	5	8	TRUE	TRUE
ATTCATATCGTTACCA-1	MZ286102_1_ORF2	1	1	30	32	TRUE	TRUE
ATTCATATCTACCAGC-1	meGFP	1	1	53	53	TRUE	TRUE
ATTCATATCTACGCCG-1	MZ286197_1_ORF2	1	0	5	6	TRUE	TRUE
ATTCATATCTCGAAGG-1	MZ286188_1_ORF1	1	1	39	39	TRUE	TRUE
ATTCATATCTGGTTGC-1	OZ258728_1_ORF2	0	0	1	1	FALSE	FALSE
ATTCATATCTTCGTAG-1	OZ258728_1_ORF1	0	0	1	1	FALSE	TRUE
ATTCATGGTAACGATG-1	OP549859_1_ORF1	0	0	1	1	FALSE	TRUE
ATTCATGGTACCGACC-1	OZ258728_1_ORF1	0	0	1	1	FALSE	FALSE
ATTCATGGTAGCACTT-1	meGFP	1	1	20	22	TRUE	TRUE
ATTCATGGTCCATTAA-1	MZ286258_1_ORF2	0	0	1	2	FALSE	TRUE
ATTCATGGTCTGGCGT-1	OP549859_1_ORF1	2	2	49	64	TRUE	TRUE
ATTCATGGTCTTGGGC-1	OZ258728_1_ORF1	0	0	1	1	FALSE	FALSE
ATTCATGGTGCTATGT-1	MZ286188_1_ORF1	0	0	2	3	FALSE	TRUE
ATTCATGGTGCTGACC-1	OZ258728_1_ORF2	1	0	5	5	TRUE	TRUE
ATTCATTCAACCGTGG-1	OZ258728_1_ORF2	0	0	1	1	FALSE	FALSE
ATTCATTCAACCTTAC-1	OP549859_1_ORF1	0	0	1	1	FALSE	TRUE
ATTCATTCAAGGTGCT-1	OZ258728_1_ORF1	0	0	1	1	FALSE	FALSE
ATTCATTCACAGTTAG-1	OP549859_1_ORF1	0	0	1	1	FALSE	TRUE
ATTCATTCACCGCAAG-1	MZ286258_1_ORF2	0	0	2	2	TRUE	TRUE
ATTCATTCACCGGTAG-1	OZ258728_1_ORF2	0	0	1	1	FALSE	FALSE
ATTCATTCACCTGCAC-1	MZ286197_1_ORF2	0	0	1	1	FALSE	TRUE
ATTCATTCACGGCTCT-1	OZ258728_1_ORF1	1	1	17	18	TRUE	TRUE
ATTCATTCAGATATAC-1	OZ258728_1_ORF1	1	1	23	24	TRUE	TRUE
ATTCATTCAGCAGGAA-1	meGFP	0	0	1	1	FALSE	TRUE
ATTCATTCAGCTGGCA-1	MZ286258_1_ORF2	0	0	1	1	FALSE	FALSE
ATTCATTCAGGGTCCA-1	OP549859_1_ORF2	0	0	1	1	FALSE	FALSE
ATTCATTCATCAAGTG-1	MZ286102_1_ORF2	1	0	7	7	TRUE	TRUE
ATTCATTCATGAGCCG-1	meGFP	1	1	25	25	TRUE	TRUE
ATTCATTCATGCAATG-1	MZ286197_1_ORF2	0	0	1	1	FALSE	TRUE
ATTCCCAAGACACTAA-1	MZ286188_1_ORF1	0	0	2	2	TRUE	TRUE
ATTCCCAAGATACTGA-1	MZ286102_1_ORF2	0	0	1	1	FALSE	FALSE
ATTCCCAAGCAGGCAC-1	MZ286188_1_ORF2	0	0	1	1	FALSE	FALSE
ATTCCCAAGCATCACC-1	MZ286102_1_ORF2	0	0	1	5	FALSE	TRUE
ATTCCCAAGCCTGTGT-1	OZ258728_1_ORF1	1	0	9	9	TRUE	TRUE
ATTCCCAAGCCTTCCC-1	OZ258728_1_ORF1	0	0	1	1	FALSE	TRUE
ATTCCCAAGCTATACT-1	MZ286197_1_ORF1	1	0	4	4	TRUE	TRUE
ATTCCCAAGGACGAGG-1	OP549859_1_ORF1	0	0	1	1	FALSE	TRUE
ATTCCCAAGTGGATTA-1	meGFP	0	0	1	2	FALSE	TRUE
ATTCCCAAGTTACGAA-1	MZ286188_1_ORF2	2	0	8	12	FALSE	TRUE
ATTCCCAAGTTGCAGG-1	meGFP	0	0	1	1	FALSE	TRUE
ATTCCCCGTATGAGTG-1	MZ286102_1_ORF2	1	0	5	5	TRUE	TRUE
ATTCCCCGTCAGCATT-1	meGFP	0	0	1	1	FALSE	FALSE
ATTCCCCGTCTTACCC-1	meGFP	1	1	38	38	TRUE	TRUE
ATTCCCCGTGAGGTGT-1	OP549859_1_ORF1	1	1	68	70	TRUE	TRUE
ATTCCCCGTGCGACAG-1	OZ258728_1_ORF2	0	0	1	1	FALSE	FALSE
ATTCCCCGTGCTTAGT-1	MZ286188_1_ORF1	0	0	1	1	FALSE	FALSE
ATTCCCCGTTCGCTGA-1	meGFP	0	0	1	1	FALSE	FALSE
ATTCCCCGTTGCAATC-1	MZ286188_1_ORF1	0	0	1	1	FALSE	FALSE
ATTCCGCAGACGATAC-1	MZ286258_1_ORF2	0	0	3	3	TRUE	TRUE
ATTCCGCAGAGGCCAC-1	MZ286102_1_ORF1	1	1	26	26	TRUE	TRUE
ATTCCGCAGATGCCTC-1	OZ258728_1_ORF2	0	0	1	1	FALSE	TRUE
ATTCCGCAGCATCACC-1	OP549859_1_ORF1	0	0	1	1	FALSE	FALSE
ATTCCGCAGCATTGGG-1	MZ286197_1_ORF2	0	0	2	2	TRUE	TRUE
ATTCCGCAGCGAACTG-1	meGFP	0	0	1	1	FALSE	FALSE
ATTCCGCAGGAGGTCC-1	OP549859_1_ORF1	1	1	20	20	TRUE	TRUE
ATTCCGCAGGCGTGAC-1	MZ286197_1_ORF1	0	0	1	1	FALSE	TRUE
ATTCCGCAGTGCGGAC-1	OZ258728_1_ORF1	2	1	18	28	FALSE	TRUE
ATTCGCCAGACATCGG-1	OZ258728_1_ORF2	0	0	1	1	FALSE	FALSE
ATTCGCCAGACCAGCA-1	MZ286188_1_ORF1	0	0	1	1	FALSE	FALSE
ATTCGCCAGAGATTGC-1	MZ286102_1_ORF1	0	0	1	2	FALSE	TRUE
ATTCGCCAGATATCCT-1	MZ286197_1_ORF2	0	0	2	3	FALSE	TRUE
ATTCGCCAGCCTGGAA-1	OP549859_1_ORF1	0	0	2	3	FALSE	TRUE
ATTCGCCAGCCTTGCG-1	OZ258728_1_ORF1	0	0	3	3	TRUE	TRUE
ATTCGCCAGCGTAAGT-1	MZ286102_1_ORF2	1	0	4	4	TRUE	TRUE
ATTCGCCAGGCGAACC-1	MZ286188_1_ORF1	1	1	20	20	TRUE	TRUE
ATTCGCCAGGGGTCTA-1	MZ286258_1_ORF2	1	1	10	11	TRUE	TRUE
ATTCGCCAGTAATCCT-1	MZ286258_1_ORF1	0	0	1	1	FALSE	TRUE
ATTCGCCAGTATAGGC-1	MZ286102_1_ORF2	1	1	13	13	TRUE	TRUE
ATTCGCCAGTATGGTA-1	MZ286258_1_ORF2	1	1	10	10	TRUE	TRUE
ATTCGCCAGTCATTAC-1	OZ258728_1_ORF2	0	0	1	1	FALSE	FALSE
ATTCGCCAGTCCACGT-1	meGFP	0	0	1	1	FALSE	TRUE
ATTCGCCAGTGCCCAT-1	meGFP	3	2	87	106	TRUE	TRUE
ATTCGCCAGTTAGGTA-1	MZ286258_1_ORF2	0	0	1	1	FALSE	TRUE
ATTCGGACAACAGGCT-1	OZ258728_1_ORF2	0	0	1	1	FALSE	FALSE
ATTCGGACAACCAGTA-1	MZ286188_1_ORF1	1	1	34	34	TRUE	TRUE
ATTCGGACAACCCAGG-1	meGFP	0	0	1	1	FALSE	TRUE
ATTCGGACAGAACGCT-1	MZ286188_1_ORF1	0	0	1	1	FALSE	FALSE
ATTCGGACAGTGTCCC-1	meGFP	0	0	1	1	FALSE	FALSE
ATTCGTAGTAACTTGC-1	MZ286258_1_ORF2	0	0	1	1	FALSE	TRUE
ATTCGTAGTACGATAG-1	MZ286102_1_ORF1	0	0	1	1	FALSE	TRUE
ATTCGTAGTAGGTCAA-1	meGFP	1	1	30	30	TRUE	TRUE
ATTCGTAGTCATTCAA-1	MZ286188_1_ORF2	1	0	6	7	TRUE	TRUE
ATTCGTAGTCGACCGT-1	meGFP	1	0	4	4	TRUE	TRUE
ATTCGTAGTCTATCGG-1	MZ286188_1_ORF1	0	0	1	1	FALSE	TRUE
ATTCGTAGTGGCTTGC-1	MZ286102_1_ORF2	0	0	1	1	FALSE	FALSE
ATTCGTAGTTCGTGCA-1	OP549859_1_ORF2	1	0	8	8	TRUE	TRUE
ATTCGTAGTTCTCATT-1	OP549859_1_ORF1	1	1	48	48	TRUE	TRUE
ATTCGTAGTTGGTTAC-1	MZ286102_1_ORF2	1	0	5	7	TRUE	TRUE
ATTCGTCCAACCTCGC-1	MZ286188_1_ORF2	1	1	11	12	TRUE	TRUE
ATTCGTCCAGAACGGA-1	MZ286258_1_ORF2	0	0	1	3	FALSE	TRUE
ATTCGTCCAGAACTAT-1	MZ286188_1_ORF1	1	1	20	20	TRUE	TRUE
ATTCGTCCAGCGCTTC-1	MZ286258_1_ORF2	1	0	8	8	TRUE	TRUE
ATTCGTCCATGGCTGG-1	MZ286188_1_ORF2	1	1	11	11	TRUE	TRUE
ATTCGTCCATGTCCAT-1	MZ286258_1_ORF2	1	1	10	11	TRUE	TRUE
ATTCGTTAGACGATAC-1	MZ286197_1_ORF1	0	0	1	1	FALSE	TRUE
ATTCGTTAGAGAGCTT-1	OZ258728_1_ORF2	0	0	1	1	FALSE	FALSE
ATTCGTTAGATATCCT-1	OZ258728_1_ORF2	2	1	27	34	TRUE	TRUE
ATTCGTTAGATCAAGC-1	OZ258728_1_ORF2	1	1	64	64	TRUE	TRUE
ATTCGTTAGATGAGGA-1	OZ258728_1_ORF2	0	0	1	1	FALSE	TRUE
ATTCGTTAGCCTGTAC-1	MZ286188_1_ORF2	0	0	1	1	FALSE	FALSE
ATTCGTTAGCGAACTG-1	meGFP	0	0	1	1	FALSE	FALSE
ATTCGTTAGCTATGAA-1	MZ286102_1_ORF2	0	0	1	2	FALSE	TRUE
ATTCGTTAGGAGCCTA-1	OZ258728_1_ORF1	1	0	6	6	TRUE	TRUE
ATTCGTTAGGCACATG-1	MZ286102_1_ORF2	1	0	7	9	TRUE	TRUE
ATTCGTTAGGGCAACC-1	MZ286188_1_ORF2	1	1	14	15	TRUE	TRUE
ATTCGTTAGTACTGGG-1	OZ258728_1_ORF2	0	0	1	1	FALSE	FALSE
ATTCGTTAGTATGTCT-1	meGFP	2	1	57	66	TRUE	TRUE
ATTCGTTAGTGCAACG-1	MZ286188_1_ORF1	0	0	1	1	FALSE	FALSE
ATTCGTTAGTGTGTCC-1	MZ286188_1_ORF2	2	1	17	26	FALSE	TRUE
ATTCTAATCATCAATC-1	OP549859_1_ORF1	0	0	1	2	FALSE	TRUE
ATTCTAATCATGGCTC-1	OZ258728_1_ORF2	0	0	1	1	FALSE	FALSE
ATTCTAATCCCAACCG-1	OZ258728_1_ORF2	0	0	2	2	TRUE	TRUE
ATTCTAATCCCATCAA-1	MZ286102_1_ORF2	1	0	4	4	TRUE	TRUE
ATTCTAATCCGACATC-1	OZ258728_1_ORF2	0	0	1	1	FALSE	FALSE
ATTCTAATCGAATCAA-1	OZ258728_1_ORF2	0	0	2	4	FALSE	TRUE
ATTCTAATCGAATGGT-1	OP549859_1_ORF1	0	0	1	1	FALSE	TRUE
ATTCTAATCGACTCCG-1	OZ258728_1_ORF2	1	1	38	39	TRUE	TRUE
ATTCTAATCGAGTTGG-1	OP549859_1_ORF1	0	0	1	1	FALSE	TRUE
ATTCTAATCGCAGGGT-1	OZ258728_1_ORF1	0	0	2	2	TRUE	FALSE
ATTCTAATCGCGGAGT-1	OZ258728_1_ORF2	1	1	10	10	TRUE	TRUE
ATTCTAATCTAGCTTG-1	OZ258728_1_ORF2	0	0	1	1	FALSE	FALSE
ATTCTAATCTCTATCC-1	OZ258728_1_ORF2	1	1	11	11	TRUE	TRUE
ATTCTAATCTCTGTGA-1	MZ286188_1_ORF2	1	1	12	12	TRUE	TRUE
ATTCTAATCTTACCTC-1	meGFP	2	0	7	13	FALSE	TRUE
ATTCTATCAACCCAGG-1	OP549859_1_ORF1	0	0	1	1	FALSE	FALSE
ATTCTATCAACCGTGG-1	MZ286102_1_ORF2	0	0	1	1	FALSE	TRUE
ATTCTATCACCGGATG-1	MZ286188_1_ORF1	0	0	1	1	FALSE	TRUE
ATTCTATCAGTTGCTT-1	meGFP	0	0	1	1	FALSE	TRUE
ATTCTATCATACTCCG-1	MZ286102_1_ORF1	1	1	31	32	TRUE	TRUE
ATTCTATCATCAGCAA-1	MZ286188_1_ORF1	1	0	5	6	TRUE	TRUE
ATTCTGGTCAGTGTGG-1	OZ258728_1_ORF2	0	0	1	2	FALSE	TRUE
ATTCTGGTCGAGCAGC-1	OZ258728_1_ORF2	1	1	30	30	TRUE	TRUE
ATTCTGGTCGCATCGT-1	MZ286102_1_ORF2	0	0	1	1	FALSE	FALSE
ATTCTGGTCTCTATCC-1	MZ286188_1_ORF1	0	0	1	1	FALSE	FALSE
ATTCTGGTCTTAGTAC-1	OP549859_1_ORF1	0	0	1	1	FALSE	FALSE
ATTGAAAGTACCTAGT-1	MZ286197_1_ORF2	1	0	8	9	TRUE	TRUE
ATTGAAAGTAGCATAG-1	MZ286188_1_ORF1	1	1	12	16	TRUE	TRUE
ATTGAAAGTCTAAGCT-1	OP549859_1_ORF1	1	1	93	93	TRUE	TRUE
ATTGAAAGTGAATGTG-1	OP549859_1_ORF1	0	0	1	1	FALSE	TRUE
ATTGAAAGTGTACCGC-1	meGFP	0	0	1	1	FALSE	FALSE
ATTGAAAGTTGAAGCA-1	MZ286102_1_ORF2	1	0	6	6	TRUE	TRUE
ATTGAAAGTTGCGGTC-1	MZ286258_1_ORF2	0	0	1	1	FALSE	FALSE
ATTGACTTCAAGCTAA-1	OP549859_1_ORF1	0	0	1	1	FALSE	FALSE
ATTGACTTCACATATC-1	OP549859_1_ORF2	0	0	2	2	TRUE	TRUE
ATTGACTTCCAGAGAT-1	OZ258728_1_ORF2	1	1	11	11	TRUE	TRUE
ATTGACTTCCATAGGG-1	MZ286197_1_ORF2	0	0	2	2	TRUE	TRUE
ATTGACTTCCTCATTC-1	MZ286102_1_ORF2	1	0	6	7	TRUE	TRUE
ATTGACTTCGAACTAA-1	MZ286188_1_ORF1	0	0	1	3	FALSE	TRUE
ATTGACTTCGAGTGAT-1	OZ258728_1_ORF2	0	0	1	1	FALSE	FALSE
ATTGACTTCGCCTGTG-1	MZ286102_1_ORF2	1	0	8	8	TRUE	TRUE
ATTGACTTCTACGCCG-1	OZ258728_1_ORF2	1	1	31	33	TRUE	TRUE
ATTGACTTCTCAGGGA-1	OZ258728_1_ORF1	0	0	2	2	TRUE	FALSE
ATTGACTTCTGATAGA-1	OP549859_1_ORF1	1	1	23	23	TRUE	TRUE
ATTGACTTCTGGGACA-1	meGFP	0	0	2	3	FALSE	TRUE
ATTGAGCAGAACGGCC-1	MZ286102_1_ORF2	0	0	1	2	FALSE	TRUE
ATTGAGCAGAAGCCTG-1	MZ286188_1_ORF2	1	0	5	6	TRUE	TRUE
ATTGAGCAGACTCATT-1	OP549859_1_ORF1	1	1	73	73	TRUE	TRUE
ATTGAGCAGACTTGAA-1	meGFP	0	0	1	1	FALSE	FALSE
ATTGAGCAGAGCCAAT-1	MZ286188_1_ORF1	1	1	14	14	TRUE	TRUE
ATTGAGCAGCCCTGCA-1	OZ258728_1_ORF1	1	1	20	20	TRUE	TRUE
ATTGAGCAGCTACTTG-1	MZ286258_1_ORF2	0	0	2	2	TRUE	FALSE
ATTGAGCAGCTCATGC-1	OP549859_1_ORF1	0	0	1	1	FALSE	FALSE
ATTGAGCAGGCAGGGA-1	OZ258728_1_ORF2	0	0	1	1	FALSE	FALSE
ATTGAGCAGGTACCCT-1	MZ286258_1_ORF2	0	0	1	3	FALSE	TRUE
ATTGAGCAGTCCGCTG-1	MZ286197_1_ORF2	1	0	4	5	TRUE	TRUE
ATTGATGAGAAGCCTG-1	OZ258728_1_ORF2	0	0	1	1	FALSE	TRUE
ATTGATGAGAAGGATG-1	MZ286102_1_ORF2	0	0	1	1	FALSE	FALSE
ATTGATGAGAGATAGG-1	MZ286197_1_ORF1	0	0	2	2	TRUE	TRUE
ATTGATGAGATGACAC-1	MZ286102_1_ORF2	0	0	1	1	FALSE	FALSE
ATTGATGAGCCACTTA-1	MZ286102_1_ORF2	1	1	18	18	TRUE	TRUE
ATTGATGAGCGACACA-1	OZ258728_1_ORF2	0	0	1	1	FALSE	TRUE
ATTGATGAGCTATACT-1	MZ286188_1_ORF1	1	1	56	57	TRUE	TRUE
ATTGATGAGCTGGACA-1	meGFP	2	2	50	70	FALSE	TRUE
ATTGATGAGGGAGTAA-1	OZ258728_1_ORF2	0	0	1	1	FALSE	TRUE
ATTGATGAGGGGTCTA-1	OP549859_1_ORF2	0	0	1	1	FALSE	FALSE
ATTGATGAGGTTCCCG-1	MZ286102_1_ORF1	1	0	5	8	TRUE	TRUE
ATTGATGAGTAAGGTC-1	OZ258728_1_ORF2	0	0	1	1	FALSE	FALSE
ATTGATGAGTAATCCT-1	meGFP	0	0	1	1	FALSE	FALSE
ATTGATTGTAGTGGCG-1	MZ286188_1_ORF1	0	0	0	0	FALSE	FALSE
ATTGATTGTATACTGC-1	MZ286188_1_ORF1	1	1	30	30	TRUE	TRUE
ATTGATTGTCAGCCAC-1	OP549859_1_ORF2	0	0	2	2	TRUE	FALSE
ATTGATTGTCCACATG-1	MZ286197_1_ORF2	0	0	1	1	FALSE	TRUE
ATTGATTGTCCCTTCG-1	OP549859_1_ORF1	0	0	1	1	FALSE	TRUE
ATTGATTGTGCAATTC-1	meGFP	1	0	5	5	TRUE	TRUE
ATTGATTGTGCTTCGA-1	MZ286102_1_ORF2	1	0	7	8	TRUE	TRUE
ATTGATTGTGGACATA-1	MZ286102_1_ORF2	0	0	1	1	FALSE	FALSE
ATTGATTGTGTCCAAT-1	OZ258728_1_ORF1	1	1	16	17	TRUE	TRUE
ATTGATTGTGTGTCAT-1	OZ258728_1_ORF1	0	0	1	1	FALSE	FALSE
ATTGATTGTTAGTTGC-1	meGFP	1	1	64	64	TRUE	TRUE
ATTGATTGTTCCAACG-1	MZ286197_1_ORF2	0	0	3	4	TRUE	TRUE
ATTGATTGTTCCCAGA-1	MZ286188_1_ORF2	0	0	1	2	FALSE	TRUE
ATTGATTGTTCGCTTC-1	OZ258728_1_ORF2	0	0	1	1	FALSE	FALSE
ATTGATTGTTCGTAGT-1	MZ286258_1_ORF2	1	0	5	5	TRUE	TRUE
ATTGCAAAGACTCCGT-1	OZ258728_1_ORF2	0	0	3	4	TRUE	TRUE
ATTGCAAAGCCACTTA-1	MZ286258_1_ORF2	0	0	1	1	FALSE	FALSE
ATTGCAAAGCCTGTGT-1	MZ286258_1_ORF2	1	1	18	19	TRUE	TRUE
ATTGCAAAGCGCTAGA-1	OZ258728_1_ORF2	0	0	1	1	FALSE	FALSE
ATTGCAAAGCGGGTTA-1	OZ258728_1_ORF1	1	1	42	44	TRUE	TRUE
ATTGCAAAGGCAGGGA-1	OZ258728_1_ORF1	0	0	1	1	FALSE	TRUE
ATTGCAAAGGGCCGAT-1	MZ286102_1_ORF2	1	0	8	8	TRUE	TRUE
ATTGCAAAGTTACGAA-1	meGFP	1	1	31	31	TRUE	TRUE
ATTGCACGTAACGATG-1	MZ286188_1_ORF1	0	0	3	4	TRUE	TRUE
ATTGCACGTAATCACC-1	MZ286188_1_ORF2	1	0	4	4	TRUE	TRUE
ATTGCACGTACGTTCG-1	MZ286258_1_ORF1	1	1	18	18	TRUE	TRUE
ATTGCACGTCCACACA-1	meGFP	0	0	1	1	FALSE	FALSE
ATTGCACGTCCTGACA-1	OZ258728_1_ORF2	0	0	1	1	FALSE	TRUE
ATTGCACGTGATTGCT-1	meGFP	0	0	1	1	FALSE	FALSE
ATTGCACGTGCAATTC-1	MZ286102_1_ORF2	1	0	9	9	TRUE	TRUE
ATTGCACGTGGACACG-1	MZ286197_1_ORF2	0	0	1	1	FALSE	FALSE
ATTGCACGTGGCGTCT-1	OP549859_1_ORF2	0	0	1	1	FALSE	FALSE
ATTGCACGTGTCCTTC-1	MZ286102_1_ORF1	1	1	33	33	TRUE	TRUE
ATTGCACGTTACCGTG-1	OP549859_1_ORF1	0	0	1	1	FALSE	TRUE
ATTGCATTCAATTCGT-1	OP549859_1_ORF1	1	1	37	38	TRUE	TRUE
ATTGCATTCAGCTTCA-1	OP549859_1_ORF2	0	0	3	3	TRUE	TRUE
ATTGCATTCAGTAGTA-1	OZ258728_1_ORF2	0	0	1	1	FALSE	FALSE
ATTGCATTCATCCCTT-1	MZ286102_1_ORF2	2	1	15	19	TRUE	TRUE
ATTGCATTCCCAGTGT-1	MZ286102_1_ORF1	0	0	1	1	FALSE	TRUE
ATTGCATTCCCCAAGT-1	OZ258728_1_ORF2	1	1	42	42	TRUE	TRUE
ATTGCATTCGCATCGT-1	OZ258728_1_ORF2	0	0	1	2	FALSE	TRUE
ATTGCATTCTTGCCTT-1	MZ286258_1_ORF1	0	0	1	2	FALSE	TRUE
ATTGCCCAGACGATAC-1	OP549859_1_ORF2	0	0	1	1	FALSE	FALSE
ATTGCCCAGAGGCCAC-1	MZ286102_1_ORF1	0	0	1	5	FALSE	TRUE
ATTGCCCAGATACTGA-1	meGFP	0	0	1	1	FALSE	TRUE
ATTGCCCAGATGAGGA-1	MZ286258_1_ORF1	0	0	1	1	FALSE	FALSE
ATTGCCCAGCAAGGTT-1	MZ286102_1_ORF2	1	0	9	10	TRUE	TRUE
ATTGCCCAGCACGTTC-1	MZ286258_1_ORF1	0	0	1	2	FALSE	FALSE
ATTGCCCAGCTACTTG-1	MZ286188_1_ORF2	2	1	48	55	TRUE	TRUE
ATTGCCCAGGAATGAG-1	MZ286102_1_ORF2	0	0	1	1	FALSE	TRUE
ATTGCCCAGGACTAAC-1	OZ258728_1_ORF2	0	0	1	1	FALSE	FALSE
ATTGCCCAGGGATACT-1	OP549859_1_ORF1	0	0	3	3	TRUE	TRUE
ATTGCCCAGGTAATTG-1	MZ286188_1_ORF1	1	1	27	27	TRUE	TRUE
ATTGCCCAGGTACGCA-1	MZ286188_1_ORF1	0	0	1	1	FALSE	FALSE
ATTGCCCAGTGGATTA-1	MZ286188_1_ORF1	0	0	1	1	FALSE	FALSE
ATTGCCCAGTTGCAGG-1	OP549859_1_ORF1	0	0	1	1	FALSE	FALSE
ATTGCGCTCACCCTAA-1	OZ258728_1_ORF2	1	1	19	20	TRUE	TRUE
ATTGCGCTCAGTATCT-1	OZ258728_1_ORF2	0	0	1	3	FALSE	TRUE
ATTGCGCTCATTAACC-1	meGFP	1	1	42	43	TRUE	TRUE
ATTGCGCTCCTTACAG-1	OP549859_1_ORF1	0	0	1	1	FALSE	TRUE
ATTGCGCTCGAACGTG-1	meGFP	0	0	1	1	FALSE	FALSE
ATTGCGCTCGACACCT-1	OP549859_1_ORF2	1	0	4	5	TRUE	TRUE
ATTGCGCTCTAAGTGA-1	MZ286258_1_ORF2	0	0	1	1	FALSE	FALSE
ATTGCGCTCTCAGGGA-1	MZ286197_1_ORF1	0	0	1	1	FALSE	FALSE
ATTGCGGAGATAGACC-1	OP549859_1_ORF1	0	0	1	1	FALSE	FALSE
ATTGCGGAGCCTGGAA-1	OP549859_1_ORF1	1	0	5	5	TRUE	TRUE
ATTGCGGAGCGTACCT-1	MZ286197_1_ORF2	1	0	4	4	TRUE	TRUE
ATTGCGGAGGGCATCA-1	meGFP	0	0	1	1	FALSE	TRUE
ATTGCGGAGGGGTCTA-1	MZ286188_1_ORF2	1	1	10	10	TRUE	TRUE
ATTGCGGAGGTCTACC-1	MZ286188_1_ORF2	0	0	1	1	FALSE	FALSE
ATTGCGGAGTATAGGC-1	OP549859_1_ORF1	0	0	1	1	FALSE	FALSE
ATTGCGTGTACGACTT-1	MZ286197_1_ORF2	0	0	3	3	TRUE	TRUE
ATTGCGTGTAGGCTCC-1	MZ286102_1_ORF2	0	0	1	1	FALSE	TRUE
ATTGCGTGTATGGTTC-1	OZ258728_1_ORF2	1	1	20	20	TRUE	TRUE
ATTGCGTGTCTCCTCG-1	OP549859_1_ORF1	0	0	1	1	FALSE	TRUE
ATTGCGTGTCTTGCTC-1	MZ286102_1_ORF2	1	1	27	27	TRUE	TRUE
ATTGCGTGTGTGTGAA-1	MZ286258_1_ORF2	1	1	11	11	TRUE	TRUE
ATTGCGTGTTCGCTGA-1	MZ286102_1_ORF2	0	0	1	1	FALSE	TRUE
ATTGCGTGTTTACCAA-1	MZ286102_1_ORF2	0	0	1	1	FALSE	FALSE
ATTGCTTAGAACCACG-1	OZ258728_1_ORF2	0	0	1	1	FALSE	TRUE
ATTGCTTAGATGCCTC-1	OZ258728_1_ORF2	0	0	1	1	FALSE	TRUE
ATTGCTTAGGGCAGGA-1	OP549859_1_ORF1	0	0	1	1	FALSE	TRUE
ATTGCTTAGGGTCAGC-1	OZ258728_1_ORF2	0	0	1	1	FALSE	FALSE
ATTGCTTAGGTAATTG-1	OZ258728_1_ORF2	0	0	1	1	FALSE	FALSE
ATTGCTTAGGTAGGTT-1	MZ286258_1_ORF1	1	0	5	5	TRUE	TRUE
ATTGCTTAGTCCGTTA-1	OZ258728_1_ORF2	1	1	61	61	TRUE	TRUE
ATTGCTTAGTGGAGCC-1	MZ286258_1_ORF2	1	1	38	40	TRUE	TRUE
ATTGGACAGAACCTAA-1	meGFP	0	0	1	1	FALSE	TRUE
ATTGGACAGAGGCATT-1	MZ286188_1_ORF2	0	0	1	1	FALSE	FALSE
ATTGGACAGCAAGTAC-1	meGFP	0	0	1	1	FALSE	FALSE
ATTGGACAGCGATTAA-1	OP549859_1_ORF1	0	0	1	1	FALSE	TRUE
ATTGGACAGCGTACCT-1	OZ258728_1_ORF2	0	0	1	2	FALSE	TRUE
ATTGGACAGGAGCCTA-1	MZ286188_1_ORF2	1	0	6	8	TRUE	TRUE
ATTGGACAGGATCGTG-1	MZ286258_1_ORF2	1	0	6	8	TRUE	TRUE
ATTGGACAGGGCCGAT-1	meGFP	0	0	3	3	TRUE	TRUE
ATTGGACAGGTCGAAT-1	OZ258728_1_ORF2	0	0	1	1	FALSE	TRUE
ATTGGACAGTAGACAC-1	MZ286102_1_ORF2	1	0	7	7	TRUE	TRUE
ATTGGACAGTAGTTGA-1	MZ286258_1_ORF2	0	0	1	1	FALSE	TRUE
ATTGGACAGTTGCGTC-1	meGFP	0	0	1	1	FALSE	TRUE
ATTGGGAGTACCGACC-1	OZ258728_1_ORF1	0	0	1	1	FALSE	FALSE
ATTGGGAGTAGTGGCG-1	MZ286188_1_ORF2	1	0	7	7	TRUE	TRUE
ATTGGGAGTCATCGTG-1	OZ258728_1_ORF2	0	0	2	2	TRUE	FALSE
ATTGGGAGTCGCAGGA-1	OZ258728_1_ORF2	1	1	124	124	TRUE	TRUE
ATTGGGAGTCTAAGCT-1	MZ286102_1_ORF2	0	0	1	1	FALSE	TRUE
ATTGGGAGTCTAGTGT-1	MZ286102_1_ORF2	0	0	1	1	FALSE	TRUE
ATTGGGAGTGAACGAC-1	meGFP	1	1	37	37	TRUE	TRUE
ATTGGGAGTGATGTAG-1	OP549859_1_ORF1	1	0	7	7	TRUE	TRUE
ATTGGGAGTGGGAATC-1	MZ286102_1_ORF2	0	0	1	1	FALSE	FALSE
ATTGGGAGTGTGATTC-1	MZ286258_1_ORF1	1	1	10	10	TRUE	TRUE
ATTGGGAGTGTGTGAA-1	OP549859_1_ORF1	0	0	1	1	FALSE	FALSE
ATTGGGAGTTGAAGTG-1	OZ258728_1_ORF2	0	0	1	1	FALSE	FALSE
ATTGGGAGTTGCGGAG-1	OZ258728_1_ORF2	0	0	1	1	FALSE	FALSE
ATTGGGAGTTGTCCTC-1	MZ286258_1_ORF2	1	0	5	6	TRUE	TRUE
ATTGGGAGTTGTGCGC-1	OZ258728_1_ORF2	0	0	1	1	FALSE	TRUE
ATTGGGAGTTTGGATC-1	OP549859_1_ORF1	0	0	3	3	TRUE	TRUE
ATTGGGGTCCCGTGCA-1	meGFP	0	0	1	1	FALSE	FALSE
ATTGGGGTCCGTGGTT-1	MZ286102_1_ORF2	1	0	5	5	TRUE	TRUE
ATTGGGGTCGACCTCG-1	OZ258728_1_ORF2	0	0	1	1	FALSE	TRUE
ATTGGGGTCGATGGGC-1	OZ258728_1_ORF2	0	0	1	1	FALSE	FALSE
ATTGGGGTCGCCCAAT-1	MZ286102_1_ORF2	0	0	1	1	FALSE	TRUE
ATTGGGGTCGCGCTCA-1	OP549859_1_ORF1	0	0	1	2	FALSE	TRUE
ATTGGGTAGCCACAGA-1	OZ258728_1_ORF2	0	0	3	9	FALSE	TRUE
ATTGGGTAGCCATGAG-1	MZ286258_1_ORF2	0	0	1	1	FALSE	FALSE
ATTGGGTAGCGCTAGA-1	OZ258728_1_ORF2	0	0	1	1	FALSE	FALSE
ATTGGGTAGCGGTAAT-1	OP549859_1_ORF2	1	1	10	10	TRUE	TRUE
ATTGGGTAGCTCCGCA-1	OP549859_1_ORF2	1	0	4	4	TRUE	TRUE
ATTGGGTAGGGGAACG-1	OZ258728_1_ORF2	0	0	1	2	FALSE	TRUE
ATTGGGTAGTCAACTT-1	MZ286197_1_ORF2	0	0	1	1	FALSE	TRUE
ATTGGGTAGTCCGTTA-1	MZ286188_1_ORF1	1	0	5	5	TRUE	TRUE
ATTGGTGCAACTGCCC-1	OZ258728_1_ORF2	1	1	59	59	TRUE	TRUE
ATTGGTGCAATAGAGA-1	meGFP	0	0	1	1	FALSE	FALSE
ATTGGTGCAATATAGC-1	MZ286102_1_ORF2	0	0	1	1	FALSE	FALSE
ATTGGTGCACAGTTAG-1	OP549859_1_ORF1	0	0	3	5	FALSE	TRUE
ATTGGTGCACCTCAAT-1	MZ286197_1_ORF2	1	0	5	5	TRUE	TRUE
ATTGGTGCACCTGTAT-1	MZ286258_1_ORF2	0	0	2	6	FALSE	TRUE
ATTGGTGCACGCACGA-1	OP549859_1_ORF1	0	0	1	1	FALSE	FALSE
ATTGGTGCACTCACGC-1	MZ286188_1_ORF1	0	0	1	2	FALSE	TRUE
ATTGGTGCAGCCAACG-1	OZ258728_1_ORF2	2	0	6	17	FALSE	TRUE
ATTGGTGCAGGGACTT-1	OP549859_1_ORF1	1	1	42	43	TRUE	TRUE
ATTGGTGCAGGGTTAC-1	MZ286197_1_ORF1	1	0	5	5	TRUE	TRUE
ATTGGTGCATGATTCC-1	MZ286188_1_ORF1	0	0	2	5	FALSE	TRUE
ATTGGTGCATGGTAAT-1	MZ286102_1_ORF2	0	0	2	2	TRUE	TRUE
ATTGGTTTCAATGCAA-1	OP549859_1_ORF2	0	0	1	2	FALSE	TRUE
ATTGGTTTCCATCACA-1	OP549859_1_ORF2	0	0	1	2	FALSE	TRUE
ATTGGTTTCCTCTGGG-1	MZ286258_1_ORF2	0	0	2	2	TRUE	TRUE
ATTGGTTTCGACCTCG-1	OZ258728_1_ORF2	0	0	1	1	FALSE	FALSE
ATTGGTTTCGAGTTGG-1	MZ286197_1_ORF1	0	0	1	1	FALSE	TRUE
ATTGGTTTCGGTAAGT-1	OZ258728_1_ORF2	1	1	18	19	TRUE	TRUE
ATTGGTTTCTAATTGC-1	OZ258728_1_ORF2	0	0	1	1	FALSE	TRUE
ATTGGTTTCTACCAGC-1	MZ286197_1_ORF1	1	1	48	49	TRUE	TRUE
ATTGTATGTACAGGGT-1	OZ258728_1_ORF2	0	0	1	1	FALSE	FALSE
ATTGTATGTAGCAGGT-1	MZ286188_1_ORF2	0	0	1	1	FALSE	FALSE
ATTGTATGTCGCAGGA-1	OP549859_1_ORF1	1	1	70	71	TRUE	TRUE
ATTGTATGTCTGGCGT-1	MZ286197_1_ORF1	0	0	3	4	TRUE	TRUE
ATTGTATGTCTTGACG-1	meGFP	0	0	1	1	FALSE	TRUE
ATTGTATGTGAGAGCT-1	MZ286258_1_ORF2	1	0	7	7	TRUE	TRUE
ATTGTATGTGCTGACC-1	MZ286258_1_ORF2	0	0	1	1	FALSE	FALSE
ATTGTATGTGTAACTC-1	MZ286102_1_ORF2	0	0	1	1	FALSE	FALSE
ATTGTATGTGTCCAAT-1	MZ286102_1_ORF2	1	1	14	14	TRUE	TRUE
ATTGTATGTGTCTATA-1	MZ286197_1_ORF2	0	0	1	1	FALSE	FALSE
ATTGTATGTTCTGTCC-1	OZ258728_1_ORF2	0	0	1	1	FALSE	FALSE
ATTGTATGTTTAATCG-1	MZ286188_1_ORF1	0	0	1	1	FALSE	FALSE
ATTGTATGTTTCGGGC-1	MZ286188_1_ORF2	1	1	11	11	TRUE	TRUE
ATTGTATGTTTGAAGG-1	MZ286188_1_ORF1	0	0	2	2	TRUE	TRUE
ATTGTCAGTACCTCGA-1	OZ258728_1_ORF2	0	0	1	1	FALSE	FALSE
ATTGTCAGTAGCAGGT-1	MZ286102_1_ORF2	0	0	3	3	TRUE	TRUE
ATTGTCAGTAGGATAT-1	MZ286102_1_ORF1	1	0	9	9	TRUE	TRUE
ATTGTCAGTCGAAGGT-1	OZ258728_1_ORF2	0	0	1	1	FALSE	FALSE
ATTGTCAGTCGGGCTT-1	meGFP	0	0	1	1	FALSE	TRUE
ATTGTCAGTGACGAAC-1	OZ258728_1_ORF1	0	0	1	1	FALSE	FALSE
ATTGTCAGTGGACATA-1	OZ258728_1_ORF2	0	0	1	2	FALSE	TRUE
ATTGTCAGTGTTGCGC-1	OP549859_1_ORF1	0	0	1	2	FALSE	TRUE
ATTGTCAGTTAGCTTA-1	MZ286102_1_ORF1	0	0	1	1	FALSE	TRUE
ATTGTCAGTTGCCTTC-1	MZ286197_1_ORF2	0	0	1	1	FALSE	TRUE
ATTGTCAGTTTACTTC-1	meGFP	0	0	1	1	FALSE	TRUE
ATTGTCAGTTTAGCAC-1	OZ258728_1_ORF1	0	0	1	2	FALSE	FALSE
ATTGTCCCAAAGTTAC-1	MZ286197_1_ORF1	0	0	2	2	TRUE	TRUE
ATTGTCCCAACGGACT-1	OZ258728_1_ORF2	1	1	37	37	TRUE	TRUE
ATTGTCCCAGCTTGCC-1	OP549859_1_ORF2	1	0	9	9	TRUE	TRUE
ATTGTCCCAGGAAGTG-1	meGFP	0	0	1	1	FALSE	FALSE
ATTGTCCCATAGTAGT-1	MZ286102_1_ORF2	1	0	7	7	TRUE	TRUE
ATTGTCCCATGACAGC-1	MZ286102_1_ORF2	0	0	2	2	TRUE	TRUE
ATTGTCGTCCAACCTA-1	MZ286258_1_ORF2	0	0	1	1	FALSE	FALSE
ATTGTCGTCCATAGCC-1	OP549859_1_ORF1	2	2	74	112	FALSE	TRUE
ATTGTCGTCCCCTTCA-1	OP549859_1_ORF2	1	0	6	7	TRUE	TRUE
ATTGTCGTCCGGTTAC-1	OZ258728_1_ORF1	0	0	1	1	FALSE	TRUE
ATTGTCGTCCGTAGCT-1	meGFP	0	0	1	1	FALSE	FALSE
ATTGTCGTCGACACAG-1	MZ286258_1_ORF1	0	0	2	2	TRUE	TRUE
ATTGTCGTCGCCTGCA-1	MZ286197_1_ORF1	0	0	1	1	FALSE	FALSE
ATTGTCGTCGGATGCA-1	meGFP	0	0	2	3	FALSE	TRUE
ATTGTCGTCGGGATTG-1	meGFP	0	0	1	1	FALSE	FALSE
ATTGTCGTCTCGATCA-1	MZ286102_1_ORF1	0	0	3	7	FALSE	TRUE
ATTGTCGTCTGCAATT-1	MZ286102_1_ORF2	1	0	8	9	TRUE	TRUE
ATTGTCGTCTTAGTAC-1	OZ258728_1_ORF2	1	1	41	41	TRUE	TRUE
ATTGTCTAGAAGTTGC-1	OZ258728_1_ORF2	0	0	2	2	TRUE	TRUE
ATTGTCTAGAATCGTA-1	meGFP	2	1	27	35	TRUE	TRUE
ATTGTCTAGACACGCA-1	MZ286188_1_ORF2	1	0	5	5	TRUE	TRUE
ATTGTCTAGACCCATC-1	MZ286258_1_ORF2	0	0	2	2	TRUE	TRUE
ATTGTCTAGCCTTGCG-1	MZ286188_1_ORF1	0	0	1	1	FALSE	FALSE
ATTGTCTAGCGGATTG-1	OP549859_1_ORF2	0	0	1	1	FALSE	FALSE
ATTGTCTAGCGTAAGT-1	MZ286197_1_ORF2	1	0	4	6	TRUE	TRUE
ATTGTCTAGCTCTAGC-1	OP549859_1_ORF2	0	0	1	1	FALSE	TRUE
ATTGTCTAGGATCCCT-1	OZ258728_1_ORF2	1	0	9	9	TRUE	TRUE
ATTGTCTAGGGCCGAT-1	MZ286102_1_ORF1	0	0	1	1	FALSE	TRUE
ATTGTCTAGTGCTGCT-1	MZ286197_1_ORF2	2	0	5	9	FALSE	TRUE
ATTGTCTAGTGTAATG-1	MZ286188_1_ORF1	1	1	19	20	TRUE	TRUE
ATTGTCTAGTTACCGC-1	OP549859_1_ORF1	0	0	1	2	FALSE	TRUE
ATTGTCTAGTTACGAA-1	OP549859_1_ORF2	1	0	9	10	TRUE	TRUE
ATTGTCTAGTTGCAGG-1	OZ258728_1_ORF2	0	0	1	1	FALSE	FALSE
ATTGTGAAGACACCTC-1	MZ286197_1_ORF2	0	0	2	2	TRUE	TRUE
ATTGTGAAGATACTGA-1	OZ258728_1_ORF2	1	1	60	61	TRUE	TRUE
ATTGTGAAGATCCTGC-1	OP549859_1_ORF2	1	0	5	7	TRUE	TRUE
ATTGTGAAGATGACAC-1	meGFP	0	0	1	1	FALSE	FALSE
ATTGTGAAGCACCATC-1	meGFP	0	0	1	1	FALSE	FALSE
ATTGTGAAGCCTCTGG-1	MZ286258_1_ORF1	1	1	13	14	TRUE	TRUE
ATTGTGAAGCGTGCTT-1	OP549859_1_ORF1	1	1	85	85	TRUE	TRUE
ATTGTGAAGCTGTCGT-1	meGFP	0	0	2	2	TRUE	FALSE
ATTGTGAAGGGACATT-1	MZ286188_1_ORF2	0	0	3	3	TRUE	TRUE
ATTGTGAAGGGAGTAA-1	OZ258728_1_ORF2	0	0	1	1	FALSE	FALSE
ATTGTGAAGGGCGTGT-1	MZ286197_1_ORF2	0	0	3	3	TRUE	TRUE
ATTGTGAAGTAGTTGA-1	OZ258728_1_ORF2	0	0	1	1	FALSE	FALSE
ATTGTGAAGTATGTCT-1	MZ286102_1_ORF2	0	0	2	4	FALSE	TRUE
ATTGTGAAGTCGCTCG-1	MZ286102_1_ORF1	0	0	1	1	FALSE	FALSE
ATTGTGCGTAACTGAG-1	MZ286102_1_ORF2	0	0	2	2	TRUE	TRUE
ATTGTGCGTACCGGAG-1	OZ258728_1_ORF2	0	0	1	1	FALSE	FALSE
ATTGTGCGTAGCAGGT-1	MZ286102_1_ORF2	1	0	7	7	TRUE	TRUE
ATTGTGCGTCATGAGA-1	MZ286258_1_ORF1	0	0	2	2	TRUE	TRUE
ATTGTGCGTCCTGACA-1	OP549859_1_ORF1	1	1	15	16	TRUE	TRUE
ATTGTGCGTCGATGAA-1	OZ258728_1_ORF2	0	0	1	1	FALSE	FALSE
ATTGTGCGTCTATCGG-1	meGFP	0	0	1	1	FALSE	TRUE
ATTGTGCGTCTTGCTC-1	MZ286258_1_ORF2	0	0	1	1	FALSE	FALSE
ATTGTGCGTGGCCGTT-1	MZ286258_1_ORF2	0	0	2	3	FALSE	TRUE
ATTGTGCGTTAACTGC-1	meGFP	1	1	53	53	TRUE	TRUE
ATTGTGCGTTGGTTAC-1	OZ258728_1_ORF2	1	1	66	66	TRUE	TRUE
ATTGTGGCAAAGGGCA-1	OZ258728_1_ORF2	1	1	49	49	TRUE	TRUE
ATTGTGGCAACTGGCG-1	MZ286258_1_ORF1	0	0	2	2	TRUE	TRUE
ATTGTGGCAATGGACC-1	MZ286258_1_ORF2	0	0	1	1	FALSE	TRUE
ATTGTGGCACAGTTAG-1	MZ286258_1_ORF2	0	0	1	1	FALSE	FALSE
ATTGTGGCACGGTTCC-1	OZ258728_1_ORF1	1	0	6	6	TRUE	FALSE
ATTGTGGCAGAGCTTA-1	MZ286197_1_ORF2	1	0	8	8	TRUE	TRUE
ATTGTGGCAGCGCACA-1	MZ286258_1_ORF2	1	1	24	24	TRUE	TRUE
ATTGTGGCAGGAAGCA-1	OP549859_1_ORF2	0	0	2	2	TRUE	TRUE
ATTGTGGCAGGGTTAC-1	MZ286197_1_ORF2	1	1	10	10	TRUE	TRUE
ATTGTGGCAGTAGGAG-1	OP549859_1_ORF1	2	1	16	21	TRUE	TRUE
ATTGTGGCAGTTGGTA-1	OP549859_1_ORF1	0	0	3	7	FALSE	TRUE
ATTGTGGCATAACTGG-1	OP549859_1_ORF1	1	0	6	6	TRUE	TRUE
ATTGTGGCATATCACC-1	OZ258728_1_ORF2	0	0	1	1	FALSE	TRUE
ATTGTGGCATTCACAC-1	OZ258728_1_ORF1	1	0	6	7	TRUE	TRUE
ATTGTGGCATTCATTG-1	OP549859_1_ORF2	1	0	9	11	TRUE	TRUE
ATTGTGTTCACGTGCT-1	OZ258728_1_ORF1	0	0	1	2	FALSE	TRUE
ATTGTGTTCCAAGTCC-1	OZ258728_1_ORF2	0	0	1	1	FALSE	FALSE
ATTGTGTTCCATAGGG-1	OZ258728_1_ORF1	1	1	14	14	TRUE	TRUE
ATTGTGTTCCCCAAGT-1	meGFP	1	1	53	53	TRUE	TRUE
ATTGTGTTCTAGGTAA-1	OP549859_1_ORF1	0	0	1	1	FALSE	TRUE
ATTGTGTTCTGCCATA-1	OP549859_1_ORF1	1	1	47	47	TRUE	TRUE
CAAACCACACGGATTA-1	OZ258728_1_ORF1	0	0	2	2	TRUE	TRUE
CAAACCACAGATTAAC-1	OZ258728_1_ORF1	0	0	1	1	FALSE	FALSE
CAAACCACAGATTAGT-1	meGFP	0	0	1	1	FALSE	FALSE
CAAACCACATGCAGAC-1	meGFP	0	0	1	1	FALSE	FALSE
CAAACGAGTAATCACC-1	MZ286258_1_ORF2	1	1	16	16	TRUE	TRUE
CAAACGAGTACGGGCA-1	OZ258728_1_ORF2	0	0	1	1	FALSE	TRUE
CAAACGAGTAGCCCTA-1	MZ286102_1_ORF2	1	1	16	17	TRUE	TRUE
CAAACGAGTCCAGCTA-1	MZ286188_1_ORF1	0	0	1	1	FALSE	TRUE
CAAACGAGTGAGAGCT-1	MZ286258_1_ORF2	0	0	1	1	FALSE	TRUE
CAAACGAGTGCCGGAA-1	MZ286197_1_ORF1	1	0	4	4	TRUE	TRUE
CAAACGAGTGGACACG-1	OZ258728_1_ORF2	1	1	18	19	TRUE	TRUE
CAAACGAGTGGCGTGA-1	OZ258728_1_ORF1	1	1	59	59	TRUE	TRUE
CAAACGAGTTAACTGC-1	MZ286188_1_ORF1	0	0	1	1	FALSE	FALSE
CAAACGAGTTACCGTG-1	OZ258728_1_ORF2	0	0	1	1	FALSE	FALSE
CAAACGAGTTCCACTC-1	OP549859_1_ORF2	0	0	1	2	FALSE	TRUE
CAAACGCCAAATCCGA-1	OZ258728_1_ORF2	0	0	1	1	FALSE	FALSE
CAAACGCCAAGTGTCA-1	OP549859_1_ORF1	0	0	1	2	FALSE	TRUE
CAAACGCCACCAATCT-1	MZ286258_1_ORF1	0	0	2	2	TRUE	TRUE
CAAACGCCAGCCAACG-1	OZ258728_1_ORF2	0	0	3	4	TRUE	TRUE
CAAACGCCAGCTTGCC-1	MZ286197_1_ORF1	0	0	1	1	FALSE	FALSE
CAAACGCCAGTACCTT-1	OZ258728_1_ORF2	0	0	1	1	FALSE	FALSE
CAAACGCCATCAGCAA-1	OZ258728_1_ORF2	2	2	36	56	FALSE	TRUE
CAAACGCCATGGTGTA-1	OZ258728_1_ORF2	1	1	84	84	TRUE	TRUE
CAAACGCCATTGAGGC-1	MZ286197_1_ORF1	1	1	14	15	TRUE	TRUE
CAAACGGTCAGTCGTC-1	MZ286102_1_ORF1	1	1	30	31	TRUE	TRUE
CAAACGGTCGCTACTA-1	MZ286102_1_ORF2	0	0	3	3	TRUE	FALSE
CAAACGGTCGGCTCCA-1	OP549859_1_ORF1	0	0	1	1	FALSE	TRUE
CAAACGGTCGGGATCA-1	MZ286188_1_ORF2	1	0	7	7	TRUE	TRUE
CAAACGGTCTGGATGG-1	OZ258728_1_ORF2	0	0	1	1	FALSE	TRUE
CAAACTAAGCCTAATT-1	OZ258728_1_ORF2	0	0	1	1	FALSE	FALSE
CAAACTAAGCGATTCC-1	MZ286102_1_ORF2	1	1	28	29	TRUE	TRUE
CAAACTAAGGCGTGGT-1	MZ286102_1_ORF1	0	0	1	1	FALSE	FALSE
CAAACTAAGGTAGACT-1	meGFP	0	0	1	1	FALSE	TRUE
CAAACTAAGGTTCATT-1	MZ286197_1_ORF2	0	0	1	1	FALSE	TRUE
CAAACTCGTACCTCGA-1	OZ258728_1_ORF2	0	0	1	1	FALSE	FALSE
CAAACTCGTAGTCGGG-1	MZ286197_1_ORF2	0	0	1	1	FALSE	TRUE
CAAACTCGTGATGTCT-1	meGFP	0	0	1	1	FALSE	TRUE
CAAACTCGTGGCTTGC-1	MZ286102_1_ORF2	0	0	1	1	FALSE	FALSE
CAAACTCGTTACGTTA-1	meGFP	0	0	1	1	FALSE	TRUE
CAAAGGCGTACCCAGC-1	MZ286102_1_ORF1	1	0	4	4	TRUE	TRUE
CAAAGGCGTACGATAG-1	MZ286197_1_ORF1	1	1	14	15	TRUE	TRUE
CAAAGGCGTAGACCAA-1	OZ258728_1_ORF1	0	0	1	1	FALSE	TRUE
CAAAGGCGTAGGATAT-1	MZ286197_1_ORF2	2	0	6	11	FALSE	TRUE
CAAAGGCGTGAGAGCT-1	MZ286258_1_ORF1	1	1	10	10	TRUE	TRUE
CAAAGGCGTGAGTTAG-1	OP549859_1_ORF1	0	0	1	1	FALSE	FALSE
CAAAGGCGTGCATGAA-1	MZ286197_1_ORF2	1	0	5	5	TRUE	TRUE
CAAAGGCGTGCGGTGA-1	meGFP	0	0	1	1	FALSE	TRUE
CAAAGGCGTGCTTAGT-1	MZ286188_1_ORF1	0	0	1	1	FALSE	FALSE
CAAAGGCGTGTACCGC-1	OZ258728_1_ORF2	1	0	5	5	TRUE	TRUE
CAAAGGCGTTTGAGTC-1	OZ258728_1_ORF1	0	0	0	0	FALSE	TRUE
CAAATCCGTACTGTCG-1	MZ286102_1_ORF1	0	0	1	1	FALSE	TRUE
CAAATCCGTCATTCCC-1	OZ258728_1_ORF1	0	0	1	1	FALSE	TRUE
CAAATCCGTGCGCGAA-1	OP549859_1_ORF1	0	0	1	1	FALSE	FALSE
CAAATCCGTGCTTAGT-1	MZ286188_1_ORF1	0	0	1	1	FALSE	FALSE
CAAATCCGTTTGAACC-1	MZ286197_1_ORF1	0	0	1	1	FALSE	TRUE
CAAATCTTCACAGATA-1	MZ286258_1_ORF1	0	0	1	1	FALSE	TRUE
CAAATCTTCCATCACA-1	MZ286197_1_ORF2	0	0	1	1	FALSE	TRUE
CAAATCTTCCGACTAC-1	meGFP	1	1	82	83	TRUE	TRUE
CAAATCTTCCGGGTAA-1	OZ258728_1_ORF2	0	0	1	1	FALSE	FALSE
CAAATCTTCCTCTACT-1	meGFP	0	0	1	1	FALSE	FALSE
CAAATCTTCGTTCCGG-1	MZ286102_1_ORF2	0	0	2	2	TRUE	TRUE
CAAATCTTCTCACGTA-1	MZ286102_1_ORF2	0	0	1	1	FALSE	TRUE
CAAATCTTCTCCTAAG-1	OZ258728_1_ORF2	0	0	1	1	FALSE	FALSE
CAAATCTTCTGGCTTA-1	OZ258728_1_ORF2	1	1	82	85	TRUE	TRUE
CAAATGTCAAAGCGGA-1	MZ286188_1_ORF1	0	0	2	2	TRUE	TRUE
CAAATGTCAAAGGGCA-1	OZ258728_1_ORF2	0	0	1	1	FALSE	FALSE
CAAATGTCAATGTAGT-1	OZ258728_1_ORF2	1	1	76	76	TRUE	TRUE
CAAATGTCACGGATCG-1	OZ258728_1_ORF2	0	0	1	1	FALSE	FALSE
CAAATGTCACTTCCAG-1	MZ286197_1_ORF1	1	1	14	14	TRUE	TRUE
CAAATGTCAGATTGGC-1	OZ258728_1_ORF1	0	0	1	1	FALSE	FALSE
CAAATGTCATAAGTCG-1	MZ286188_1_ORF1	0	0	1	1	FALSE	TRUE
CAAATGTCATACTTCA-1	OZ258728_1_ORF2	1	1	21	21	TRUE	FALSE
CAAATGTCATCCCAAT-1	meGFP	0	0	1	1	FALSE	TRUE
CAAATGTCATGAAGGG-1	MZ286258_1_ORF2	0	0	2	2	TRUE	FALSE
CAACACACAAAGGGCA-1	OZ258728_1_ORF2	0	0	1	1	FALSE	FALSE
CAACACACAAATGCGC-1	meGFP	0	0	1	1	FALSE	TRUE
CAACACACAAGCGTTA-1	MZ286188_1_ORF2	1	0	7	7	TRUE	TRUE
CAACACACACGTGCCT-1	OZ258728_1_ORF2	1	1	22	22	TRUE	TRUE
CAACACACAGCTGATA-1	OP549859_1_ORF2	0	0	1	1	FALSE	FALSE
CAACACACAGGCGCTA-1	OZ258728_1_ORF2	0	0	1	1	FALSE	FALSE
CAACACACAGTACGGT-1	OP549859_1_ORF2	0	0	2	2	TRUE	TRUE
CAACACACATAAGGTT-1	MZ286188_1_ORF1	0	0	1	1	FALSE	TRUE
CAACACACATAGGCAC-1	OZ258728_1_ORF1	1	1	22	22	TRUE	TRUE
CAACACACATTCACAC-1	OZ258728_1_ORF2	0	0	1	1	FALSE	FALSE
CAACACCTCAGCTTCA-1	MZ286197_1_ORF1	0	0	1	1	FALSE	TRUE
CAACACCTCATTCACG-1	MZ286258_1_ORF1	0	0	2	2	TRUE	TRUE
CAACACCTCCAGAGGC-1	MZ286258_1_ORF2	1	1	22	22	TRUE	TRUE
CAACACCTCCCATCCC-1	OP549859_1_ORF2	1	1	13	15	TRUE	TRUE
CAACACCTCCGCATGT-1	meGFP	0	0	1	1	FALSE	FALSE
CAACACCTCCGCGCTA-1	meGFP	1	1	17	21	TRUE	TRUE
CAACACCTCGCTAGAG-1	OP549859_1_ORF1	0	0	1	2	FALSE	TRUE
CAACACCTCTGAGTCC-1	meGFP	0	0	2	2	TRUE	FALSE
CAACAGGTCAATCCAT-1	OZ258728_1_ORF2	0	0	1	1	FALSE	TRUE
CAACAGGTCAATCGCC-1	MZ286258_1_ORF1	1	1	16	16	TRUE	TRUE
CAACAGGTCATAGAGC-1	MZ286102_1_ORF2	0	0	1	1	FALSE	TRUE
CAACAGGTCCCGTGCA-1	OZ258728_1_ORF1	0	0	1	1	FALSE	FALSE
CAACAGGTCCTGAGAG-1	OZ258728_1_ORF2	1	1	115	115	TRUE	TRUE
CAACAGGTCCTGGGAA-1	MZ286188_1_ORF1	1	1	38	38	TRUE	TRUE
CAACAGGTCGATCGCT-1	OP549859_1_ORF1	1	1	15	16	TRUE	TRUE
CAACAGGTCGCGCTCA-1	meGFP	0	0	1	1	FALSE	TRUE
CAACAGGTCGGGAAGG-1	meGFP	0	0	1	1	FALSE	FALSE
CAACAGGTCGTCCATA-1	MZ286258_1_ORF2	0	0	1	1	FALSE	TRUE
CAACAGGTCGTTACTG-1	MZ286188_1_ORF2	0	0	1	1	FALSE	FALSE
CAACAGGTCTAACTAC-1	meGFP	0	0	1	2	FALSE	TRUE
CAACAGGTCTCCTAAG-1	MZ286258_1_ORF2	0	0	2	2	TRUE	TRUE
CAACATCGTACGTTCG-1	MZ286102_1_ORF2	1	0	6	6	TRUE	TRUE
CAACATCGTCATTCCC-1	MZ286258_1_ORF2	1	1	11	11	TRUE	TRUE
CAACATCGTCCTGTGA-1	OZ258728_1_ORF2	0	0	1	1	FALSE	FALSE
CAACATCGTCGACTCA-1	OZ258728_1_ORF1	1	1	17	19	TRUE	TRUE
CAACATCGTGAATGTG-1	MZ286258_1_ORF1	1	0	8	8	TRUE	TRUE
CAACATCGTGCCCAAC-1	MZ286188_1_ORF1	0	0	1	1	FALSE	FALSE
CAACATCGTGGGTAAC-1	OP549859_1_ORF2	1	0	8	8	TRUE	TRUE
CAACATCGTTAGAGAT-1	MZ286197_1_ORF1	1	1	54	55	TRUE	TRUE
CAACATCGTTGCAATC-1	OP549859_1_ORF2	1	0	5	5	TRUE	TRUE
CAACATCGTTGGACTT-1	MZ286188_1_ORF2	0	0	1	1	FALSE	FALSE
CAACATCGTTGGTGAA-1	meGFP	0	0	3	3	TRUE	FALSE
CAACATCGTTGTCTGG-1	OZ258728_1_ORF2	0	0	1	1	FALSE	TRUE
CAACATCGTTTACGGT-1	OZ258728_1_ORF1	0	0	1	1	FALSE	TRUE
CAACCAACAAATGAGA-1	meGFP	0	0	1	2	FALSE	TRUE
CAACCAACAACCGTGG-1	MZ286197_1_ORF1	0	0	1	1	FALSE	FALSE
CAACCAACAACTGGCG-1	MZ286188_1_ORF2	0	0	1	1	FALSE	TRUE
CAACCAACACCATAGA-1	OP549859_1_ORF1	1	0	7	11	TRUE	TRUE
CAACCAACACCGGACA-1	meGFP	0	0	2	2	TRUE	TRUE
CAACCAACACTACCCA-1	OP549859_1_ORF2	0	0	1	1	FALSE	TRUE
CAACCAACAGATACAT-1	MZ286258_1_ORF2	0	0	1	1	FALSE	FALSE
CAACCAACAGCGCTTC-1	MZ286258_1_ORF1	0	0	1	1	FALSE	TRUE
CAACCAACAGGTCTCC-1	meGFP	0	0	1	1	FALSE	FALSE
CAACCAACATTCACAC-1	OZ258728_1_ORF1	0	0	1	1	FALSE	FALSE
CAACCAGAGAAGCGCC-1	MZ286188_1_ORF2	1	0	5	5	TRUE	TRUE
CAACCAGAGAATCAGC-1	OP549859_1_ORF1	1	1	18	21	TRUE	TRUE
CAACCAGAGACGCAAT-1	MZ286197_1_ORF1	1	1	10	10	TRUE	TRUE
CAACCAGAGACTCGCT-1	MZ286188_1_ORF2	0	0	1	3	FALSE	TRUE
CAACCAGAGAGAGGTA-1	MZ286197_1_ORF1	0	0	1	1	FALSE	TRUE
CAACCAGAGATTGGTA-1	OZ258728_1_ORF2	2	1	25	35	FALSE	TRUE
CAACCAGAGGAGTGCC-1	OP549859_1_ORF1	0	0	1	1	FALSE	TRUE
CAACCAGAGGATCGCA-1	OZ258728_1_ORF2	0	0	1	2	FALSE	TRUE
CAACCAGAGGTACCCT-1	OP549859_1_ORF1	0	0	1	1	FALSE	TRUE
CAACCAGAGTAGAGGA-1	OP549859_1_ORF2	0	0	1	1	FALSE	TRUE
CAACCAGAGTAGCTCC-1	MZ286102_1_ORF2	1	0	4	4	TRUE	TRUE
CAACCAGAGTCATCCA-1	MZ286188_1_ORF1	1	0	4	4	TRUE	TRUE
CAACCAGAGTCCACGT-1	MZ286197_1_ORF2	0	0	2	2	TRUE	TRUE
CAACCAGAGTGCTACC-1	MZ286258_1_ORF2	1	1	29	31	TRUE	TRUE
CAACGAGTCAGCTTCA-1	MZ286188_1_ORF2	1	0	7	7	TRUE	TRUE
CAACGAGTCATATGTC-1	MZ286102_1_ORF2	1	0	5	5	TRUE	TRUE
CAACGAGTCCACAGGA-1	OP549859_1_ORF1	2	1	32	38	TRUE	TRUE
CAACGAGTCCCACAGT-1	meGFP	0	0	1	1	FALSE	FALSE
CAACGAGTCGTACCCG-1	OP549859_1_ORF1	1	1	65	65	TRUE	TRUE
CAACGAGTCTCGAAGG-1	OP549859_1_ORF1	0	0	1	1	FALSE	FALSE
CAACGGATCACAGGCA-1	meGFP	0	0	1	1	FALSE	FALSE
CAACGGATCACGCTTA-1	meGFP	0	0	2	2	TRUE	TRUE
CAACGGATCAGGACGC-1	OZ258728_1_ORF2	0	0	1	1	FALSE	TRUE
CAACGGATCCAGACTC-1	OP549859_1_ORF1	2	1	97	106	TRUE	TRUE
CAACGGATCCTCGACG-1	MZ286197_1_ORF2	0	0	2	3	FALSE	TRUE
CAACGGATCGCCAGTT-1	OZ258728_1_ORF2	0	0	1	1	FALSE	FALSE
CAACGGATCGCTTGGT-1	OZ258728_1_ORF2	2	2	28	53	FALSE	TRUE
CAACGGATCGGGAAGG-1	MZ286102_1_ORF2	0	0	1	1	FALSE	TRUE
CAACGGATCTCCTAAG-1	MZ286258_1_ORF2	0	0	1	1	FALSE	FALSE
CAACGGATCTCGATCA-1	meGFP	1	1	46	47	TRUE	TRUE
CAACGGATCTCTATGG-1	MZ286258_1_ORF2	1	0	6	6	TRUE	TRUE
CAACGGATCTCTCACT-1	OZ258728_1_ORF1	0	0	1	1	FALSE	TRUE
CAACGGATCTCTGGCG-1	MZ286102_1_ORF2	1	0	5	7	TRUE	TRUE
CAACGGATCTGATTAC-1	meGFP	0	0	1	1	FALSE	FALSE
CAACGGATCTTGGATT-1	MZ286258_1_ORF1	1	1	16	18	TRUE	TRUE
CAACGGGGTACAGCCC-1	MZ286102_1_ORF2	0	0	3	3	TRUE	TRUE
CAACGGGGTACCGACC-1	OZ258728_1_ORF1	0	0	1	1	FALSE	FALSE
CAACGGGGTACCTCTC-1	OP549859_1_ORF1	1	0	5	5	TRUE	TRUE
CAACGGGGTACGATAG-1	MZ286102_1_ORF2	1	0	4	6	TRUE	TRUE
CAACGGGGTAGTCGGG-1	MZ286258_1_ORF2	1	0	9	9	TRUE	TRUE
CAACGGGGTAGTGACA-1	OZ258728_1_ORF1	0	0	1	2	FALSE	TRUE
CAACGGGGTCGGGCTT-1	meGFP	0	0	1	1	FALSE	FALSE
CAACGGGGTCTTGACG-1	OP549859_1_ORF1	0	0	2	2	TRUE	TRUE
CAACGGGGTGCGCGAA-1	OZ258728_1_ORF2	1	1	102	103	TRUE	TRUE
CAACGGGGTGGGTAGT-1	MZ286197_1_ORF1	0	0	1	1	FALSE	TRUE
CAACGGGGTGTGATTC-1	MZ286102_1_ORF1	1	1	25	25	TRUE	TRUE
CAACGGGGTTCGTCTC-1	MZ286197_1_ORF2	0	0	1	1	FALSE	TRUE
CAACGGGGTTTAGCAC-1	MZ286102_1_ORF2	1	1	12	12	TRUE	TRUE
CAACGGTCAAAGGGCA-1	MZ286102_1_ORF2	1	0	4	5	TRUE	TRUE
CAACGGTCAAAGTAAG-1	OZ258728_1_ORF2	1	1	28	28	TRUE	TRUE
CAACGGTCACGAATGC-1	OP549859_1_ORF1	0	0	1	1	FALSE	FALSE
CAACGGTCACTCACGC-1	meGFP	0	0	1	1	FALSE	TRUE
CAACGGTCAGGCGCTA-1	MZ286102_1_ORF2	0	0	1	2	FALSE	TRUE
CAACGGTCAGGGACTT-1	MZ286258_1_ORF1	0	0	1	1	FALSE	FALSE
CAACGGTCAGGTAGAG-1	OZ258728_1_ORF1	0	0	1	1	FALSE	TRUE
CAACGGTCATCCCAAT-1	OZ258728_1_ORF2	1	1	36	36	TRUE	TRUE
CAACGGTCATGACAGC-1	OZ258728_1_ORF1	1	1	32	33	TRUE	TRUE
CAACGGTCATGAGTAT-1	MZ286188_1_ORF2	0	0	2	2	TRUE	TRUE
CAACGTACAAGCGCCA-1	MZ286197_1_ORF1	1	1	79	80	TRUE	TRUE
CAACGTACAAGTGTCA-1	MZ286188_1_ORF2	1	1	10	11	TRUE	TRUE
CAACGTACACCTGTAT-1	MZ286102_1_ORF1	1	0	8	8	TRUE	TRUE
CAACGTACAGATTCGA-1	OZ258728_1_ORF2	0	0	1	1	FALSE	FALSE
CAACGTACAGGTCTCC-1	meGFP	0	0	1	1	FALSE	FALSE
CAACGTACATGCTCGC-1	meGFP	0	0	1	1	FALSE	FALSE
CAACGTACATGGACGT-1	meGFP	0	0	1	1	FALSE	FALSE
CAACTATTCCATCACA-1	MZ286258_1_ORF2	0	0	1	1	FALSE	TRUE
CAACTATTCGCACTTA-1	MZ286197_1_ORF2	0	0	1	1	FALSE	FALSE
CAACTATTCGTGCTAC-1	OZ258728_1_ORF2	1	1	35	35	TRUE	TRUE
CAACTATTCTACCGAC-1	OZ258728_1_ORF2	0	0	1	1	FALSE	FALSE
CAACTATTCTATAGGA-1	MZ286258_1_ORF1	1	0	4	7	TRUE	TRUE
CAACTCATCAGGATAC-1	OP549859_1_ORF1	2	2	69	90	TRUE	TRUE
CAACTCATCCCCAAGT-1	MZ286258_1_ORF1	0	0	1	1	FALSE	TRUE
CAACTCATCCGTAGAG-1	MZ286197_1_ORF2	0	0	1	1	FALSE	TRUE
CAACTCATCTGCCTGG-1	MZ286197_1_ORF2	0	0	3	3	TRUE	TRUE
CAACTCATCTGGAAGT-1	MZ286197_1_ORF2	0	0	1	2	FALSE	TRUE
CAACTGTGTAATGGAT-1	OZ258728_1_ORF2	0	0	1	1	FALSE	TRUE
CAACTGTGTAGCTGAA-1	meGFP	0	0	1	1	FALSE	FALSE
CAACTGTGTAGTGTCT-1	MZ286102_1_ORF1	0	0	1	1	FALSE	FALSE
CAACTGTGTATACTGC-1	MZ286258_1_ORF2	1	1	11	12	TRUE	TRUE
CAACTGTGTCGACATT-1	MZ286102_1_ORF1	1	1	62	62	TRUE	TRUE
CAACTGTGTGGCGTGA-1	MZ286188_1_ORF1	0	0	1	1	FALSE	FALSE
CAACTGTGTGGGATTA-1	OP549859_1_ORF2	0	0	1	1	FALSE	FALSE
CAACTGTGTGTCTGTG-1	OP549859_1_ORF2	1	0	4	4	TRUE	TRUE
CAACTGTGTGTTGACT-1	OZ258728_1_ORF2	0	0	2	2	TRUE	TRUE
CAACTGTGTTTCAGTA-1	OZ258728_1_ORF2	0	0	1	2	FALSE	TRUE
CAACTGTGTTTCCGTC-1	OZ258728_1_ORF2	1	1	31	32	TRUE	TRUE
CAAGCGATCCCTCTAT-1	OP549859_1_ORF2	1	1	12	13	TRUE	TRUE
CAAGCGATCGCACCAT-1	OZ258728_1_ORF2	0	0	1	1	FALSE	FALSE
CAAGCGATCGGGACTA-1	OZ258728_1_ORF2	0	0	1	1	FALSE	TRUE
CAAGCGATCGGTATGG-1	MZ286258_1_ORF2	0	0	3	3	TRUE	TRUE
CAAGCGATCTAATGGA-1	MZ286258_1_ORF2	1	0	8	8	TRUE	TRUE
CAAGCGCAGATACAGC-1	MZ286197_1_ORF1	1	1	13	14	TRUE	TRUE
CAAGCGCAGCAATCGG-1	MZ286102_1_ORF1	0	0	1	1	FALSE	FALSE
CAAGCGCAGCCGGATA-1	OP549859_1_ORF2	2	1	14	20	FALSE	TRUE
CAAGCGCAGCTCATGC-1	OZ258728_1_ORF1	0	0	1	1	FALSE	TRUE
CAAGCGCAGGCGGTGT-1	MZ286258_1_ORF2	1	0	6	6	TRUE	TRUE
CAAGCGCAGTACCCGT-1	MZ286102_1_ORF2	0	0	1	1	FALSE	TRUE
CAAGCGCAGTGGATTA-1	OP549859_1_ORF2	0	0	2	3	FALSE	TRUE
CAAGCGCAGTTACACT-1	MZ286258_1_ORF2	0	0	1	1	FALSE	FALSE
CAAGCTCTCAGGACGC-1	meGFP	0	0	1	1	FALSE	TRUE
CAAGCTCTCATTAACC-1	OZ258728_1_ORF2	1	1	11	11	TRUE	FALSE
CAAGCTCTCCAACCTA-1	MZ286102_1_ORF2	0	0	1	1	FALSE	FALSE
CAAGCTCTCCCGATAC-1	MZ286197_1_ORF2	1	0	8	8	TRUE	TRUE
CAAGCTCTCCCGTAGT-1	OZ258728_1_ORF2	1	1	13	13	TRUE	FALSE
CAAGCTCTCCCTGCGA-1	meGFP	0	0	1	1	FALSE	FALSE
CAAGCTCTCCGCATGT-1	OZ258728_1_ORF2	0	0	1	1	FALSE	FALSE
CAAGCTCTCGAGCGAC-1	MZ286258_1_ORF1	0	0	1	1	FALSE	TRUE
CAAGCTCTCGATCCCG-1	MZ286197_1_ORF2	0	0	1	1	FALSE	FALSE
CAAGCTCTCGGTTAGG-1	meGFP	0	0	1	3	FALSE	TRUE
CAAGGCGGTAGTCCTG-1	meGFP	0	0	1	2	FALSE	TRUE
CAAGGCGGTATGGCCC-1	OZ258728_1_ORF2	0	0	1	1	FALSE	FALSE
CAAGGCGGTCACTCCT-1	OZ258728_1_ORF2	1	1	27	27	TRUE	TRUE
CAAGGCGGTCGTTAGT-1	OZ258728_1_ORF2	1	1	92	93	TRUE	TRUE
CAAGGCGGTGATTGCT-1	OP549859_1_ORF2	0	0	1	1	FALSE	FALSE
CAAGGCGGTGCAGGCA-1	OP549859_1_ORF1	1	1	42	42	TRUE	TRUE
CAAGGCGGTGCGACAG-1	MZ286258_1_ORF2	0	0	2	2	TRUE	TRUE
CAAGGCGGTGTTGAGA-1	OP549859_1_ORF1	1	1	113	113	TRUE	TRUE
CAAGGCGGTTAGGCAA-1	OP549859_1_ORF2	0	0	3	3	TRUE	TRUE
CAAGTCTGTACTTGGT-1	OZ258728_1_ORF2	1	1	84	85	TRUE	TRUE
CAAGTCTGTCGATGCC-1	MZ286102_1_ORF1	0	0	1	2	FALSE	TRUE
CAAGTCTGTCTGTAAC-1	MZ286102_1_ORF2	1	1	13	14	TRUE	TRUE
CAAGTCTGTGCCCAAC-1	OZ258728_1_ORF2	0	0	2	2	TRUE	TRUE
CAAGTCTGTGCGCATC-1	MZ286188_1_ORF1	0	0	1	1	FALSE	FALSE
CAAGTCTGTGCGTACC-1	MZ286102_1_ORF1	0	0	1	1	FALSE	TRUE
CAAGTCTGTGGGAATC-1	OZ258728_1_ORF1	1	1	11	11	TRUE	TRUE
CAAGTCTGTTCGCAGC-1	MZ286197_1_ORF2	1	0	4	5	TRUE	TRUE
CAAGTCTGTTCGCTGA-1	OZ258728_1_ORF1	1	1	33	33	TRUE	TRUE
CAAGTCTGTTGGACCC-1	OZ258728_1_ORF2	1	1	69	69	TRUE	TRUE
CAAGTTCGTAAGCTAG-1	MZ286102_1_ORF2	1	1	19	19	TRUE	TRUE
CAAGTTCGTACACTAC-1	OP549859_1_ORF1	0	0	3	3	TRUE	TRUE
CAAGTTCGTACTTGGT-1	meGFP	0	0	1	1	FALSE	FALSE
CAAGTTCGTATTGGGA-1	OZ258728_1_ORF2	1	1	20	20	TRUE	TRUE
CAAGTTCGTCGCGTGT-1	OZ258728_1_ORF2	1	0	9	21	TRUE	TRUE
CAAGTTCGTCGTTGGC-1	OZ258728_1_ORF2	1	1	36	36	TRUE	TRUE
CAAGTTCGTCTCAGGC-1	OP549859_1_ORF1	1	0	6	8	TRUE	TRUE
CAAGTTCGTCTTGACG-1	OZ258728_1_ORF2	0	0	1	1	FALSE	FALSE
CAAGTTCGTGAGACCG-1	MZ286102_1_ORF2	0	0	1	1	FALSE	FALSE
CAAGTTCGTGCAGCCT-1	OZ258728_1_ORF1	0	0	1	1	FALSE	TRUE
CAAGTTCGTGCCTAAT-1	OZ258728_1_ORF2	0	0	1	1	FALSE	TRUE
CAAGTTCGTTAGGGTA-1	MZ286102_1_ORF2	3	0	7	18	FALSE	TRUE
CAATACTTCAATTACC-1	MZ286197_1_ORF1	0	0	3	3	TRUE	TRUE
CAATACTTCACGCTTA-1	MZ286102_1_ORF1	1	1	29	29	TRUE	TRUE
CAATACTTCATCCGAC-1	OZ258728_1_ORF2	0	0	1	1	FALSE	TRUE
CAATACTTCCAGCGAA-1	OZ258728_1_ORF2	0	0	1	1	FALSE	FALSE
CAATACTTCCCCGGTA-1	MZ286102_1_ORF2	1	0	8	8	TRUE	TRUE
CAATACTTCGATACTT-1	OZ258728_1_ORF2	0	0	1	1	FALSE	FALSE
CAATACTTCTAACTGT-1	meGFP	0	0	1	1	FALSE	FALSE
CAATACTTCTGATTAC-1	OP549859_1_ORF1	0	0	1	1	FALSE	TRUE
CAATACTTCTGCACTA-1	OZ258728_1_ORF2	0	0	1	1	FALSE	TRUE
CAATAGTCAAAGTGCC-1	OZ258728_1_ORF2	0	0	2	2	TRUE	FALSE
CAATAGTCAAGATCCA-1	MZ286188_1_ORF1	0	0	1	1	FALSE	TRUE
CAATAGTCACGAAGGA-1	meGFP	1	1	59	60	TRUE	TRUE
CAATAGTCACGATGTA-1	OZ258728_1_ORF2	0	0	1	1	FALSE	FALSE
CAATAGTCACGGGTAT-1	meGFP	0	0	1	1	FALSE	TRUE
CAATAGTCAGCGCTTC-1	OZ258728_1_ORF2	1	1	23	24	TRUE	TRUE
CAATAGTCAGTACCAA-1	MZ286197_1_ORF2	0	0	1	1	FALSE	TRUE
CAATAGTCATATGAAC-1	MZ286197_1_ORF1	0	0	1	1	FALSE	FALSE
CAATCAAAGATGGTGT-1	OZ258728_1_ORF2	0	0	1	1	FALSE	FALSE
CAATCAAAGCAACGAT-1	MZ286102_1_ORF2	0	0	1	1	FALSE	FALSE
CAATCAAAGCGGGAAG-1	MZ286258_1_ORF2	1	0	8	11	TRUE	TRUE
CAATCAAAGCGGGACT-1	OZ258728_1_ORF2	0	0	1	1	FALSE	FALSE
CAATCAAAGCTCTCAA-1	OZ258728_1_ORF2	0	0	1	1	FALSE	TRUE
CAATCAAAGGCCAGGT-1	MZ286258_1_ORF2	1	0	5	5	TRUE	TRUE
CAATCAAAGGGCGTGT-1	OZ258728_1_ORF2	0	0	1	1	FALSE	TRUE
CAATGCTGTACACTAC-1	MZ286258_1_ORF2	0	0	2	2	TRUE	TRUE
CAATGCTGTAGCCCTA-1	meGFP	1	1	55	55	TRUE	TRUE
CAATGCTGTAGTCCTG-1	MZ286197_1_ORF1	1	0	7	7	TRUE	TRUE
CAATGCTGTATGTGGA-1	OZ258728_1_ORF2	0	0	1	1	FALSE	TRUE
CAATGCTGTCAAGCCC-1	OP549859_1_ORF1	0	0	1	1	FALSE	TRUE
CAATGCTGTGAGGTGT-1	MZ286188_1_ORF1	1	1	72	72	TRUE	TRUE
CAATGCTGTGCAACCC-1	MZ286197_1_ORF2	0	0	2	3	FALSE	TRUE
CAATGCTGTGCGTACC-1	OZ258728_1_ORF2	1	1	106	106	TRUE	TRUE
CAATGCTGTGGCCAGA-1	OZ258728_1_ORF2	1	1	17	18	TRUE	TRUE
CAATGCTGTGTCTGTG-1	OP549859_1_ORF2	1	0	4	4	TRUE	TRUE
CAATGCTGTTAGAGAT-1	OZ258728_1_ORF2	0	0	1	1	FALSE	FALSE
CAATGCTGTTTAGGAG-1	MZ286102_1_ORF1	0	0	1	1	FALSE	FALSE
CAATGCTGTTTGGCGC-1	meGFP	1	1	44	44	TRUE	TRUE
CAATGGTAGACCGATG-1	MZ286102_1_ORF2	1	1	22	22	TRUE	TRUE
CAATGGTAGATCAAGC-1	meGFP	0	0	2	2	TRUE	TRUE
CAATGGTAGCGTAAGT-1	MZ286197_1_ORF2	1	1	20	21	TRUE	TRUE
CAATGGTAGCGTGCAA-1	MZ286258_1_ORF2	1	0	6	6	TRUE	TRUE
CAATGGTAGGATCCCT-1	meGFP	0	0	1	1	FALSE	TRUE
CAATGGTAGGGATGGG-1	OP549859_1_ORF1	1	1	96	96	TRUE	TRUE
CAATGGTAGTACCTGC-1	OZ258728_1_ORF2	0	0	2	3	FALSE	TRUE
CAATGGTAGTACTAAG-1	MZ286102_1_ORF2	1	1	12	13	TRUE	TRUE
CAATGGTAGTATAGGC-1	MZ286197_1_ORF1	0	0	1	1	FALSE	FALSE
CAATGGTAGTCCGTTA-1	MZ286258_1_ORF2	1	1	14	14	TRUE	TRUE
CAATGGTAGTGCCCAT-1	OP549859_1_ORF1	0	0	1	1	FALSE	TRUE
CAATTACTCAAGGGTT-1	MZ286188_1_ORF2	1	0	4	4	TRUE	TRUE
CAATTACTCCACCAGT-1	MZ286258_1_ORF2	1	0	8	8	TRUE	TRUE
CAATTACTCCATAGCC-1	OZ258728_1_ORF2	1	1	75	77	TRUE	TRUE
CAATTACTCCTGTCAA-1	MZ286102_1_ORF1	0	0	1	1	FALSE	TRUE
CAATTACTCGGCTCTG-1	MZ286188_1_ORF2	1	0	4	4	TRUE	TRUE
CAATTACTCTATCGTG-1	OZ258728_1_ORF2	0	0	1	1	FALSE	TRUE
CAATTACTCTCACGTA-1	MZ286102_1_ORF2	0	0	1	1	FALSE	FALSE
CAATTACTCTCCTAAG-1	MZ286197_1_ORF1	0	0	1	1	FALSE	FALSE
CAATTACTCTCGAAGG-1	MZ286102_1_ORF1	0	0	1	1	FALSE	TRUE
CAATTACTCTGCACCG-1	MZ286102_1_ORF1	0	0	1	1	FALSE	FALSE
CAATTACTCTTCGTAG-1	MZ286197_1_ORF2	1	0	6	7	TRUE	TRUE
CAATTATGTAATCACC-1	OZ258728_1_ORF2	1	1	16	16	TRUE	TRUE
CAATTATGTACCTAGT-1	MZ286258_1_ORF1	0	0	1	1	FALSE	FALSE
CAATTATGTACGTAAG-1	OZ258728_1_ORF2	0	0	1	1	FALSE	FALSE
CAATTATGTACTTACA-1	OZ258728_1_ORF2	1	1	37	38	TRUE	TRUE
CAATTATGTATCTGGT-1	OZ258728_1_ORF1	0	0	1	1	FALSE	FALSE
CAATTATGTCGAGAGT-1	MZ286258_1_ORF1	0	0	2	3	FALSE	TRUE
CAATTATGTCTGGATT-1	OZ258728_1_ORF2	0	0	1	1	FALSE	FALSE
CAATTATGTCTTGCTC-1	OZ258728_1_ORF2	0	0	1	2	FALSE	TRUE
CAATTATGTGAAGGCT-1	OP549859_1_ORF2	0	0	1	1	FALSE	TRUE
CAATTATGTGATTACC-1	OZ258728_1_ORF1	1	1	11	12	TRUE	TRUE
CAATTATGTGGACACG-1	MZ286102_1_ORF1	2	2	16	28	FALSE	TRUE
CAATTATGTGGCCTAC-1	MZ286258_1_ORF2	1	1	12	13	TRUE	TRUE
CAATTATGTGTAAGTG-1	OZ258728_1_ORF2	0	0	1	1	FALSE	FALSE
CAATTATGTTGGACCC-1	OZ258728_1_ORF2	0	0	1	1	FALSE	FALSE
CAATTATGTTGTCTGG-1	OZ258728_1_ORF2	2	2	81	94	TRUE	TRUE
CAATTATGTTTCAGTA-1	OP549859_1_ORF1	1	1	11	11	TRUE	TRUE
CAATTATGTTTGAGTC-1	MZ286188_1_ORF2	0	0	3	6	FALSE	TRUE
CACAACCTCCGCATGT-1	MZ286258_1_ORF2	1	1	16	19	TRUE	TRUE
CACAACCTCCGGATTC-1	OZ258728_1_ORF2	1	0	6	6	TRUE	TRUE
CACAACCTCGCTAGAG-1	meGFP	1	0	6	6	TRUE	TRUE
CACAACCTCTAAGCAA-1	MZ286102_1_ORF2	1	0	4	4	TRUE	TRUE
CACAACCTCTGTATGT-1	MZ286102_1_ORF2	1	0	7	7	TRUE	TRUE
CACAAGCCAAAGCGGA-1	OZ258728_1_ORF2	2	2	62	77	TRUE	TRUE
CACAAGCCAAGCGCCA-1	meGFP	0	0	1	1	FALSE	TRUE
CACAAGCCAGCCAACG-1	MZ286197_1_ORF2	0	0	1	1	FALSE	FALSE
CACAAGCCAGCTGATA-1	MZ286258_1_ORF2	0	0	2	2	TRUE	TRUE
CACAAGCCAGTTCGTT-1	OZ258728_1_ORF1	0	0	1	1	FALSE	TRUE
CACAAGCCATATCGAG-1	MZ286102_1_ORF1	0	0	1	3	FALSE	TRUE
CACAAGGTCCCCGACA-1	MZ286197_1_ORF2	0	0	2	2	TRUE	TRUE
CACAAGGTCGAACTAA-1	MZ286102_1_ORF2	1	0	7	7	TRUE	TRUE
CACAAGGTCGCAAGGC-1	OP549859_1_ORF1	1	1	28	28	TRUE	TRUE
CACAAGGTCGCACGAA-1	MZ286102_1_ORF2	0	0	1	1	FALSE	TRUE
CACAAGGTCTGGACCT-1	MZ286197_1_ORF2	1	0	6	9	TRUE	TRUE
CACAAGGTCTGTAATC-1	MZ286197_1_ORF1	1	1	12	12	TRUE	TRUE
CACAAGGTCTGTCGGT-1	OP549859_1_ORF1	0	0	2	4	FALSE	TRUE
CACAATCGTAACCTAC-1	OZ258728_1_ORF2	2	1	33	41	TRUE	TRUE
CACAATCGTACTTCCC-1	MZ286188_1_ORF1	0	0	1	1	FALSE	FALSE
CACAATCGTACTTGGT-1	MZ286188_1_ORF1	0	0	2	5	FALSE	TRUE
CACAATCGTAGTGACA-1	meGFP	0	0	1	1	FALSE	TRUE
CACAATCGTCAAGTAG-1	OZ258728_1_ORF1	0	0	1	2	FALSE	FALSE
CACAATCGTCACTAAC-1	meGFP	0	0	1	1	FALSE	TRUE
CACAATCGTCCCGAAC-1	OZ258728_1_ORF2	0	0	1	1	FALSE	FALSE
CACAATCGTGACCTTG-1	MZ286102_1_ORF1	0	0	1	1	FALSE	FALSE
CACAATCGTGAGTAAT-1	OZ258728_1_ORF2	0	0	1	1	FALSE	FALSE
CACAATCGTGCTGACC-1	OZ258728_1_ORF1	0	0	1	1	FALSE	FALSE
CACAATCGTGGAAGGA-1	MZ286258_1_ORF2	1	1	18	20	TRUE	TRUE
CACAATCGTGTCAGTT-1	meGFP	1	0	8	9	TRUE	TRUE
CACAATCGTTATCTAG-1	MZ286188_1_ORF2	1	0	4	4	TRUE	TRUE
CACAATCGTTGAAGTG-1	OP549859_1_ORF1	0	0	1	1	FALSE	FALSE
CACAATCGTTGTCTGG-1	OP549859_1_ORF1	1	0	4	4	TRUE	TRUE
CACAATCGTTTACGAC-1	MZ286102_1_ORF1	0	0	1	1	FALSE	FALSE
CACAATTTCCCGTAAC-1	MZ286197_1_ORF1	1	0	9	9	TRUE	TRUE
CACAATTTCCTCGACG-1	OZ258728_1_ORF2	0	0	1	1	FALSE	TRUE
CACAATTTCGAGGCGT-1	MZ286258_1_ORF1	0	0	1	1	FALSE	FALSE
CACAATTTCGCGCCTA-1	OP549859_1_ORF1	0	0	3	4	TRUE	TRUE
CACAATTTCGGATATA-1	OZ258728_1_ORF2	0	0	1	1	FALSE	FALSE
CACAATTTCGTACGTC-1	MZ286197_1_ORF2	0	0	1	1	FALSE	TRUE
CACAATTTCTAGAGGT-1	MZ286197_1_ORF2	0	0	1	2	FALSE	TRUE
CACAATTTCTATACCG-1	MZ286258_1_ORF2	0	0	1	1	FALSE	FALSE
CACACTATCCGTAGAG-1	MZ286102_1_ORF2	1	0	4	4	TRUE	TRUE
CACACTATCGACTCCG-1	meGFP	0	0	1	1	FALSE	TRUE
CACACTATCGAGCAGC-1	MZ286188_1_ORF1	0	0	1	1	FALSE	FALSE
CACACTATCTCGAAGG-1	MZ286258_1_ORF2	0	0	2	2	TRUE	TRUE
CACACTATCTGGGTAG-1	MZ286102_1_ORF2	0	0	1	1	FALSE	TRUE
CACACTTCAACACCGG-1	OP549859_1_ORF1	1	1	13	13	TRUE	TRUE
CACACTTCAACCTTAC-1	OP549859_1_ORF1	1	0	9	10	TRUE	TRUE
CACACTTCACAAGGCT-1	MZ286188_1_ORF1	0	0	1	1	FALSE	FALSE
CACACTTCACCAAGTA-1	meGFP	0	0	1	1	FALSE	TRUE
CACACTTCACCATGCC-1	OZ258728_1_ORF2	0	0	1	1	FALSE	TRUE
CACACTTCACGGGTAT-1	OP549859_1_ORF1	0	0	3	3	TRUE	TRUE
CACACTTCAGATTAAC-1	OZ258728_1_ORF2	0	0	1	1	FALSE	FALSE
CACACTTCAGTCGAGT-1	OP549859_1_ORF1	0	0	1	2	FALSE	FALSE
CACACTTCATACCGTT-1	MZ286197_1_ORF2	0	0	3	5	FALSE	TRUE
CACACTTCATATGCAG-1	OP549859_1_ORF1	1	1	10	10	TRUE	TRUE
CACACTTCATGCATCT-1	OZ258728_1_ORF1	0	0	1	1	FALSE	FALSE
CACACTTCATGTCGAA-1	meGFP	1	1	10	10	TRUE	TRUE
CACAGCGCAAAGGGCA-1	OZ258728_1_ORF2	1	1	32	32	TRUE	TRUE
CACAGCGCAACAGGCT-1	OZ258728_1_ORF2	0	0	1	1	FALSE	FALSE
CACAGCGCAAGCCACG-1	MZ286188_1_ORF1	0	0	1	1	FALSE	FALSE
CACAGCGCACGAATGC-1	MZ286197_1_ORF2	1	1	10	12	TRUE	TRUE
CACAGCGCACTCACGC-1	MZ286258_1_ORF2	0	0	1	2	FALSE	TRUE
CACAGCGCAGGTCTAA-1	OZ258728_1_ORF2	0	0	1	1	FALSE	FALSE
CACAGCGCAGTAAGGG-1	OP549859_1_ORF1	0	0	1	1	FALSE	FALSE
CACAGCGCAGTCGAGT-1	meGFP	0	0	1	1	FALSE	FALSE
CACAGCGCATATGAAC-1	meGFP	0	0	1	1	FALSE	TRUE
CACAGCGCATCCCGAC-1	meGFP	0	0	1	1	FALSE	TRUE
CACAGCGCATGAGCCG-1	MZ286197_1_ORF1	1	0	6	8	TRUE	TRUE
CACAGCGCATGTGCAA-1	meGFP	0	0	2	2	TRUE	TRUE
CACAGCGCATTAACGG-1	MZ286102_1_ORF2	0	0	3	3	TRUE	TRUE
CACAGTTGTACCTCGA-1	MZ286188_1_ORF1	0	0	1	2	FALSE	TRUE
CACAGTTGTATCGCCA-1	OZ258728_1_ORF2	0	0	1	1	FALSE	TRUE
CACAGTTGTCATCGTG-1	MZ286188_1_ORF1	1	0	4	4	TRUE	TRUE
CACAGTTGTGCCGGAA-1	MZ286188_1_ORF1	0	0	1	1	FALSE	FALSE
CACAGTTGTGGCGTGA-1	OZ258728_1_ORF2	1	1	32	32	TRUE	TRUE
CACAGTTGTGTCTGTG-1	MZ286258_1_ORF2	1	0	7	7	TRUE	TRUE
CACAGTTGTTTACCAA-1	MZ286102_1_ORF2	1	1	25	26	TRUE	TRUE
CACAGTTGTTTCCTGC-1	MZ286102_1_ORF1	0	0	1	1	FALSE	FALSE
CACATATTCAACCGGA-1	OP549859_1_ORF2	1	0	7	9	TRUE	TRUE
CACATATTCAGTGTGG-1	MZ286258_1_ORF2	0	0	2	2	TRUE	TRUE
CACATATTCGTACCCG-1	MZ286102_1_ORF1	1	0	4	4	TRUE	TRUE
CACATATTCTCCTTCG-1	OP549859_1_ORF1	0	0	1	2	FALSE	TRUE
CACATATTCTTCGCAA-1	MZ286188_1_ORF2	0	0	1	2	FALSE	TRUE
CACATGCTCAGCCGAA-1	MZ286188_1_ORF2	0	0	1	1	FALSE	TRUE
CACATGCTCAGCTTCA-1	MZ286197_1_ORF1	1	1	13	14	TRUE	TRUE
CACATGCTCCAATCAT-1	OZ258728_1_ORF2	1	1	235	235	TRUE	TRUE
CACATGCTCCCTGGTG-1	MZ286197_1_ORF2	0	0	2	3	FALSE	TRUE
CACATGCTCCTGCCTC-1	OZ258728_1_ORF2	0	0	1	1	FALSE	TRUE
CACATGCTCGTGAGGC-1	OZ258728_1_ORF1	1	1	15	15	TRUE	TRUE
CACATGCTCTAGGCTC-1	OZ258728_1_ORF1	0	0	1	1	FALSE	TRUE
CACATGCTCTCCTTCG-1	MZ286197_1_ORF2	0	0	1	1	FALSE	TRUE
CACCAACTCATTCACG-1	OZ258728_1_ORF2	1	1	106	108	TRUE	TRUE
CACCAACTCCATCGCG-1	MZ286258_1_ORF2	0	0	1	1	FALSE	FALSE
CACCAACTCCCTTCCA-1	meGFP	1	1	10	10	TRUE	TRUE
CACCAACTCCGAACGA-1	OP549859_1_ORF1	0	0	1	1	FALSE	FALSE
CACCAACTCCGTAGAG-1	MZ286102_1_ORF2	0	0	2	2	TRUE	TRUE
CACCAACTCCTGTCAA-1	MZ286258_1_ORF2	1	1	10	10	TRUE	TRUE
CACCAACTCGACGGGT-1	MZ286102_1_ORF1	0	0	1	2	FALSE	TRUE
CACCAACTCGCCTGCA-1	OZ258728_1_ORF2	0	0	1	1	FALSE	FALSE
CACCAACTCGTAGACG-1	OZ258728_1_ORF2	0	0	1	1	FALSE	FALSE
CACCAACTCTAGATGA-1	MZ286102_1_ORF2	0	0	3	3	TRUE	TRUE
CACCAACTCTCTGGTA-1	MZ286258_1_ORF2	1	0	9	11	TRUE	TRUE
CACCAACTCTTGCCTT-1	OZ258728_1_ORF2	0	0	1	1	FALSE	FALSE
CACCAAGAGACCAGTG-1	OP549859_1_ORF2	0	0	3	4	TRUE	TRUE
CACCAAGAGACGATAC-1	MZ286188_1_ORF1	2	2	107	131	TRUE	TRUE
CACCAAGAGACTCATT-1	MZ286102_1_ORF2	0	0	1	1	FALSE	TRUE
CACCAAGAGACTCCGT-1	OZ258728_1_ORF2	1	1	57	57	TRUE	TRUE
CACCAAGAGATTCGGG-1	OZ258728_1_ORF2	1	1	37	37	TRUE	TRUE
CACCAAGAGCGATTCC-1	MZ286188_1_ORF1	0	0	1	1	FALSE	FALSE
CACCAAGAGCTACTTG-1	MZ286258_1_ORF2	0	0	1	1	FALSE	FALSE
CACCAAGAGGAATCTA-1	meGFP	1	1	10	11	TRUE	TRUE
CACCAAGAGGATCCCT-1	MZ286102_1_ORF2	0	0	2	2	TRUE	TRUE
CACCAAGAGGTGTGGC-1	OZ258728_1_ORF2	0	0	1	1	FALSE	FALSE
CACCAAGAGTCAACCC-1	meGFP	0	0	1	1	FALSE	TRUE
CACCAAGAGTCAACTT-1	OZ258728_1_ORF1	0	0	1	1	FALSE	FALSE
CACCAAGAGTCCGTTA-1	OZ258728_1_ORF2	0	0	1	1	FALSE	FALSE
CACCAAGAGTGGGTCA-1	MZ286197_1_ORF1	1	0	9	10	TRUE	TRUE
CACCAATGTAAGCTAG-1	MZ286102_1_ORF2	0	0	1	2	FALSE	TRUE
CACCAATGTACCCAAT-1	MZ286197_1_ORF2	0	0	2	3	FALSE	TRUE
CACCAATGTACCGACC-1	OZ258728_1_ORF1	0	0	1	1	FALSE	FALSE
CACCAATGTACTTCCC-1	meGFP	0	0	1	1	FALSE	TRUE
CACCAATGTAGTGACA-1	MZ286258_1_ORF2	1	1	21	22	TRUE	TRUE
CACCAATGTCCACACA-1	meGFP	0	0	2	3	FALSE	TRUE
CACCAATGTGCACTCA-1	OZ258728_1_ORF2	0	0	1	1	FALSE	FALSE
CACCAATGTGCGCGTT-1	meGFP	0	0	1	1	FALSE	TRUE
CACCAATGTTATAGCC-1	MZ286188_1_ORF2	0	0	2	3	FALSE	TRUE
CACCAATGTTATCCGG-1	MZ286258_1_ORF1	0	0	1	2	FALSE	TRUE
CACCAATGTTCGATTA-1	OZ258728_1_ORF1	1	1	11	12	TRUE	TRUE
CACCAATGTTGGACTT-1	MZ286188_1_ORF2	0	0	1	1	FALSE	FALSE
CACCAATGTTGTAGCT-1	OP549859_1_ORF1	0	0	2	4	FALSE	TRUE
CACCAATGTTTACCAA-1	OZ258728_1_ORF2	0	0	1	1	FALSE	FALSE
CACCAGGCAATACCGA-1	MZ286197_1_ORF1	0	0	1	1	FALSE	TRUE
CACCAGGCAATTAGAC-1	OP549859_1_ORF2	1	1	14	14	TRUE	TRUE
CACCAGGCACACTGGG-1	meGFP	0	0	1	1	FALSE	FALSE
CACCAGGCACCATGCC-1	OZ258728_1_ORF1	0	0	1	2	FALSE	TRUE
CACCAGGCACTTCCAG-1	MZ286197_1_ORF1	1	0	7	8	TRUE	TRUE
CACCAGGCAGGTCTCC-1	meGFP	0	0	1	1	FALSE	FALSE
CACCAGGCATGTCGGG-1	MZ286197_1_ORF1	0	0	1	1	FALSE	FALSE
CACCAGGCATTGCCCA-1	meGFP	0	0	1	1	FALSE	FALSE
CACCCTCTCAATCGCC-1	meGFP	1	1	18	18	TRUE	TRUE
CACCCTCTCACACTTG-1	OZ258728_1_ORF2	0	0	1	1	FALSE	TRUE
CACCCTCTCCACCAAC-1	OP549859_1_ORF2	1	0	5	6	TRUE	TRUE
CACCCTCTCCCCGGTA-1	OP549859_1_ORF1	0	0	1	2	FALSE	TRUE
CACCCTCTCCCTGGTG-1	OP549859_1_ORF1	0	0	1	1	FALSE	TRUE
CACCCTCTCGACCTTA-1	MZ286188_1_ORF1	1	1	54	54	TRUE	TRUE
CACCCTCTCGAGGCGT-1	OP549859_1_ORF1	0	0	1	3	FALSE	TRUE
CACCCTCTCGCTTGAC-1	MZ286258_1_ORF2	0	0	1	2	FALSE	TRUE
CACCCTCTCGGTCTAC-1	MZ286188_1_ORF2	1	0	7	7	TRUE	TRUE
CACCCTCTCTACGCCG-1	meGFP	0	0	1	1	FALSE	TRUE
CACCCTCTCTCGATTG-1	MZ286188_1_ORF1	0	0	1	1	FALSE	FALSE
CACCGCCAGAAGGACA-1	MZ286102_1_ORF2	1	0	8	9	TRUE	TRUE
CACCGCCAGAAGTTGC-1	OP549859_1_ORF2	0	0	1	1	FALSE	FALSE
CACCGCCAGATGGTGT-1	OZ258728_1_ORF2	0	0	1	1	FALSE	TRUE
CACCGCCAGCAAGGTT-1	MZ286102_1_ORF2	1	0	7	8	TRUE	TRUE
CACCGCCAGCGAACTG-1	meGFP	0	0	2	3	FALSE	TRUE
CACCGCCAGCGCAGTA-1	MZ286102_1_ORF2	1	1	16	18	TRUE	TRUE
CACCGCCAGCGCCTAT-1	MZ286102_1_ORF2	0	0	1	1	FALSE	FALSE
CACCGCCAGCGTAAGT-1	MZ286188_1_ORF2	0	0	2	2	TRUE	TRUE
CACCGCCAGGCGTGAC-1	OZ258728_1_ORF2	0	0	2	2	TRUE	FALSE
CACCGCCAGGGTGATT-1	MZ286258_1_ORF2	0	0	3	3	TRUE	TRUE
CACCGTTAGACGCCTT-1	MZ286102_1_ORF1	0	0	1	1	FALSE	FALSE
CACCGTTAGCACGTTC-1	OZ258728_1_ORF1	0	0	1	1	FALSE	TRUE
CACCGTTAGGAAGTAG-1	OZ258728_1_ORF2	0	0	1	1	FALSE	TRUE
CACCGTTAGGGAGCAG-1	MZ286197_1_ORF2	1	0	5	5	TRUE	TRUE
CACCGTTAGTCCTCAA-1	OZ258728_1_ORF2	0	0	1	1	FALSE	TRUE
CACCGTTAGTCTCACA-1	OZ258728_1_ORF1	1	1	37	38	TRUE	TRUE
CACCGTTAGTGTAATG-1	MZ286197_1_ORF2	1	0	5	6	TRUE	TRUE
CACCGTTAGTTGGCGA-1	MZ286102_1_ORF1	0	0	1	3	FALSE	TRUE
CACCTCGAGACGCCTT-1	meGFP	0	0	1	1	FALSE	FALSE
CACCTCGAGAGCTGGC-1	OP549859_1_ORF1	1	0	6	7	TRUE	TRUE
CACCTCGAGATAGACC-1	meGFP	0	0	1	1	FALSE	FALSE
CACCTCGAGCATTGGG-1	OZ258728_1_ORF2	1	1	23	23	TRUE	TRUE
CACCTCGAGCGCTAGA-1	MZ286188_1_ORF1	1	1	16	16	TRUE	TRUE
CACCTCGAGCTTACGC-1	MZ286258_1_ORF2	1	1	13	13	TRUE	TRUE
CACCTCGAGGAAGTAG-1	OP549859_1_ORF1	0	0	1	1	FALSE	FALSE
CACCTCGAGGATCGCA-1	MZ286102_1_ORF1	0	0	1	1	FALSE	TRUE
CACCTCGAGGTCCAGA-1	MZ286258_1_ORF2	0	0	1	1	FALSE	TRUE
CACCTCGAGTCTAGTT-1	MZ286188_1_ORF2	1	1	14	17	TRUE	TRUE
CACCTGTAGAGGCATT-1	MZ286258_1_ORF2	1	0	7	7	TRUE	TRUE
CACCTGTAGCAACTAA-1	meGFP	0	0	1	1	FALSE	TRUE
CACCTGTAGCAATCAA-1	OZ258728_1_ORF2	1	1	23	23	TRUE	TRUE
CACCTGTAGCATCCGT-1	meGFP	0	0	2	3	FALSE	TRUE
CACCTGTAGCGGAACC-1	MZ286258_1_ORF2	0	0	1	3	FALSE	TRUE
CACCTGTAGGAGCATT-1	OZ258728_1_ORF2	0	0	1	1	FALSE	FALSE
CACCTGTAGGATGGAA-1	MZ286188_1_ORF2	0	0	1	2	FALSE	TRUE
CACCTGTAGGCATGTG-1	MZ286258_1_ORF1	0	0	2	3	FALSE	TRUE
CACCTGTAGGCGAAGG-1	MZ286258_1_ORF2	0	0	1	2	FALSE	FALSE
CACCTGTAGGGCCAGT-1	MZ286188_1_ORF1	0	0	1	1	FALSE	TRUE
CACCTGTAGGTAGGTT-1	MZ286102_1_ORF2	1	0	7	11	TRUE	TRUE
CACCTGTAGGTCGTCT-1	meGFP	0	0	1	1	FALSE	FALSE
CACCTGTAGTAAGCAC-1	MZ286197_1_ORF1	0	0	1	1	FALSE	TRUE
CACCTGTAGTTGCACC-1	MZ286258_1_ORF2	0	0	1	1	FALSE	FALSE
CACGAATAGAACCCAG-1	MZ286258_1_ORF1	1	0	5	7	TRUE	TRUE
CACGAATAGAATGGAG-1	meGFP	0	0	1	1	FALSE	FALSE
CACGAATAGCACCATC-1	OZ258728_1_ORF2	0	0	3	3	TRUE	TRUE
CACGAATAGCCTTCCC-1	MZ286102_1_ORF1	0	0	3	5	FALSE	TRUE
CACGAATAGCTCATGC-1	MZ286188_1_ORF1	0	0	1	1	FALSE	FALSE
CACGAATAGGGCGTGT-1	OP549859_1_ORF1	0	0	1	1	FALSE	FALSE
CACGAATAGGGTTAGT-1	MZ286258_1_ORF2	1	1	13	15	TRUE	TRUE
CACGAATAGGTAGGAA-1	OZ258728_1_ORF2	0	0	1	1	FALSE	FALSE
CACGAATAGTAATCCT-1	MZ286258_1_ORF2	0	0	1	1	FALSE	FALSE
CACGAATAGTCATTAC-1	OP549859_1_ORF1	0	0	1	1	FALSE	FALSE
CACGAATAGTGCGGAC-1	MZ286258_1_ORF2	1	0	6	6	TRUE	TRUE
CACGAATAGTTACCAT-1	MZ286102_1_ORF2	1	0	4	4	TRUE	TRUE
CACGCACGTGACCTTG-1	MZ286197_1_ORF1	0	0	1	1	FALSE	TRUE
CACGCACGTGAGATAT-1	MZ286102_1_ORF1	0	0	1	1	FALSE	FALSE
CACGCACGTGGCGTCT-1	OP549859_1_ORF2	1	0	7	7	TRUE	TRUE
CACGCACGTGGTGCGA-1	MZ286258_1_ORF1	1	1	40	41	TRUE	TRUE
CACGCACGTGTGTCGC-1	OP549859_1_ORF2	1	0	5	6	TRUE	TRUE
CACGCACGTGTTGAGA-1	OP549859_1_ORF1	0	0	1	2	FALSE	FALSE
CACGCACGTTATCCAA-1	MZ286197_1_ORF2	0	0	1	1	FALSE	FALSE
CACGCACGTTCGCTGA-1	OZ258728_1_ORF2	0	0	1	1	FALSE	FALSE
CACGCCCAGAAGCAAG-1	MZ286258_1_ORF2	0	0	1	1	FALSE	FALSE
CACGCCCAGAAGCGTT-1	OZ258728_1_ORF2	0	0	1	1	FALSE	FALSE
CACGCCCAGACTCGCT-1	MZ286197_1_ORF2	0	0	2	2	TRUE	TRUE
CACGCCCAGAGTTAGC-1	OZ258728_1_ORF2	0	0	1	2	FALSE	TRUE
CACGCCCAGCATTGGG-1	OZ258728_1_ORF2	0	0	1	1	FALSE	FALSE
CACGCCCAGCGGATCA-1	OZ258728_1_ORF1	1	1	25	25	TRUE	TRUE
CACGCCCAGGAATGTC-1	MZ286258_1_ORF2	1	0	6	6	TRUE	TRUE
CACGCCCAGGGATGAA-1	MZ286197_1_ORF2	0	0	1	2	FALSE	TRUE
CACGCCCAGGTAGACT-1	meGFP	0	0	1	1	FALSE	FALSE
CACGCCCAGGTTCATT-1	OZ258728_1_ORF1	1	1	34	35	TRUE	TRUE
CACGCCCAGTAACCAA-1	MZ286188_1_ORF2	2	0	8	15	FALSE	TRUE
CACGCCCAGTCGCTCG-1	meGFP	0	0	1	2	FALSE	TRUE
CACGCCTCAACGGGTT-1	meGFP	0	0	1	1	FALSE	TRUE
CACGCCTCAAGATGGG-1	OZ258728_1_ORF2	0	0	1	1	FALSE	TRUE
CACGCCTCAATACCGA-1	MZ286102_1_ORF2	1	0	6	7	TRUE	TRUE
CACGCCTCACCGGATG-1	MZ286197_1_ORF2	1	0	4	4	TRUE	TRUE
CACGCCTCATCCCGAC-1	MZ286102_1_ORF2	0	0	1	2	FALSE	TRUE
CACGCCTCATTCCGTG-1	MZ286102_1_ORF2	0	0	1	1	FALSE	FALSE
CACGCTTAGAAGTGAG-1	MZ286258_1_ORF1	0	0	1	1	FALSE	FALSE
CACGCTTAGATGGTGT-1	OP549859_1_ORF1	0	0	1	1	FALSE	TRUE
CACGCTTAGCATTGGG-1	MZ286102_1_ORF2	0	0	1	1	FALSE	FALSE
CACGCTTAGCTACTTG-1	MZ286258_1_ORF2	0	0	1	1	FALSE	FALSE
CACGCTTAGGCATGTG-1	OZ258728_1_ORF2	0	0	2	3	FALSE	TRUE
CACGCTTAGTGATAGC-1	meGFP	0	0	1	1	FALSE	FALSE
CACGGAGGTCCGTCAA-1	OP549859_1_ORF1	0	0	1	1	FALSE	FALSE
CACGGAGGTGATCAAG-1	MZ286188_1_ORF1	0	0	1	1	FALSE	FALSE
CACGGAGGTTCGTAGT-1	OZ258728_1_ORF1	0	0	1	1	FALSE	FALSE
CACGGAGGTTTCCTAT-1	MZ286102_1_ORF2	2	1	11	16	FALSE	TRUE
CACGGATCACGCGAAT-1	MZ286102_1_ORF2	1	0	6	8	TRUE	TRUE
CACGGATCAGACACAC-1	OP549859_1_ORF2	0	0	1	1	FALSE	FALSE
CACGGATCAGCTATCT-1	MZ286197_1_ORF2	0	0	1	1	FALSE	FALSE
CACGGATCAGCTGATA-1	OP549859_1_ORF1	1	1	22	25	TRUE	TRUE
CACGGATCATCCCGAC-1	MZ286197_1_ORF1	1	1	78	78	TRUE	TRUE
CACGGATCATGCTCGC-1	OP549859_1_ORF1	0	0	1	1	FALSE	FALSE
CACGGGTAGAGGTCTG-1	MZ286188_1_ORF2	0	0	2	3	FALSE	TRUE
CACGGGTAGATCAAGC-1	OZ258728_1_ORF2	0	0	1	1	FALSE	TRUE
CACGGGTAGCAGCATG-1	OP549859_1_ORF1	0	0	2	2	TRUE	TRUE
CACGGGTAGCGATTAA-1	OZ258728_1_ORF1	0	0	1	1	FALSE	TRUE
CACGGGTAGCGGGCAT-1	OZ258728_1_ORF2	0	0	1	1	FALSE	TRUE
CACGGGTAGCGTACCT-1	MZ286102_1_ORF2	0	0	1	1	FALSE	FALSE
CACGGGTAGGTTGGGC-1	meGFP	0	0	2	5	FALSE	TRUE
CACGGGTAGTAACCAA-1	meGFP	1	1	10	10	TRUE	TRUE
CACGGGTAGTAACGCG-1	meGFP	0	0	1	1	FALSE	FALSE
CACGGGTAGTAATCCT-1	meGFP	1	1	28	30	TRUE	TRUE
CACGGGTAGTCAACTT-1	MZ286258_1_ORF2	0	0	1	1	FALSE	FALSE
CACGGGTAGTCTAGTT-1	OZ258728_1_ORF2	0	0	1	1	FALSE	FALSE
CACGGGTAGTGAGAGA-1	OZ258728_1_ORF1	0	0	2	2	TRUE	TRUE
CACGGTAAGAAGTTGC-1	MZ286102_1_ORF2	0	0	1	1	FALSE	TRUE
CACGGTAAGACCCTGT-1	OP549859_1_ORF2	2	1	13	20	FALSE	TRUE
CACGGTAAGAGAGGTA-1	MZ286102_1_ORF2	0	0	1	2	FALSE	TRUE
CACGGTAAGCGGATTG-1	MZ286102_1_ORF1	0	0	1	1	FALSE	FALSE
CACGGTAAGCTTGAGG-1	MZ286102_1_ORF1	0	0	1	2	FALSE	FALSE
CACGGTAAGGATCCCT-1	OZ258728_1_ORF2	0	0	1	1	FALSE	TRUE
CACGGTAAGGCTGCAA-1	MZ286102_1_ORF1	1	1	33	33	TRUE	TRUE
CACGGTAAGGGATGGG-1	OZ258728_1_ORF2	1	1	19	21	TRUE	TRUE
CACGGTAAGGGTGTCA-1	meGFP	0	0	1	1	FALSE	TRUE
CACGGTAAGTAGACAC-1	OP549859_1_ORF1	0	0	1	1	FALSE	FALSE
CACGGTAAGTATAGGC-1	OP549859_1_ORF2	0	0	2	2	TRUE	TRUE
CACGGTAAGTGATAGC-1	MZ286197_1_ORF1	1	1	16	16	TRUE	TRUE
CACGGTAAGTGGGTTG-1	MZ286197_1_ORF1	0	0	1	1	FALSE	FALSE
CACGTAACAACATCCT-1	OP549859_1_ORF1	0	0	1	1	FALSE	FALSE
CACGTAACAACCTCAT-1	MZ286197_1_ORF2	0	0	1	1	FALSE	TRUE
CACGTAACACGCCATC-1	OZ258728_1_ORF2	0	0	1	1	FALSE	FALSE
CACGTAACATAGCGCG-1	meGFP	1	1	33	33	TRUE	TRUE
CACGTAACATAGTAAC-1	MZ286188_1_ORF2	0	0	2	2	TRUE	TRUE
CACGTAACATCAGAGC-1	meGFP	1	1	103	104	TRUE	TRUE
CACGTAACATGTCGGG-1	MZ286258_1_ORF2	0	0	1	1	FALSE	TRUE
CACGTGGCAAACGTAT-1	OZ258728_1_ORF2	0	0	1	1	FALSE	FALSE
CACGTGGCAACCCAGG-1	meGFP	0	0	1	1	FALSE	FALSE
CACGTGGCAAGGGTAG-1	MZ286258_1_ORF1	0	0	1	1	FALSE	FALSE
CACGTGGCACAAGGCT-1	OZ258728_1_ORF2	1	1	57	57	TRUE	TRUE
CACGTGGCACTCACAT-1	MZ286188_1_ORF1	0	0	1	1	FALSE	TRUE
CACGTGGCAGGCTATA-1	MZ286102_1_ORF2	1	0	7	7	TRUE	TRUE
CACGTGGCAGTCCAGG-1	MZ286258_1_ORF1	0	0	1	2	FALSE	FALSE
CACGTGGCATAATCCC-1	OP549859_1_ORF2	0	0	2	2	TRUE	TRUE
CACGTGGCATCAAGTG-1	OP549859_1_ORF2	0	0	1	1	FALSE	FALSE
CACGTGGCATGCAGGT-1	OZ258728_1_ORF2	0	0	2	2	TRUE	TRUE
CACTAATTCGATGTCC-1	OP549859_1_ORF1	1	1	26	26	TRUE	FALSE
CACTAATTCGCAACTC-1	OZ258728_1_ORF2	0	0	1	2	FALSE	TRUE
CACTAATTCGCTATGC-1	MZ286188_1_ORF2	0	0	2	2	TRUE	FALSE
CACTAATTCTACGCCG-1	MZ286102_1_ORF2	1	1	12	12	TRUE	TRUE
CACTAATTCTAGCTTG-1	OP549859_1_ORF1	0	0	1	1	FALSE	FALSE
CACTACCAGAAGCGCC-1	OZ258728_1_ORF2	0	0	1	1	FALSE	TRUE
CACTACCAGACTTGAA-1	MZ286258_1_ORF2	0	0	3	3	TRUE	TRUE
CACTACCAGAGAGGTA-1	MZ286102_1_ORF2	1	1	27	27	TRUE	TRUE
CACTACCAGCCAGGGT-1	OZ258728_1_ORF1	1	1	12	12	TRUE	TRUE
CACTACCAGCTTGATT-1	OZ258728_1_ORF2	1	1	52	53	TRUE	TRUE
CACTACCAGCTTGGTC-1	MZ286197_1_ORF2	1	0	8	11	TRUE	TRUE
CACTACCAGGAATGTC-1	OZ258728_1_ORF1	1	1	27	28	TRUE	TRUE
CACTACCAGGATGGTT-1	MZ286258_1_ORF2	2	1	12	18	FALSE	TRUE
CACTACCAGGCGAACC-1	OZ258728_1_ORF2	0	0	1	1	FALSE	FALSE
CACTACGGTCAATCTA-1	OZ258728_1_ORF2	1	0	5	5	TRUE	TRUE
CACTACGGTGTAACTC-1	MZ286102_1_ORF2	2	2	21	34	FALSE	TRUE
CACTACGGTGTCCGGT-1	meGFP	1	0	5	5	TRUE	TRUE
CACTACGGTTAGTTGC-1	meGFP	0	0	1	1	FALSE	FALSE
CACTCATCAACATCCT-1	meGFP	1	1	14	15	TRUE	TRUE
CACTCATCAAGATTAC-1	OZ258728_1_ORF1	1	0	6	8	TRUE	TRUE
CACTCATCAATCACGA-1	OZ258728_1_ORF1	0	0	1	1	FALSE	FALSE
CACTCATCACAAGGGA-1	OZ258728_1_ORF2	0	0	1	1	FALSE	TRUE
CACTCATCACAGTTAG-1	OZ258728_1_ORF2	1	1	34	35	TRUE	TRUE
CACTCATCACCCATTG-1	OZ258728_1_ORF1	0	0	1	1	FALSE	FALSE
CACTCATCACCGTTCA-1	MZ286197_1_ORF1	0	0	3	4	TRUE	TRUE
CACTCATCACTGATGA-1	OZ258728_1_ORF2	0	0	1	2	FALSE	TRUE
CACTCATCAGCAAGTC-1	OZ258728_1_ORF1	0	0	1	2	FALSE	TRUE
CACTCATCAGCGCACA-1	meGFP	0	0	1	1	FALSE	FALSE
CACTCATCAGGGTTAC-1	OP549859_1_ORF1	0	0	1	1	FALSE	TRUE
CACTCATCAGGTAGAG-1	OZ258728_1_ORF2	0	0	1	1	FALSE	FALSE
CACTCATCATACCGTT-1	OP549859_1_ORF1	1	1	13	13	TRUE	TRUE
CACTCATCATTCCGTG-1	OP549859_1_ORF1	0	0	1	1	FALSE	TRUE
CACTGGTTCAAGCGTG-1	OZ258728_1_ORF2	0	0	1	1	FALSE	FALSE
CACTGGTTCAGGACGC-1	OZ258728_1_ORF1	0	0	1	1	FALSE	FALSE
CACTGGTTCATAGAGC-1	OZ258728_1_ORF2	0	0	1	1	FALSE	TRUE
CACTGGTTCATCCCTT-1	meGFP	0	0	1	1	FALSE	TRUE
CACTGGTTCATCGTTG-1	MZ286197_1_ORF2	0	0	1	2	FALSE	TRUE
CACTGGTTCGCTTAAT-1	OP549859_1_ORF1	0	0	1	1	FALSE	FALSE
CACTGGTTCTACCAGC-1	OP549859_1_ORF2	0	0	1	1	FALSE	FALSE
CACTGGTTCTCTGTGA-1	MZ286258_1_ORF2	1	1	18	19	TRUE	TRUE
CACTGGTTCTTGAGCC-1	MZ286102_1_ORF1	0	0	1	1	FALSE	FALSE
CACTGTATCAGGATGT-1	MZ286258_1_ORF2	0	0	1	1	FALSE	FALSE
CACTGTATCCCACAGT-1	OZ258728_1_ORF2	1	1	36	39	TRUE	TRUE
CACTGTATCCCGCAAT-1	MZ286258_1_ORF2	0	0	1	1	FALSE	FALSE
CACTGTATCCCGTGCA-1	MZ286197_1_ORF2	0	0	1	1	FALSE	TRUE
CACTGTATCCGCATGT-1	OP549859_1_ORF1	0	0	1	1	FALSE	FALSE
CACTGTATCCTCCGTC-1	MZ286188_1_ORF2	1	1	33	33	TRUE	TRUE
CACTGTATCCTCGACG-1	MZ286188_1_ORF2	0	0	1	1	FALSE	FALSE
CACTGTATCGAGGTCA-1	MZ286197_1_ORF1	0	0	1	1	FALSE	TRUE
CACTGTATCGCCTGCA-1	OP549859_1_ORF1	1	1	22	22	TRUE	TRUE
CACTGTATCTAAGCGG-1	OP549859_1_ORF2	0	0	1	1	FALSE	FALSE
CACTGTATCTCGACCG-1	MZ286188_1_ORF2	0	0	1	1	FALSE	TRUE
CACTGTATCTTCGTCT-1	OZ258728_1_ORF2	1	1	41	41	TRUE	TRUE
CACTTCGCAACCCAGG-1	OZ258728_1_ORF2	2	1	44	49	TRUE	TRUE
CACTTCGCAATCCGGG-1	MZ286188_1_ORF1	0	0	1	1	FALSE	TRUE
CACTTCGCAATTAGAC-1	OZ258728_1_ORF2	2	2	37	57	FALSE	TRUE
CACTTCGCAATTGAAC-1	MZ286188_1_ORF1	1	0	4	4	TRUE	TRUE
CACTTCGCACTCGTCA-1	OP549859_1_ORF1	0	0	1	1	FALSE	FALSE
CACTTCGCAGAACCCG-1	OP549859_1_ORF1	0	0	1	1	FALSE	TRUE
CACTTCGCAGCTATCT-1	MZ286102_1_ORF2	0	0	3	4	TRUE	TRUE
CACTTCGCATGGTCCC-1	MZ286102_1_ORF2	1	0	6	6	TRUE	TRUE
CACTTCGCATGTCGGG-1	MZ286188_1_ORF1	0	0	1	1	FALSE	TRUE
CACTTCGCATTACAGG-1	OZ258728_1_ORF2	0	0	1	1	FALSE	FALSE
CACTTGATCACGAAGT-1	meGFP	0	0	1	1	FALSE	FALSE
CACTTGATCAGCTTCA-1	MZ286197_1_ORF1	1	1	22	23	TRUE	TRUE
CACTTGATCCCCTTCA-1	OZ258728_1_ORF2	0	0	1	1	FALSE	TRUE
CACTTGATCCCGTAGT-1	OZ258728_1_ORF1	1	0	5	5	TRUE	TRUE
CACTTGATCCTTCACT-1	MZ286188_1_ORF1	1	1	22	22	TRUE	TRUE
CACTTGATCGCTACTA-1	meGFP	1	1	43	43	TRUE	TRUE
CACTTGATCGTACGTC-1	meGFP	1	1	38	38	TRUE	TRUE
CACTTGATCTACCGAC-1	MZ286188_1_ORF1	0	0	1	1	FALSE	TRUE
CACTTGATCTCTAACG-1	MZ286197_1_ORF1	1	0	7	7	TRUE	TRUE
CACTTGATCTGATAGA-1	MZ286197_1_ORF2	1	0	4	5	TRUE	TRUE
CACTTGATCTGGGTTC-1	meGFP	0	0	1	1	FALSE	FALSE
CACTTGATCTGTATGT-1	MZ286197_1_ORF2	0	0	2	3	FALSE	TRUE
CACTTTACAACGGGTT-1	MZ286258_1_ORF2	0	0	2	2	TRUE	TRUE
CACTTTACAATGTCCT-1	OZ258728_1_ORF1	1	1	15	15	TRUE	TRUE
CACTTTACACCGTACC-1	OP549859_1_ORF1	0	0	1	1	FALSE	FALSE
CACTTTACACGATTGA-1	OZ258728_1_ORF2	2	1	22	27	TRUE	TRUE
CACTTTACACTGATGA-1	MZ286102_1_ORF2	0	0	1	1	FALSE	TRUE
CACTTTACAGCTTAGA-1	OP549859_1_ORF2	0	0	1	1	FALSE	FALSE
CACTTTACAGGGTTAC-1	OP549859_1_ORF1	0	0	1	1	FALSE	FALSE
CACTTTACAGGTAGCT-1	OZ258728_1_ORF2	0	0	1	1	FALSE	FALSE
CACTTTACATAAGGTT-1	MZ286102_1_ORF2	1	0	6	6	TRUE	TRUE
CACTTTACATGGCTGG-1	OZ258728_1_ORF2	1	1	110	110	TRUE	TRUE
CACTTTACATTGAAGT-1	OZ258728_1_ORF2	0	0	1	1	FALSE	FALSE
CAGCAACCAAACTGTG-1	meGFP	1	1	54	55	TRUE	TRUE
CAGCAACCAACGGGTT-1	OZ258728_1_ORF1	0	0	1	1	FALSE	TRUE
CAGCAACCAAGACTAT-1	MZ286258_1_ORF2	0	0	3	3	TRUE	TRUE
CAGCAACCACGAACCG-1	OZ258728_1_ORF1	1	0	4	4	TRUE	TRUE
CAGCAACCAGTTGGTA-1	OP549859_1_ORF2	1	1	11	11	TRUE	TRUE
CAGCAACCATACCGGG-1	MZ286197_1_ORF1	0	0	1	1	FALSE	FALSE
CAGCAACCATCCAGCC-1	meGFP	0	0	1	1	FALSE	TRUE
CAGCAACCATGCTCGC-1	MZ286197_1_ORF2	1	0	4	4	TRUE	TRUE
CAGCAATAGAATCCGG-1	OP549859_1_ORF1	1	0	8	8	TRUE	TRUE
CAGCAATAGCAATGAC-1	MZ286102_1_ORF2	1	0	6	6	TRUE	TRUE
CAGCAATAGCGACGGT-1	meGFP	1	0	6	7	TRUE	TRUE
CAGCAATAGCTGGACA-1	meGFP	1	1	14	14	TRUE	TRUE
CAGCAATAGGTGGCTA-1	OZ258728_1_ORF1	0	0	1	1	FALSE	TRUE
CAGCAATAGGTTGGGC-1	OP549859_1_ORF2	0	0	2	2	TRUE	TRUE
CAGCAATAGTACCAGG-1	MZ286102_1_ORF2	0	0	2	2	TRUE	TRUE
CAGCACCGTACCTGGC-1	OZ258728_1_ORF2	0	0	1	2	FALSE	TRUE
CAGCACCGTACTTGGT-1	OZ258728_1_ORF2	0	0	1	1	FALSE	TRUE
CAGCACCGTCGATGAA-1	OZ258728_1_ORF2	0	0	1	1	FALSE	FALSE
CAGCACCGTGGGTCGA-1	MZ286188_1_ORF1	0	0	2	2	TRUE	FALSE
CAGCACCGTGGTGCGA-1	OP549859_1_ORF1	1	0	6	6	TRUE	TRUE
CAGCACCGTTACGTTA-1	OZ258728_1_ORF2	1	1	30	30	TRUE	TRUE
CAGCACCGTTCCAACG-1	OP549859_1_ORF2	1	1	12	14	TRUE	TRUE
CAGCACCGTTCCACTC-1	meGFP	1	1	21	21	TRUE	TRUE
CAGCACCGTTTCCTAT-1	MZ286197_1_ORF1	0	0	1	1	FALSE	FALSE
CAGCACGCAACACCAA-1	MZ286188_1_ORF2	0	0	0	0	FALSE	TRUE
CAGCACGCACCTCTAG-1	MZ286102_1_ORF2	0	0	2	2	TRUE	TRUE
CAGCACGCACTTCCAG-1	OZ258728_1_ORF2	0	0	1	2	FALSE	TRUE
CAGCACGCAGAACGCT-1	MZ286197_1_ORF1	0	0	1	1	FALSE	TRUE
CAGCACGCAGATTCGA-1	meGFP	0	0	2	2	TRUE	TRUE
CAGCACGCAGGTCTCC-1	meGFP	0	0	1	1	FALSE	FALSE
CAGCACGCATTCGCTG-1	OZ258728_1_ORF2	1	1	20	21	TRUE	TRUE
CAGCCACGTAGTCGGG-1	OZ258728_1_ORF2	0	0	1	1	FALSE	TRUE
CAGCCACGTCCTGACA-1	MZ286102_1_ORF2	0	0	1	2	FALSE	FALSE
CAGCCACGTCTAGTGT-1	OZ258728_1_ORF2	0	0	1	1	FALSE	FALSE
CAGCCACGTGAATCTC-1	meGFP	1	1	40	40	TRUE	TRUE
CAGCCACGTGACCTCA-1	OZ258728_1_ORF2	0	0	1	1	FALSE	TRUE
CAGCCACGTGCCTAAT-1	meGFP	1	1	10	12	TRUE	TRUE
CAGCCACGTTGGTTAC-1	MZ286102_1_ORF2	0	0	2	2	TRUE	TRUE
CAGCCACGTTTACCAA-1	OZ258728_1_ORF2	2	2	29	42	FALSE	TRUE
CAGCCACGTTTGGCGC-1	MZ286102_1_ORF2	1	1	29	31	TRUE	TRUE
CAGCCCCAGAACCGTG-1	MZ286102_1_ORF2	1	1	16	21	TRUE	TRUE
CAGCCCCAGACTCCGT-1	OZ258728_1_ORF2	0	0	1	1	FALSE	FALSE
CAGCCCCAGAGATTGC-1	meGFP	0	0	1	1	FALSE	FALSE
CAGCCCCAGATGGCGC-1	OZ258728_1_ORF2	1	1	22	22	TRUE	TRUE
CAGCCCCAGCGGATTG-1	OP549859_1_ORF1	0	0	1	1	FALSE	FALSE
CAGCCCCAGCTATACT-1	MZ286258_1_ORF1	0	0	1	1	FALSE	TRUE
CAGCCCCAGGGTTCGA-1	MZ286102_1_ORF2	0	0	2	2	TRUE	FALSE
CAGCCCCAGTTGCAGG-1	MZ286258_1_ORF2	0	0	1	2	FALSE	TRUE
CAGCGAATCAATCCAT-1	MZ286197_1_ORF1	1	0	8	8	TRUE	TRUE
CAGCGAATCATGGCAG-1	OP549859_1_ORF1	0	0	1	1	FALSE	TRUE
CAGCGAATCCAATGCC-1	MZ286102_1_ORF2	0	0	1	1	FALSE	TRUE
CAGCGAATCCCAGTAC-1	meGFP	0	0	1	1	FALSE	FALSE
CAGCGAATCCGCCACA-1	meGFP	0	0	1	1	FALSE	FALSE
CAGCGAATCCTACTTC-1	MZ286197_1_ORF2	0	0	1	1	FALSE	TRUE
CAGCGAATCCTGCCTC-1	OZ258728_1_ORF2	1	1	43	43	TRUE	TRUE
CAGCGAATCGGCTCTG-1	MZ286258_1_ORF2	1	1	16	16	TRUE	TRUE
CAGCGAGGTAAGCCAA-1	MZ286258_1_ORF2	0	0	2	3	FALSE	TRUE
CAGCGAGGTACAGAGC-1	MZ286197_1_ORF1	0	0	1	1	FALSE	TRUE
CAGCGAGGTACAGCAA-1	OP549859_1_ORF1	1	1	79	79	TRUE	TRUE
CAGCGAGGTACAGGGT-1	OZ258728_1_ORF2	0	0	1	1	FALSE	FALSE
CAGCGAGGTACTTGGT-1	OZ258728_1_ORF2	0	0	1	1	FALSE	TRUE
CAGCGAGGTCCTGTGA-1	MZ286258_1_ORF1	0	0	1	1	FALSE	FALSE
CAGCGAGGTCGTTAGT-1	MZ286258_1_ORF2	0	0	2	2	TRUE	TRUE
CAGCGAGGTGACCAGG-1	MZ286188_1_ORF1	0	0	1	1	FALSE	TRUE
CAGCGAGGTGAGACCG-1	OZ258728_1_ORF2	1	1	11	11	TRUE	TRUE
CAGCGAGGTGAGGTAC-1	OP549859_1_ORF1	1	0	4	4	TRUE	TRUE
CAGCGAGGTGCAAGCG-1	OP549859_1_ORF1	0	0	1	1	FALSE	FALSE
CAGCGAGGTGCTTAGT-1	MZ286188_1_ORF1	0	0	1	1	FALSE	FALSE
CAGCGAGGTGGTGCGA-1	meGFP	1	1	65	65	TRUE	TRUE
CAGCGAGGTGTACCAT-1	meGFP	0	0	1	1	FALSE	TRUE
CAGCGAGGTTGTAAGG-1	OZ258728_1_ORF2	1	0	9	11	TRUE	TRUE
CAGCGAGGTTGTGTGT-1	OP549859_1_ORF2	0	0	1	1	FALSE	TRUE
CAGCGAGGTTTGCGGC-1	MZ286258_1_ORF2	0	0	1	2	FALSE	TRUE
CAGCGCGAGATTGATG-1	OZ258728_1_ORF1	1	0	7	7	TRUE	TRUE
CAGCGCGAGTAACGCG-1	MZ286258_1_ORF1	0	0	1	1	FALSE	FALSE
CAGCTACTCAGGATGT-1	OZ258728_1_ORF1	0	0	1	1	FALSE	TRUE
CAGCTACTCCTACTTC-1	OZ258728_1_ORF2	0	0	1	1	FALSE	TRUE
CAGCTACTCCTCTCCA-1	MZ286188_1_ORF2	0	0	1	1	FALSE	TRUE
CAGCTACTCGATTCAT-1	OZ258728_1_ORF2	1	0	5	5	TRUE	TRUE
CAGCTACTCGGGATCA-1	MZ286102_1_ORF2	0	0	3	3	TRUE	TRUE
CAGCTACTCTATACCG-1	MZ286197_1_ORF2	1	0	6	6	TRUE	TRUE
CAGCTACTCTCCTAAG-1	MZ286258_1_ORF2	1	0	7	9	TRUE	TRUE
CAGCTACTCTTCGTCT-1	MZ286258_1_ORF2	1	0	6	7	TRUE	TRUE
CAGCTGGCAAAGTTAC-1	MZ286102_1_ORF1	0	0	1	4	FALSE	TRUE
CAGCTGGCAACCGTGG-1	meGFP	0	0	1	1	FALSE	FALSE
CAGCTGGCAACGTGCG-1	MZ286188_1_ORF1	0	0	1	1	FALSE	FALSE
CAGCTGGCAAGATGAA-1	MZ286188_1_ORF2	0	0	1	1	FALSE	TRUE
CAGCTGGCACACTAAG-1	MZ286102_1_ORF1	0	0	1	1	FALSE	FALSE
CAGCTGGCACCGTACC-1	MZ286258_1_ORF2	0	0	3	3	TRUE	TRUE
CAGCTGGCACGGTCAG-1	MZ286258_1_ORF2	1	0	5	6	TRUE	TRUE
CAGCTGGCAGGCGCTA-1	OZ258728_1_ORF2	0	0	1	1	FALSE	TRUE
CAGCTGGCATAAGTCG-1	MZ286188_1_ORF1	0	0	1	2	FALSE	TRUE
CAGCTGGCATAGATAC-1	MZ286188_1_ORF2	0	0	1	1	FALSE	TRUE
CAGCTGGCATCCCAAT-1	OZ258728_1_ORF2	0	0	1	1	FALSE	FALSE
CAGCTGGCATCGCTCA-1	MZ286258_1_ORF1	0	0	1	1	FALSE	TRUE
CAGCTGTTCAACTATC-1	MZ286197_1_ORF1	0	0	1	1	FALSE	FALSE
CAGCTGTTCAATGTGA-1	MZ286258_1_ORF2	1	1	12	12	TRUE	TRUE
CAGCTGTTCCACCTGG-1	OZ258728_1_ORF2	0	0	1	1	FALSE	TRUE
CAGCTGTTCCCAACTA-1	OZ258728_1_ORF2	0	0	1	1	FALSE	TRUE
CAGCTGTTCGCGCTCA-1	MZ286197_1_ORF2	1	0	9	9	TRUE	TRUE
CAGCTGTTCGCTAGAG-1	MZ286258_1_ORF2	0	0	1	1	FALSE	TRUE
CAGCTGTTCGTCACCG-1	MZ286258_1_ORF1	0	0	1	1	FALSE	TRUE
CAGCTGTTCTCACGCG-1	MZ286102_1_ORF1	0	0	3	3	TRUE	TRUE
CAGCTGTTCTCGAGCT-1	OZ258728_1_ORF1	0	0	1	1	FALSE	TRUE
CAGCTGTTCTGATAGA-1	OP549859_1_ORF2	1	1	17	18	TRUE	TRUE
CAGCTGTTCTGCATCA-1	MZ286102_1_ORF1	0	0	2	2	TRUE	TRUE
CAGCTGTTCTGCCTGG-1	MZ286102_1_ORF1	0	0	1	1	FALSE	TRUE
CAGCTTATCAATGCGG-1	meGFP	1	0	6	6	TRUE	TRUE
CAGCTTATCAGTGTGG-1	meGFP	0	0	1	1	FALSE	FALSE
CAGCTTATCCAATGAA-1	MZ286258_1_ORF2	1	1	21	21	TRUE	TRUE
CAGCTTATCGAACCCT-1	MZ286258_1_ORF1	1	0	7	7	TRUE	TRUE
CAGCTTATCGAACTAA-1	MZ286102_1_ORF1	0	0	1	1	FALSE	FALSE
CAGCTTATCGAGGCGT-1	MZ286102_1_ORF1	0	0	1	2	FALSE	TRUE
CAGCTTATCGCCTCTC-1	meGFP	0	0	1	1	FALSE	FALSE
CAGCTTATCGCGTTAC-1	MZ286188_1_ORF1	0	0	1	1	FALSE	FALSE
CAGCTTATCTTGCATG-1	MZ286258_1_ORF2	0	0	1	1	FALSE	FALSE
CAGGACTCAAACGTAT-1	OZ258728_1_ORF2	0	0	1	1	FALSE	FALSE
CAGGACTCAAAGGGCA-1	OZ258728_1_ORF2	0	0	1	1	FALSE	FALSE
CAGGACTCAATGTCCT-1	MZ286102_1_ORF2	0	0	1	1	FALSE	TRUE
CAGGACTCACCAATCT-1	MZ286188_1_ORF2	0	0	1	1	FALSE	FALSE
CAGGACTCACCAGGCA-1	OZ258728_1_ORF2	2	1	34	41	TRUE	TRUE
CAGGACTCACCCATTG-1	MZ286188_1_ORF2	0	0	1	1	FALSE	FALSE
CAGGACTCACGAATGC-1	MZ286258_1_ORF1	0	0	1	2	FALSE	TRUE
CAGGACTCACGTTACT-1	OZ258728_1_ORF2	0	0	1	1	FALSE	FALSE
CAGGACTCACTATCGT-1	MZ286258_1_ORF2	0	0	1	1	FALSE	TRUE
CAGGACTCAGCACTCC-1	MZ286258_1_ORF2	0	0	1	2	FALSE	TRUE
CAGGACTCAGCTCTAT-1	MZ286197_1_ORF1	1	0	4	4	TRUE	TRUE
CAGGACTCAGCTTAGA-1	MZ286102_1_ORF1	0	0	1	2	FALSE	TRUE
CAGGACTCAGGACGAA-1	MZ286258_1_ORF2	0	0	1	1	FALSE	TRUE
CAGGACTCATGACGAC-1	MZ286188_1_ORF2	1	0	8	8	TRUE	TRUE
CAGGACTCATTACTCA-1	OZ258728_1_ORF2	1	1	64	64	TRUE	TRUE
CAGGAGCTCCCCTTCA-1	OP549859_1_ORF2	1	0	6	6	TRUE	TRUE
CAGGAGCTCCCGATAC-1	OZ258728_1_ORF2	0	0	2	3	FALSE	TRUE
CAGGAGCTCCCGCAAT-1	MZ286102_1_ORF2	1	0	9	10	TRUE	TRUE
CAGGAGCTCCCGTTGG-1	OP549859_1_ORF2	1	0	4	4	TRUE	TRUE
CAGGAGCTCCGGCTTG-1	MZ286102_1_ORF2	0	0	1	1	FALSE	TRUE
CAGGAGCTCCTACTGA-1	meGFP	0	0	1	1	FALSE	TRUE
CAGGAGCTCGACACCT-1	OP549859_1_ORF2	1	0	7	7	TRUE	TRUE
CAGGAGCTCGAGTGAT-1	OZ258728_1_ORF2	1	1	29	29	TRUE	TRUE
CAGGAGCTCGCCCTGA-1	MZ286258_1_ORF2	1	0	9	9	TRUE	TRUE
CAGGAGCTCGCTAGTC-1	OP549859_1_ORF2	1	0	8	8	TRUE	TRUE
CAGGAGCTCGGTATGG-1	OZ258728_1_ORF2	0	0	1	1	FALSE	TRUE
CAGGAGCTCTAGGCTC-1	OZ258728_1_ORF1	1	0	6	6	TRUE	TRUE
CAGGAGCTCTTCGTAG-1	MZ286102_1_ORF2	1	0	6	6	TRUE	TRUE
CAGGATCCAAAGGTCC-1	OZ258728_1_ORF2	1	1	47	51	TRUE	TRUE
CAGGATCCAAATCTGG-1	OZ258728_1_ORF1	1	0	6	9	TRUE	TRUE
CAGGATCCAACGAGCT-1	OP549859_1_ORF1	0	0	1	1	FALSE	FALSE
CAGGATCCAAGGGTAG-1	MZ286197_1_ORF1	0	0	1	1	FALSE	TRUE
CAGGATCCAATGGTTG-1	OZ258728_1_ORF2	0	0	1	1	FALSE	FALSE
CAGGATCCACTAGGCG-1	OZ258728_1_ORF2	0	0	1	1	FALSE	FALSE
CAGGATCCAGAATGAA-1	OZ258728_1_ORF1	1	1	21	22	TRUE	TRUE
CAGGATCCAGCCCTGT-1	OZ258728_1_ORF2	0	0	1	1	FALSE	TRUE
CAGGATCCAGCCTCGT-1	meGFP	1	0	4	4	TRUE	TRUE
CAGGATCCAGCGCTTC-1	MZ286258_1_ORF1	0	0	2	2	TRUE	TRUE
CAGGATCCAGTTCGGG-1	OZ258728_1_ORF2	1	0	4	7	TRUE	TRUE
CAGGATCCATAAGTCG-1	OZ258728_1_ORF2	1	1	13	14	TRUE	TRUE
CAGGATCCATTAGGGC-1	meGFP	0	0	1	1	FALSE	TRUE
CAGGCACAGACGCGAC-1	MZ286102_1_ORF2	0	0	1	1	FALSE	FALSE
CAGGCACAGCAAGGTT-1	MZ286197_1_ORF2	0	0	2	2	TRUE	TRUE
CAGGCACAGCGATTAA-1	MZ286197_1_ORF2	2	0	5	9	FALSE	TRUE
CAGGCACAGCTCGAAG-1	MZ286188_1_ORF1	0	0	1	1	FALSE	FALSE
CAGGCACAGGAGTATC-1	MZ286102_1_ORF1	0	0	1	1	FALSE	TRUE
CAGGCACAGGGACTCA-1	meGFP	0	0	1	1	FALSE	TRUE
CAGGCACAGGGCACTA-1	MZ286197_1_ORF1	1	1	34	35	TRUE	TRUE
CAGGGACTCACCAATT-1	MZ286188_1_ORF2	1	1	22	22	TRUE	TRUE
CAGGGACTCAGTATCT-1	OP549859_1_ORF1	0	0	3	12	FALSE	TRUE
CAGGGACTCCATGACC-1	OP549859_1_ORF2	0	0	2	2	TRUE	TRUE
CAGGGACTCCCAGTGT-1	OZ258728_1_ORF2	0	0	1	2	FALSE	TRUE
CAGGGACTCCCGATGT-1	MZ286197_1_ORF1	0	0	1	1	FALSE	FALSE
CAGGGACTCCGTGATC-1	OZ258728_1_ORF2	0	0	1	1	FALSE	FALSE
CAGGGACTCGACCTCG-1	OP549859_1_ORF1	0	0	1	1	FALSE	TRUE
CAGGGACTCGTCCGTG-1	OZ258728_1_ORF2	1	1	76	77	TRUE	TRUE
CAGGGACTCTACCAGC-1	meGFP	0	0	1	1	FALSE	FALSE
CAGGGACTCTAGCCCG-1	meGFP	1	1	120	120	TRUE	TRUE
CAGGGACTCTGGCTTA-1	MZ286258_1_ORF1	0	0	1	1	FALSE	FALSE
CAGGGACTCTTGAGCC-1	OZ258728_1_ORF2	0	0	1	1	FALSE	TRUE
CAGGTCAAGAACGGCC-1	MZ286102_1_ORF2	1	0	5	6	TRUE	TRUE
CAGGTCAAGATAGACC-1	MZ286197_1_ORF2	1	0	4	6	TRUE	TRUE
CAGGTCAAGATCAAGC-1	OP549859_1_ORF2	0	0	3	3	TRUE	TRUE
CAGGTCAAGATTCCGC-1	MZ286258_1_ORF2	0	0	1	1	FALSE	TRUE
CAGGTCAAGCAAGCTG-1	MZ286102_1_ORF2	1	0	4	13	TRUE	TRUE
CAGGTCAAGCCTAGTC-1	MZ286197_1_ORF2	0	0	1	3	FALSE	TRUE
CAGGTCAAGCCTTGCG-1	OP549859_1_ORF1	0	0	1	1	FALSE	FALSE
CAGGTCAAGCGAGAGG-1	OZ258728_1_ORF2	0	0	1	1	FALSE	TRUE
CAGGTCAAGCGTACCT-1	OZ258728_1_ORF2	0	0	1	1	FALSE	FALSE
CAGGTCAAGGCTTCGT-1	OZ258728_1_ORF2	0	0	1	1	FALSE	TRUE
CAGGTCAAGGGCAACC-1	OP549859_1_ORF2	1	0	4	4	TRUE	TRUE
CAGGTCAAGGGCAGGA-1	meGFP	0	0	1	1	FALSE	TRUE
CAGGTCAAGGGGCAAG-1	meGFP	0	0	1	1	FALSE	FALSE
CAGGTCAAGTAGACAC-1	OP549859_1_ORF1	0	0	2	2	TRUE	TRUE
CAGGTCAAGTTCGGCT-1	MZ286102_1_ORF2	0	0	2	2	TRUE	TRUE
CAGGTGCAGAGGCATT-1	MZ286197_1_ORF2	0	0	1	1	FALSE	TRUE
CAGGTGCAGAGGCGTC-1	OP549859_1_ORF2	1	0	9	11	TRUE	TRUE
CAGGTGCAGCCTTCAA-1	MZ286197_1_ORF1	0	0	1	1	FALSE	TRUE
CAGGTGCAGGAGCATT-1	MZ286188_1_ORF1	0	0	1	1	FALSE	TRUE
CAGGTGCAGGCGTGGT-1	OZ258728_1_ORF2	1	1	86	86	TRUE	TRUE
CAGGTGCAGGGCAGGA-1	MZ286258_1_ORF1	0	0	1	1	FALSE	FALSE
CAGGTGCAGGGCTTGA-1	OZ258728_1_ORF2	1	0	8	8	TRUE	TRUE
CAGGTGCAGGGTATGT-1	MZ286102_1_ORF2	0	0	1	2	FALSE	TRUE
CAGGTGCAGTACCCGT-1	MZ286258_1_ORF2	0	0	1	1	FALSE	TRUE
CAGGTGCAGTACCTGC-1	OP549859_1_ORF1	1	1	64	64	TRUE	TRUE
CAGTAACAGACTCAGG-1	OP549859_1_ORF1	2	2	29	45	FALSE	TRUE
CAGTAACAGACTCGCT-1	OZ258728_1_ORF2	0	0	1	2	FALSE	TRUE
CAGTAACAGAGGGACG-1	OZ258728_1_ORF1	0	0	1	1	FALSE	TRUE
CAGTAACAGATCCTGC-1	MZ286188_1_ORF2	0	0	1	1	FALSE	TRUE
CAGTAACAGCACGGAC-1	OZ258728_1_ORF2	0	0	2	2	TRUE	TRUE
CAGTAACAGCCGAGTA-1	OZ258728_1_ORF2	0	0	1	1	FALSE	FALSE
CAGTAACAGCCTGTAC-1	MZ286258_1_ORF2	0	0	3	3	TRUE	TRUE
CAGTAACAGCGACGGT-1	meGFP	1	0	6	6	TRUE	TRUE
CAGTAACAGCGATTCC-1	OZ258728_1_ORF2	0	0	1	1	FALSE	FALSE
CAGTAACAGCGGGCAT-1	MZ286188_1_ORF2	1	0	6	6	TRUE	TRUE
CAGTAACAGGAATGAG-1	MZ286258_1_ORF2	0	0	1	1	FALSE	TRUE
CAGTAACAGGACATAC-1	MZ286258_1_ORF2	0	0	1	1	FALSE	TRUE
CAGTAACAGGCAGGCT-1	OZ258728_1_ORF2	0	0	1	1	FALSE	FALSE
CAGTAACAGGCTTCAC-1	OZ258728_1_ORF2	0	0	1	1	FALSE	TRUE
CAGTAACAGTAAGCAC-1	OZ258728_1_ORF2	1	1	51	51	TRUE	TRUE
CAGTAACAGTATCGGG-1	OZ258728_1_ORF2	0	0	1	1	FALSE	TRUE
CAGTAACAGTTGAATG-1	meGFP	1	1	21	22	TRUE	TRUE
CAGTACCTCATGGCTC-1	MZ286197_1_ORF1	0	0	3	4	TRUE	TRUE
CAGTACCTCCAGACTC-1	OZ258728_1_ORF2	0	0	1	1	FALSE	FALSE
CAGTACCTCCGCTCGA-1	OZ258728_1_ORF2	0	0	1	1	FALSE	FALSE
CAGTACCTCTCCCAGG-1	MZ286102_1_ORF2	1	0	4	5	TRUE	TRUE
CAGTACCTCTGGAAGT-1	MZ286197_1_ORF2	1	0	5	5	TRUE	TRUE
CAGTACCTCTGGGTAG-1	OZ258728_1_ORF1	0	0	1	1	FALSE	FALSE
CAGTCCCCAAGTCAAT-1	MZ286258_1_ORF2	0	0	1	1	FALSE	TRUE
CAGTCCCCAATTGCCT-1	OP549859_1_ORF1	1	0	5	8	TRUE	TRUE
CAGTCCCCACTACCCA-1	OZ258728_1_ORF1	0	0	1	1	FALSE	TRUE
CAGTCCCCACTTGCTG-1	MZ286197_1_ORF1	1	0	9	9	TRUE	TRUE
CAGTCCCCATGTCGAA-1	MZ286258_1_ORF2	1	0	8	8	TRUE	TRUE
CAGTCTCAGACATTAG-1	OZ258728_1_ORF2	0	0	1	1	FALSE	FALSE
CAGTCTCAGCCATGAG-1	meGFP	0	0	1	1	FALSE	FALSE
CAGTCTCAGCGACGGT-1	meGFP	1	1	10	10	TRUE	TRUE
CAGTCTCAGCGGATCA-1	MZ286258_1_ORF1	1	1	18	18	TRUE	TRUE
CAGTCTCAGCTCTAGC-1	OZ258728_1_ORF2	0	0	1	1	FALSE	TRUE
CAGTCTCAGGCCTAAG-1	MZ286188_1_ORF1	0	0	1	1	FALSE	FALSE
CAGTCTCAGTCCACGT-1	OZ258728_1_ORF2	0	0	1	1	FALSE	TRUE
CAGTCTCAGTGGATTA-1	MZ286258_1_ORF1	0	0	1	1	FALSE	TRUE
CAGTTTAGTACAGGGT-1	MZ286258_1_ORF2	1	1	22	24	TRUE	TRUE
CAGTTTAGTAGCGAGT-1	MZ286258_1_ORF2	1	0	6	7	TRUE	TRUE
CAGTTTAGTAGCTGAA-1	MZ286102_1_ORF2	0	0	1	1	FALSE	TRUE
CAGTTTAGTAGTGGCG-1	OP549859_1_ORF1	1	1	51	52	TRUE	TRUE
CAGTTTAGTATTGACC-1	OZ258728_1_ORF2	1	1	100	102	TRUE	TRUE
CAGTTTAGTCAAGTAG-1	MZ286102_1_ORF2	1	1	15	16	TRUE	TRUE
CAGTTTAGTGGCGTGA-1	OP549859_1_ORF1	0	0	1	1	FALSE	FALSE
CAGTTTAGTTAATTCG-1	meGFP	0	0	1	2	FALSE	TRUE
CAGTTTAGTTCACGAT-1	meGFP	0	0	1	1	FALSE	FALSE
CAGTTTAGTTCCAACG-1	OZ258728_1_ORF2	0	0	2	2	TRUE	TRUE
CAGTTTAGTTGTCTAA-1	MZ286258_1_ORF1	0	0	1	1	FALSE	FALSE
CATAACTTCACACACC-1	OP549859_1_ORF1	1	1	13	15	TRUE	TRUE
CATAACTTCACATGCC-1	OZ258728_1_ORF2	0	0	1	1	FALSE	FALSE
CATAACTTCAGTGTGG-1	OZ258728_1_ORF2	0	0	1	1	FALSE	FALSE
CATAACTTCCCATCCC-1	MZ286188_1_ORF2	1	0	4	5	TRUE	TRUE
CATAACTTCCTAATGT-1	MZ286258_1_ORF1	0	0	1	2	FALSE	TRUE
CATAACTTCGACACCT-1	MZ286102_1_ORF2	0	0	2	3	FALSE	TRUE
CATAACTTCGATCCCG-1	MZ286102_1_ORF2	1	0	8	8	TRUE	TRUE
CATAACTTCTACGCCG-1	MZ286102_1_ORF1	1	0	4	4	TRUE	TRUE
CATAACTTCTCTCGCC-1	OZ258728_1_ORF2	1	0	7	7	TRUE	FALSE
CATAACTTCTGCACTA-1	meGFP	1	0	6	6	TRUE	TRUE
CATAAGGGTCAGGAGT-1	MZ286188_1_ORF2	1	0	5	5	TRUE	TRUE
CATAAGGGTCATGAGA-1	OZ258728_1_ORF2	1	1	42	43	TRUE	TRUE
CATAAGGGTCTGGATT-1	MZ286258_1_ORF2	0	0	1	2	FALSE	TRUE
CATAAGGGTGAGTAAT-1	MZ286258_1_ORF2	0	0	1	1	FALSE	FALSE
CATAAGGGTTCGCTGA-1	MZ286102_1_ORF2	1	1	21	21	TRUE	TRUE
CATAAGGGTTGCGGAG-1	OZ258728_1_ORF2	1	1	91	91	TRUE	TRUE
CATACTTAGACGATAC-1	meGFP	0	0	1	2	FALSE	TRUE
CATACTTAGAGATTGC-1	OP549859_1_ORF1	0	0	3	11	FALSE	TRUE
CATACTTAGCCGTGAA-1	OZ258728_1_ORF2	0	0	1	1	FALSE	TRUE
CATACTTAGCGATTCC-1	OP549859_1_ORF1	1	1	12	13	TRUE	TRUE
CATACTTAGCGCAGTA-1	MZ286258_1_ORF2	1	0	7	8	TRUE	TRUE
CATACTTAGCGTACCT-1	OZ258728_1_ORF2	0	0	1	1	FALSE	FALSE
CATACTTAGCTCCGCA-1	OZ258728_1_ORF2	0	0	1	1	FALSE	FALSE
CATACTTAGGCGAACC-1	MZ286258_1_ORF1	0	0	1	1	FALSE	TRUE
CATACTTAGGCGTAAT-1	OP549859_1_ORF2	0	0	1	6	FALSE	TRUE
CATACTTAGGTACCCT-1	MZ286102_1_ORF1	1	0	5	5	TRUE	TRUE
CATACTTAGGTAGGTT-1	MZ286102_1_ORF2	0	0	1	1	FALSE	FALSE
CATACTTAGTAACGCG-1	MZ286188_1_ORF2	0	0	1	1	FALSE	TRUE
CATACTTAGTCAGCAG-1	meGFP	1	1	15	15	TRUE	TRUE
CATACTTAGTCATCCA-1	MZ286197_1_ORF2	0	0	2	3	FALSE	TRUE
CATACTTAGTGGATTA-1	meGFP	0	0	1	1	FALSE	FALSE
CATACTTAGTTAGGTA-1	MZ286102_1_ORF2	0	0	3	3	TRUE	TRUE
CATAGAATCAAGGGTT-1	MZ286258_1_ORF2	0	0	1	1	FALSE	FALSE
CATAGAATCCGGCTCA-1	MZ286197_1_ORF2	0	0	1	1	FALSE	TRUE
CATAGAATCCTAATGT-1	OZ258728_1_ORF2	0	0	1	1	FALSE	TRUE
CATAGAATCTGTCGGT-1	MZ286197_1_ORF1	0	0	1	1	FALSE	FALSE
CATAGAATCTTCATCC-1	OP549859_1_ORF1	0	0	1	1	FALSE	TRUE
CATAGCTGTACGTTCG-1	OZ258728_1_ORF2	2	1	27	35	TRUE	TRUE
CATAGCTGTACTTACA-1	OZ258728_1_ORF2	0	0	1	1	FALSE	TRUE
CATAGCTGTGAACGAC-1	OZ258728_1_ORF2	0	0	1	1	FALSE	TRUE
CATAGCTGTGCCCAAC-1	MZ286258_1_ORF1	0	0	2	2	TRUE	FALSE
CATAGCTGTGCCTGGT-1	OZ258728_1_ORF2	2	1	18	22	TRUE	TRUE
CATAGCTGTGGACATA-1	MZ286102_1_ORF2	1	1	28	30	TRUE	TRUE
CATAGCTGTGGGTTCC-1	OZ258728_1_ORF1	1	1	34	34	TRUE	TRUE
CATAGCTGTGTCTGTG-1	OZ258728_1_ORF2	0	0	1	1	FALSE	FALSE
CATAGCTGTGTGTCGC-1	meGFP	0	0	1	1	FALSE	FALSE
CATAGCTGTTGGGATA-1	OZ258728_1_ORF2	0	0	1	1	FALSE	TRUE
CATAGTTTCAATGCAA-1	MZ286258_1_ORF1	0	0	1	1	FALSE	TRUE
CATAGTTTCACCCAGT-1	MZ286102_1_ORF1	0	0	1	1	FALSE	TRUE
CATAGTTTCACGTGCT-1	OZ258728_1_ORF1	0	0	1	1	FALSE	TRUE
CATAGTTTCCCAACCG-1	MZ286188_1_ORF1	0	0	1	1	FALSE	FALSE
CATAGTTTCCCACAGT-1	MZ286188_1_ORF2	0	0	1	1	FALSE	TRUE
CATAGTTTCCCGATGT-1	OZ258728_1_ORF2	1	1	74	75	TRUE	TRUE
CATAGTTTCCTTACAG-1	MZ286258_1_ORF2	1	1	24	26	TRUE	TRUE
CATAGTTTCTCTATCC-1	MZ286102_1_ORF1	1	1	12	12	TRUE	TRUE
CATCAGTGTAACTTGC-1	OP549859_1_ORF1	2	2	97	140	FALSE	TRUE
CATCAGTGTACTTACA-1	OP549859_1_ORF2	0	0	2	3	FALSE	TRUE
CATCAGTGTAGCCCTA-1	OP549859_1_ORF1	0	0	2	2	TRUE	TRUE
CATCAGTGTAGCGAGT-1	MZ286188_1_ORF1	0	0	1	1	FALSE	TRUE
CATCAGTGTAGCGTGG-1	MZ286258_1_ORF2	0	0	1	2	FALSE	TRUE
CATCAGTGTATCTGGT-1	OZ258728_1_ORF2	0	0	1	1	FALSE	TRUE
CATCAGTGTGATCCTG-1	MZ286197_1_ORF2	0	0	2	2	TRUE	TRUE
CATCAGTGTGCGCGAA-1	OP549859_1_ORF1	0	0	1	1	FALSE	FALSE
CATCAGTGTTAACGAG-1	MZ286102_1_ORF2	0	0	1	1	FALSE	FALSE
CATCAGTGTTCGTGCA-1	OZ258728_1_ORF2	0	0	1	1	FALSE	FALSE
CATCAGTGTTGGAGCG-1	OZ258728_1_ORF2	1	1	74	74	TRUE	TRUE
CATCATAGTAACTGAG-1	MZ286188_1_ORF1	1	1	11	11	TRUE	TRUE
CATCATAGTAAGTAAC-1	OP549859_1_ORF1	0	0	1	1	FALSE	TRUE
CATCATAGTACACTAC-1	MZ286197_1_ORF1	1	0	7	8	TRUE	TRUE
CATCATAGTAGCCATT-1	MZ286102_1_ORF2	1	0	8	9	TRUE	TRUE
CATCATAGTAGTGGCG-1	OZ258728_1_ORF2	0	0	2	2	TRUE	TRUE
CATCATAGTCAGCATT-1	meGFP	0	0	1	1	FALSE	FALSE
CATCATAGTGAATCTC-1	OZ258728_1_ORF2	0	0	1	1	FALSE	FALSE
CATCATAGTGCAGCCT-1	OP549859_1_ORF2	0	0	0	0	FALSE	TRUE
CATCATAGTTAACGTC-1	meGFP	1	1	33	33	TRUE	TRUE
CATCATAGTTCTATGA-1	MZ286102_1_ORF2	0	0	1	1	FALSE	TRUE
CATCCCACAACTGGCG-1	meGFP	0	0	1	1	FALSE	FALSE
CATCCCACAAGCGTTA-1	meGFP	0	0	1	2	FALSE	TRUE
CATCCCACAATGTAAC-1	MZ286188_1_ORF1	0	0	2	5	FALSE	TRUE
CATCCCACACAAGGGA-1	MZ286197_1_ORF1	1	1	10	11	TRUE	TRUE
CATCCCACACGTTAAG-1	OZ258728_1_ORF2	1	1	111	112	TRUE	TRUE
CATCCCACACTCACAT-1	OZ258728_1_ORF2	0	0	1	1	FALSE	TRUE
CATCCCACACTCATAC-1	MZ286188_1_ORF2	0	0	1	1	FALSE	FALSE
CATCCCACACTGAGGT-1	MZ286197_1_ORF1	1	1	15	15	TRUE	TRUE
CATCCCACAGCTTAGA-1	meGFP	0	0	1	2	FALSE	TRUE
CATCCCACAGCTTGGG-1	OP549859_1_ORF1	1	1	15	15	TRUE	TRUE
CATCCCACATAACTGG-1	meGFP	1	1	74	74	TRUE	TRUE
CATCCCACATACCGTT-1	OZ258728_1_ORF2	0	0	1	1	FALSE	FALSE
CATCCCACATAGCGCG-1	MZ286102_1_ORF2	0	0	3	3	TRUE	TRUE
CATCCCACATGCCCTA-1	OP549859_1_ORF1	0	0	2	3	FALSE	TRUE
CATCCCTGTAACCTAC-1	OP549859_1_ORF2	0	0	2	2	TRUE	FALSE
CATCCCTGTACCGACC-1	OZ258728_1_ORF1	0	0	1	1	FALSE	FALSE
CATCCCTGTCAGCCAC-1	OP549859_1_ORF1	0	0	1	2	FALSE	FALSE
CATCCCTGTCTCCAAG-1	OZ258728_1_ORF1	1	1	22	22	TRUE	TRUE
CATCCCTGTGAGATAT-1	meGFP	0	0	1	1	FALSE	FALSE
CATCCCTGTGGACATA-1	MZ286102_1_ORF1	1	1	14	14	TRUE	TRUE
CATCCCTGTGGCATGG-1	OZ258728_1_ORF1	1	1	40	40	TRUE	TRUE
CATCCCTGTGTACCGC-1	MZ286188_1_ORF2	0	0	2	2	TRUE	TRUE
CATCCCTGTTCAAGTC-1	OP549859_1_ORF1	0	0	1	1	FALSE	FALSE
CATCCGCCAAACGACC-1	OP549859_1_ORF1	0	0	1	1	FALSE	FALSE
CATCCGCCAACTCTAC-1	MZ286258_1_ORF2	0	0	1	1	FALSE	FALSE
CATCCGCCAAGCCATA-1	OP549859_1_ORF1	0	0	1	1	FALSE	TRUE
CATCCGCCACAACCAA-1	MZ286188_1_ORF1	0	0	1	1	FALSE	FALSE
CATCCGCCACATTCGT-1	MZ286188_1_ORF1	0	0	1	1	FALSE	FALSE
CATCCGCCACCATGCC-1	OP549859_1_ORF1	0	0	1	1	FALSE	FALSE
CATCCGCCACGAATGC-1	OZ258728_1_ORF1	0	0	2	2	TRUE	FALSE
CATCCGCCACGATCCC-1	meGFP	0	0	1	1	FALSE	FALSE
CATCCGCCACGCACGA-1	meGFP	0	0	1	1	FALSE	FALSE
CATCCGCCACGGATCG-1	meGFP	2	2	80	150	FALSE	TRUE
CATCCGCCAGTTGCTT-1	OZ258728_1_ORF2	0	0	1	1	FALSE	FALSE
CATCCGCCATGCTCGC-1	meGFP	0	0	1	1	FALSE	FALSE
CATCCGCCATGGTAAT-1	OP549859_1_ORF1	1	1	51	51	TRUE	TRUE
CATCCGCCATTACTTG-1	OZ258728_1_ORF2	0	0	1	1	FALSE	TRUE
CATCCTCGTAGCGAGT-1	OZ258728_1_ORF2	0	0	1	1	FALSE	TRUE
CATCCTCGTCCAGCTA-1	MZ286258_1_ORF1	0	0	2	2	TRUE	TRUE
CATCCTCGTCTGGTCA-1	MZ286197_1_ORF1	0	0	1	2	FALSE	TRUE
CATCCTCGTCTTGACG-1	MZ286197_1_ORF1	0	0	1	1	FALSE	FALSE
CATCCTCGTTATAGGG-1	OZ258728_1_ORF2	0	0	1	1	FALSE	TRUE
CATCCTGCAACCAGCG-1	OZ258728_1_ORF2	2	1	16	25	FALSE	TRUE
CATCCTGCAACCCTGC-1	MZ286258_1_ORF1	0	0	1	1	FALSE	TRUE
CATCCTGCACAAGCCG-1	OP549859_1_ORF2	1	0	9	9	TRUE	TRUE
CATCCTGCACCTCAAT-1	OZ258728_1_ORF2	0	0	1	1	FALSE	TRUE
CATCCTGCACCTCTCT-1	meGFP	1	1	87	88	TRUE	TRUE
CATCCTGCACGAAGGA-1	OZ258728_1_ORF2	0	0	1	1	FALSE	FALSE
CATCCTGCACGGGTAT-1	OP549859_1_ORF1	0	0	2	2	TRUE	TRUE
CATCCTGCACGTTGGG-1	MZ286258_1_ORF2	1	0	5	5	TRUE	TRUE
CATCCTGCAGGTACGT-1	MZ286258_1_ORF2	1	0	8	10	TRUE	TRUE
CATCCTGCAGGTCTCC-1	meGFP	0	0	1	1	FALSE	FALSE
CATCCTGCATAGGATT-1	MZ286102_1_ORF2	0	0	1	1	FALSE	FALSE
CATCCTGCATATGAAC-1	meGFP	0	0	1	1	FALSE	FALSE
CATCCTGCATCCAGCC-1	MZ286102_1_ORF2	0	0	1	2	FALSE	FALSE
CATCCTGCATGCGTGG-1	MZ286102_1_ORF2	1	1	11	12	TRUE	TRUE
CATCCTGCATTGAAGT-1	MZ286197_1_ORF2	0	0	1	1	FALSE	TRUE
CATCCTGCATTGGATG-1	MZ286258_1_ORF1	1	1	14	14	TRUE	TRUE
CATCGAGAGAATGCTA-1	MZ286197_1_ORF1	0	0	2	2	TRUE	FALSE
CATCGAGAGACATCAA-1	OZ258728_1_ORF2	1	1	21	21	TRUE	TRUE
CATCGAGAGAGGTCTG-1	MZ286197_1_ORF1	0	0	1	2	FALSE	TRUE
CATCGAGAGATTCCGC-1	meGFP	0	0	1	1	FALSE	FALSE
CATCGAGAGCTATCCA-1	MZ286102_1_ORF2	1	1	12	12	TRUE	TRUE
CATCGAGAGGCAGGGA-1	MZ286102_1_ORF1	0	0	1	1	FALSE	TRUE
CATCGAGAGTACTTCG-1	meGFP	0	0	1	1	FALSE	FALSE
CATCGAGAGTCCAATT-1	OZ258728_1_ORF2	1	1	65	66	TRUE	TRUE
CATCGAGAGTGGGTCA-1	MZ286258_1_ORF2	1	0	4	4	TRUE	TRUE
CATCGTTCAAATGACT-1	MZ286102_1_ORF1	0	0	1	1	FALSE	FALSE
CATCGTTCAACCGTGG-1	MZ286197_1_ORF2	1	0	4	5	TRUE	TRUE
CATCGTTCAATGGGTC-1	MZ286188_1_ORF1	1	1	64	65	TRUE	TRUE
CATCGTTCACCAAGTA-1	OZ258728_1_ORF2	0	0	2	2	TRUE	TRUE
CATCGTTCACTCATAC-1	MZ286188_1_ORF1	0	0	2	2	TRUE	FALSE
CATCGTTCACTCGCTA-1	MZ286197_1_ORF1	0	0	1	1	FALSE	TRUE
CATCGTTCAGGCAACT-1	OZ258728_1_ORF2	2	1	15	21	FALSE	TRUE
CATCGTTCAGTGTCCC-1	MZ286102_1_ORF1	1	1	75	77	TRUE	TRUE
CATCGTTCAGTTCGCC-1	MZ286102_1_ORF2	0	0	1	1	FALSE	TRUE
CATCGTTCATCCCGAC-1	MZ286197_1_ORF1	1	1	12	12	TRUE	TRUE
CATCGTTCATGAATCG-1	MZ286102_1_ORF2	0	0	1	1	FALSE	FALSE
CATCTTACAAAGTGCC-1	OZ258728_1_ORF2	0	0	1	1	FALSE	FALSE
CATCTTACAACCCGTC-1	OZ258728_1_ORF1	1	1	26	27	TRUE	TRUE
CATCTTACAACGTAAT-1	MZ286197_1_ORF1	1	1	13	14	TRUE	TRUE
CATCTTACAAGATGGG-1	MZ286197_1_ORF1	1	1	14	14	TRUE	TRUE
CATCTTACAAGTGTCA-1	OZ258728_1_ORF2	1	1	168	168	TRUE	TRUE
CATCTTACAATTGAAC-1	meGFP	0	0	1	1	FALSE	TRUE
CATCTTACACAACTAG-1	OZ258728_1_ORF2	0	0	1	1	FALSE	TRUE
CATCTTACAGCTTGGG-1	MZ286188_1_ORF2	1	0	7	8	TRUE	TRUE
CATCTTACATGAAGGG-1	OZ258728_1_ORF2	0	0	1	1	FALSE	TRUE
CATCTTACATGGTAAT-1	OZ258728_1_ORF2	1	1	79	79	TRUE	TRUE
CATCTTACATGTCCAT-1	OZ258728_1_ORF2	0	0	1	1	FALSE	FALSE
CATGATTTCAAGCTCC-1	OZ258728_1_ORF2	1	1	34	34	TRUE	TRUE
CATGATTTCAGGACGC-1	MZ286102_1_ORF2	1	0	6	6	TRUE	TRUE
CATGATTTCATTCACG-1	OP549859_1_ORF1	2	0	8	17	FALSE	TRUE
CATGATTTCCACGCAT-1	OZ258728_1_ORF1	0	0	1	1	FALSE	TRUE
CATGATTTCCGGCTTG-1	MZ286197_1_ORF1	1	0	8	8	TRUE	TRUE
CATGATTTCGCAAGGC-1	OZ258728_1_ORF2	0	0	1	1	FALSE	FALSE
CATGATTTCGCGTCCA-1	OP549859_1_ORF2	0	0	1	1	FALSE	FALSE
CATGATTTCGTACGTC-1	MZ286258_1_ORF2	0	0	1	1	FALSE	FALSE
CATGATTTCTAGATTC-1	OZ258728_1_ORF2	0	0	1	1	FALSE	FALSE
CATGATTTCTAGGTAA-1	MZ286102_1_ORF2	1	1	22	24	TRUE	TRUE
CATGATTTCTTGAGCC-1	MZ286102_1_ORF1	0	0	1	1	FALSE	FALSE
CATGGCCGTAATGAAC-1	MZ286102_1_ORF1	0	0	1	1	FALSE	TRUE
CATGGCCGTACCTGGC-1	MZ286102_1_ORF2	0	0	2	2	TRUE	FALSE
CATGGCCGTAGTGGCG-1	OP549859_1_ORF2	1	1	12	13	TRUE	TRUE
CATGGCCGTATCGAGA-1	OP549859_1_ORF1	0	0	2	3	FALSE	TRUE
CATGGCCGTGAGGAGA-1	OP549859_1_ORF1	0	0	1	2	FALSE	TRUE
CATGGCCGTGGTTCGC-1	MZ286197_1_ORF1	0	0	3	3	TRUE	TRUE
CATGGCCGTGTCCTTC-1	OZ258728_1_ORF2	0	0	1	1	FALSE	FALSE
CATGGCCGTTAGTTGC-1	meGFP	0	0	1	1	FALSE	TRUE
CATGGCCGTTGACCGC-1	MZ286188_1_ORF2	0	0	1	1	FALSE	FALSE
CATTAACTCAATGCAA-1	MZ286258_1_ORF2	0	0	1	1	FALSE	FALSE
CATTAACTCAGTAGTA-1	MZ286102_1_ORF1	0	0	1	1	FALSE	FALSE
CATTAACTCCCCTTCA-1	MZ286188_1_ORF1	0	0	1	1	FALSE	FALSE
CATTAACTCCTACTTC-1	OZ258728_1_ORF2	0	0	1	1	FALSE	FALSE
CATTAACTCGAGGCGT-1	MZ286188_1_ORF1	0	0	1	1	FALSE	FALSE
CATTAACTCGGGATTG-1	MZ286188_1_ORF1	0	0	1	1	FALSE	TRUE
CATTAACTCTAAGCGG-1	MZ286188_1_ORF1	1	1	12	12	TRUE	TRUE
CATTAACTCTTGAGCC-1	MZ286258_1_ORF1	0	0	1	1	FALSE	TRUE
CATTACTAGACGCCTT-1	MZ286197_1_ORF1	0	0	1	1	FALSE	TRUE
CATTACTAGACTCATT-1	meGFP	0	0	1	1	FALSE	TRUE
CATTACTAGATAGTCA-1	OZ258728_1_ORF2	0	0	1	2	FALSE	TRUE
CATTACTAGATATCCT-1	MZ286197_1_ORF1	1	0	8	9	TRUE	TRUE
CATTACTAGCCACTCG-1	MZ286197_1_ORF2	0	0	1	1	FALSE	TRUE
CATTACTAGCCTAGTC-1	MZ286197_1_ORF1	0	0	1	1	FALSE	FALSE
CATTACTAGCGCTAGA-1	OZ258728_1_ORF2	0	0	1	1	FALSE	FALSE
CATTACTAGGAGTGCC-1	MZ286258_1_ORF2	0	0	2	2	TRUE	TRUE
CATTACTAGGTAGGCC-1	OP549859_1_ORF1	0	0	1	1	FALSE	FALSE
CATTACTAGGTTGGGC-1	meGFP	1	1	42	42	TRUE	TRUE
CATTACTAGTCATCCA-1	MZ286102_1_ORF2	1	0	6	7	TRUE	TRUE
CATTACTAGTGCAGAT-1	OZ258728_1_ORF2	0	0	1	1	FALSE	FALSE
CATTAGGCAAATCTGG-1	MZ286102_1_ORF2	1	1	12	12	TRUE	TRUE
CATTAGGCAAATGACT-1	MZ286258_1_ORF2	1	0	5	5	TRUE	TRUE
CATTAGGCAAGCGAAG-1	OZ258728_1_ORF2	0	0	1	2	FALSE	TRUE
CATTAGGCACAATCCT-1	OZ258728_1_ORF2	0	0	1	1	FALSE	FALSE
CATTAGGCAGAACGCT-1	MZ286102_1_ORF1	1	1	12	14	TRUE	TRUE
CATTAGGCAGATTAGT-1	meGFP	1	1	115	115	TRUE	TRUE
CATTAGGCAGCAACCG-1	OZ258728_1_ORF1	0	0	1	1	FALSE	FALSE
CATTAGGCAGCTTAGA-1	OZ258728_1_ORF2	1	1	34	35	TRUE	TRUE
CATTAGGCAGGGACTT-1	MZ286102_1_ORF2	1	0	5	5	TRUE	TRUE
CATTAGGCAGGTCTAA-1	OP549859_1_ORF1	0	0	1	1	FALSE	TRUE
CATTAGGCATAAGCCA-1	MZ286258_1_ORF2	0	0	1	1	FALSE	TRUE
CATTAGGCATCTATCA-1	OZ258728_1_ORF2	0	0	1	3	FALSE	TRUE
CATTCATAGACATCGG-1	OP549859_1_ORF2	1	0	4	5	TRUE	TRUE
CATTCATAGACGCAAT-1	OZ258728_1_ORF2	0	0	1	1	FALSE	FALSE
CATTCATAGACTTGGG-1	MZ286197_1_ORF1	3	1	18	29	FALSE	TRUE
CATTCATAGATAGACC-1	MZ286258_1_ORF2	1	1	13	13	TRUE	TRUE
CATTCATAGATATGCA-1	MZ286197_1_ORF1	0	0	1	1	FALSE	FALSE
CATTCATAGGCCAGGT-1	OZ258728_1_ORF2	1	1	26	26	TRUE	TRUE
CATTCATAGGGCTTGA-1	MZ286197_1_ORF2	1	0	6	7	TRUE	TRUE
CATTCTGAGACGACTG-1	MZ286258_1_ORF2	0	0	1	1	FALSE	TRUE
CATTCTGAGACTTACT-1	MZ286258_1_ORF2	0	0	2	2	TRUE	FALSE
CATTCTGAGAGTCCCT-1	MZ286188_1_ORF1	1	1	18	18	TRUE	TRUE
CATTCTGAGCGGATCA-1	OZ258728_1_ORF2	0	0	1	1	FALSE	FALSE
CATTCTGAGTAAGGTC-1	MZ286258_1_ORF2	0	0	1	1	FALSE	TRUE
CATTCTGAGTGCTGCT-1	meGFP	0	0	1	1	FALSE	TRUE
CATTGCTCAAAGTTAC-1	MZ286197_1_ORF1	0	0	1	1	FALSE	TRUE
CATTGCTCAAGGTGCT-1	MZ286102_1_ORF2	1	1	10	10	TRUE	TRUE
CATTGCTCAATGGGTC-1	MZ286102_1_ORF1	0	0	1	1	FALSE	FALSE
CATTGCTCAATGTAGT-1	OZ258728_1_ORF2	0	0	1	1	FALSE	FALSE
CATTGCTCAGGCAACT-1	OZ258728_1_ORF2	1	1	47	47	TRUE	TRUE
CATTGCTCATACCGTT-1	OZ258728_1_ORF2	2	1	80	90	TRUE	TRUE
CATTGCTCATGGTGTA-1	OZ258728_1_ORF2	0	0	1	1	FALSE	FALSE
CATTTCCTCACGGGAC-1	OZ258728_1_ORF2	0	0	1	1	FALSE	TRUE
CATTTCCTCAGGATAC-1	MZ286102_1_ORF2	1	0	6	7	TRUE	TRUE
CATTTCCTCCACCTGG-1	MZ286188_1_ORF2	0	0	3	4	TRUE	TRUE
CATTTCCTCCAGACTC-1	OP549859_1_ORF1	0	0	1	1	FALSE	FALSE
CATTTCCTCCCATCAA-1	MZ286102_1_ORF2	1	1	15	16	TRUE	TRUE
CATTTCCTCCTGCCTC-1	MZ286102_1_ORF2	0	0	1	1	FALSE	TRUE
CATTTCCTCGCGGAGT-1	MZ286102_1_ORF2	0	0	1	2	FALSE	TRUE
CATTTCCTCGGCCATT-1	OP549859_1_ORF1	1	1	34	34	TRUE	TRUE
CATTTCCTCGTCAATT-1	OP549859_1_ORF1	0	0	1	1	FALSE	FALSE
CCAAAGTAGACTAGCG-1	MZ286258_1_ORF2	0	0	1	1	FALSE	TRUE
CCAAAGTAGAGCTGGC-1	OZ258728_1_ORF1	0	0	1	1	FALSE	FALSE
CCAAAGTAGATGCGGC-1	MZ286102_1_ORF2	1	0	9	9	TRUE	TRUE
CCAAAGTAGGAAGGGT-1	MZ286258_1_ORF2	1	0	6	6	TRUE	TRUE
CCAAAGTAGGAGGTCC-1	OZ258728_1_ORF1	1	1	20	22	TRUE	TRUE
CCAAAGTAGGGAGACG-1	MZ286102_1_ORF2	1	1	20	21	TRUE	TRUE
CCAAAGTAGGGGCCAT-1	OZ258728_1_ORF1	0	0	1	1	FALSE	FALSE
CCAAAGTAGTAACCAA-1	MZ286197_1_ORF2	0	0	1	1	FALSE	TRUE
CCAAAGTAGTTGCACC-1	MZ286102_1_ORF1	0	0	2	2	TRUE	TRUE
CCAACCAGTAACGATG-1	MZ286258_1_ORF2	0	0	1	1	FALSE	FALSE
CCAACCAGTGACCCTA-1	OZ258728_1_ORF2	0	0	1	1	FALSE	TRUE
CCAACCAGTGGCAACG-1	OZ258728_1_ORF1	0	0	1	1	FALSE	TRUE
CCAACCAGTGTCAGTT-1	MZ286188_1_ORF1	0	0	1	1	FALSE	FALSE
CCAACCAGTGTGGATA-1	OZ258728_1_ORF1	1	1	21	21	TRUE	TRUE
CCAACCCCAAACGGCT-1	OZ258728_1_ORF2	1	1	63	63	TRUE	TRUE
CCAACCCCAACCATTC-1	MZ286102_1_ORF2	0	0	1	1	FALSE	FALSE
CCAACCCCAAGATCCA-1	OP549859_1_ORF1	0	0	1	1	FALSE	FALSE
CCAACCCCAAGCCATA-1	MZ286258_1_ORF2	0	0	1	1	FALSE	TRUE
CCAACCCCAATTGGTG-1	MZ286258_1_ORF2	1	1	16	20	TRUE	TRUE
CCAACCCCACCGGATG-1	meGFP	1	1	84	84	TRUE	TRUE
CCAACCCCACGCCATC-1	MZ286102_1_ORF2	2	0	6	12	FALSE	TRUE
CCAACCCCACTTCCAG-1	MZ286197_1_ORF1	0	0	3	3	TRUE	TRUE
CCAACCCCAGGGACTT-1	MZ286258_1_ORF1	0	0	1	1	FALSE	TRUE
CCAACCCCATAATCCC-1	OP549859_1_ORF1	0	0	1	2	FALSE	TRUE
CCAACCCCATACCGGG-1	MZ286197_1_ORF2	0	0	2	2	TRUE	TRUE
CCAACCCCATATGCTC-1	MZ286188_1_ORF2	0	0	1	1	FALSE	TRUE
CCAACCCCATCAGGGT-1	OZ258728_1_ORF2	0	0	1	1	FALSE	TRUE
CCAACCCCATGAGTAT-1	OP549859_1_ORF1	0	0	1	1	FALSE	TRUE
CCAACCCCATGCTCGC-1	meGFP	0	0	1	1	FALSE	FALSE
CCAACCGTCACGAAGT-1	OZ258728_1_ORF2	0	0	1	1	FALSE	TRUE
CCAACCGTCCAACCTA-1	OZ258728_1_ORF2	0	0	1	1	FALSE	TRUE
CCAACCGTCCATAGGG-1	MZ286258_1_ORF1	1	0	4	4	TRUE	TRUE
CCAACCGTCCCAACCG-1	OZ258728_1_ORF1	0	0	3	3	TRUE	FALSE
CCAACCGTCCGTAGCT-1	MZ286102_1_ORF2	1	0	4	5	TRUE	TRUE
CCAACCGTCGCACCAT-1	OZ258728_1_ORF2	1	1	83	83	TRUE	TRUE
CCAACCGTCGCGCATT-1	OZ258728_1_ORF2	0	0	1	1	FALSE	TRUE
CCAACCGTCGCGCCTA-1	MZ286258_1_ORF2	0	0	1	2	FALSE	TRUE
CCAACCGTCGCTTGAC-1	meGFP	1	1	23	23	TRUE	TRUE
CCAACCGTCGGACCAA-1	meGFP	0	0	1	2	FALSE	TRUE
CCAACCGTCGGGACTA-1	MZ286102_1_ORF2	0	0	1	1	FALSE	FALSE
CCAACCGTCGTACGTC-1	MZ286102_1_ORF2	1	0	5	6	TRUE	TRUE
CCAACCGTCTACCCAA-1	OZ258728_1_ORF2	1	1	16	16	TRUE	TRUE
CCAACCGTCTCTGGCG-1	OP549859_1_ORF1	0	0	1	1	FALSE	TRUE
CCAACCTAGAACGAAG-1	OP549859_1_ORF1	0	0	1	2	FALSE	TRUE
CCAACCTAGACGCAAT-1	OZ258728_1_ORF2	0	0	1	1	FALSE	FALSE
CCAACCTAGAGGCCAC-1	MZ286258_1_ORF1	0	0	2	3	FALSE	TRUE
CCAACCTAGCAGGGCT-1	OZ258728_1_ORF2	0	0	1	4	FALSE	FALSE
CCAACCTAGCATCCGT-1	OP549859_1_ORF1	0	0	1	1	FALSE	FALSE
CCAACCTAGCGACGGT-1	MZ286102_1_ORF2	0	0	1	2	FALSE	TRUE
CCAACCTAGCGGATTG-1	MZ286258_1_ORF2	0	0	1	1	FALSE	TRUE
CCAACCTAGCTCATGC-1	OP549859_1_ORF1	1	1	48	48	TRUE	TRUE
CCAACCTAGGAGCATT-1	OZ258728_1_ORF2	0	0	1	1	FALSE	TRUE
CCAACCTAGGCGAACC-1	MZ286188_1_ORF1	2	1	34	44	TRUE	TRUE
CCAACCTAGGGATGGG-1	MZ286197_1_ORF2	0	0	2	2	TRUE	TRUE
CCAACCTAGGGGCTTA-1	meGFP	0	0	3	3	TRUE	TRUE
CCAACCTAGTACTTCG-1	OZ258728_1_ORF2	1	0	9	9	TRUE	TRUE
CCAACCTAGTCAACCC-1	OP549859_1_ORF1	0	0	1	1	FALSE	TRUE
CCAACCTAGTCTAGTT-1	OZ258728_1_ORF1	1	0	4	4	TRUE	TRUE
CCAACGAAGAATGGAG-1	meGFP	0	0	1	1	FALSE	FALSE
CCAACGAAGATAGTCA-1	meGFP	0	0	1	1	FALSE	FALSE
CCAACGAAGGCAGGCT-1	meGFP	1	1	87	87	TRUE	TRUE
CCAACGAAGGGGACAG-1	OZ258728_1_ORF2	0	0	1	1	FALSE	TRUE
CCAACGAAGGTTCGGA-1	MZ286102_1_ORF2	1	1	14	15	TRUE	TRUE
CCAACGAAGTAACCAA-1	meGFP	0	0	1	1	FALSE	TRUE
CCAAGACCAAATCAGT-1	meGFP	0	0	1	1	FALSE	TRUE
CCAAGACCAACAGAGG-1	MZ286258_1_ORF2	1	1	11	11	TRUE	TRUE
CCAAGACCAACGAGCT-1	OP549859_1_ORF1	1	1	13	15	TRUE	TRUE
CCAAGACCAATATAGC-1	OP549859_1_ORF1	0	0	1	1	FALSE	TRUE
CCAAGACCAATCTGTC-1	OP549859_1_ORF2	0	0	1	2	FALSE	TRUE
CCAAGACCACATGCTT-1	OZ258728_1_ORF2	0	0	1	1	FALSE	FALSE
CCAAGACCACCACAGG-1	OZ258728_1_ORF2	1	0	9	11	TRUE	TRUE
CCAAGACCACCTGTGC-1	OP549859_1_ORF1	0	0	1	1	FALSE	FALSE
CCAAGACCACTCGCTA-1	MZ286102_1_ORF2	1	0	4	5	TRUE	TRUE
CCAAGACCAGATTGGC-1	meGFP	0	0	1	1	FALSE	FALSE
CCAAGACCAGCAGGAA-1	OP549859_1_ORF2	0	0	2	2	TRUE	TRUE
CCAAGACCAGGTCTCC-1	meGFP	0	0	1	1	FALSE	FALSE
CCAAGACCAGTTGCTT-1	OP549859_1_ORF1	1	1	28	28	TRUE	TRUE
CCAAGACCATGGACGT-1	MZ286258_1_ORF2	0	0	1	1	FALSE	FALSE
CCAAGTGAGAATGCTA-1	OZ258728_1_ORF2	0	0	1	1	FALSE	FALSE
CCAAGTGAGCACGGAC-1	MZ286258_1_ORF2	1	1	14	15	TRUE	TRUE
CCAAGTGAGGAATGAG-1	OZ258728_1_ORF2	0	0	1	1	FALSE	TRUE
CCAAGTGAGGCAGGGA-1	MZ286197_1_ORF2	0	0	3	4	TRUE	TRUE
CCAAGTGAGGCGAAGG-1	OP549859_1_ORF1	0	0	1	2	FALSE	TRUE
CCAAGTGAGTGATAGC-1	MZ286188_1_ORF2	0	0	1	2	FALSE	TRUE
CCAAGTGAGTTAACCT-1	OZ258728_1_ORF2	0	0	1	1	FALSE	TRUE
CCAATCGGTAAGGTGC-1	OP549859_1_ORF1	0	0	1	1	FALSE	TRUE
CCAATCGGTGAACGGT-1	MZ286102_1_ORF1	0	0	1	2	FALSE	TRUE
CCAATCGGTTAGGCAA-1	MZ286188_1_ORF2	0	0	2	3	FALSE	FALSE
CCAATCGGTTGCAATC-1	MZ286188_1_ORF1	1	0	4	4	TRUE	TRUE
CCACACCCAAAGTTAC-1	OZ258728_1_ORF2	1	1	13	14	TRUE	TRUE
CCACACCCAAATGCGC-1	OZ258728_1_ORF2	1	1	118	118	TRUE	TRUE
CCACACCCAACCCAGG-1	MZ286188_1_ORF1	0	0	1	1	FALSE	TRUE
CCACACCCAAGTGTCA-1	OZ258728_1_ORF2	0	0	2	3	FALSE	TRUE
CCACACCCAATGGTTG-1	OZ258728_1_ORF2	1	1	13	13	TRUE	TRUE
CCACACCCACCCATTG-1	OZ258728_1_ORF2	0	0	1	1	FALSE	TRUE
CCACACCCACCGTACC-1	OZ258728_1_ORF2	0	0	1	1	FALSE	FALSE
CCACACCCAGTAGGAG-1	meGFP	0	0	1	2	FALSE	TRUE
CCACACCCAGTTGCTT-1	MZ286258_1_ORF2	0	0	1	1	FALSE	FALSE
CCACACCCATCACTGT-1	OZ258728_1_ORF1	1	1	34	34	TRUE	TRUE
CCACACCCATTGACCT-1	OZ258728_1_ORF2	0	0	1	1	FALSE	FALSE
CCACCTTGTAACTTGC-1	OZ258728_1_ORF2	0	0	1	1	FALSE	TRUE
CCACCTTGTAAGCGGT-1	MZ286258_1_ORF1	1	1	30	30	TRUE	TRUE
CCACCTTGTACCCAAT-1	MZ286197_1_ORF1	0	0	1	1	FALSE	FALSE
CCACCTTGTAGTCCCA-1	MZ286258_1_ORF2	0	0	3	4	TRUE	TRUE
CCACCTTGTCGTTAGT-1	MZ286258_1_ORF1	0	0	1	1	FALSE	FALSE
CCACCTTGTCTGCACA-1	OZ258728_1_ORF2	0	0	1	1	FALSE	TRUE
CCACCTTGTGATCGTT-1	MZ286102_1_ORF2	1	1	30	30	TRUE	TRUE
CCACCTTGTGCGCATC-1	MZ286188_1_ORF1	1	0	9	9	TRUE	TRUE
CCACCTTGTGGTTAAG-1	OZ258728_1_ORF2	0	0	1	1	FALSE	FALSE
CCACCTTGTTCCAACG-1	meGFP	0	0	1	1	FALSE	TRUE
CCACCTTGTTCGTAGT-1	meGFP	1	0	7	7	TRUE	TRUE
CCACGCATCACACTTG-1	OP549859_1_ORF1	0	0	1	1	FALSE	FALSE
CCACGCATCACAGATA-1	MZ286197_1_ORF2	1	1	10	10	TRUE	TRUE
CCACGCATCCCGTGCA-1	OZ258728_1_ORF2	0	0	1	1	FALSE	FALSE
CCACGCATCGACCCAT-1	OZ258728_1_ORF1	0	0	3	5	FALSE	TRUE
CCACGCATCGAGGCGT-1	OP549859_1_ORF1	0	0	1	1	FALSE	FALSE
CCACGCATCGGCTCTG-1	OZ258728_1_ORF2	0	0	1	1	FALSE	FALSE
CCACGCATCGGTCTAC-1	MZ286197_1_ORF1	0	0	1	1	FALSE	FALSE
CCACGCATCTTGAGTT-1	OZ258728_1_ORF2	1	1	94	95	TRUE	TRUE
CCACTCCTCAACCGGA-1	OZ258728_1_ORF1	1	1	13	13	TRUE	TRUE
CCACTCCTCAATCCAT-1	MZ286197_1_ORF1	0	0	2	3	FALSE	TRUE
CCACTCCTCATTGCCA-1	OZ258728_1_ORF2	1	1	19	19	TRUE	TRUE
CCACTCCTCCGTAGAG-1	OP549859_1_ORF2	1	0	4	4	TRUE	TRUE
CCACTCCTCCTCCTGC-1	OP549859_1_ORF1	1	0	6	7	TRUE	TRUE
CCACTCCTCCTCTAAG-1	MZ286102_1_ORF2	1	1	14	14	TRUE	TRUE
CCACTCCTCCTGTCCC-1	meGFP	1	1	50	50	TRUE	TRUE
CCACTCCTCGCTTGGT-1	MZ286197_1_ORF2	1	0	6	8	TRUE	TRUE
CCACTCCTCGTACGGA-1	MZ286102_1_ORF2	1	0	4	6	TRUE	TRUE
CCACTCCTCTAGGCTC-1	meGFP	0	0	1	1	FALSE	FALSE
CCAGCTCCAACAGGCT-1	OZ258728_1_ORF2	0	0	1	1	FALSE	FALSE
CCAGCTCCACCCAACC-1	meGFP	0	0	1	1	FALSE	TRUE
CCAGCTCCAGTTCGCC-1	meGFP	0	0	1	1	FALSE	FALSE
CCAGCTCCATGCAGGT-1	OZ258728_1_ORF1	1	0	9	9	TRUE	TRUE
CCAGCTCCATTCATTG-1	OZ258728_1_ORF2	1	0	6	11	TRUE	TRUE
CCAGCTCCATTGAGGC-1	MZ286197_1_ORF1	1	1	26	26	TRUE	TRUE
CCAGGGAGTAACCCTG-1	OP549859_1_ORF1	1	1	15	15	TRUE	FALSE
CCAGGGAGTACACCTG-1	MZ286188_1_ORF1	0	0	2	3	FALSE	TRUE
CCAGGGAGTACGACTT-1	OZ258728_1_ORF2	0	0	1	1	FALSE	FALSE
CCAGGGAGTCGGGACA-1	OP549859_1_ORF1	0	0	1	1	FALSE	FALSE
CCAGGGAGTGAACCAA-1	OP549859_1_ORF1	1	1	195	195	TRUE	TRUE
CCAGGGAGTGCATGAA-1	OZ258728_1_ORF2	0	0	1	1	FALSE	FALSE
CCAGGGAGTGCCTAAT-1	MZ286102_1_ORF2	1	1	21	22	TRUE	TRUE
CCAGGGAGTGGAGAGA-1	OZ258728_1_ORF2	0	0	1	2	FALSE	TRUE
CCAGGGAGTGTACCGC-1	OP549859_1_ORF1	0	0	1	1	FALSE	FALSE
CCAGGGAGTGTCCAAT-1	OP549859_1_ORF1	0	0	1	1	FALSE	FALSE
CCAGTATGTACACTAC-1	MZ286102_1_ORF2	0	0	1	1	FALSE	FALSE
CCAGTATGTAGCACTT-1	MZ286102_1_ORF2	1	0	4	4	TRUE	TRUE
CCAGTATGTATACGTC-1	MZ286188_1_ORF1	0	0	1	1	FALSE	TRUE
CCAGTATGTCTATCCC-1	MZ286102_1_ORF2	0	0	1	1	FALSE	FALSE
CCAGTATGTCTGTAAC-1	OZ258728_1_ORF2	2	2	58	74	TRUE	TRUE
CCAGTATGTCTTGGGC-1	MZ286188_1_ORF2	1	1	14	17	TRUE	TRUE
CCAGTATGTGGGACCA-1	OP549859_1_ORF1	1	0	8	9	TRUE	TRUE
CCAGTATGTGGTTCAT-1	OZ258728_1_ORF2	0	0	2	2	TRUE	TRUE
CCAGTATGTGTCTATA-1	MZ286102_1_ORF2	1	1	25	25	TRUE	TRUE
CCAGTATGTTCCGCAA-1	MZ286258_1_ORF2	0	0	1	1	FALSE	TRUE
CCAGTATGTTCGTCTC-1	meGFP	1	1	29	29	TRUE	TRUE
CCAGTATGTTTACGAC-1	OZ258728_1_ORF2	0	0	1	1	FALSE	TRUE
CCAGTATGTTTCAGTA-1	MZ286188_1_ORF1	0	0	1	1	FALSE	TRUE
CCAGTTTCAACAGATT-1	OP549859_1_ORF2	0	0	2	3	FALSE	TRUE
CCAGTTTCAATGGTTG-1	MZ286102_1_ORF2	0	0	1	1	FALSE	TRUE
CCAGTTTCAGCGCACA-1	OP549859_1_ORF1	0	0	1	1	FALSE	TRUE
CCAGTTTCAGCTGCGA-1	MZ286258_1_ORF2	1	1	32	34	TRUE	TRUE
CCAGTTTCAGGGACTT-1	OP549859_1_ORF1	2	0	7	11	FALSE	TRUE
CCAGTTTCATGCAGAC-1	MZ286188_1_ORF1	1	0	4	4	TRUE	TRUE
CCAGTTTCATGGCTGG-1	OZ258728_1_ORF2	0	0	1	1	FALSE	FALSE
CCATAACGTAATGTCC-1	OZ258728_1_ORF2	0	0	1	1	FALSE	TRUE
CCATAACGTACAGGAC-1	MZ286102_1_ORF2	1	1	11	13	TRUE	TRUE
CCATAACGTGCTTAGT-1	MZ286258_1_ORF1	0	0	1	1	FALSE	FALSE
CCATAACGTTACGCCA-1	OP549859_1_ORF1	1	1	27	27	TRUE	TRUE
CCATAACGTTCGTAGT-1	MZ286188_1_ORF2	0	0	1	1	FALSE	TRUE
CCATAACGTTGACCGC-1	OP549859_1_ORF1	1	1	12	17	TRUE	TRUE
CCATAACGTTGTGCGC-1	OZ258728_1_ORF2	0	0	2	2	TRUE	TRUE
CCATAACGTTTACGGT-1	OZ258728_1_ORF2	0	0	1	1	FALSE	FALSE
CCATACATCCAATGAA-1	OP549859_1_ORF2	1	1	21	22	TRUE	TRUE
CCATACATCCCACAGT-1	MZ286197_1_ORF1	1	1	15	15	TRUE	TRUE
CCATACATCCCGTAAC-1	OZ258728_1_ORF1	1	1	11	11	TRUE	TRUE
CCATACATCGCGGAGT-1	MZ286188_1_ORF1	1	0	4	5	TRUE	TRUE
CCATACATCGGCTTCG-1	MZ286258_1_ORF2	0	0	1	1	FALSE	TRUE
CCATACATCTATCGTG-1	OP549859_1_ORF1	0	0	1	2	FALSE	TRUE
CCATACATCTCAGCAC-1	MZ286102_1_ORF1	0	0	1	1	FALSE	FALSE
CCATACATCTCGATCA-1	MZ286102_1_ORF2	0	0	1	1	FALSE	TRUE
CCATACATCTCGATTG-1	MZ286188_1_ORF1	0	0	1	1	FALSE	FALSE
CCATAGCTCATGGCAG-1	OZ258728_1_ORF2	0	0	1	1	FALSE	TRUE
CCATAGCTCCAGACTC-1	OZ258728_1_ORF2	0	0	1	1	FALSE	FALSE
CCATAGCTCCTCATTC-1	MZ286258_1_ORF1	0	0	1	1	FALSE	TRUE
CCATAGCTCCTCTAAG-1	MZ286102_1_ORF2	0	0	3	3	TRUE	TRUE
CCATAGCTCGCTAGAG-1	OP549859_1_ORF2	0	0	2	2	TRUE	TRUE
CCATAGCTCTAACTAC-1	meGFP	0	0	2	3	FALSE	FALSE
CCATAGCTCTTAGGCC-1	MZ286102_1_ORF2	1	1	13	13	TRUE	TRUE
CCATAGCTCTTAGTAC-1	MZ286188_1_ORF1	0	0	1	2	FALSE	TRUE
CCATCAATCGCCTCTC-1	OP549859_1_ORF1	0	0	2	2	TRUE	TRUE
CCATCAATCGTCCGTG-1	MZ286258_1_ORF2	1	0	5	5	TRUE	TRUE
CCATCAATCGTCTAGC-1	MZ286258_1_ORF2	0	0	2	2	TRUE	TRUE
CCATCAATCGTGCTAC-1	OZ258728_1_ORF2	1	1	48	49	TRUE	TRUE
CCATCAATCTGCAATT-1	OZ258728_1_ORF2	1	1	43	43	TRUE	TRUE
CCATCAATCTTGCGGT-1	MZ286197_1_ORF2	0	0	3	5	FALSE	TRUE
CCATCCCTCACATATC-1	MZ286197_1_ORF1	0	0	3	3	TRUE	TRUE
CCATCCCTCCCAACCG-1	OZ258728_1_ORF2	0	0	1	1	FALSE	FALSE
CCATCCCTCCCCGACA-1	MZ286102_1_ORF2	0	0	1	1	FALSE	TRUE
CCATCCCTCCTGAGAG-1	OP549859_1_ORF1	0	0	1	1	FALSE	FALSE
CCATCCCTCGAAGCGC-1	OP549859_1_ORF1	1	1	11	11	TRUE	TRUE
CCATCCCTCGACCTCG-1	meGFP	1	0	9	10	TRUE	TRUE
CCATCCCTCGAGCGGT-1	OZ258728_1_ORF2	1	1	15	15	TRUE	TRUE
CCATCCCTCGATACTT-1	OZ258728_1_ORF2	2	1	10	18	FALSE	TRUE
CCATCCCTCGCCTGTG-1	OP549859_1_ORF1	0	0	1	1	FALSE	FALSE
CCATCCCTCGCTACTA-1	MZ286188_1_ORF1	1	0	7	7	TRUE	TRUE
CCATCCCTCGTGAGGC-1	OZ258728_1_ORF2	0	0	1	1	FALSE	FALSE
CCATCCCTCTCTCGCC-1	OP549859_1_ORF1	1	1	86	86	TRUE	TRUE
CCATGAACAATACCCT-1	MZ286197_1_ORF1	0	0	2	2	TRUE	TRUE
CCATGAACAATGTAAC-1	MZ286258_1_ORF2	1	0	4	5	TRUE	TRUE
CCATGAACACGAAGGA-1	meGFP	0	0	2	3	FALSE	TRUE
CCATGAACACTAGTCT-1	OP549859_1_ORF2	0	0	2	2	TRUE	TRUE
CCATGAACAGCAACCG-1	OP549859_1_ORF2	1	0	6	6	TRUE	TRUE
CCATGAACAGCCGATG-1	MZ286102_1_ORF1	0	0	1	1	FALSE	TRUE
CCATGAACAGGTCTCC-1	meGFP	0	0	1	1	FALSE	FALSE
CCATGAACATAAGGTT-1	MZ286258_1_ORF1	0	0	1	1	FALSE	TRUE
CCATGACTCAAGCTCC-1	MZ286188_1_ORF1	1	1	32	33	TRUE	TRUE
CCATGACTCAATGCAA-1	meGFP	0	0	1	2	FALSE	TRUE
CCATGACTCATATGTC-1	OZ258728_1_ORF2	0	0	1	2	FALSE	TRUE
CCATGACTCCAATGAA-1	OZ258728_1_ORF2	0	0	1	1	FALSE	FALSE
CCATGACTCCCGCAAT-1	MZ286197_1_ORF1	0	0	1	1	FALSE	FALSE
CCATGACTCCGCATGT-1	meGFP	0	0	1	1	FALSE	FALSE
CCATGACTCGACCCAT-1	MZ286102_1_ORF1	0	0	2	2	TRUE	TRUE
CCATGACTCGAGGTCA-1	OP549859_1_ORF2	0	0	3	3	TRUE	TRUE
CCATGACTCGCGCCTA-1	MZ286188_1_ORF2	0	0	1	1	FALSE	TRUE
CCATGACTCGGTCGAA-1	OZ258728_1_ORF2	0	0	1	1	FALSE	TRUE
CCATGACTCTGTGGCT-1	OZ258728_1_ORF2	0	0	1	1	FALSE	TRUE
CCATTCCGTAAGCGGT-1	OP549859_1_ORF2	0	0	2	2	TRUE	TRUE
CCATTCCGTACCTCGA-1	meGFP	0	0	1	1	FALSE	FALSE
CCATTCCGTCAAGTTC-1	meGFP	0	0	2	2	TRUE	TRUE
CCATTCCGTGAGTAAT-1	meGFP	0	0	1	1	FALSE	FALSE
CCATTCCGTGGTTCGC-1	OP549859_1_ORF1	1	0	9	9	TRUE	TRUE
CCATTCCGTGTCTATA-1	MZ286258_1_ORF1	0	0	2	2	TRUE	TRUE
CCATTCCGTTATCCAA-1	MZ286188_1_ORF1	0	0	1	1	FALSE	FALSE
CCATTCCGTTCCAACG-1	OP549859_1_ORF2	1	1	10	11	TRUE	TRUE
CCATTCCGTTTACCAA-1	OZ258728_1_ORF1	1	1	94	94	TRUE	TRUE
CCCAAGCGTACAGAGC-1	OZ258728_1_ORF2	0	0	1	1	FALSE	FALSE
CCCAAGCGTACGCCTA-1	MZ286188_1_ORF1	0	0	1	2	FALSE	FALSE
CCCAAGCGTCAGCCGT-1	MZ286188_1_ORF2	0	0	1	2	FALSE	TRUE
CCCAAGCGTCTTGGGC-1	MZ286197_1_ORF2	2	0	7	17	FALSE	TRUE
CCCAAGCGTTAGAGAT-1	MZ286102_1_ORF2	1	1	23	24	TRUE	TRUE
CCCAAGCGTTATAGGG-1	MZ286258_1_ORF2	0	0	1	1	FALSE	TRUE
CCCAAGCGTTCCGCAA-1	OZ258728_1_ORF2	0	0	2	3	FALSE	TRUE
CCCAAGCGTTCGATTA-1	meGFP	1	1	23	24	TRUE	TRUE
CCCAAGCGTTCGTCTC-1	OP549859_1_ORF1	2	1	29	36	TRUE	TRUE
CCCAAGCGTTTGCCCT-1	MZ286258_1_ORF2	1	0	4	5	TRUE	TRUE
CCCAATATCACCGTTA-1	meGFP	0	0	1	1	FALSE	FALSE
CCCAATATCAGCCGAA-1	OZ258728_1_ORF2	1	0	8	9	TRUE	TRUE
CCCAATATCAGGCAAT-1	MZ286188_1_ORF1	0	0	1	3	FALSE	TRUE
CCCAATATCAGTATCT-1	OP549859_1_ORF1	0	0	1	1	FALSE	FALSE
CCCAATATCCGTAATT-1	MZ286258_1_ORF2	1	0	8	8	TRUE	TRUE
CCCAATATCCTGATAT-1	MZ286197_1_ORF1	1	0	5	5	TRUE	TRUE
CCCAATATCGGCGTAA-1	OP549859_1_ORF1	1	1	75	77	TRUE	TRUE
CCCAATATCGTTACTG-1	MZ286258_1_ORF2	0	0	1	1	FALSE	TRUE
CCCAATATCTAACTAC-1	OP549859_1_ORF1	1	0	7	7	TRUE	TRUE
CCCAATATCTGATAGA-1	OP549859_1_ORF1	1	0	4	4	TRUE	TRUE
CCCAATATCTGGGACA-1	OZ258728_1_ORF2	0	0	1	1	FALSE	TRUE
CCCAATATCTTCGGCG-1	OZ258728_1_ORF2	0	0	1	1	FALSE	FALSE
CCCAATATCTTGCATG-1	OP549859_1_ORF1	0	0	1	1	FALSE	FALSE
CCCAATATCTTGGATT-1	OP549859_1_ORF1	0	0	1	1	FALSE	FALSE
CCCACATAGAAGCGCC-1	MZ286258_1_ORF1	0	0	1	1	FALSE	TRUE
CCCACATAGACCCATC-1	meGFP	0	0	1	1	FALSE	TRUE
CCCACATAGCGGGCAT-1	meGFP	0	0	1	1	FALSE	FALSE
CCCACATAGCGTGCAA-1	MZ286102_1_ORF2	0	0	1	1	FALSE	FALSE
CCCACATAGCTCATGC-1	OZ258728_1_ORF2	0	0	1	1	FALSE	FALSE
CCCACATAGGGATACT-1	OZ258728_1_ORF2	0	0	2	2	TRUE	TRUE
CCCACATAGTACTAAG-1	OP549859_1_ORF1	1	1	85	85	TRUE	TRUE
CCCACATAGTACTGGG-1	MZ286258_1_ORF2	1	1	13	13	TRUE	TRUE
CCCACATAGTCATCCA-1	OZ258728_1_ORF2	0	0	1	1	FALSE	FALSE
CCCACATAGTGCTGCT-1	meGFP	1	1	12	13	TRUE	TRUE
CCCACATAGTTGACTT-1	OZ258728_1_ORF2	0	0	1	1	FALSE	FALSE
CCCACTACAAAGGGCA-1	meGFP	0	0	1	1	FALSE	FALSE
CCCACTACAACAGATT-1	OZ258728_1_ORF2	1	1	61	62	TRUE	TRUE
CCCACTACAACCTCAT-1	OZ258728_1_ORF2	0	0	1	1	FALSE	FALSE
CCCACTACAATGGCTA-1	MZ286197_1_ORF1	0	0	1	1	FALSE	FALSE
CCCACTACAATTGCAG-1	MZ286258_1_ORF2	0	0	1	1	FALSE	TRUE
CCCACTACATACTGAG-1	MZ286188_1_ORF1	0	0	1	1	FALSE	TRUE
CCCACTACATCCACAT-1	OP549859_1_ORF2	0	0	1	1	FALSE	FALSE
CCCAGATTCATTAACC-1	meGFP	1	1	32	32	TRUE	TRUE
CCCAGATTCCGACAGA-1	MZ286197_1_ORF2	0	0	2	4	FALSE	TRUE
CCCAGATTCGGTAAGT-1	MZ286188_1_ORF2	0	0	1	1	FALSE	FALSE
CCCAGATTCTAATTGC-1	meGFP	1	1	18	18	TRUE	TRUE
CCCAGATTCTGTACCA-1	OZ258728_1_ORF2	0	0	1	1	FALSE	FALSE
CCCAGGCTCACCACGT-1	MZ286258_1_ORF2	0	0	1	1	FALSE	TRUE
CCCAGGCTCATCCCTT-1	MZ286258_1_ORF2	1	0	9	9	TRUE	TRUE
CCCAGGCTCATGGCAG-1	MZ286258_1_ORF2	1	1	22	22	TRUE	TRUE
CCCAGGCTCCACCAAC-1	MZ286258_1_ORF2	0	0	1	1	FALSE	FALSE
CCCAGGCTCCATTCCT-1	OZ258728_1_ORF1	0	0	1	1	FALSE	FALSE
CCCAGGCTCGAATGAC-1	MZ286258_1_ORF2	0	0	3	3	TRUE	TRUE
CCCAGGCTCGCCCAAT-1	OZ258728_1_ORF2	0	0	1	2	FALSE	TRUE
CCCAGGCTCGCTACTA-1	MZ286258_1_ORF2	0	0	1	1	FALSE	TRUE
CCCAGGCTCGGATGCA-1	OZ258728_1_ORF2	0	0	1	1	FALSE	FALSE
CCCAGGCTCTCTGTGA-1	MZ286102_1_ORF2	0	0	2	4	FALSE	TRUE
CCCAGGTGTAAGTCTC-1	meGFP	0	0	1	1	FALSE	FALSE
CCCAGGTGTAATGTCC-1	meGFP	1	1	12	13	TRUE	TRUE
CCCAGGTGTACAGGAC-1	OZ258728_1_ORF2	0	0	1	1	FALSE	TRUE
CCCAGGTGTAGACATG-1	MZ286102_1_ORF2	0	0	2	2	TRUE	TRUE
CCCAGGTGTGACGAAC-1	OP549859_1_ORF1	1	1	47	48	TRUE	TRUE
CCCAGGTGTGATCGTT-1	MZ286102_1_ORF2	1	1	10	10	TRUE	TRUE
CCCAGGTGTTGTGTGT-1	OZ258728_1_ORF2	0	0	1	1	FALSE	TRUE
CCCAGGTGTTTGAGTC-1	OZ258728_1_ORF2	4	3	28	58	FALSE	TRUE
CCCAGTGTCAATTACC-1	MZ286258_1_ORF2	1	1	15	16	TRUE	TRUE
CCCAGTGTCATGATCT-1	MZ286258_1_ORF2	0	0	1	1	FALSE	FALSE
CCCAGTGTCCTACTGA-1	MZ286188_1_ORF1	0	0	2	2	TRUE	TRUE
CCCAGTGTCCTTACAG-1	OZ258728_1_ORF1	1	0	7	8	TRUE	TRUE
CCCAGTGTCGTGCTGT-1	MZ286197_1_ORF1	1	0	8	9	TRUE	TRUE
CCCAGTGTCTCCTTCG-1	OP549859_1_ORF1	1	1	52	52	TRUE	TRUE
CCCAGTGTCTCGAGCT-1	MZ286102_1_ORF1	0	0	3	4	TRUE	TRUE
CCCAGTTAGAAGCGCC-1	OP549859_1_ORF2	0	0	1	1	FALSE	FALSE
CCCAGTTAGAGCCAAT-1	MZ286197_1_ORF1	0	0	1	1	FALSE	TRUE
CCCAGTTAGATTCGTT-1	MZ286258_1_ORF2	1	0	6	8	TRUE	TRUE
CCCAGTTAGCCCTGCA-1	OZ258728_1_ORF2	0	0	1	1	FALSE	TRUE
CCCAGTTAGGCCAGGT-1	MZ286188_1_ORF2	0	0	1	2	FALSE	TRUE
CCCAGTTAGGCGAAGG-1	MZ286102_1_ORF2	0	0	1	1	FALSE	TRUE
CCCAGTTAGGCTTCAC-1	meGFP	0	0	1	1	FALSE	TRUE
CCCAGTTAGGGATACT-1	OP549859_1_ORF2	1	0	5	5	TRUE	TRUE
CCCAGTTAGGGCGTGT-1	OP549859_1_ORF1	1	1	13	13	TRUE	TRUE
CCCAGTTAGGGTAACT-1	MZ286102_1_ORF2	0	0	1	2	FALSE	TRUE
CCCAGTTAGGTAGGTT-1	MZ286102_1_ORF2	0	0	1	2	FALSE	TRUE
CCCAGTTAGTCATTAC-1	OZ258728_1_ORF2	0	0	1	1	FALSE	FALSE
CCCAGTTAGTCCGCTG-1	MZ286102_1_ORF2	1	1	11	11	TRUE	TRUE
CCCAGTTAGTTGGAAC-1	OP549859_1_ORF1	0	0	1	1	FALSE	FALSE
CCCAGTTAGTTGGCGA-1	MZ286258_1_ORF2	0	0	1	1	FALSE	TRUE
CCCATCACAACAGGCT-1	OZ258728_1_ORF2	0	0	1	1	FALSE	FALSE
CCCATCACACAACTAG-1	MZ286258_1_ORF2	0	0	0	0	FALSE	FALSE
CCCATCACACAGCCAG-1	OZ258728_1_ORF2	0	0	1	1	FALSE	FALSE
CCCATCACACCGGATG-1	MZ286102_1_ORF2	1	1	11	11	TRUE	TRUE
CCCATCACACGAAGGA-1	meGFP	0	0	1	2	FALSE	FALSE
CCCATCACACGCTACC-1	MZ286258_1_ORF1	1	0	4	5	TRUE	TRUE
CCCATCACACGTGGAT-1	MZ286102_1_ORF1	1	0	7	7	TRUE	TRUE
CCCATCACAGTACCTT-1	OZ258728_1_ORF1	0	0	1	2	FALSE	TRUE
CCCATCACAGTTGGTA-1	MZ286188_1_ORF1	0	0	1	1	FALSE	FALSE
CCCATCACATATGAAC-1	MZ286188_1_ORF1	0	0	1	2	FALSE	TRUE
CCCATCACATGAGTAT-1	MZ286102_1_ORF1	0	0	1	2	FALSE	TRUE
CCCATCACATTGAGGC-1	MZ286197_1_ORF1	0	0	2	2	TRUE	TRUE
CCCATTAAGAGAGGTA-1	OP549859_1_ORF2	1	1	11	11	TRUE	TRUE
CCCATTAAGATCAAGC-1	MZ286102_1_ORF2	1	1	40	42	TRUE	TRUE
CCCATTAAGCCACACT-1	OZ258728_1_ORF2	0	0	1	1	FALSE	FALSE
CCCATTAAGCCACAGA-1	OZ258728_1_ORF2	1	1	131	131	TRUE	TRUE
CCCATTAAGCCTGTGT-1	OZ258728_1_ORF2	0	0	1	1	FALSE	TRUE
CCCATTAAGGCGTGAC-1	MZ286188_1_ORF1	0	0	1	1	FALSE	FALSE
CCCATTAAGGGCGTGT-1	MZ286258_1_ORF1	1	0	6	6	TRUE	TRUE
CCCATTAAGTATAGGC-1	OZ258728_1_ORF2	0	0	1	1	FALSE	TRUE
CCCATTAAGTATCGAA-1	MZ286258_1_ORF2	2	1	10	20	FALSE	TRUE
CCCATTAAGTGTCCGT-1	OZ258728_1_ORF2	0	0	1	1	FALSE	TRUE
CCCGACATCCCATTGA-1	MZ286102_1_ORF1	1	1	11	12	TRUE	TRUE
CCCGACATCCGACTAC-1	MZ286258_1_ORF1	0	0	1	1	FALSE	FALSE
CCCGACATCCGGCTTG-1	MZ286197_1_ORF1	0	0	1	1	FALSE	FALSE
CCCGACATCGAACTAA-1	MZ286258_1_ORF1	1	0	4	4	TRUE	TRUE
CCCGACATCGATCCCG-1	MZ286188_1_ORF1	0	0	2	2	TRUE	TRUE
CCCGACATCGATGTCC-1	MZ286188_1_ORF2	0	0	1	1	FALSE	FALSE
CCCGACATCGCCTCTC-1	OZ258728_1_ORF1	0	0	1	1	FALSE	FALSE
CCCGACATCGTTACCA-1	OZ258728_1_ORF2	1	1	81	81	TRUE	TRUE
CCCGACATCTAAGCAA-1	MZ286197_1_ORF1	1	0	5	5	TRUE	TRUE
CCCGACATCTCCTAAG-1	meGFP	0	0	1	1	FALSE	FALSE
CCCGACATCTCGATTG-1	OZ258728_1_ORF2	0	0	1	1	FALSE	FALSE
CCCGACATCTCTCGCC-1	OZ258728_1_ORF2	0	0	1	1	FALSE	FALSE
CCCGACATCTGCACTA-1	MZ286258_1_ORF1	0	0	1	1	FALSE	FALSE
CCCGACATCTGGTGTC-1	OP549859_1_ORF2	1	1	14	14	TRUE	TRUE
CCCGATGTCCACCAAC-1	meGFP	1	1	94	94	TRUE	TRUE
CCCGATGTCCTCCGTC-1	OP549859_1_ORF1	0	0	1	1	FALSE	TRUE
CCCGATGTCCTCTAAG-1	OP549859_1_ORF2	0	0	1	2	FALSE	TRUE
CCCGATGTCGAGGCGT-1	OP549859_1_ORF2	0	0	1	1	FALSE	FALSE
CCCGATGTCGATCGCT-1	meGFP	0	0	1	1	FALSE	FALSE
CCCGATGTCGTCATGC-1	MZ286188_1_ORF1	1	1	11	11	TRUE	TRUE
CCCGATGTCTATAGGA-1	OZ258728_1_ORF2	0	0	1	1	FALSE	FALSE
CCCGATGTCTGCCACG-1	OP549859_1_ORF2	0	0	1	1	FALSE	FALSE
CCCGATGTCTGGCTTA-1	OZ258728_1_ORF2	1	0	8	8	TRUE	TRUE
CCCGCTTTCAACTGAA-1	MZ286197_1_ORF1	0	0	1	1	FALSE	FALSE
CCCGCTTTCAAGGTAC-1	MZ286188_1_ORF1	0	0	1	2	FALSE	TRUE
CCCGCTTTCAATCGCC-1	MZ286258_1_ORF1	0	0	1	1	FALSE	TRUE
CCCGCTTTCATCTAGT-1	OP549859_1_ORF2	0	0	2	2	TRUE	TRUE
CCCGCTTTCCCAACCG-1	MZ286197_1_ORF2	0	0	1	1	FALSE	TRUE
CCCGCTTTCCCCAGAT-1	MZ286197_1_ORF1	2	1	16	24	FALSE	TRUE
CCCGCTTTCCGCATGT-1	meGFP	0	0	1	1	FALSE	FALSE
CCCGCTTTCGCCTATA-1	OZ258728_1_ORF2	0	0	1	1	FALSE	FALSE
CCCGCTTTCTATAGGA-1	OZ258728_1_ORF2	1	1	42	42	TRUE	TRUE
CCCGCTTTCTCAGTGC-1	MZ286258_1_ORF2	1	1	11	12	TRUE	TRUE
CCCGGTTCAACATCCT-1	MZ286197_1_ORF2	0	0	2	2	TRUE	TRUE
CCCGGTTCACAAGCCG-1	OP549859_1_ORF1	2	0	6	12	FALSE	TRUE
CCCGGTTCACAAGGGA-1	meGFP	0	0	1	2	FALSE	TRUE
CCCGGTTCACCTCTCT-1	OP549859_1_ORF1	0	0	1	1	FALSE	TRUE
CCCGGTTCACGTGCCT-1	MZ286102_1_ORF2	0	0	1	1	FALSE	FALSE
CCCGGTTCATAGCGCG-1	MZ286188_1_ORF1	0	0	2	2	TRUE	TRUE
CCCGTAGTCAATCGCC-1	MZ286102_1_ORF2	1	0	8	9	TRUE	TRUE
CCCGTAGTCACTAGGG-1	MZ286258_1_ORF2	0	0	1	1	FALSE	TRUE
CCCGTAGTCAGGCTAG-1	meGFP	0	0	1	1	FALSE	TRUE
CCCGTAGTCATGGAAC-1	MZ286102_1_ORF1	1	0	7	8	TRUE	TRUE
CCCGTAGTCCCCGGTA-1	MZ286102_1_ORF2	1	1	14	14	TRUE	TRUE
CCCGTAGTCGCGAGGT-1	MZ286258_1_ORF2	1	1	10	12	TRUE	TRUE
CCCGTAGTCGGACCAA-1	meGFP	0	0	1	1	FALSE	TRUE
CCCGTAGTCGTGCGAA-1	OP549859_1_ORF1	0	0	1	1	FALSE	TRUE
CCCGTAGTCGTGCTGT-1	MZ286102_1_ORF2	0	0	1	1	FALSE	FALSE
CCCGTAGTCTAGAGGT-1	OZ258728_1_ORF2	1	0	4	4	TRUE	TRUE
CCCGTAGTCTCTATCC-1	OZ258728_1_ORF1	0	0	1	1	FALSE	TRUE
CCCGTAGTCTGCCACG-1	OZ258728_1_ORF2	0	0	1	1	FALSE	FALSE
CCCGTAGTCTGTGGCT-1	OP549859_1_ORF1	1	1	17	19	TRUE	TRUE
CCCGTAGTCTTGCGGT-1	OP549859_1_ORF2	1	0	5	7	TRUE	TRUE
CCCGTTCTCAATCACT-1	MZ286188_1_ORF1	1	1	35	35	TRUE	TRUE
CCCGTTCTCAGGATGT-1	MZ286188_1_ORF1	0	0	1	1	FALSE	FALSE
CCCGTTCTCAGTAGTA-1	OP549859_1_ORF1	0	0	1	1	FALSE	TRUE
CCCGTTCTCATAGAGC-1	MZ286102_1_ORF2	1	1	22	22	TRUE	TRUE
CCCGTTCTCATGGCAG-1	OP549859_1_ORF1	0	0	1	1	FALSE	FALSE
CCCGTTCTCCCCGACA-1	meGFP	1	1	24	25	TRUE	TRUE
CCCGTTCTCCCTTACT-1	MZ286188_1_ORF1	0	0	1	1	FALSE	FALSE
CCCGTTCTCGCAGGGT-1	MZ286258_1_ORF2	1	0	4	4	TRUE	TRUE
CCCGTTCTCGTGCTGT-1	MZ286102_1_ORF1	0	0	1	2	FALSE	TRUE
CCCGTTCTCTAATTGC-1	MZ286188_1_ORF1	0	0	3	3	TRUE	TRUE
CCCGTTCTCTGGACGA-1	OP549859_1_ORF2	0	0	1	1	FALSE	TRUE
CCCGTTCTCTTCGCAA-1	meGFP	0	0	1	1	FALSE	FALSE
CCCTAGGTCAGCCGAA-1	OZ258728_1_ORF2	0	0	1	2	FALSE	TRUE
CCCTAGGTCATGGCTC-1	MZ286188_1_ORF1	0	0	1	1	FALSE	TRUE
CCCTAGGTCCATGACC-1	meGFP	1	1	10	12	TRUE	TRUE
CCCTAGGTCCTGAGAG-1	MZ286188_1_ORF1	0	0	2	2	TRUE	FALSE
CCCTAGGTCTTAAGCT-1	OZ258728_1_ORF1	1	1	43	44	TRUE	TRUE
CCCTCACTCATCCCTT-1	MZ286102_1_ORF2	1	1	23	23	TRUE	TRUE
CCCTCACTCCCGTGCA-1	OP549859_1_ORF1	0	0	1	3	FALSE	TRUE
CCCTCACTCGACTCCG-1	OP549859_1_ORF2	1	0	6	8	TRUE	TRUE
CCCTCACTCGTACGTC-1	OP549859_1_ORF1	0	0	1	3	FALSE	TRUE
CCCTCACTCGTTCCGG-1	MZ286102_1_ORF2	0	0	1	1	FALSE	FALSE
CCCTCACTCTGAGTGG-1	MZ286102_1_ORF1	1	1	15	16	TRUE	TRUE
CCCTCACTCTGTGGAG-1	MZ286258_1_ORF1	0	0	1	1	FALSE	TRUE
CCCTGTTGTATTGACC-1	MZ286188_1_ORF1	0	0	1	1	FALSE	TRUE
CCCTGTTGTGCACTCA-1	meGFP	3	1	39	50	TRUE	TRUE
CCCTGTTGTGGCGCAA-1	MZ286188_1_ORF1	0	0	1	1	FALSE	FALSE
CCCTGTTGTGTCGAGG-1	MZ286258_1_ORF1	0	0	1	1	FALSE	TRUE
CCCTGTTGTTAGTTGC-1	MZ286197_1_ORF1	1	1	40	41	TRUE	TRUE
CCCTGTTGTTTAGGAG-1	OP549859_1_ORF1	0	0	1	1	FALSE	FALSE
CCCTTCGGTACAGGGT-1	OZ258728_1_ORF2	0	0	1	1	FALSE	FALSE
CCCTTCGGTAGCACTT-1	OZ258728_1_ORF1	0	0	1	1	FALSE	FALSE
CCCTTCGGTCACTCCT-1	MZ286188_1_ORF2	1	0	6	6	TRUE	TRUE
CCCTTCGGTCATGAGA-1	MZ286102_1_ORF2	1	0	5	7	TRUE	TRUE
CCCTTCGGTGACGAAC-1	OZ258728_1_ORF2	1	1	30	31	TRUE	TRUE
CCCTTCGGTGGTGTGG-1	MZ286102_1_ORF2	1	1	15	15	TRUE	TRUE
CCCTTCGGTGTGTCAT-1	OP549859_1_ORF2	0	0	1	1	FALSE	TRUE
CCCTTCGGTTCACGAT-1	MZ286102_1_ORF2	1	1	10	10	TRUE	TRUE
CCCTTCGGTTCCGTTC-1	MZ286188_1_ORF1	0	0	2	2	TRUE	TRUE
CCCTTCTCAAAGGCGA-1	MZ286102_1_ORF2	1	1	14	14	TRUE	TRUE
CCCTTCTCAACAGAGG-1	MZ286258_1_ORF2	0	0	3	4	TRUE	TRUE
CCCTTCTCAACCTCAT-1	OP549859_1_ORF1	0	0	1	1	FALSE	TRUE
CCCTTCTCAAGATGGG-1	MZ286102_1_ORF2	0	0	2	2	TRUE	TRUE
CCCTTCTCAAGTCAAT-1	MZ286197_1_ORF1	0	0	3	3	TRUE	TRUE
CCCTTCTCACCGGACA-1	MZ286258_1_ORF1	1	1	10	10	TRUE	TRUE
CCCTTCTCACCGTTCA-1	OZ258728_1_ORF1	0	0	1	1	FALSE	FALSE
CCCTTCTCACCTGCAC-1	MZ286258_1_ORF1	1	1	25	29	TRUE	TRUE
CCCTTCTCACCTTGAT-1	OP549859_1_ORF1	0	0	1	1	FALSE	TRUE
CCCTTCTCACGCACGA-1	MZ286258_1_ORF2	0	0	1	1	FALSE	TRUE
CCCTTCTCACGTTACT-1	OZ258728_1_ORF2	1	1	11	11	TRUE	TRUE
CCCTTCTCACTTCAAC-1	MZ286188_1_ORF2	0	0	1	1	FALSE	TRUE
CCCTTCTCAGCCCGAA-1	OZ258728_1_ORF2	0	0	1	1	FALSE	FALSE
CCCTTCTCAGCGCACA-1	OZ258728_1_ORF2	0	0	1	2	FALSE	TRUE
CCCTTCTCAGCGCTTC-1	OZ258728_1_ORF2	0	0	3	3	TRUE	TRUE
CCCTTCTCATGCAGGT-1	MZ286258_1_ORF2	1	1	14	14	TRUE	TRUE
CCCTTCTCATGCGTGG-1	MZ286197_1_ORF1	0	0	3	5	FALSE	TRUE
CCCTTCTCATGTGGCG-1	MZ286197_1_ORF2	0	0	1	3	FALSE	TRUE
CCCTTTAGTAATGCAG-1	MZ286102_1_ORF2	1	1	22	22	TRUE	TRUE
CCCTTTAGTCCACACA-1	MZ286258_1_ORF2	0	0	1	1	FALSE	FALSE
CCCTTTAGTCCCATCT-1	OP549859_1_ORF1	0	0	1	1	FALSE	FALSE
CCCTTTAGTCGCTGGT-1	OP549859_1_ORF1	1	1	124	125	TRUE	TRUE
CCCTTTAGTCTTGCTC-1	OZ258728_1_ORF2	0	0	1	1	FALSE	FALSE
CCCTTTAGTCTTGGGC-1	MZ286197_1_ORF1	2	2	40	75	FALSE	TRUE
CCCTTTAGTGAAGCCG-1	MZ286188_1_ORF2	0	0	2	2	TRUE	TRUE
CCCTTTAGTGGCTTGC-1	OZ258728_1_ORF2	0	0	1	1	FALSE	TRUE
CCCTTTAGTTATGGAG-1	MZ286102_1_ORF1	1	1	13	13	TRUE	TRUE
CCCTTTAGTTGCCACA-1	OZ258728_1_ORF2	0	0	2	3	FALSE	TRUE
CCCTTTAGTTTCGGGC-1	OZ258728_1_ORF2	0	0	1	1	FALSE	FALSE
CCGAATGAGACATCCC-1	meGFP	0	0	1	1	FALSE	FALSE
CCGAATGAGCAATGAC-1	MZ286188_1_ORF1	0	0	1	1	FALSE	TRUE
CCGAATGAGCGGATCA-1	MZ286102_1_ORF2	1	0	7	7	TRUE	TRUE
CCGAATGAGCTAGAGT-1	MZ286258_1_ORF1	0	0	1	1	FALSE	TRUE
CCGAATGAGCTCATGC-1	MZ286197_1_ORF2	0	0	1	1	FALSE	TRUE
CCGAATGAGGAGTGCC-1	meGFP	0	0	1	1	FALSE	FALSE
CCGAATGAGGCAGGCT-1	OZ258728_1_ORF2	1	1	43	43	TRUE	TRUE
CCGAATGAGGGAGACG-1	OZ258728_1_ORF2	0	0	1	1	FALSE	FALSE
CCGAATGAGGGATACT-1	MZ286102_1_ORF2	0	0	1	1	FALSE	FALSE
CCGAATGAGGGGCAAG-1	OP549859_1_ORF1	1	1	20	21	TRUE	TRUE
CCGAATGAGTCAGCAG-1	OZ258728_1_ORF2	0	0	1	1	FALSE	FALSE
CCGACCCAGACTCGCT-1	OP549859_1_ORF1	0	0	1	1	FALSE	FALSE
CCGACCCAGCCTGCCA-1	MZ286102_1_ORF2	1	1	18	19	TRUE	TRUE
CCGACCCAGCGGGAAG-1	MZ286188_1_ORF2	0	0	1	1	FALSE	TRUE
CCGACCCAGCTACTTG-1	MZ286258_1_ORF2	0	0	1	1	FALSE	TRUE
CCGACCCAGGAGCATT-1	OP549859_1_ORF1	0	0	1	1	FALSE	FALSE
CCGACCCAGGCTGCAA-1	MZ286258_1_ORF1	0	0	1	1	FALSE	FALSE
CCGACCCAGGGTGATT-1	OP549859_1_ORF2	0	0	2	3	FALSE	TRUE
CCGACCCAGGTCTACC-1	meGFP	0	0	1	1	FALSE	FALSE
CCGACCCAGTCAGCAG-1	OZ258728_1_ORF2	0	0	1	3	FALSE	TRUE
CCGACCCAGTCTAGGG-1	meGFP	0	0	2	4	FALSE	TRUE
CCGACCTCAACGTCCC-1	OZ258728_1_ORF1	0	0	1	1	FALSE	TRUE
CCGACCTCAATTGCAG-1	MZ286197_1_ORF1	1	1	18	19	TRUE	TRUE
CCGACCTCACAGCCAG-1	MZ286258_1_ORF2	0	0	1	1	FALSE	FALSE
CCGACCTCACCATTAC-1	MZ286197_1_ORF1	0	0	1	1	FALSE	FALSE
CCGACCTCACCGCAAG-1	OZ258728_1_ORF2	0	0	1	2	FALSE	TRUE
CCGACCTCACTCACAT-1	OZ258728_1_ORF2	0	0	1	1	FALSE	TRUE
CCGACCTCACTTCCTC-1	MZ286102_1_ORF1	1	0	4	4	TRUE	TRUE
CCGACCTCAGGCATTA-1	MZ286197_1_ORF1	1	1	22	22	TRUE	TRUE
CCGACCTCAGTAAGGG-1	OZ258728_1_ORF2	0	0	1	1	FALSE	TRUE
CCGACCTCATGAACCA-1	OZ258728_1_ORF2	0	0	1	2	FALSE	TRUE
CCGACTAGTACCTGGC-1	MZ286258_1_ORF1	0	0	1	1	FALSE	FALSE
CCGACTAGTAGTGACA-1	MZ286258_1_ORF2	0	0	1	1	FALSE	TRUE
CCGACTAGTCTTGGGC-1	OZ258728_1_ORF2	0	0	1	1	FALSE	TRUE
CCGACTAGTGATTACC-1	meGFP	1	1	31	31	TRUE	TRUE
CCGACTAGTGCCGGAA-1	meGFP	0	0	1	3	FALSE	TRUE
CCGACTAGTGGCGCAA-1	meGFP	0	0	1	3	FALSE	TRUE
CCGACTAGTGGTTCAT-1	OZ258728_1_ORF1	1	1	31	31	TRUE	TRUE
CCGACTAGTGTTGAGA-1	meGFP	1	1	26	26	TRUE	TRUE
CCGACTAGTTAATTCG-1	MZ286188_1_ORF2	1	0	6	6	TRUE	TRUE
CCGACTAGTTATCCAA-1	MZ286188_1_ORF2	1	0	6	6	TRUE	TRUE
CCGACTAGTTGTCCTC-1	OZ258728_1_ORF2	0	0	1	1	FALSE	FALSE
CCGACTAGTTTGAACC-1	MZ286258_1_ORF2	1	0	8	8	TRUE	TRUE
CCGATATGTACGACTT-1	OP549859_1_ORF1	0	0	1	1	FALSE	FALSE
CCGATATGTAGCTCGC-1	MZ286258_1_ORF2	0	0	1	1	FALSE	FALSE
CCGATATGTCCTGACA-1	meGFP	1	0	4	4	TRUE	TRUE
CCGATATGTCGACTCA-1	MZ286258_1_ORF1	1	1	77	78	TRUE	TRUE
CCGATATGTGACCTCA-1	meGFP	0	0	1	1	FALSE	TRUE
CCGATATGTGATAGTG-1	OZ258728_1_ORF2	1	1	14	14	TRUE	TRUE
CCGATATGTGGCCTAC-1	OZ258728_1_ORF2	0	0	1	1	FALSE	FALSE
CCGATATGTGGCGTCT-1	MZ286102_1_ORF2	2	1	11	15	FALSE	TRUE
CCGATATGTTAGATGG-1	OZ258728_1_ORF2	0	0	1	1	FALSE	FALSE
CCGATATGTTAGCTTA-1	meGFP	0	0	1	1	FALSE	FALSE
CCGATTTCAAACGACC-1	MZ286197_1_ORF2	0	0	1	2	FALSE	TRUE
CCGATTTCAAGATGGG-1	OP549859_1_ORF1	0	0	1	1	FALSE	TRUE
CCGATTTCAATGTAGT-1	OP549859_1_ORF1	1	1	16	16	TRUE	TRUE
CCGATTTCACAAGGCT-1	OZ258728_1_ORF2	0	0	1	1	FALSE	FALSE
CCGATTTCACACACTT-1	OP549859_1_ORF2	0	0	1	1	FALSE	FALSE
CCGATTTCACCTCTCT-1	OZ258728_1_ORF2	0	0	1	1	FALSE	FALSE
CCGATTTCACTACTAC-1	OZ258728_1_ORF2	0	0	1	1	FALSE	FALSE
CCGATTTCACTAGTCT-1	MZ286102_1_ORF2	1	1	17	17	TRUE	TRUE
CCGATTTCACTTCAAC-1	meGFP	1	1	44	44	TRUE	TRUE
CCGATTTCAGCTTAGA-1	MZ286197_1_ORF2	1	1	14	15	TRUE	TRUE
CCGATTTCATAGATAC-1	meGFP	0	0	1	1	FALSE	FALSE
CCGATTTCATAGTAGT-1	MZ286258_1_ORF1	0	0	1	2	FALSE	TRUE
CCGATTTCATCAGAGC-1	OP549859_1_ORF2	1	1	20	21	TRUE	TRUE
CCGATTTCATCGGGCA-1	OP549859_1_ORF1	0	0	1	1	FALSE	FALSE
CCGCAATTCAACTGAA-1	MZ286197_1_ORF2	0	0	1	1	FALSE	FALSE
CCGCAATTCACTCGCG-1	MZ286258_1_ORF1	1	1	23	23	TRUE	TRUE
CCGCAATTCCATTAGT-1	MZ286102_1_ORF1	0	0	1	1	FALSE	FALSE
CCGCAATTCCGTGGTT-1	OP549859_1_ORF1	0	0	1	1	FALSE	FALSE
CCGCAATTCCTCCTAT-1	OZ258728_1_ORF1	1	1	16	17	TRUE	TRUE
CCGCAATTCCTGTCCC-1	OZ258728_1_ORF2	0	0	1	1	FALSE	FALSE
CCGCAATTCGCCCGTA-1	MZ286102_1_ORF2	0	0	1	1	FALSE	TRUE
CCGCAATTCGCGCATT-1	OZ258728_1_ORF2	0	0	1	1	FALSE	FALSE
CCGCAATTCGCTAGAG-1	MZ286258_1_ORF2	1	0	5	5	TRUE	TRUE
CCGCAATTCGGCTTCG-1	OZ258728_1_ORF1	1	0	7	7	TRUE	TRUE
CCGCAATTCGTTCACA-1	OZ258728_1_ORF2	0	0	1	1	FALSE	FALSE
CCGCAATTCTCCTTCG-1	MZ286102_1_ORF2	0	0	3	5	FALSE	TRUE
CCGCAATTCTGCCTGG-1	MZ286188_1_ORF1	1	0	5	5	TRUE	TRUE
CCGCAATTCTTAGGCC-1	MZ286258_1_ORF1	0	0	1	2	FALSE	TRUE
CCGCACCAGAAGGATG-1	MZ286197_1_ORF1	0	0	1	1	FALSE	FALSE
CCGCACCAGACGATAC-1	OZ258728_1_ORF2	0	0	1	1	FALSE	FALSE
CCGCACCAGACGCGAC-1	MZ286188_1_ORF2	0	0	3	5	FALSE	TRUE
CCGCACCAGACTTACT-1	MZ286102_1_ORF2	1	0	6	7	TRUE	TRUE
CCGCACCAGATCAAGC-1	meGFP	1	1	55	55	TRUE	TRUE
CCGCACCAGATTCGTT-1	OZ258728_1_ORF2	0	0	1	1	FALSE	FALSE
CCGCACCAGCCGTGAA-1	meGFP	1	1	67	67	TRUE	TRUE
CCGCACCAGCGGATTG-1	meGFP	0	0	1	1	FALSE	FALSE
CCGCACCAGCGGGAAG-1	MZ286197_1_ORF2	1	0	6	7	TRUE	TRUE
CCGCACCAGGAAGTAG-1	OP549859_1_ORF1	0	0	1	1	FALSE	TRUE
CCGCACCAGGACTAAC-1	MZ286258_1_ORF2	0	0	1	1	FALSE	FALSE
CCGCACCAGGATCCCT-1	MZ286102_1_ORF2	1	0	6	6	TRUE	TRUE
CCGCACCAGGGGAACG-1	OZ258728_1_ORF2	0	0	1	1	FALSE	FALSE
CCGCACCAGGTTAATG-1	MZ286102_1_ORF2	0	0	1	1	FALSE	TRUE
CCGCACCAGTAGTGTA-1	MZ286188_1_ORF2	0	0	1	1	FALSE	TRUE
CCGCACCAGTCAACTT-1	OZ258728_1_ORF1	0	0	1	1	FALSE	FALSE
CCGCACCAGTGGCTTC-1	meGFP	1	1	99	103	TRUE	TRUE
CCGCACCAGTTGACTT-1	MZ286258_1_ORF2	1	0	6	6	TRUE	TRUE
CCGCACCAGTTGGCCT-1	MZ286102_1_ORF2	1	0	5	7	TRUE	TRUE
CCGCACTCAACTCTAC-1	meGFP	1	0	5	6	TRUE	TRUE
CCGCACTCAAGTGAGG-1	MZ286188_1_ORF1	1	1	35	36	TRUE	TRUE
CCGCACTCAATACCCT-1	OZ258728_1_ORF2	0	0	1	2	FALSE	TRUE
CCGCACTCAATACCGA-1	MZ286197_1_ORF1	0	0	2	2	TRUE	TRUE
CCGCACTCACGATGTA-1	OZ258728_1_ORF2	0	0	1	1	FALSE	TRUE
CCGCACTCAGAGAGGC-1	MZ286188_1_ORF2	1	0	5	5	TRUE	TRUE
CCGCACTCATCAGCAA-1	OP549859_1_ORF2	1	1	18	20	TRUE	TRUE
CCGCACTCATGCAGAC-1	MZ286188_1_ORF1	0	0	3	3	TRUE	TRUE
CCGCACTCATGGTGTA-1	meGFP	0	0	1	1	FALSE	FALSE
CCGCAGCTCACCGTTA-1	meGFP	0	0	1	1	FALSE	FALSE
CCGCAGCTCACGGTAG-1	MZ286258_1_ORF1	0	0	1	1	FALSE	TRUE
CCGCAGCTCAGGATGT-1	meGFP	1	1	48	48	TRUE	TRUE
CCGCAGCTCGCATCGT-1	MZ286258_1_ORF2	0	0	1	1	FALSE	FALSE
CCGCAGCTCGGGATTG-1	OP549859_1_ORF1	0	0	2	3	FALSE	TRUE
CCGCAGCTCTCACGCG-1	MZ286197_1_ORF2	0	0	1	3	FALSE	TRUE
CCGCATCCAAAGTTAC-1	MZ286188_1_ORF2	0	0	1	1	FALSE	TRUE
CCGCATCCAACGTCCC-1	MZ286197_1_ORF2	0	0	1	1	FALSE	TRUE
CCGCATCCAAGATGAA-1	MZ286258_1_ORF2	0	0	3	3	TRUE	TRUE
CCGCATCCAAGCCACG-1	OP549859_1_ORF1	0	0	1	1	FALSE	FALSE
CCGCATCCACATTCGT-1	OP549859_1_ORF1	0	0	2	2	TRUE	TRUE
CCGCATCCACCCTGAC-1	MZ286258_1_ORF1	0	0	1	1	FALSE	TRUE
CCGCATCCACTACGGG-1	OZ258728_1_ORF2	0	0	1	1	FALSE	FALSE
CCGCATCCACTTCAAC-1	MZ286197_1_ORF2	0	0	2	3	FALSE	TRUE
CCGCATCCAGCATCAA-1	meGFP	0	0	1	2	FALSE	TRUE
CCGCATCCAGGTAGAG-1	MZ286258_1_ORF2	1	1	15	15	TRUE	TRUE
CCGCATCCAGGTCGAT-1	MZ286188_1_ORF1	0	0	2	3	FALSE	TRUE
CCGCATCCATCCATAC-1	OZ258728_1_ORF2	1	1	28	31	TRUE	TRUE
CCGCATCCATGGACGT-1	MZ286258_1_ORF2	0	0	2	2	TRUE	TRUE
CCGCATCCATGTCCAT-1	MZ286188_1_ORF2	0	0	1	1	FALSE	TRUE
CCGCCACAGAATGGTC-1	OP549859_1_ORF1	0	0	1	1	FALSE	FALSE
CCGCCACAGAGGGACG-1	MZ286188_1_ORF1	1	1	55	56	TRUE	TRUE
CCGCCACAGATTGGTA-1	OZ258728_1_ORF1	0	0	1	1	FALSE	FALSE
CCGCCACAGCGCCTAT-1	MZ286188_1_ORF2	1	0	4	4	TRUE	TRUE
CCGCCACAGCGGGAAG-1	MZ286188_1_ORF1	0	0	1	1	FALSE	FALSE
CCGCCACAGCGGTAAT-1	OZ258728_1_ORF1	1	1	35	35	TRUE	TRUE
CCGCCACAGGAATGAG-1	OP549859_1_ORF2	1	1	13	15	TRUE	TRUE
CCGCCACAGGACATAC-1	OZ258728_1_ORF2	2	1	26	33	TRUE	TRUE
CCGCCACAGGGAGACG-1	MZ286188_1_ORF1	0	0	1	2	FALSE	TRUE
CCGCCACAGGGGCCAT-1	MZ286188_1_ORF1	0	0	1	1	FALSE	FALSE
CCGCCACAGGTAGGAA-1	MZ286102_1_ORF1	1	0	9	10	TRUE	TRUE
CCGCCACAGTCTCACA-1	MZ286197_1_ORF1	0	0	1	1	FALSE	FALSE
CCGCCATCAACTGCCC-1	MZ286197_1_ORF2	0	0	2	3	FALSE	TRUE
CCGCCATCAAGTGAGG-1	MZ286197_1_ORF1	0	0	1	1	FALSE	TRUE
CCGCCATCAATTCGGA-1	OP549859_1_ORF1	0	0	1	1	FALSE	FALSE
CCGCCATCACCAAGTA-1	MZ286102_1_ORF2	1	0	5	5	TRUE	TRUE
CCGCCATCAGAATGGG-1	MZ286188_1_ORF1	0	0	3	4	TRUE	TRUE
CCGCCATCAGGATTGC-1	OZ258728_1_ORF1	0	0	1	2	FALSE	TRUE
CCGCCATCATGTGGCG-1	MZ286258_1_ORF1	1	1	20	21	TRUE	TRUE
CCGCCATCATTGAAGT-1	OZ258728_1_ORF1	1	1	24	24	TRUE	TRUE
CCGCTTACAACGGACT-1	MZ286102_1_ORF2	0	0	1	1	FALSE	FALSE
CCGCTTACAATATAGC-1	MZ286188_1_ORF2	1	0	4	4	TRUE	TRUE
CCGCTTACAATGTCCT-1	MZ286197_1_ORF2	0	0	2	2	TRUE	TRUE
CCGCTTACAATTGCCT-1	OP549859_1_ORF2	0	0	2	2	TRUE	TRUE
CCGCTTACACAAGGGA-1	MZ286197_1_ORF1	0	0	3	4	TRUE	TRUE
CCGCTTACACACTAAG-1	MZ286188_1_ORF2	0	0	1	2	FALSE	TRUE
CCGCTTACAGAGAGGC-1	MZ286258_1_ORF2	0	0	1	1	FALSE	FALSE
CCGCTTACAGGATTGC-1	MZ286258_1_ORF2	0	0	1	1	FALSE	TRUE
CCGCTTACATCGCTCA-1	meGFP	0	0	1	1	FALSE	FALSE
CCGCTTACATGAAGGG-1	MZ286258_1_ORF2	1	1	20	20	TRUE	TRUE
CCGGACCTCAGGATGT-1	OZ258728_1_ORF2	1	0	9	9	TRUE	FALSE
CCGGACCTCCCAGTGT-1	MZ286258_1_ORF2	0	0	1	1	FALSE	TRUE
CCGGACCTCCCGTCGA-1	OP549859_1_ORF1	0	0	1	1	FALSE	TRUE
CCGGACCTCGCCAGTT-1	OP549859_1_ORF2	1	1	18	18	TRUE	TRUE
CCGGACCTCGTACCCG-1	OZ258728_1_ORF2	0	0	1	1	FALSE	FALSE
CCGGACCTCTAAGTGA-1	MZ286188_1_ORF2	1	0	5	5	TRUE	TRUE
CCGGACCTCTAGGTAA-1	MZ286197_1_ORF2	0	0	3	3	TRUE	TRUE
CCGGACCTCTGAGTCC-1	MZ286197_1_ORF1	1	0	8	10	TRUE	TRUE
CCGGTAAAGAACCCAG-1	meGFP	1	0	5	6	TRUE	TRUE
CCGGTAAAGACCCATC-1	OZ258728_1_ORF2	0	0	1	1	FALSE	FALSE
CCGGTAAAGAGATAGG-1	OZ258728_1_ORF2	1	1	19	19	TRUE	TRUE
CCGGTAAAGCTGGACA-1	meGFP	1	1	10	10	TRUE	TRUE
CCGGTAAAGGATGGTT-1	MZ286258_1_ORF1	1	0	5	6	TRUE	TRUE
CCGGTAAAGGCTTCAC-1	OZ258728_1_ORF2	0	0	1	1	FALSE	FALSE
CCGGTAAAGTACTGGG-1	OZ258728_1_ORF2	0	0	1	1	FALSE	TRUE
CCGGTAAAGTGTCCGT-1	OZ258728_1_ORF2	0	0	1	1	FALSE	TRUE
CCGGTACGTACACTAC-1	MZ286258_1_ORF1	1	1	30	31	TRUE	TRUE
CCGGTACGTACCGACC-1	OZ258728_1_ORF1	0	0	1	1	FALSE	FALSE
CCGGTACGTAGCCATT-1	MZ286102_1_ORF1	1	0	6	6	TRUE	TRUE
CCGGTACGTGCCCGAT-1	OP549859_1_ORF1	0	0	1	2	FALSE	TRUE
CCGGTACGTGCCTAAT-1	OZ258728_1_ORF2	0	0	1	1	FALSE	TRUE
CCGGTACGTGGAAGCT-1	MZ286258_1_ORF2	0	0	1	1	FALSE	FALSE
CCGGTACGTTAACCAC-1	MZ286197_1_ORF1	0	0	1	1	FALSE	FALSE
CCGGTACGTTCGTCTC-1	MZ286258_1_ORF2	0	0	1	3	FALSE	TRUE
CCGGTACGTTGCCACA-1	meGFP	0	0	1	1	FALSE	FALSE
CCGGTTTAGACATTAG-1	MZ286197_1_ORF1	0	0	1	1	FALSE	FALSE
CCGGTTTAGACGCGAC-1	OZ258728_1_ORF2	1	1	11	13	TRUE	TRUE
CCGGTTTAGCAATCGG-1	OZ258728_1_ORF2	1	0	4	5	TRUE	TRUE
CCGGTTTAGGAGTATC-1	OZ258728_1_ORF2	2	1	24	28	TRUE	TRUE
CCGGTTTAGGGTATGT-1	meGFP	0	0	1	1	FALSE	FALSE
CCGGTTTAGGTAGGCC-1	OZ258728_1_ORF2	0	0	2	3	FALSE	TRUE
CCGGTTTAGTTACGAA-1	OP549859_1_ORF1	0	0	1	1	FALSE	TRUE
CCGTCACCAATATAGC-1	MZ286258_1_ORF1	0	0	1	1	FALSE	TRUE
CCGTCACCAATTGCAG-1	meGFP	0	0	1	2	FALSE	TRUE
CCGTCACCACCTTGAT-1	OZ258728_1_ORF1	0	0	1	1	FALSE	TRUE
CCGTCACCACGGATTA-1	MZ286258_1_ORF1	0	0	1	1	FALSE	FALSE
CCGTCACCACGTTGGG-1	OZ258728_1_ORF1	1	1	27	27	TRUE	TRUE
CCGTCACCATATCGAG-1	MZ286102_1_ORF2	0	0	1	1	FALSE	FALSE
CCGTCACCATATGCAG-1	MZ286258_1_ORF1	0	0	1	1	FALSE	FALSE
CCGTCACCATGTCGGG-1	OP549859_1_ORF2	0	0	1	1	FALSE	FALSE
CCGTCACCATTACTCA-1	MZ286197_1_ORF1	0	0	1	2	FALSE	TRUE
CCGTCCTTCACACTTG-1	MZ286102_1_ORF2	1	0	8	8	TRUE	TRUE
CCGTCCTTCCAAGTCC-1	MZ286197_1_ORF1	0	0	2	3	FALSE	TRUE
CCGTCCTTCCCGCAAT-1	OZ258728_1_ORF1	0	0	1	1	FALSE	FALSE
CCGTCCTTCCTCTACT-1	OZ258728_1_ORF1	0	0	1	1	FALSE	FALSE
CCGTCCTTCCTCTGGG-1	OZ258728_1_ORF2	1	1	114	117	TRUE	TRUE
CCGTCCTTCGACACCT-1	OZ258728_1_ORF2	1	1	70	70	TRUE	TRUE
CCGTCCTTCGACCCAT-1	OP549859_1_ORF1	0	0	1	1	FALSE	FALSE
CCGTCCTTCTGAGTAA-1	MZ286102_1_ORF2	0	0	1	1	FALSE	TRUE
CCGTGAAAGAAGTTGC-1	OZ258728_1_ORF2	0	0	1	1	FALSE	FALSE
CCGTGAAAGAATCGTA-1	OP549859_1_ORF1	0	0	1	2	FALSE	TRUE
CCGTGAAAGCCGAGTA-1	MZ286258_1_ORF1	0	0	1	1	FALSE	FALSE
CCGTGAAAGCGTTCGT-1	OZ258728_1_ORF2	0	0	1	1	FALSE	FALSE
CCGTGAAAGGATGGAA-1	OZ258728_1_ORF2	0	0	1	2	FALSE	TRUE
CCGTGAAAGGGTTAGT-1	meGFP	0	0	1	1	FALSE	TRUE
CCGTGAAAGGTACGCA-1	OZ258728_1_ORF2	0	0	1	1	FALSE	FALSE
CCGTGAAAGGTTAATG-1	OZ258728_1_ORF2	0	0	2	2	TRUE	TRUE
CCGTGAAAGTCTAGGG-1	MZ286102_1_ORF2	0	0	3	3	TRUE	TRUE
CCGTGCATCACAGATA-1	OZ258728_1_ORF2	0	0	1	2	FALSE	FALSE
CCGTGCATCACCACGT-1	MZ286102_1_ORF2	1	1	21	22	TRUE	TRUE
CCGTGCATCAGTGTGG-1	MZ286102_1_ORF2	0	0	1	1	FALSE	FALSE
CCGTGCATCCCAACTA-1	OZ258728_1_ORF2	0	0	1	1	FALSE	FALSE
CCGTGCATCCTGTCCC-1	OZ258728_1_ORF2	1	1	20	20	TRUE	TRUE
CCGTGCATCGCCCGTA-1	MZ286197_1_ORF1	0	0	1	1	FALSE	TRUE
CCGTGCATCGCTAGTC-1	MZ286258_1_ORF2	0	0	1	1	FALSE	FALSE
CCGTGCATCGGACCAA-1	meGFP	1	0	4	4	TRUE	TRUE
CCGTGCATCGGCTCTG-1	MZ286258_1_ORF1	0	0	1	1	FALSE	FALSE
CCGTGCATCGGTATGG-1	MZ286197_1_ORF2	0	0	3	3	TRUE	TRUE
CCGTGCATCGGTCTAC-1	MZ286102_1_ORF2	0	0	3	4	TRUE	TRUE
CCGTGCATCTAATTGC-1	MZ286197_1_ORF1	0	0	1	1	FALSE	TRUE
CCGTGCATCTAGGCTC-1	MZ286197_1_ORF2	0	0	1	1	FALSE	FALSE
CCGTGCATCTCACGCG-1	OZ258728_1_ORF2	1	1	11	12	TRUE	TRUE
CCGTGGCTCAGTATGA-1	MZ286258_1_ORF2	1	1	11	12	TRUE	TRUE
CCGTGGCTCCAATGCC-1	MZ286197_1_ORF2	0	0	1	1	FALSE	TRUE
CCGTGGCTCCGTGGTT-1	meGFP	0	0	1	1	FALSE	FALSE
CCGTGGCTCCTCTAAG-1	MZ286102_1_ORF2	1	0	5	5	TRUE	TRUE
CCGTGGCTCGACGGGT-1	OP549859_1_ORF1	0	0	1	1	FALSE	FALSE
CCGTGGCTCGAGCGGT-1	MZ286197_1_ORF1	0	0	3	3	TRUE	TRUE
CCGTGGCTCGCCAGTT-1	OZ258728_1_ORF1	0	0	1	1	FALSE	FALSE
CCGTGGCTCTATACCG-1	MZ286188_1_ORF2	0	0	1	1	FALSE	FALSE
CCGTGGCTCTCAGCAC-1	MZ286102_1_ORF2	1	0	6	6	TRUE	TRUE
CCGTGTCCAAGGTGCT-1	OP549859_1_ORF1	1	0	7	7	TRUE	TRUE
CCGTGTCCACCGTTCA-1	meGFP	2	1	35	41	TRUE	TRUE
CCGTGTCCACCTCTCT-1	meGFP	0	0	1	1	FALSE	FALSE
CCGTGTCCACTACGGG-1	OP549859_1_ORF1	0	0	1	1	FALSE	FALSE
CCGTGTCCACTTCGAT-1	MZ286102_1_ORF2	1	1	16	16	TRUE	TRUE
CCGTGTCCAGCGCTTC-1	OP549859_1_ORF1	0	0	1	1	FALSE	TRUE
CCGTGTCCAGTACCAA-1	MZ286258_1_ORF2	0	0	3	3	TRUE	TRUE
CCGTGTCCATCCCGAC-1	MZ286102_1_ORF2	0	0	1	1	FALSE	TRUE
CCGTGTTAGAGGGACG-1	OZ258728_1_ORF2	1	1	14	14	TRUE	TRUE
CCGTGTTAGATACAGC-1	MZ286102_1_ORF2	1	0	4	4	TRUE	TRUE
CCGTGTTAGATTGGTA-1	MZ286258_1_ORF2	1	1	27	27	TRUE	TRUE
CCGTGTTAGCATCACC-1	MZ286258_1_ORF2	0	0	1	1	FALSE	FALSE
CCGTGTTAGCCAGTTC-1	MZ286197_1_ORF1	2	1	16	25	FALSE	TRUE
CCGTGTTAGCCTGGAA-1	OP549859_1_ORF1	1	1	74	75	TRUE	TRUE
CCGTGTTAGCGGATTG-1	MZ286197_1_ORF1	0	0	1	1	FALSE	FALSE
CCGTGTTAGCTACTTG-1	MZ286258_1_ORF2	0	0	1	1	FALSE	FALSE
CCGTGTTAGTGATAGC-1	meGFP	1	1	15	17	TRUE	TRUE
CCGTGTTAGTGTCGCT-1	meGFP	1	1	22	22	TRUE	TRUE
CCGTTACAGACTCCGT-1	OZ258728_1_ORF2	0	0	1	1	FALSE	TRUE
CCGTTACAGCCAGGGT-1	OP549859_1_ORF1	1	1	16	16	TRUE	TRUE
CCGTTACAGCCATGAG-1	meGFP	0	0	1	1	FALSE	TRUE
CCGTTACAGCGACACA-1	MZ286258_1_ORF2	0	0	1	1	FALSE	TRUE
CCGTTACAGGAAGTAG-1	MZ286197_1_ORF1	0	0	1	1	FALSE	FALSE
CCGTTACAGGAATGAG-1	OZ258728_1_ORF1	0	0	1	1	FALSE	TRUE
CCGTTACAGGATGGAA-1	MZ286258_1_ORF1	0	0	1	1	FALSE	TRUE
CCGTTACAGTTGGAAC-1	MZ286188_1_ORF2	0	0	1	1	FALSE	TRUE
CCGTTCGAGAACCTAA-1	meGFP	0	0	1	1	FALSE	TRUE
CCGTTCGAGACTTGAA-1	OP549859_1_ORF1	0	0	1	1	FALSE	FALSE
CCGTTCGAGAGTTAGC-1	meGFP	0	0	1	1	FALSE	FALSE
CCGTTCGAGATTCGTT-1	MZ286258_1_ORF1	0	0	1	1	FALSE	FALSE
CCGTTCGAGCAAGGTT-1	MZ286102_1_ORF2	0	0	3	3	TRUE	TRUE
CCGTTCGAGCACGGAC-1	OP549859_1_ORF1	0	0	1	1	FALSE	TRUE
CCGTTCGAGCCACTTA-1	MZ286188_1_ORF2	0	0	1	1	FALSE	FALSE
CCGTTCGAGCGGATCA-1	MZ286258_1_ORF2	1	0	6	6	TRUE	TRUE
CCGTTCGAGCTACTTG-1	MZ286258_1_ORF2	0	0	1	1	FALSE	FALSE
CCGTTCGAGCTCTAGC-1	OZ258728_1_ORF2	0	0	1	1	FALSE	TRUE
CCGTTCGAGGAGCATT-1	MZ286197_1_ORF1	1	0	4	4	TRUE	TRUE
CCGTTCGAGGGCTTGA-1	MZ286258_1_ORF2	0	0	1	1	FALSE	TRUE
CCGTTCGAGGTACCCT-1	OP549859_1_ORF2	0	0	3	4	TRUE	TRUE
CCGTTCGAGGTTAATG-1	OP549859_1_ORF1	0	0	1	1	FALSE	FALSE
CCGTTCGAGTACTTCG-1	MZ286197_1_ORF1	0	0	1	1	FALSE	TRUE
CCGTTCGAGTAGTTGA-1	OP549859_1_ORF2	1	1	17	17	TRUE	TRUE
CCGTTCGAGTCAGCAG-1	MZ286102_1_ORF1	1	0	6	6	TRUE	TRUE
CCGTTCTGTATGGCCC-1	MZ286102_1_ORF2	0	0	1	1	FALSE	FALSE
CCGTTCTGTCGACCGT-1	meGFP	0	0	1	1	FALSE	FALSE
CCGTTCTGTGCATGAA-1	MZ286188_1_ORF1	1	1	37	38	TRUE	TRUE
CCGTTCTGTGCGCGAA-1	OP549859_1_ORF1	0	0	1	1	FALSE	FALSE
CCGTTCTGTGTCGAGG-1	MZ286258_1_ORF2	1	0	9	9	TRUE	TRUE
CCGTTCTGTTGGAGCG-1	OP549859_1_ORF2	0	0	1	1	FALSE	FALSE
CCGTTCTGTTGTACGT-1	meGFP	1	1	13	13	TRUE	TRUE
CCGTTCTGTTGTCCTC-1	MZ286258_1_ORF1	0	0	2	2	TRUE	TRUE
CCGTTCTGTTTAATCG-1	MZ286197_1_ORF2	0	0	3	3	TRUE	TRUE
CCGTTCTGTTTCCGTC-1	MZ286102_1_ORF2	1	0	7	9	TRUE	TRUE
CCTAACATCACATGAA-1	meGFP	1	1	16	16	TRUE	TRUE
CCTAACATCACTAATC-1	MZ286102_1_ORF2	1	0	9	9	TRUE	TRUE
CCTAACATCACTCGCG-1	OZ258728_1_ORF2	0	0	2	3	FALSE	TRUE
CCTAACATCAGGATGT-1	MZ286102_1_ORF2	1	0	5	5	TRUE	TRUE
CCTAACATCATATGTC-1	OP549859_1_ORF1	1	1	36	37	TRUE	TRUE
CCTAACATCCAATGAA-1	OP549859_1_ORF1	1	1	33	33	TRUE	TRUE
CCTAACATCCATAGGG-1	meGFP	1	0	7	7	TRUE	TRUE
CCTAACATCGAGTTGG-1	OP549859_1_ORF1	0	0	1	1	FALSE	FALSE
CCTAACATCGGGAAGG-1	meGFP	1	1	21	21	TRUE	TRUE
CCTAACATCGTCATGC-1	OZ258728_1_ORF2	1	1	41	42	TRUE	TRUE
CCTAACATCTATAGGA-1	MZ286102_1_ORF2	1	0	6	8	TRUE	TRUE
CCTAACATCTCTCGCC-1	OZ258728_1_ORF2	1	1	34	34	TRUE	TRUE
CCTAACATCTGTGCGT-1	OP549859_1_ORF1	0	0	2	5	FALSE	TRUE
CCTAACCAGAGATTGC-1	meGFP	0	0	1	1	FALSE	FALSE
CCTAACCAGATCAAGC-1	MZ286188_1_ORF2	0	0	3	4	TRUE	TRUE
CCTAACCAGATTGGTA-1	MZ286197_1_ORF1	1	1	83	83	TRUE	TRUE
CCTAACCAGCAAGCTG-1	MZ286188_1_ORF1	1	1	45	45	TRUE	TRUE
CCTAACCAGCAAGGTT-1	MZ286188_1_ORF1	0	0	1	1	FALSE	FALSE
CCTAACCAGCATCCGT-1	OZ258728_1_ORF2	1	0	5	6	TRUE	TRUE
CCTAACCAGCCACTTA-1	MZ286102_1_ORF2	0	0	1	1	FALSE	TRUE
CCTAACCAGGGTCAGC-1	MZ286188_1_ORF1	0	0	1	1	FALSE	FALSE
CCTAACCAGTGCAACG-1	meGFP	0	0	1	1	FALSE	TRUE
CCTAACTCAAAGGGCA-1	OP549859_1_ORF2	0	0	1	1	FALSE	FALSE
CCTAACTCAACCCAGG-1	OP549859_1_ORF1	1	1	36	36	TRUE	TRUE
CCTAACTCACACAGCG-1	MZ286102_1_ORF2	0	0	1	1	FALSE	FALSE
CCTAACTCACCGCAAG-1	OP549859_1_ORF1	1	0	4	6	TRUE	TRUE
CCTAACTCACGGATTA-1	OZ258728_1_ORF2	0	0	1	1	FALSE	FALSE
CCTAACTCACTAGACA-1	OZ258728_1_ORF2	1	1	27	28	TRUE	TRUE
CCTAACTCAGGAAGCA-1	MZ286102_1_ORF2	1	0	6	8	TRUE	TRUE
CCTAACTCATCAGAGC-1	MZ286102_1_ORF2	1	1	10	10	TRUE	TRUE
CCTAACTCATGACGGT-1	OZ258728_1_ORF2	1	0	8	8	TRUE	TRUE
CCTAACTCATTCCGTG-1	OZ258728_1_ORF2	0	0	1	1	FALSE	TRUE
CCTAAGACAAAGGGCA-1	OP549859_1_ORF1	0	0	1	1	FALSE	FALSE
CCTAAGACAAAGTTAC-1	meGFP	0	0	1	1	FALSE	TRUE
CCTAAGACAACAGATT-1	meGFP	0	0	1	2	FALSE	TRUE
CCTAAGACAACAGGCT-1	OZ258728_1_ORF2	0	0	1	1	FALSE	FALSE
CCTAAGACACAACCAA-1	OZ258728_1_ORF2	0	0	1	1	FALSE	TRUE
CCTAAGACACCGTTCA-1	OZ258728_1_ORF2	0	0	1	1	FALSE	FALSE
CCTAAGACAGCTTAGA-1	OP549859_1_ORF1	1	1	32	38	TRUE	TRUE
CCTAAGACATAGGCAC-1	MZ286258_1_ORF2	1	1	19	21	TRUE	TRUE
CCTAAGACATCGGGCA-1	meGFP	1	1	41	41	TRUE	TRUE
CCTAAGACATGAGTAT-1	meGFP	0	0	1	1	FALSE	TRUE
CCTAAGACATTGCCCA-1	MZ286197_1_ORF1	0	0	1	1	FALSE	FALSE
CCTAAGACATTGGTTC-1	MZ286188_1_ORF1	0	0	1	1	FALSE	TRUE
CCTACTAAGACGACTG-1	OP549859_1_ORF1	1	0	8	8	TRUE	TRUE
CCTACTAAGCAATCAA-1	OP549859_1_ORF1	1	1	16	16	TRUE	TRUE
CCTACTAAGGCATGTG-1	OP549859_1_ORF2	0	0	2	2	TRUE	TRUE
CCTACTAAGGTCTACC-1	OP549859_1_ORF1	0	0	1	1	FALSE	TRUE
CCTACTAAGTAGAGGA-1	MZ286258_1_ORF2	1	1	12	12	TRUE	TRUE
CCTACTAAGTCATCCA-1	OP549859_1_ORF1	1	0	5	5	TRUE	TRUE
CCTACTAAGTGGGTCA-1	MZ286258_1_ORF1	1	1	23	23	TRUE	TRUE
CCTACTAAGTGTGTCC-1	MZ286197_1_ORF2	0	0	1	3	FALSE	TRUE
CCTACTAAGTTACCAT-1	OZ258728_1_ORF2	0	0	1	1	FALSE	FALSE
CCTACTAAGTTGGCGA-1	MZ286258_1_ORF2	1	1	16	16	TRUE	TRUE
CCTAGAACAAACTAAC-1	OZ258728_1_ORF2	0	0	1	1	FALSE	TRUE
CCTAGAACAACCAGCG-1	OZ258728_1_ORF2	1	1	55	56	TRUE	TRUE
CCTAGAACAACCCAGG-1	MZ286258_1_ORF1	2	2	42	63	FALSE	TRUE
CCTAGAACACTTCGGC-1	MZ286102_1_ORF2	1	1	16	18	TRUE	TRUE
CCTAGAACACTTGCTG-1	OP549859_1_ORF2	1	0	4	4	TRUE	TRUE
CCTAGAACATCCCAAT-1	OZ258728_1_ORF2	0	0	1	1	FALSE	TRUE
CCTAGACTCAGCGGAC-1	meGFP	1	0	8	9	TRUE	TRUE
CCTAGACTCCATCACA-1	OZ258728_1_ORF2	0	0	1	1	FALSE	FALSE
CCTAGACTCCGGATGA-1	MZ286188_1_ORF2	1	0	4	4	TRUE	TRUE
CCTAGACTCCTCTCCA-1	OZ258728_1_ORF2	1	1	51	51	TRUE	TRUE
CCTAGACTCCTTACAG-1	MZ286258_1_ORF2	1	1	12	12	TRUE	TRUE
CCTAGACTCGGCTGAA-1	OP549859_1_ORF2	0	0	3	4	TRUE	TRUE
CCTAGACTCTAAGTCT-1	meGFP	0	0	1	1	FALSE	TRUE
CCTAGACTCTACCGAC-1	OZ258728_1_ORF2	0	0	1	1	FALSE	TRUE
CCTAGACTCTCCTAAG-1	OZ258728_1_ORF2	0	0	1	1	FALSE	FALSE
CCTAGTCAGAACGGCC-1	OZ258728_1_ORF1	1	1	31	32	TRUE	TRUE
CCTAGTCAGAAGTTGC-1	MZ286102_1_ORF2	1	0	5	5	TRUE	TRUE
CCTAGTCAGAGGTCTG-1	meGFP	0	0	1	1	FALSE	TRUE
CCTAGTCAGCACCATC-1	meGFP	1	1	21	21	TRUE	TRUE
CCTAGTCAGCGCAGTA-1	OZ258728_1_ORF1	0	0	1	1	FALSE	FALSE
CCTAGTCAGCGGAACC-1	meGFP	0	0	1	1	FALSE	FALSE
CCTAGTCAGCGGGCAT-1	MZ286188_1_ORF1	1	0	4	4	TRUE	TRUE
CCTAGTCAGCTGGTTC-1	OZ258728_1_ORF2	0	0	1	1	FALSE	FALSE
CCTAGTCAGCTTAGTT-1	OZ258728_1_ORF2	0	0	1	1	FALSE	TRUE
CCTAGTCAGCTTGATT-1	MZ286102_1_ORF2	0	0	2	2	TRUE	TRUE
CCTAGTCAGGAGTGAA-1	meGFP	1	0	4	5	TRUE	TRUE
CCTAGTCAGGAGTGCC-1	MZ286258_1_ORF2	1	1	14	14	TRUE	TRUE
CCTAGTCAGGGCCAGT-1	OZ258728_1_ORF1	0	0	1	1	FALSE	FALSE
CCTAGTCAGGTAGACT-1	MZ286197_1_ORF1	1	1	11	11	TRUE	TRUE
CCTAGTCAGTGCGGAC-1	OP549859_1_ORF2	0	0	1	1	FALSE	FALSE
CCTAGTCAGTGTAATG-1	MZ286102_1_ORF2	0	0	1	1	FALSE	FALSE
CCTATCTTCACCACGT-1	OZ258728_1_ORF2	1	1	27	28	TRUE	TRUE
CCTATCTTCACCGCAT-1	MZ286258_1_ORF2	1	0	7	8	TRUE	TRUE
CCTATCTTCATATGTC-1	OP549859_1_ORF1	0	0	1	1	FALSE	FALSE
CCTATCTTCCCGATAC-1	MZ286102_1_ORF1	0	0	1	2	FALSE	TRUE
CCTATCTTCCGACTAC-1	MZ286188_1_ORF2	0	0	1	1	FALSE	TRUE
CCTATCTTCGGTAGCA-1	MZ286188_1_ORF2	0	0	1	2	FALSE	TRUE
CCTATCTTCTACGCCG-1	MZ286188_1_ORF2	0	0	3	4	TRUE	TRUE
CCTCAAATCAACTGAA-1	OZ258728_1_ORF2	0	0	1	1	FALSE	FALSE
CCTCAAATCAGGCTAG-1	OZ258728_1_ORF2	0	0	2	5	FALSE	TRUE
CCTCAAATCCCCAGAT-1	MZ286258_1_ORF1	1	1	83	83	TRUE	TRUE
CCTCAAATCCCTGGTG-1	MZ286197_1_ORF1	0	0	1	1	FALSE	FALSE
CCTCAAATCGTTCCGG-1	MZ286102_1_ORF2	1	0	5	7	TRUE	TRUE
CCTCAAATCTAACTAC-1	OZ258728_1_ORF2	0	0	1	1	FALSE	FALSE
CCTCAAATCTGGACGA-1	OP549859_1_ORF1	0	0	1	1	FALSE	FALSE
CCTCACTGTACAGGGT-1	meGFP	1	1	16	18	TRUE	TRUE
CCTCACTGTATGGCCC-1	OP549859_1_ORF1	1	0	4	18	TRUE	TRUE
CCTCACTGTCTCCAAG-1	MZ286197_1_ORF1	0	0	1	1	FALSE	FALSE
CCTCACTGTGACCTCA-1	meGFP	0	0	1	1	FALSE	FALSE
CCTCACTGTGAGAGCT-1	meGFP	0	0	1	1	FALSE	TRUE
CCTCACTGTGCCCGAT-1	OP549859_1_ORF2	0	0	1	1	FALSE	TRUE
CCTCACTGTGTGTCAT-1	MZ286258_1_ORF2	0	0	1	1	FALSE	FALSE
CCTCACTGTTATCTCT-1	OP549859_1_ORF1	0	0	2	2	TRUE	TRUE
CCTCACTGTTTACGGT-1	OZ258728_1_ORF2	0	0	1	1	FALSE	FALSE
CCTCTAAAGAGCCAAT-1	meGFP	0	0	1	1	FALSE	FALSE
CCTCTAAAGATCAGTA-1	MZ286258_1_ORF2	1	1	10	10	TRUE	TRUE
CCTCTAAAGCAAGTAC-1	MZ286102_1_ORF2	0	0	2	2	TRUE	TRUE
CCTCTAAAGCACCAGA-1	meGFP	0	0	1	1	FALSE	TRUE
CCTCTAAAGCCCGTCA-1	OZ258728_1_ORF2	0	0	2	3	FALSE	FALSE
CCTCTAAAGCTTGACC-1	MZ286188_1_ORF1	0	0	1	1	FALSE	FALSE
CCTCTAAAGGAATGTC-1	MZ286102_1_ORF2	1	1	11	11	TRUE	TRUE
CCTCTAAAGGCTTCGT-1	MZ286102_1_ORF2	0	0	2	5	FALSE	TRUE
CCTCTAAAGGGTTGCA-1	MZ286258_1_ORF1	1	0	5	5	TRUE	TRUE
CCTCTAAAGTTGAATG-1	MZ286102_1_ORF2	0	0	1	1	FALSE	TRUE
CCTGCACCAATGGACC-1	OP549859_1_ORF1	0	0	3	3	TRUE	TRUE
CCTGCACCACAACTAG-1	MZ286102_1_ORF2	1	0	4	6	TRUE	TRUE
CCTGCACCAGATTAAC-1	OZ258728_1_ORF2	0	0	1	1	FALSE	FALSE
CCTGCACCAGGCCAAT-1	MZ286197_1_ORF1	0	0	1	1	FALSE	FALSE
CCTGCACCAGGTCTCC-1	meGFP	0	0	1	1	FALSE	FALSE
CCTGCACCATATCACC-1	OP549859_1_ORF1	0	0	1	1	FALSE	TRUE
CCTGCACCATTAGAGT-1	MZ286197_1_ORF2	1	0	5	5	TRUE	TRUE
CCTGCCTTCAACTGGG-1	OZ258728_1_ORF2	0	0	1	1	FALSE	FALSE
CCTGCCTTCCAATGAA-1	MZ286258_1_ORF2	0	0	1	1	FALSE	FALSE
CCTGCCTTCCACAGGA-1	OZ258728_1_ORF1	1	0	9	13	TRUE	TRUE
CCTGCCTTCCAGACTC-1	MZ286102_1_ORF2	1	0	7	7	TRUE	TRUE
CCTGCCTTCCCATTGA-1	MZ286258_1_ORF2	1	1	43	43	TRUE	TRUE
CCTGCCTTCCGACATC-1	MZ286102_1_ORF2	0	0	2	2	TRUE	TRUE
CCTGCCTTCGAACCGA-1	OZ258728_1_ORF2	0	0	1	2	FALSE	TRUE
CCTGCCTTCGCGCATT-1	MZ286197_1_ORF2	0	0	2	2	TRUE	TRUE
CCTGCCTTCGGCGTAA-1	MZ286258_1_ORF2	0	0	1	1	FALSE	FALSE
CCTGCCTTCGGCTTCG-1	OZ258728_1_ORF1	0	0	1	2	FALSE	TRUE
CCTGCCTTCTAGGCAG-1	OP549859_1_ORF1	1	1	14	14	TRUE	TRUE
CCTGCCTTCTCTGGTA-1	MZ286188_1_ORF1	0	0	1	1	FALSE	TRUE
CCTGCCTTCTGGTGTC-1	MZ286197_1_ORF1	0	0	1	1	FALSE	TRUE
CCTGCCTTCTTAAGCT-1	MZ286197_1_ORF1	0	0	1	1	FALSE	FALSE
CCTGCTACAAAGTCAT-1	OZ258728_1_ORF1	1	1	12	12	TRUE	TRUE
CCTGCTACAAAGTTAC-1	OZ258728_1_ORF2	0	0	1	2	FALSE	FALSE
CCTGCTACAACGGGTT-1	MZ286258_1_ORF2	1	1	10	10	TRUE	TRUE
CCTGCTACAAGCGAAG-1	meGFP	0	0	1	1	FALSE	FALSE
CCTGCTACAAGTCAAT-1	OZ258728_1_ORF1	0	0	1	1	FALSE	FALSE
CCTGCTACACAAGGGA-1	OP549859_1_ORF2	1	0	5	5	TRUE	TRUE
CCTGCTACAGAGAGGC-1	meGFP	0	0	1	1	FALSE	FALSE
CCTGCTACAGAGCTTA-1	OZ258728_1_ORF1	0	0	1	1	FALSE	FALSE
CCTGCTACAGCCCTGT-1	OZ258728_1_ORF2	0	0	1	1	FALSE	TRUE
CCTGCTACAGTCCAGG-1	MZ286258_1_ORF2	1	0	6	7	TRUE	TRUE
CCTGCTACATACCGGG-1	meGFP	1	1	15	15	TRUE	TRUE
CCTGCTACATCCCGGT-1	MZ286102_1_ORF2	0	0	2	2	TRUE	TRUE
CCTGCTACATTGGATG-1	MZ286188_1_ORF1	0	0	1	1	FALSE	TRUE
CCTGGCATCACCAATT-1	OZ258728_1_ORF2	0	0	1	1	FALSE	FALSE
CCTGGCATCATCTAGT-1	OZ258728_1_ORF1	0	0	1	1	FALSE	TRUE
CCTGGCATCCATAGGG-1	OP549859_1_ORF2	0	0	1	1	FALSE	FALSE
CCTGGCATCCGCATGT-1	OP549859_1_ORF1	0	0	1	1	FALSE	FALSE
CCTGGCATCGACACCT-1	OP549859_1_ORF1	0	0	1	1	FALSE	TRUE
CCTGGGTGTAACGATG-1	OP549859_1_ORF1	0	0	1	2	FALSE	TRUE
CCTGGGTGTAAGCCAA-1	meGFP	0	0	1	1	FALSE	TRUE
CCTGGGTGTACCGACC-1	OZ258728_1_ORF1	0	0	1	1	FALSE	FALSE
CCTGGGTGTACCTGGC-1	OZ258728_1_ORF2	1	1	26	26	TRUE	TRUE
CCTGGGTGTAGACATG-1	meGFP	1	1	41	41	TRUE	TRUE
CCTGGGTGTTATGCAC-1	OZ258728_1_ORF2	1	1	85	86	TRUE	TRUE
CCTGGGTGTTGGACTT-1	meGFP	0	0	1	1	FALSE	TRUE
CCTGGGTGTTTGAACC-1	MZ286258_1_ORF2	1	1	14	16	TRUE	TRUE
CCTGGTAGTAACCGAA-1	MZ286188_1_ORF1	0	0	1	2	FALSE	TRUE
CCTGGTAGTAACCTAC-1	OZ258728_1_ORF2	1	1	52	52	TRUE	TRUE
CCTGGTAGTAAGCATG-1	MZ286102_1_ORF2	0	0	3	3	TRUE	TRUE
CCTGGTAGTAATGGGC-1	MZ286102_1_ORF2	1	0	6	6	TRUE	TRUE
CCTGGTAGTACGTTCG-1	OZ258728_1_ORF2	0	0	1	1	FALSE	FALSE
CCTGGTAGTCACTAAC-1	MZ286258_1_ORF2	0	0	1	1	FALSE	TRUE
CCTGGTAGTCACTCCT-1	meGFP	1	0	6	6	TRUE	TRUE
CCTGGTAGTCAGGGAT-1	OZ258728_1_ORF1	0	0	1	1	FALSE	FALSE
CCTGGTAGTCTAAGCT-1	OP549859_1_ORF1	0	0	1	1	FALSE	TRUE
CCTGGTAGTCTTGGGC-1	OZ258728_1_ORF1	0	0	1	1	FALSE	FALSE
CCTGGTAGTGACCTCA-1	OZ258728_1_ORF1	1	1	28	28	TRUE	TRUE
CCTGGTAGTGCGGTGA-1	OZ258728_1_ORF1	1	1	12	12	TRUE	TRUE
CCTGGTAGTGGGATTA-1	MZ286197_1_ORF1	1	0	6	7	TRUE	TRUE
CCTGGTAGTGGTTCGC-1	MZ286188_1_ORF1	0	0	1	1	FALSE	TRUE
CCTGGTAGTTTGATGC-1	MZ286102_1_ORF2	0	0	1	1	FALSE	TRUE
CCTGTCGAGAATGCTA-1	MZ286102_1_ORF2	0	0	2	2	TRUE	TRUE
CCTGTCGAGCCCGTCA-1	MZ286102_1_ORF2	0	0	1	1	FALSE	FALSE
CCTGTCGAGGGCTTGA-1	MZ286258_1_ORF2	0	0	1	1	FALSE	FALSE
CCTGTTGCAAGAGGTG-1	MZ286188_1_ORF2	0	0	3	3	TRUE	TRUE
CCTGTTGCAGGGTCTG-1	MZ286188_1_ORF2	0	0	1	1	FALSE	FALSE
CCTGTTGCAGGTCTAA-1	meGFP	0	0	1	2	FALSE	TRUE
CCTGTTGCAGTTGGTA-1	MZ286188_1_ORF2	1	0	4	4	TRUE	TRUE
CCTGTTGCATACTGAG-1	OP549859_1_ORF1	0	0	2	3	FALSE	FALSE
CCTGTTGCATCCGCAC-1	MZ286258_1_ORF2	0	0	1	1	FALSE	FALSE
CCTGTTGCATCGCATT-1	MZ286258_1_ORF2	1	0	6	6	TRUE	TRUE
CCTGTTGCATGCATCT-1	MZ286102_1_ORF1	2	0	8	14	FALSE	TRUE
CCTGTTGCATTCATTG-1	meGFP	0	0	1	1	FALSE	TRUE
CCTTCAGCAAACCATG-1	MZ286102_1_ORF2	0	0	1	1	FALSE	TRUE
CCTTCAGCAAAGGGCA-1	OZ258728_1_ORF2	0	0	1	1	FALSE	FALSE
CCTTCAGCAACAGAGG-1	MZ286188_1_ORF2	0	0	3	3	TRUE	TRUE
CCTTCAGCAACCGAAC-1	OP549859_1_ORF2	0	0	1	1	FALSE	FALSE
CCTTCAGCAACCTTAC-1	OZ258728_1_ORF2	0	0	1	1	FALSE	FALSE
CCTTCAGCAATAGCAT-1	meGFP	1	1	46	46	TRUE	TRUE
CCTTCAGCAGACACAC-1	OZ258728_1_ORF2	0	0	1	1	FALSE	TRUE
CCTTCAGCAGACATTG-1	MZ286197_1_ORF2	1	0	4	5	TRUE	TRUE
CCTTCAGCAGCACTCC-1	MZ286102_1_ORF2	0	0	1	1	FALSE	TRUE
CCTTCAGCAGGCAACT-1	OP549859_1_ORF1	0	0	1	1	FALSE	FALSE
CCTTCAGCATGGTGTA-1	MZ286102_1_ORF2	0	0	1	1	FALSE	FALSE
CCTTCCCAGACACTAA-1	MZ286102_1_ORF2	1	1	14	14	TRUE	TRUE
CCTTCCCAGAGCCAAT-1	OZ258728_1_ORF1	0	0	1	2	FALSE	TRUE
CCTTCCCAGCCTAATT-1	OZ258728_1_ORF1	0	0	1	1	FALSE	FALSE
CCTTCCCAGCGGTAAT-1	MZ286197_1_ORF1	1	1	17	17	TRUE	TRUE
CCTTCCCAGGCTTAGG-1	OZ258728_1_ORF1	1	0	8	9	TRUE	TRUE
CCTTCCCAGGCTTGCT-1	meGFP	0	0	1	1	FALSE	FALSE
CCTTCCCAGGGGTAGG-1	MZ286188_1_ORF1	1	1	51	51	TRUE	TRUE
CCTTCCCAGTGGATTA-1	meGFP	0	0	1	1	FALSE	TRUE
CCTTCCCAGTTCGAGG-1	MZ286188_1_ORF1	1	1	20	21	TRUE	TRUE
CCTTCGACAAATGACT-1	OZ258728_1_ORF2	0	0	1	1	FALSE	FALSE
CCTTCGACACACTAAG-1	meGFP	0	0	1	1	FALSE	FALSE
CCTTCGACACCAATGA-1	OZ258728_1_ORF2	1	1	106	107	TRUE	TRUE
CCTTCGACAGAGAGGC-1	OZ258728_1_ORF2	0	0	1	1	FALSE	FALSE
CCTTCGACAGAGCTTA-1	meGFP	1	1	102	102	TRUE	TRUE
CCTTCGACAGCCTCGT-1	MZ286258_1_ORF2	0	0	2	3	FALSE	TRUE
CCTTCGACAGGGTCCA-1	MZ286102_1_ORF2	0	0	1	1	FALSE	FALSE
CCTTCGACATTGGATG-1	MZ286102_1_ORF2	0	0	1	1	FALSE	FALSE
CCTTCGCTCAAGCTCC-1	MZ286102_1_ORF2	1	1	18	19	TRUE	TRUE
CCTTCGCTCAATTAGG-1	MZ286258_1_ORF2	0	0	1	1	FALSE	TRUE
CCTTCGCTCCAACCTA-1	meGFP	1	1	51	51	TRUE	TRUE
CCTTCGCTCCTTCACT-1	MZ286197_1_ORF2	1	0	4	5	TRUE	TRUE
CCTTCGCTCGAACCCT-1	meGFP	0	0	1	1	FALSE	FALSE
CCTTCGCTCGATCGCT-1	MZ286258_1_ORF2	1	1	12	13	TRUE	TRUE
CCTTCGCTCGCTAGTC-1	OZ258728_1_ORF1	0	0	1	1	FALSE	FALSE
CCTTCGCTCTACGCCG-1	MZ286188_1_ORF2	1	0	7	8	TRUE	TRUE
CCTTCGCTCTCTCACT-1	meGFP	0	0	1	1	FALSE	FALSE
CCTTGAATCACCCAGT-1	OZ258728_1_ORF1	1	0	4	4	TRUE	TRUE
CCTTGAATCACTTACG-1	OP549859_1_ORF1	0	0	1	1	FALSE	FALSE
CCTTGAATCAGTATCT-1	OZ258728_1_ORF1	1	0	8	8	TRUE	TRUE
CCTTGAATCATGGCTC-1	OZ258728_1_ORF2	1	0	4	4	TRUE	TRUE
CCTTGAATCCAGAGAT-1	OP549859_1_ORF2	0	0	1	1	FALSE	FALSE
CCTTGAATCGCAACTC-1	OZ258728_1_ORF2	0	0	1	1	FALSE	FALSE
CCTTGAATCGCAAGGC-1	OZ258728_1_ORF1	0	0	1	1	FALSE	TRUE
CCTTGAATCGCGCTCA-1	OP549859_1_ORF1	0	0	2	2	TRUE	TRUE
CCTTGAATCGGACAGC-1	OZ258728_1_ORF2	1	1	85	85	TRUE	TRUE
CCTTGAATCTGCCATA-1	MZ286102_1_ORF2	1	0	5	5	TRUE	TRUE
CCTTGAATCTGCCTGG-1	MZ286258_1_ORF1	0	0	1	1	FALSE	TRUE
CCTTGACAGAACGGCC-1	meGFP	0	0	1	1	FALSE	FALSE
CCTTGACAGACTCAGG-1	OZ258728_1_ORF2	0	0	1	2	FALSE	TRUE
CCTTGACAGAGCTAGT-1	MZ286258_1_ORF2	0	0	2	3	FALSE	TRUE
CCTTGACAGATGGCGC-1	meGFP	1	1	13	13	TRUE	TRUE
CCTTGACAGCCGTGAA-1	OZ258728_1_ORF2	0	0	1	1	FALSE	FALSE
CCTTGACAGCTATCCA-1	OZ258728_1_ORF2	0	0	1	1	FALSE	TRUE
CCTTGACAGCTCCTGG-1	MZ286188_1_ORF1	0	0	1	1	FALSE	FALSE
CCTTGACAGCTCTAGC-1	MZ286258_1_ORF1	0	0	1	1	FALSE	TRUE
CCTTGACAGCTTGAGG-1	OZ258728_1_ORF2	1	1	22	23	TRUE	TRUE
CCTTGACAGGATGGAA-1	meGFP	1	1	13	14	TRUE	TRUE
CCTTGACAGGCGGTGT-1	OZ258728_1_ORF2	1	1	38	38	TRUE	TRUE
CCTTGACAGGTAATTG-1	MZ286197_1_ORF1	1	1	40	40	TRUE	TRUE
CCTTGACAGGTAGGAA-1	meGFP	1	1	22	22	TRUE	TRUE
CCTTGACAGTCCGTTA-1	meGFP	1	1	52	52	TRUE	TRUE
CCTTGATCAAATGAGA-1	OZ258728_1_ORF2	0	0	1	1	FALSE	FALSE
CCTTGATCAATAGAGA-1	MZ286102_1_ORF2	1	0	9	10	TRUE	TRUE
CCTTGATCAATCACGA-1	MZ286188_1_ORF1	0	0	2	2	TRUE	FALSE
CCTTGATCAATCTCAC-1	MZ286102_1_ORF2	0	0	1	1	FALSE	TRUE
CCTTGATCACAGCATA-1	MZ286102_1_ORF2	1	1	11	12	TRUE	TRUE
CCTTGATCACGCACGA-1	OZ258728_1_ORF1	0	0	1	1	FALSE	FALSE
CCTTGATCACTCACGC-1	OP549859_1_ORF2	1	0	4	5	TRUE	TRUE
CCTTGATCACTCATAC-1	OZ258728_1_ORF2	1	1	19	20	TRUE	TRUE
CCTTGATCATAAGTCG-1	MZ286102_1_ORF2	0	0	1	1	FALSE	TRUE
CCTTGATCATATCGAG-1	MZ286258_1_ORF2	1	0	9	10	TRUE	TRUE
CCTTGATCATCCATAC-1	MZ286197_1_ORF2	0	0	2	2	TRUE	TRUE
CCTTGATCATGCTCGC-1	meGFP	0	0	1	1	FALSE	FALSE
CCTTGATCATGTGGCG-1	OP549859_1_ORF1	0	0	1	1	FALSE	FALSE
CCTTGATCATTCATTG-1	meGFP	0	0	1	1	FALSE	FALSE
CCTTGCACAAATGCGC-1	OZ258728_1_ORF2	0	0	1	2	FALSE	FALSE
CCTTGCACAATCTGTC-1	MZ286102_1_ORF2	1	1	11	12	TRUE	TRUE
CCTTGCACACATTCGT-1	OZ258728_1_ORF2	0	0	1	1	FALSE	FALSE
CCTTGCACACCCTATG-1	OZ258728_1_ORF2	0	0	1	1	FALSE	TRUE
CCTTGCACACCGGATG-1	MZ286258_1_ORF1	1	1	76	76	TRUE	TRUE
CCTTGCACACGCTACC-1	MZ286197_1_ORF1	0	0	1	1	FALSE	FALSE
CCTTGCACACGTGGAT-1	OP549859_1_ORF1	0	0	1	1	FALSE	TRUE
CCTTGCACAGATACAT-1	MZ286188_1_ORF1	1	1	55	55	TRUE	TRUE
CCTTGCACATCCTTCC-1	meGFP	0	0	1	1	FALSE	FALSE
CCTTGCACATCGTAAG-1	MZ286102_1_ORF2	1	0	4	4	TRUE	TRUE
CCTTGCCTCAATCCAT-1	MZ286102_1_ORF2	1	0	8	8	TRUE	TRUE
CCTTGCCTCAATTAGG-1	MZ286258_1_ORF1	0	0	1	1	FALSE	FALSE
CCTTGCCTCACGGTCT-1	OZ258728_1_ORF2	0	0	1	1	FALSE	FALSE
CCTTGCCTCATCTAGT-1	OZ258728_1_ORF2	1	1	20	23	TRUE	TRUE
CCTTGCCTCATTGCCA-1	MZ286102_1_ORF2	0	0	2	3	FALSE	TRUE
CCTTGCCTCCCAACCG-1	MZ286188_1_ORF1	1	1	49	50	TRUE	TRUE
CCTTGCCTCGAACGTG-1	meGFP	1	0	7	7	TRUE	TRUE
CCTTGCCTCGCCTATA-1	OZ258728_1_ORF1	1	1	16	17	TRUE	TRUE
CCTTGCCTCGCTAGTC-1	MZ286102_1_ORF2	1	0	7	7	TRUE	TRUE
CCTTGCCTCGGCTTCG-1	MZ286102_1_ORF2	1	1	21	23	TRUE	TRUE
CCTTGCCTCGTTACCA-1	meGFP	0	0	1	1	FALSE	FALSE
CCTTGCCTCTGTACCA-1	OP549859_1_ORF1	1	1	66	66	TRUE	TRUE
CCTTGCCTCTGTATGT-1	OZ258728_1_ORF1	0	0	1	1	FALSE	TRUE
CCTTGCCTCTTGCGGT-1	OP549859_1_ORF1	0	0	1	1	FALSE	FALSE
CGAAACCCAAAGCGGA-1	meGFP	1	0	9	9	TRUE	TRUE
CGAAACCCAAAGGGCA-1	MZ286102_1_ORF2	1	1	12	12	TRUE	TRUE
CGAAACCCAACGGACT-1	OZ258728_1_ORF1	1	1	27	27	TRUE	TRUE
CGAAACCCAAGTGAGG-1	MZ286258_1_ORF2	0	0	3	3	TRUE	TRUE
CGAAACCCAATACCGA-1	MZ286102_1_ORF2	0	0	1	1	FALSE	TRUE
CGAAACCCACGCGAAT-1	MZ286197_1_ORF2	0	0	3	3	TRUE	TRUE
CGAAACCCACTTGCTG-1	OP549859_1_ORF1	1	1	55	55	TRUE	TRUE
CGAAACCCAGAGAGAT-1	OZ258728_1_ORF2	0	0	1	1	FALSE	FALSE
CGAAACTAGATATCCT-1	OZ258728_1_ORF2	0	0	2	3	FALSE	TRUE
CGAAACTAGATGGCGC-1	OP549859_1_ORF1	0	0	1	1	FALSE	FALSE
CGAAACTAGCCACTCG-1	OZ258728_1_ORF2	0	0	2	3	FALSE	FALSE
CGAAACTAGGGTATGT-1	MZ286258_1_ORF2	1	1	28	29	TRUE	TRUE
CGAAACTAGTGGAGCC-1	MZ286102_1_ORF2	0	0	1	1	FALSE	FALSE
CGAAACTAGTGTGTCC-1	OZ258728_1_ORF2	0	0	2	2	TRUE	TRUE
CGAACGGGTACAGGGT-1	meGFP	0	0	1	2	FALSE	TRUE
CGAACGGGTAGTCCTG-1	MZ286188_1_ORF2	0	0	2	4	FALSE	TRUE
CGAACGGGTCACTCCT-1	OP549859_1_ORF2	1	1	12	12	TRUE	TRUE
CGAACGGGTCGGGCTT-1	MZ286188_1_ORF1	0	0	2	2	TRUE	TRUE
CGAACGGGTGCCTAAT-1	meGFP	0	0	3	5	FALSE	TRUE
CGAACGGGTGCTGGCT-1	MZ286102_1_ORF2	0	0	1	1	FALSE	FALSE
CGAACGGGTTAGATGG-1	OZ258728_1_ORF2	0	0	1	1	FALSE	TRUE
CGAACGGGTTCCAACG-1	MZ286188_1_ORF2	0	0	1	1	FALSE	TRUE
CGAACGGGTTCGCTGA-1	MZ286102_1_ORF2	1	1	13	13	TRUE	TRUE
CGAACGGGTTTAATCG-1	OZ258728_1_ORF1	0	0	1	1	FALSE	FALSE
CGAACTTGTAAGCTAG-1	OZ258728_1_ORF2	0	0	1	1	FALSE	FALSE
CGAACTTGTAGGCAGT-1	OP549859_1_ORF2	0	0	1	1	FALSE	FALSE
CGAACTTGTGAGGAGA-1	MZ286258_1_ORF1	0	0	1	1	FALSE	TRUE
CGAACTTGTGGCCGTT-1	OZ258728_1_ORF1	2	2	31	60	FALSE	TRUE
CGAACTTGTTCCCAGA-1	OZ258728_1_ORF2	0	0	1	1	FALSE	FALSE
CGAACTTGTTCTATCT-1	MZ286102_1_ORF2	0	0	1	1	FALSE	FALSE
CGAAGCGGTACGACTT-1	MZ286197_1_ORF2	0	0	1	3	FALSE	TRUE
CGAAGCGGTAGTGGCG-1	MZ286102_1_ORF2	1	0	5	5	TRUE	TRUE
CGAAGCGGTCTATCGG-1	OZ258728_1_ORF2	1	1	43	44	TRUE	TRUE
CGAAGCGGTGAGATAT-1	MZ286102_1_ORF1	1	1	15	15	TRUE	TRUE
CGAAGCGGTGGTGCGA-1	MZ286197_1_ORF2	0	0	1	1	FALSE	TRUE
CGAAGCGGTTACTTGA-1	MZ286197_1_ORF2	1	0	4	6	TRUE	TRUE
CGAAGCGGTTCGTAGT-1	OZ258728_1_ORF2	0	0	1	1	FALSE	FALSE
CGAAGCGGTTTCCAGG-1	MZ286188_1_ORF1	0	0	1	1	FALSE	TRUE
CGAAGCGGTTTGCGGC-1	MZ286102_1_ORF2	0	0	1	1	FALSE	FALSE
CGAAGCTCACACCGCT-1	OZ258728_1_ORF2	0	0	2	2	TRUE	FALSE
CGAAGCTCACCGGACA-1	OZ258728_1_ORF2	0	0	1	1	FALSE	TRUE
CGAAGCTCACCTCTCT-1	OZ258728_1_ORF1	0	0	1	1	FALSE	TRUE
CGAAGCTCAGATTCGA-1	OZ258728_1_ORF2	0	0	1	1	FALSE	FALSE
CGAAGCTCATACTTCA-1	MZ286102_1_ORF2	1	1	13	14	TRUE	TRUE
CGAAGCTCATCAGTCT-1	MZ286258_1_ORF1	0	0	1	2	FALSE	TRUE
CGAAGGTGTACAGGGT-1	OZ258728_1_ORF2	0	0	1	1	FALSE	FALSE
CGAAGGTGTACCGACC-1	OZ258728_1_ORF1	0	0	1	1	FALSE	FALSE
CGAAGGTGTAGCCATT-1	MZ286102_1_ORF2	1	1	20	20	TRUE	TRUE
CGAAGGTGTCGATGCC-1	meGFP	1	1	21	22	TRUE	TRUE
CGAAGGTGTCGCATAT-1	MZ286102_1_ORF1	1	1	13	14	TRUE	TRUE
CGAAGGTGTGCAAGCG-1	OP549859_1_ORF1	0	0	3	3	TRUE	TRUE
CGAAGGTGTGTACCGC-1	MZ286197_1_ORF1	0	0	1	1	FALSE	TRUE
CGAAGGTGTTACGGAA-1	MZ286102_1_ORF2	0	0	3	3	TRUE	TRUE
CGAAGGTGTTCTATGA-1	OZ258728_1_ORF2	0	0	1	1	FALSE	FALSE
CGAAGGTGTTGCGGTC-1	OZ258728_1_ORF2	1	1	13	13	TRUE	TRUE
CGAAGGTGTTTCGATA-1	OZ258728_1_ORF1	0	0	1	1	FALSE	FALSE
CGAAGTGTCACCGCAT-1	meGFP	1	1	27	28	TRUE	TRUE
CGAAGTGTCCGGATGA-1	OZ258728_1_ORF2	1	0	7	7	TRUE	TRUE
CGAAGTGTCGATACTT-1	OP549859_1_ORF1	0	0	1	1	FALSE	FALSE
CGAAGTGTCGGTTAGG-1	MZ286188_1_ORF2	0	0	1	1	FALSE	TRUE
CGAAGTGTCTACTCCT-1	OP549859_1_ORF1	1	1	111	112	TRUE	TRUE
CGAAGTGTCTGGGACA-1	OZ258728_1_ORF2	1	1	28	28	TRUE	TRUE
CGAAGTTAGAAGCCTG-1	meGFP	1	0	9	9	TRUE	TRUE
CGAAGTTAGAATGGTC-1	OP549859_1_ORF1	1	1	13	13	TRUE	TRUE
CGAAGTTAGCAATCCC-1	MZ286258_1_ORF1	0	0	1	1	FALSE	FALSE
CGAAGTTAGCCTCACG-1	MZ286197_1_ORF2	0	0	1	1	FALSE	TRUE
CGAAGTTAGCTCGTTA-1	OP549859_1_ORF1	1	1	22	22	TRUE	TRUE
CGAAGTTAGGATAGAG-1	MZ286197_1_ORF1	0	0	1	1	FALSE	TRUE
CGAAGTTAGGCCTCAT-1	OP549859_1_ORF1	1	1	10	10	TRUE	TRUE
CGAAGTTAGGCTGCAA-1	OP549859_1_ORF1	0	0	1	1	FALSE	FALSE
CGAAGTTAGTAACCAA-1	OZ258728_1_ORF2	0	0	1	1	FALSE	TRUE
CGAAGTTAGTGGCTTC-1	OP549859_1_ORF1	0	0	1	1	FALSE	FALSE
CGAATCTGTACGACTT-1	OZ258728_1_ORF1	0	0	1	2	FALSE	TRUE
CGAATCTGTAGAGGCT-1	OZ258728_1_ORF2	0	0	1	1	FALSE	TRUE
CGAATCTGTATCCCGA-1	OP549859_1_ORF2	0	0	1	1	FALSE	TRUE
CGAATCTGTCGATGAA-1	MZ286102_1_ORF2	1	0	8	8	TRUE	TRUE
CGAATCTGTTGTCCTC-1	MZ286197_1_ORF1	1	1	10	10	TRUE	TRUE
CGAATCTGTTTACCAA-1	MZ286102_1_ORF2	0	0	1	1	FALSE	FALSE
CGAATCTGTTTGGATC-1	MZ286258_1_ORF1	0	0	3	3	TRUE	TRUE
CGAATGCCAACTTCGT-1	OP549859_1_ORF2	0	0	1	1	FALSE	FALSE
CGAATGCCACCACAGG-1	MZ286102_1_ORF1	0	0	1	1	FALSE	TRUE
CGAATGCCACGGTTCC-1	OZ258728_1_ORF2	0	0	1	1	FALSE	FALSE
CGAATGCCAGAATGAA-1	OP549859_1_ORF1	0	0	1	2	FALSE	TRUE
CGAATGCCAGGCCAAT-1	OZ258728_1_ORF2	0	0	1	1	FALSE	FALSE
CGAATGCCATAGACCA-1	OZ258728_1_ORF2	0	0	3	12	FALSE	TRUE
CGAATTAAGACATTAG-1	MZ286197_1_ORF2	0	0	1	1	FALSE	FALSE
CGAATTAAGACTTGAA-1	OZ258728_1_ORF2	0	0	1	1	FALSE	TRUE
CGAATTAAGGAAGTAG-1	OP549859_1_ORF1	0	0	1	1	FALSE	FALSE
CGAATTAAGGCCATTC-1	OZ258728_1_ORF2	1	1	14	14	TRUE	TRUE
CGAATTAAGGGGTTCA-1	MZ286197_1_ORF2	1	1	10	11	TRUE	TRUE
CGAATTAAGTTACACT-1	MZ286258_1_ORF2	0	0	1	2	FALSE	TRUE
CGACAATAGACTTACT-1	meGFP	0	0	1	1	FALSE	FALSE
CGACAATAGCTATCCA-1	OP549859_1_ORF1	0	0	1	1	FALSE	FALSE
CGACAATAGCTGGACA-1	OZ258728_1_ORF2	0	0	1	1	FALSE	FALSE
CGACAATAGCTTAGTT-1	meGFP	1	1	11	11	TRUE	TRUE
CGACAATAGCTTGAGG-1	OP549859_1_ORF2	0	0	1	1	FALSE	FALSE
CGACAATAGGAGCCTA-1	OZ258728_1_ORF1	1	1	15	15	TRUE	TRUE
CGACAATAGGGAGCAG-1	MZ286102_1_ORF1	0	0	1	1	FALSE	FALSE
CGACAATAGGGCGTGT-1	MZ286102_1_ORF1	1	1	22	22	TRUE	TRUE
CGACAATAGGTAGGCC-1	OP549859_1_ORF1	1	1	11	11	TRUE	TRUE
CGACAATAGTAGTTGA-1	MZ286258_1_ORF2	1	1	18	18	TRUE	TRUE
CGACAATAGTGGAGCC-1	MZ286258_1_ORF2	0	0	1	1	FALSE	FALSE
CGACAATAGTGTCGCT-1	OZ258728_1_ORF1	1	1	32	33	TRUE	TRUE
CGACACAAGAGGCCAC-1	MZ286197_1_ORF2	1	0	4	4	TRUE	TRUE
CGACACAAGCCAGACA-1	OZ258728_1_ORF1	0	0	1	1	FALSE	TRUE
CGACACAAGCGCAAGC-1	OP549859_1_ORF1	0	0	1	1	FALSE	FALSE
CGACACAAGCTCATGC-1	OZ258728_1_ORF2	3	2	37	52	FALSE	TRUE
CGACACAAGGACTCTC-1	OZ258728_1_ORF2	0	0	3	4	TRUE	TRUE
CGACACAAGGCGTAAT-1	meGFP	0	0	1	1	FALSE	FALSE
CGACACAAGGCTTAGG-1	OP549859_1_ORF1	1	1	71	71	TRUE	TRUE
CGACACAAGGTCGAAT-1	MZ286188_1_ORF1	0	0	1	1	FALSE	TRUE
CGACACAAGGTCTACC-1	MZ286197_1_ORF1	0	0	1	1	FALSE	TRUE
CGACACAAGTAATGTG-1	OP549859_1_ORF1	1	1	31	31	TRUE	FALSE
CGACACAAGTATCGAA-1	MZ286102_1_ORF2	0	0	1	1	FALSE	FALSE
CGACCGACAAATCTGG-1	MZ286258_1_ORF2	1	1	14	14	TRUE	TRUE
CGACCGACAAGATCCA-1	OZ258728_1_ORF2	0	0	1	1	FALSE	TRUE
CGACCGACAAGGGTAG-1	MZ286102_1_ORF1	0	0	1	1	FALSE	TRUE
CGACCGACACCAAGTA-1	OP549859_1_ORF1	0	0	1	1	FALSE	FALSE
CGACCGACACCCAGCT-1	MZ286197_1_ORF2	1	0	4	5	TRUE	TRUE
CGACCGACACCGGATG-1	meGFP	0	0	1	1	FALSE	FALSE
CGACCGACACGGTCAG-1	OP549859_1_ORF1	1	0	5	6	TRUE	TRUE
CGACCGACACTACCCA-1	OZ258728_1_ORF2	0	0	1	1	FALSE	FALSE
CGACCGACACTTCCTC-1	MZ286258_1_ORF2	1	1	10	11	TRUE	TRUE
CGACCGACAGTACCAA-1	meGFP	0	0	1	1	FALSE	TRUE
CGACCGACATGAGCCG-1	MZ286102_1_ORF2	0	0	2	4	FALSE	TRUE
CGACCGACATGAGTAT-1	MZ286102_1_ORF2	0	0	1	1	FALSE	FALSE
CGACCGACATTGCGAA-1	OP549859_1_ORF2	0	0	3	4	TRUE	TRUE
CGACCGACATTGGACA-1	MZ286197_1_ORF2	0	0	3	3	TRUE	TRUE
CGACCGCTCAGGCTAG-1	meGFP	0	0	1	1	FALSE	FALSE
CGACCGCTCCCAACCG-1	MZ286188_1_ORF1	1	1	43	43	TRUE	TRUE
CGACCGCTCCCTCTAT-1	MZ286258_1_ORF2	0	0	1	1	FALSE	FALSE
CGACCGCTCCTATACG-1	OZ258728_1_ORF1	0	0	1	2	FALSE	TRUE
CGACCGCTCCTCCTAT-1	OZ258728_1_ORF2	0	0	1	1	FALSE	FALSE
CGACCGCTCGAACCCT-1	MZ286258_1_ORF2	1	0	9	10	TRUE	TRUE
CGACCGCTCGACACAG-1	MZ286102_1_ORF2	0	0	3	6	FALSE	TRUE
CGACCGCTCGCAGGGT-1	MZ286258_1_ORF2	0	0	1	1	FALSE	FALSE
CGACCGCTCGCTAGTC-1	OZ258728_1_ORF2	0	0	1	1	FALSE	TRUE
CGACCGCTCTGTATGT-1	meGFP	0	0	1	1	FALSE	FALSE
CGACCGCTCTTAGTGT-1	MZ286188_1_ORF1	0	0	2	2	TRUE	TRUE
CGACGGAGTAATCCGT-1	OP549859_1_ORF1	0	0	1	1	FALSE	TRUE
CGACGGAGTACCTGGC-1	meGFP	1	1	40	41	TRUE	TRUE
CGACGGAGTACGACTT-1	OZ258728_1_ORF2	1	1	17	17	TRUE	TRUE
CGACGGAGTACGTTCG-1	OZ258728_1_ORF2	0	0	1	1	FALSE	FALSE
CGACGGAGTATGGCCC-1	MZ286102_1_ORF1	0	0	1	1	FALSE	TRUE
CGACGGAGTCAGCCGT-1	MZ286258_1_ORF1	0	0	1	1	FALSE	FALSE
CGACGGAGTCATGAGA-1	OZ258728_1_ORF1	0	0	1	2	FALSE	TRUE
CGACGGAGTCATTCAA-1	OP549859_1_ORF2	1	1	14	14	TRUE	TRUE
CGACGGAGTCCATCCT-1	MZ286188_1_ORF1	1	1	10	10	TRUE	TRUE
CGACGGAGTCCCGAAC-1	OZ258728_1_ORF1	0	0	1	1	FALSE	TRUE
CGACGGAGTCTTAATG-1	meGFP	0	0	1	1	FALSE	FALSE
CGACGGAGTGAGTAAT-1	MZ286102_1_ORF2	0	0	3	3	TRUE	TRUE
CGACGGAGTGCAGCCT-1	MZ286102_1_ORF2	1	0	9	9	TRUE	TRUE
CGACGGAGTGCCTAAT-1	MZ286102_1_ORF2	0	0	3	4	TRUE	TRUE
CGACGGAGTGGCGTGA-1	MZ286188_1_ORF1	0	0	1	1	FALSE	FALSE
CGACGGAGTGGGTCGA-1	OZ258728_1_ORF2	0	0	1	1	FALSE	TRUE
CGACGGAGTGTAACTC-1	meGFP	0	0	1	1	FALSE	TRUE
CGACGGAGTGTCCAAT-1	MZ286197_1_ORF2	0	0	1	1	FALSE	FALSE
CGACGGAGTGTGGATA-1	MZ286197_1_ORF2	0	0	3	4	TRUE	TRUE
CGACGGAGTGTTGACT-1	MZ286102_1_ORF2	1	0	4	6	TRUE	TRUE
CGACGGAGTTAGCTTA-1	OZ258728_1_ORF2	0	0	1	1	FALSE	TRUE
CGACGGAGTTGCAGTT-1	OP549859_1_ORF1	0	0	1	2	FALSE	TRUE
CGACGGAGTTTAGCAC-1	MZ286188_1_ORF2	1	1	12	13	TRUE	TRUE
CGACGGGTCCTACGGT-1	MZ286258_1_ORF2	1	0	8	8	TRUE	TRUE
CGACGGGTCGACGGGT-1	meGFP	0	0	1	1	FALSE	TRUE
CGACGGGTCGAGGCGT-1	OZ258728_1_ORF2	1	1	31	31	TRUE	FALSE
CGACGGGTCGAGTGAT-1	MZ286188_1_ORF2	0	0	2	3	FALSE	TRUE
CGACGGGTCGATACTT-1	OZ258728_1_ORF2	0	0	1	1	FALSE	TRUE
CGACGGGTCGCGCTCA-1	OZ258728_1_ORF2	0	0	1	1	FALSE	TRUE
CGACGGGTCGGGATCA-1	MZ286188_1_ORF1	1	0	9	10	TRUE	TRUE
CGACTACTCAGCCGAA-1	OZ258728_1_ORF2	0	0	1	2	FALSE	FALSE
CGACTACTCATTAACC-1	OZ258728_1_ORF2	0	0	1	1	FALSE	TRUE
CGACTACTCCATAGGG-1	meGFP	0	0	1	1	FALSE	TRUE
CGACTACTCCCTCGCT-1	MZ286258_1_ORF2	1	0	8	10	TRUE	TRUE
CGACTACTCCCTCTAT-1	OP549859_1_ORF2	1	0	4	4	TRUE	TRUE
CGACTACTCGGATGCA-1	OZ258728_1_ORF2	1	1	13	13	TRUE	TRUE
CGACTACTCTCGCTCC-1	MZ286258_1_ORF2	0	0	1	1	FALSE	FALSE
CGACTACTCTGGACCT-1	OZ258728_1_ORF2	0	0	1	1	FALSE	FALSE
CGACTCCCAAACCATG-1	OP549859_1_ORF2	0	0	1	1	FALSE	FALSE
CGACTCCCAATGGCTA-1	MZ286258_1_ORF2	0	0	1	1	FALSE	FALSE
CGACTCCCACGAACCG-1	OP549859_1_ORF1	0	0	1	1	FALSE	TRUE
CGACTCCCACGATGTA-1	MZ286197_1_ORF2	0	0	3	3	TRUE	TRUE
CGACTCCCACTTCAAC-1	OP549859_1_ORF1	0	0	1	1	FALSE	FALSE
CGACTCCCAGATTGGC-1	MZ286188_1_ORF1	1	1	31	33	TRUE	TRUE
CGACTCCCAGCATCAA-1	OP549859_1_ORF2	1	0	6	8	TRUE	TRUE
CGACTCCCAGGGTCTG-1	MZ286197_1_ORF1	0	0	1	1	FALSE	TRUE
CGACTCCCATCGCTCA-1	MZ286258_1_ORF1	0	0	1	2	FALSE	TRUE
CGACTCCCATTGGATG-1	OZ258728_1_ORF2	0	0	1	1	FALSE	FALSE
CGACTGTTCAAGCCAG-1	OZ258728_1_ORF2	1	0	6	6	TRUE	FALSE
CGACTGTTCCTTCACT-1	OP549859_1_ORF2	0	0	3	5	FALSE	TRUE
CGACTGTTCGCCAGTT-1	OZ258728_1_ORF2	0	0	1	1	FALSE	TRUE
CGACTGTTCGGGATTG-1	OZ258728_1_ORF2	0	0	1	2	FALSE	TRUE
CGACTGTTCTAAGCAA-1	meGFP	0	0	1	1	FALSE	FALSE
CGACTGTTCTACCGAC-1	MZ286197_1_ORF1	1	0	9	9	TRUE	FALSE
CGACTGTTCTAGGCTC-1	OP549859_1_ORF2	0	0	2	5	FALSE	TRUE
CGAGCATCAACCAGCG-1	OZ258728_1_ORF1	0	0	1	1	FALSE	FALSE
CGAGCATCAACTGCCC-1	OZ258728_1_ORF1	0	0	1	2	FALSE	TRUE
CGAGCATCAAGAGGTG-1	OZ258728_1_ORF2	0	0	1	1	FALSE	TRUE
CGAGCATCAATGTCCT-1	MZ286258_1_ORF2	0	0	1	1	FALSE	FALSE
CGAGCATCAATTGCAG-1	OZ258728_1_ORF2	0	0	1	1	FALSE	TRUE
CGAGCATCACACACTT-1	MZ286197_1_ORF2	0	0	2	2	TRUE	TRUE
CGAGCATCACCCAACC-1	OZ258728_1_ORF2	1	1	36	37	TRUE	TRUE
CGAGCATCAGATTAGT-1	MZ286188_1_ORF2	0	0	1	1	FALSE	TRUE
CGAGCATCAGCTTAGA-1	OZ258728_1_ORF2	0	0	1	1	FALSE	FALSE
CGAGCATCATCACTGT-1	OP549859_1_ORF1	1	1	13	16	TRUE	TRUE
CGAGCATCATCCGCAC-1	OZ258728_1_ORF2	0	0	2	2	TRUE	TRUE
CGAGCATCATCGTAAG-1	OZ258728_1_ORF2	0	0	1	1	FALSE	FALSE
CGAGCGAGTACGTTCG-1	OP549859_1_ORF2	0	0	1	2	FALSE	TRUE
CGAGCGAGTCCACGGT-1	MZ286197_1_ORF1	0	0	1	1	FALSE	FALSE
CGAGCGAGTCGACATT-1	MZ286258_1_ORF2	1	1	11	12	TRUE	TRUE
CGAGCGAGTCGACTCA-1	MZ286188_1_ORF1	0	0	1	1	FALSE	FALSE
CGAGCGAGTGACCAGG-1	MZ286197_1_ORF1	1	0	5	5	TRUE	TRUE
CGAGCGAGTGACCCTA-1	MZ286102_1_ORF2	1	1	32	32	TRUE	TRUE
CGAGCGAGTGATCCCA-1	MZ286258_1_ORF1	0	0	1	1	FALSE	TRUE
CGAGCGAGTGGATGAC-1	meGFP	0	0	1	1	FALSE	FALSE
CGAGCGAGTGGCTTGC-1	MZ286102_1_ORF2	0	0	1	1	FALSE	FALSE
CGAGCGAGTGGTGATA-1	MZ286102_1_ORF1	0	0	1	1	FALSE	TRUE
CGAGCGAGTGTGTCAT-1	OZ258728_1_ORF1	0	0	1	1	FALSE	FALSE
CGAGCGAGTTCGGTTG-1	OZ258728_1_ORF1	0	0	1	1	FALSE	TRUE
CGAGCGAGTTTCGATA-1	OP549859_1_ORF1	0	0	1	1	FALSE	TRUE
CGAGCGAGTTTGCCCT-1	MZ286258_1_ORF2	0	0	1	1	FALSE	TRUE
CGAGCGGTCCCGATAC-1	MZ286197_1_ORF1	0	0	0	0	FALSE	TRUE
CGAGCGGTCCGTGGAA-1	OZ258728_1_ORF2	1	1	12	12	TRUE	TRUE
CGAGCGGTCCTCTCCA-1	MZ286102_1_ORF1	1	1	21	21	TRUE	TRUE
CGAGCGGTCGGGATTG-1	OZ258728_1_ORF2	0	0	1	1	FALSE	FALSE
CGAGCGGTCGTGCTGT-1	MZ286102_1_ORF2	0	0	3	6	FALSE	TRUE
CGAGGACTCACGAAGT-1	OP549859_1_ORF1	0	0	1	1	FALSE	FALSE
CGAGGACTCCAATCAT-1	MZ286102_1_ORF2	1	0	9	10	TRUE	TRUE
CGAGGACTCCACAGGA-1	OZ258728_1_ORF2	0	0	1	1	FALSE	FALSE
CGAGGACTCCCACAGT-1	OZ258728_1_ORF2	0	0	1	1	FALSE	TRUE
CGAGGACTCCCGATAC-1	MZ286102_1_ORF2	1	0	5	5	TRUE	TRUE
CGAGGACTCCTCCGTC-1	MZ286258_1_ORF1	0	0	1	1	FALSE	FALSE
CGAGGACTCGATCGCT-1	OZ258728_1_ORF2	1	1	45	45	TRUE	TRUE
CGAGGACTCGCATCGT-1	MZ286188_1_ORF2	0	0	2	2	TRUE	TRUE
CGAGGACTCTAAGCAA-1	OZ258728_1_ORF2	0	0	2	2	TRUE	FALSE
CGAGGACTCTACGCCG-1	MZ286258_1_ORF2	1	0	8	8	TRUE	TRUE
CGAGGACTCTGCACCG-1	OZ258728_1_ORF1	0	0	1	1	FALSE	FALSE
CGAGGATGTAAGTTGG-1	MZ286102_1_ORF2	1	0	9	9	TRUE	TRUE
CGAGGATGTCATCGTG-1	meGFP	1	1	24	24	TRUE	TRUE
CGAGGATGTCCGTCAA-1	MZ286197_1_ORF2	1	0	9	10	TRUE	TRUE
CGAGGATGTGCTTAGT-1	MZ286188_1_ORF1	0	0	1	1	FALSE	FALSE
CGAGGATGTTCCACTC-1	OP549859_1_ORF1	0	0	2	3	FALSE	TRUE
CGAGGATGTTCTCATT-1	MZ286102_1_ORF1	0	0	1	1	FALSE	TRUE
CGAGGATGTTGGAGCG-1	OZ258728_1_ORF2	0	0	1	1	FALSE	FALSE
CGAGGCTAGAACCACG-1	OZ258728_1_ORF2	0	0	1	1	FALSE	FALSE
CGAGGCTAGCCAGTTC-1	MZ286188_1_ORF1	0	0	1	2	FALSE	TRUE
CGAGGCTAGGGGTCTA-1	MZ286258_1_ORF2	1	0	8	8	TRUE	TRUE
CGAGGCTAGTTACCGC-1	MZ286258_1_ORF2	1	1	22	22	TRUE	TRUE
CGAGTCAAGAAGTGAG-1	OZ258728_1_ORF2	0	0	1	1	FALSE	TRUE
CGAGTCAAGACCCTGT-1	OZ258728_1_ORF1	1	1	64	64	TRUE	TRUE
CGAGTCAAGGACTAAC-1	OP549859_1_ORF1	0	0	1	1	FALSE	TRUE
CGAGTCAAGGTTGCGA-1	MZ286102_1_ORF2	1	1	19	20	TRUE	TRUE
CGAGTCAAGTGCTGCT-1	OZ258728_1_ORF1	0	0	1	1	FALSE	FALSE
CGAGTCAAGTTAAGTG-1	OZ258728_1_ORF1	1	1	32	35	TRUE	TRUE
CGAGTCCGTACTTGGT-1	MZ286188_1_ORF1	0	0	1	2	FALSE	TRUE
CGAGTCCGTCATGAGA-1	meGFP	0	0	1	1	FALSE	TRUE
CGAGTCCGTGCTTCCT-1	OP549859_1_ORF1	1	0	5	5	TRUE	FALSE
CGAGTCCGTTCGTCTC-1	OP549859_1_ORF1	1	0	4	5	TRUE	TRUE
CGAGTCCGTTCTGGCA-1	OZ258728_1_ORF2	0	0	1	1	FALSE	TRUE
CGAGTCCGTTTAATCG-1	OZ258728_1_ORF2	0	0	1	2	FALSE	TRUE
CGAGTCCGTTTGAAGG-1	OZ258728_1_ORF1	0	0	1	1	FALSE	FALSE
CGAGTGGGTACTTACA-1	MZ286102_1_ORF2	1	0	5	5	TRUE	TRUE
CGAGTGGGTCAGCCGT-1	MZ286188_1_ORF1	0	0	1	1	FALSE	FALSE
CGAGTGGGTCGCTGGT-1	MZ286197_1_ORF1	0	0	1	1	FALSE	FALSE
CGAGTGGGTGATAGTG-1	OZ258728_1_ORF2	0	0	1	2	FALSE	TRUE
CGAGTGGGTGCTATGT-1	MZ286188_1_ORF1	1	1	20	20	TRUE	TRUE
CGAGTGGGTGGGTCGA-1	OZ258728_1_ORF2	0	0	3	7	FALSE	TRUE
CGAGTGGGTGTTGAGA-1	MZ286102_1_ORF1	0	0	1	1	FALSE	TRUE
CGAGTGGGTTAGGGTA-1	MZ286188_1_ORF2	0	0	1	1	FALSE	TRUE
CGAGTGGGTTATAGGG-1	OZ258728_1_ORF2	1	1	83	84	TRUE	TRUE
CGAGTGGGTTCCGCAA-1	meGFP	1	1	42	42	TRUE	TRUE
CGAGTGGGTTCTGGCA-1	MZ286258_1_ORF2	0	0	1	1	FALSE	TRUE
CGATCCCCAATGGGTC-1	OZ258728_1_ORF2	0	0	1	1	FALSE	TRUE
CGATCCCCACATGCGG-1	OP549859_1_ORF1	0	0	1	1	FALSE	TRUE
CGATCCCCACCTCTCT-1	meGFP	0	0	1	1	FALSE	FALSE
CGATCCCCACTCCGTA-1	OZ258728_1_ORF1	1	1	34	34	TRUE	TRUE
CGATCCCCACTTACCG-1	OZ258728_1_ORF2	0	0	1	1	FALSE	FALSE
CGATCCCCAGCTGGCA-1	MZ286258_1_ORF2	0	0	1	1	FALSE	FALSE
CGATCCGTCACCACGT-1	meGFP	0	0	1	1	FALSE	TRUE
CGATCCGTCCATAGGG-1	meGFP	0	0	1	1	FALSE	TRUE
CGATCCGTCGACTCCG-1	OZ258728_1_ORF2	0	0	1	1	FALSE	TRUE
CGATCCGTCGATAGTA-1	MZ286102_1_ORF2	1	0	6	6	TRUE	TRUE
CGATCCGTCGCCTCTC-1	OZ258728_1_ORF1	1	1	49	49	TRUE	TRUE
CGATCCGTCGCTGGAA-1	MZ286102_1_ORF2	1	1	10	10	TRUE	TRUE
CGATCCGTCGCTTGGT-1	MZ286102_1_ORF2	0	0	1	1	FALSE	FALSE
CGATCCGTCGTACGGA-1	OP549859_1_ORF2	0	0	1	1	FALSE	TRUE
CGATCCGTCTTACCTC-1	MZ286102_1_ORF1	0	0	1	1	FALSE	FALSE
CGATCGTTCATCCCTT-1	OP549859_1_ORF2	2	0	4	8	FALSE	TRUE
CGATCGTTCATTGCCA-1	OZ258728_1_ORF2	0	0	1	1	FALSE	TRUE
CGATCGTTCGAGCAGC-1	OP549859_1_ORF1	1	1	43	43	TRUE	TRUE
CGATCGTTCGATGTCC-1	OP549859_1_ORF2	1	1	11	11	TRUE	TRUE
CGATCGTTCTCCCAGG-1	MZ286102_1_ORF2	0	0	1	1	FALSE	FALSE
CGATCGTTCTGATAGA-1	MZ286197_1_ORF1	1	1	10	10	TRUE	TRUE
CGATCGTTCTGGATGG-1	OZ258728_1_ORF2	0	0	1	1	FALSE	TRUE
CGATCGTTCTTGAGCC-1	OP549859_1_ORF2	0	0	2	2	TRUE	TRUE
CGATGACCAAAGCCCG-1	OZ258728_1_ORF2	0	0	1	2	FALSE	TRUE
CGATGACCAACGGCCA-1	MZ286102_1_ORF2	0	0	1	1	FALSE	FALSE
CGATGACCACACTGGG-1	meGFP	0	0	1	1	FALSE	FALSE
CGATGACCACGATCCC-1	OP549859_1_ORF2	1	1	13	13	TRUE	TRUE
CGATGACCACGCTACC-1	OZ258728_1_ORF2	1	1	23	23	TRUE	TRUE
CGATGACCAGCCCGAA-1	OZ258728_1_ORF2	1	1	108	108	TRUE	TRUE
CGATGACCAGGCTATA-1	MZ286102_1_ORF2	1	0	8	8	TRUE	TRUE
CGATGGATCACATGAA-1	MZ286197_1_ORF1	1	0	4	5	TRUE	TRUE
CGATGGATCCCATCCC-1	MZ286197_1_ORF2	0	0	3	3	TRUE	TRUE
CGATGGATCCGGCTTG-1	MZ286197_1_ORF2	1	0	4	4	TRUE	TRUE
CGATGGATCCTATACG-1	OP549859_1_ORF2	1	1	15	15	TRUE	TRUE
CGATGGATCCTCTACT-1	meGFP	1	1	24	24	TRUE	TRUE
CGATGGATCGGTCTAC-1	MZ286102_1_ORF2	1	0	6	7	TRUE	TRUE
CGATGGATCGTGCTGT-1	OP549859_1_ORF2	1	0	7	7	TRUE	TRUE
CGATGGATCTAGTCAT-1	OZ258728_1_ORF1	1	1	25	25	TRUE	TRUE
CGATGGGGTAAGCTAG-1	OZ258728_1_ORF2	0	0	2	2	TRUE	TRUE
CGATGGGGTAAGTAAC-1	MZ286197_1_ORF1	0	0	1	1	FALSE	FALSE
CGATGGGGTACGATAG-1	OZ258728_1_ORF1	0	0	1	1	FALSE	FALSE
CGATGGGGTAGCATAG-1	OP549859_1_ORF1	1	1	113	113	TRUE	TRUE
CGATGGGGTAGTGACA-1	OP549859_1_ORF2	1	0	7	7	TRUE	TRUE
CGATGGGGTATGGTTC-1	OZ258728_1_ORF2	0	0	1	1	FALSE	TRUE
CGATGGGGTGAGTTAG-1	MZ286258_1_ORF2	0	0	1	1	FALSE	FALSE
CGATGGGGTGCCTAAT-1	OZ258728_1_ORF2	0	0	1	1	FALSE	FALSE
CGATGGGGTGCGTACC-1	OZ258728_1_ORF2	0	0	1	1	FALSE	FALSE
CGATGGGGTGGGTCGA-1	meGFP	1	1	14	14	TRUE	TRUE
CGATGGGGTGGTGTGG-1	OP549859_1_ORF1	0	0	1	1	FALSE	FALSE
CGATGGGGTTAGTTGC-1	MZ286102_1_ORF2	1	1	28	28	TRUE	TRUE
CGATGGGGTTCATCGG-1	OP549859_1_ORF1	0	0	1	1	FALSE	FALSE
CGATGGGGTTCTATCT-1	OP549859_1_ORF2	0	0	1	1	FALSE	TRUE
CGATGGGGTTGGAGCG-1	MZ286258_1_ORF2	2	2	38	57	FALSE	TRUE
CGATTTAGTCCCATCT-1	MZ286258_1_ORF1	0	0	1	1	FALSE	TRUE
CGATTTAGTCCTCACT-1	MZ286197_1_ORF1	0	0	1	1	FALSE	FALSE
CGATTTAGTCGACTCA-1	meGFP	0	0	1	1	FALSE	FALSE
CGATTTAGTGAATCTC-1	OZ258728_1_ORF1	0	0	3	3	TRUE	TRUE
CGATTTAGTGCTTAGT-1	MZ286188_1_ORF1	0	0	1	1	FALSE	FALSE
CGATTTAGTTTCCGTC-1	MZ286102_1_ORF1	0	0	1	1	FALSE	TRUE
CGATTTAGTTTCGGGC-1	MZ286258_1_ORF2	1	0	4	4	TRUE	TRUE
CGATTTAGTTTGCGGC-1	MZ286258_1_ORF2	0	0	1	1	FALSE	FALSE
CGCACAGCAACAGGCT-1	OZ258728_1_ORF2	0	0	1	1	FALSE	FALSE
CGCACAGCAACGTAAT-1	MZ286197_1_ORF1	1	1	29	29	TRUE	TRUE
CGCACAGCAACTCTAC-1	MZ286258_1_ORF2	0	0	1	1	FALSE	FALSE
CGCACAGCAATACCCT-1	MZ286258_1_ORF1	0	0	1	1	FALSE	TRUE
CGCACAGCACCCTATG-1	MZ286258_1_ORF2	1	0	4	4	TRUE	TRUE
CGCACAGCACGTGCCT-1	OP549859_1_ORF1	0	0	2	4	FALSE	TRUE
CGCACAGCATGGCCTC-1	OZ258728_1_ORF2	0	0	1	1	FALSE	FALSE
CGCAGGAGTAAGGTGC-1	MZ286102_1_ORF1	1	1	96	96	TRUE	TRUE
CGCAGGAGTACTGTCG-1	OZ258728_1_ORF2	0	0	1	1	FALSE	TRUE
CGCAGGAGTAGCGAGT-1	OZ258728_1_ORF2	0	0	1	1	FALSE	TRUE
CGCAGGAGTAGGTCAA-1	OP549859_1_ORF1	0	0	1	2	FALSE	TRUE
CGCAGGAGTCCTGTGA-1	MZ286102_1_ORF1	0	0	2	4	FALSE	TRUE
CGCAGGAGTCGCAGGA-1	OZ258728_1_ORF2	0	0	1	1	FALSE	TRUE
CGCAGGAGTGATGTCT-1	meGFP	0	0	1	1	FALSE	FALSE
CGCAGGAGTGGGTCGA-1	MZ286102_1_ORF1	0	0	2	2	TRUE	TRUE
CGCAGGTAGAGCTGGC-1	MZ286197_1_ORF2	0	0	1	1	FALSE	TRUE
CGCAGGTAGCAAGCTG-1	OZ258728_1_ORF1	1	0	6	6	TRUE	TRUE
CGCAGGTAGGATTACA-1	MZ286102_1_ORF2	0	0	3	3	TRUE	TRUE
CGCAGGTAGGGTTAGT-1	MZ286188_1_ORF2	1	0	6	6	TRUE	TRUE
CGCAGGTAGGTCGTCT-1	MZ286197_1_ORF1	0	0	2	2	TRUE	TRUE
CGCATAACAAAGCGGA-1	OP549859_1_ORF2	1	0	4	5	TRUE	TRUE
CGCATAACAAGCGAAG-1	OP549859_1_ORF2	0	0	1	1	FALSE	FALSE
CGCATAACACCTCTAG-1	OZ258728_1_ORF1	0	0	2	2	TRUE	TRUE
CGCATAACAGACACAC-1	OP549859_1_ORF1	1	0	5	5	TRUE	TRUE
CGCATAACAGATTCGA-1	OZ258728_1_ORF1	0	0	1	2	FALSE	TRUE
CGCATAACAGTTGGTA-1	MZ286188_1_ORF1	1	1	23	24	TRUE	TRUE
CGCATAACATACTTCA-1	OZ258728_1_ORF2	0	0	1	1	FALSE	FALSE
CGCATAACATCGCATT-1	MZ286197_1_ORF2	1	0	6	6	TRUE	TRUE
CGCATGAAGACGCGAC-1	meGFP	0	0	1	1	FALSE	FALSE
CGCATGAAGACTAATG-1	MZ286188_1_ORF1	1	0	6	6	TRUE	TRUE
CGCATGAAGCCTTCAA-1	meGFP	0	0	1	1	FALSE	TRUE
CGCATGAAGCTCTCAA-1	MZ286258_1_ORF1	0	0	1	2	FALSE	FALSE
CGCATGAAGGACTCTC-1	MZ286258_1_ORF2	0	0	2	2	TRUE	TRUE
CGCATGAAGGAGTATC-1	OP549859_1_ORF1	0	0	3	5	FALSE	TRUE
CGCATGAAGGCCTCAT-1	MZ286197_1_ORF1	0	0	2	3	FALSE	TRUE
CGCATGAAGTGTGTCC-1	MZ286102_1_ORF2	0	0	1	1	FALSE	TRUE
CGCATGGCAAACGACC-1	MZ286258_1_ORF1	0	0	1	1	FALSE	TRUE
CGCATGGCAATATAGC-1	OZ258728_1_ORF2	0	0	1	1	FALSE	TRUE
CGCATGGCACCACAGG-1	MZ286197_1_ORF1	0	0	1	1	FALSE	FALSE
CGCATGGCACCGTACC-1	OP549859_1_ORF1	0	0	1	1	FALSE	TRUE
CGCATGGCACCTGCAC-1	OZ258728_1_ORF2	1	1	24	25	TRUE	TRUE
CGCATGGCACGGGTAT-1	OZ258728_1_ORF2	0	0	1	1	FALSE	FALSE
CGCATGGCACGTGCCT-1	MZ286258_1_ORF1	0	0	1	1	FALSE	FALSE
CGCATGGCAGAGCCTG-1	MZ286258_1_ORF2	1	1	21	21	TRUE	TRUE
CGCATGGCAGATAGGG-1	MZ286258_1_ORF2	0	0	1	1	FALSE	TRUE
CGCATGGCAGTCTCAT-1	OP549859_1_ORF1	0	0	1	1	FALSE	TRUE
CGCATGGCAGTTGGTA-1	OZ258728_1_ORF2	0	0	1	4	FALSE	TRUE
CGCATGGCATATGAAC-1	OZ258728_1_ORF1	0	0	2	2	TRUE	TRUE
CGCATGGCATGGTAAT-1	meGFP	0	0	1	1	FALSE	FALSE
CGCATGGCATGTCTGT-1	OZ258728_1_ORF2	0	0	1	1	FALSE	TRUE
CGCCAACGTAACCTAC-1	OP549859_1_ORF2	0	0	1	1	FALSE	FALSE
CGCCAACGTACCCAAT-1	MZ286197_1_ORF1	0	0	1	1	FALSE	FALSE
CGCCAACGTACGACTT-1	OZ258728_1_ORF2	0	0	1	1	FALSE	FALSE
CGCCAACGTACGTTCG-1	MZ286102_1_ORF1	1	1	13	13	TRUE	TRUE
CGCCAACGTCGACTCA-1	MZ286258_1_ORF2	1	0	5	5	TRUE	TRUE
CGCCAACGTGATCGTT-1	OP549859_1_ORF1	1	1	22	23	TRUE	TRUE
CGCCAACGTGCCGGAA-1	MZ286188_1_ORF1	1	1	31	32	TRUE	TRUE
CGCCAACGTGTAAGTG-1	MZ286188_1_ORF2	1	0	6	6	TRUE	TRUE
CGCCAACGTTGACCGC-1	OZ258728_1_ORF2	0	0	1	1	FALSE	FALSE
CGCCAACGTTGTCCTC-1	OP549859_1_ORF1	0	0	1	1	FALSE	FALSE
CGCCAACGTTTACTTC-1	OZ258728_1_ORF1	1	0	4	5	TRUE	TRUE
CGCCAACGTTTCCTGC-1	MZ286197_1_ORF2	0	0	3	3	TRUE	TRUE
CGCCAGACAACAGGCT-1	OZ258728_1_ORF2	0	0	1	1	FALSE	FALSE
CGCCAGACACAGTATG-1	meGFP	1	1	33	33	TRUE	TRUE
CGCCAGACACCGGTAG-1	OP549859_1_ORF1	0	0	3	3	TRUE	TRUE
CGCCAGACACTATCGT-1	meGFP	0	0	1	1	FALSE	FALSE
CGCCAGACATGTCGGG-1	OP549859_1_ORF1	0	0	1	1	FALSE	FALSE
CGCCAGACATTCGCTG-1	OP549859_1_ORF1	1	1	37	37	TRUE	TRUE
CGCCAGTGTAAGTAAC-1	MZ286197_1_ORF1	1	1	90	90	TRUE	TRUE
CGCCAGTGTCCAGCTA-1	MZ286102_1_ORF2	0	0	1	1	FALSE	FALSE
CGCCAGTGTGCAGGCA-1	OZ258728_1_ORF2	0	0	1	1	FALSE	FALSE
CGCCAGTGTGGACACG-1	OP549859_1_ORF1	0	0	1	3	FALSE	TRUE
CGCCAGTGTGGTGATA-1	MZ286188_1_ORF1	1	1	17	17	TRUE	TRUE
CGCCAGTGTGTTGAGA-1	MZ286258_1_ORF2	0	0	1	1	FALSE	FALSE
CGCCAGTGTTAGATGG-1	OZ258728_1_ORF2	0	0	1	1	FALSE	FALSE
CGCCAGTGTTATAGGG-1	OZ258728_1_ORF2	0	0	1	1	FALSE	FALSE
CGCCAGTGTTTACGAC-1	OZ258728_1_ORF2	1	1	39	39	TRUE	TRUE
CGCCAGTGTTTGCCCT-1	MZ286102_1_ORF2	0	0	1	1	FALSE	TRUE
CGCCCTTTCACCGCAT-1	MZ286102_1_ORF2	1	0	9	9	TRUE	TRUE
CGCCCTTTCCAGACTC-1	MZ286188_1_ORF1	0	0	1	3	FALSE	TRUE
CGCCCTTTCCGACAGA-1	MZ286188_1_ORF1	0	0	1	1	FALSE	FALSE
CGCCCTTTCCTGGGAA-1	MZ286188_1_ORF1	1	1	38	39	TRUE	TRUE
CGCCCTTTCGAGCGGT-1	MZ286197_1_ORF2	0	0	1	1	FALSE	TRUE
CGCCCTTTCTCTGGTA-1	meGFP	0	0	1	1	FALSE	TRUE
CGCCCTTTCTGCATCA-1	MZ286258_1_ORF2	0	0	2	2	TRUE	TRUE
CGCCCTTTCTGCCATA-1	MZ286197_1_ORF2	0	0	1	2	FALSE	TRUE
CGCCCTTTCTGGGACA-1	MZ286188_1_ORF1	0	0	1	1	FALSE	FALSE
CGCCCTTTCTGTCGGT-1	OP549859_1_ORF1	0	0	1	1	FALSE	FALSE
CGCCTATAGAACCGTG-1	MZ286258_1_ORF1	1	1	20	22	TRUE	TRUE
CGCCTATAGAACCTAA-1	MZ286258_1_ORF2	0	0	1	1	FALSE	TRUE
CGCCTATAGATTCACT-1	MZ286258_1_ORF2	0	0	1	1	FALSE	FALSE
CGCCTATAGATTCCGC-1	OP549859_1_ORF1	1	0	4	5	TRUE	TRUE
CGCCTATAGCCGGATA-1	MZ286258_1_ORF2	0	0	1	3	FALSE	FALSE
CGCCTATAGCCTGGAA-1	OZ258728_1_ORF2	1	1	17	17	TRUE	TRUE
CGCCTATAGCGGGCAT-1	OZ258728_1_ORF2	0	0	1	1	FALSE	FALSE
CGCCTATAGGGATACT-1	MZ286102_1_ORF2	0	0	2	4	FALSE	TRUE
CGCCTATAGGTGTGGC-1	MZ286102_1_ORF2	0	0	1	1	FALSE	FALSE
CGCCTATAGTGTGTCC-1	OP549859_1_ORF1	1	0	5	5	TRUE	TRUE
CGCCTTCTCAACCTTG-1	MZ286102_1_ORF2	0	0	1	1	FALSE	FALSE
CGCCTTCTCAGTAGTA-1	OZ258728_1_ORF2	0	0	1	1	FALSE	TRUE
CGCCTTCTCATAGAGC-1	MZ286188_1_ORF1	0	0	1	1	FALSE	TRUE
CGCCTTCTCCACAGGA-1	MZ286188_1_ORF2	0	0	1	2	FALSE	TRUE
CGCCTTCTCCCAACCG-1	OZ258728_1_ORF1	1	1	39	40	TRUE	TRUE
CGCCTTCTCCCTTCCA-1	OP549859_1_ORF2	0	0	1	1	FALSE	TRUE
CGCCTTCTCGAATGGT-1	MZ286197_1_ORF2	0	0	1	1	FALSE	TRUE
CGCCTTCTCGGCGTAA-1	OZ258728_1_ORF2	1	1	42	42	TRUE	TRUE
CGCCTTCTCGGGATTG-1	MZ286102_1_ORF2	1	0	4	4	TRUE	TRUE
CGCCTTCTCTATAGGA-1	MZ286102_1_ORF2	1	1	15	15	TRUE	TRUE
CGCCTTCTCTCACGCG-1	MZ286188_1_ORF1	1	0	6	6	TRUE	TRUE
CGCCTTCTCTCTCGCC-1	MZ286188_1_ORF1	0	0	1	1	FALSE	FALSE
CGCCTTCTCTGCATCA-1	OZ258728_1_ORF2	2	2	62	77	TRUE	TRUE
CGCCTTCTCTGTAATC-1	OP549859_1_ORF1	0	0	1	1	FALSE	TRUE
CGCCTTGAGCCTTCCC-1	MZ286102_1_ORF2	0	0	1	2	FALSE	FALSE
CGCCTTGAGGATTACA-1	MZ286197_1_ORF1	0	0	1	1	FALSE	TRUE
CGCCTTGAGGCGTAAT-1	MZ286102_1_ORF2	0	0	1	1	FALSE	TRUE
CGCCTTGAGGTCCACT-1	OP549859_1_ORF1	0	0	2	2	TRUE	TRUE
CGCCTTGAGTATCGAA-1	MZ286258_1_ORF2	0	0	1	1	FALSE	FALSE
CGCCTTGAGTCCTCAA-1	OZ258728_1_ORF2	1	1	29	30	TRUE	TRUE
CGCCTTGAGTGATAGC-1	OZ258728_1_ORF2	1	1	44	44	TRUE	TRUE
CGCGAATCAAACTGTG-1	MZ286102_1_ORF1	0	0	1	1	FALSE	FALSE
CGCGAATCAAATCTGG-1	MZ286102_1_ORF2	0	0	1	1	FALSE	FALSE
CGCGAATCAACCTCAT-1	meGFP	0	0	2	3	FALSE	FALSE
CGCGAATCAACTATGG-1	MZ286197_1_ORF2	0	0	1	2	FALSE	TRUE
CGCGAATCAACTCTAC-1	MZ286258_1_ORF1	0	0	1	1	FALSE	TRUE
CGCGAATCAATCTGTC-1	OZ258728_1_ORF2	0	0	1	1	FALSE	FALSE
CGCGAATCAGCGCTTC-1	OZ258728_1_ORF2	1	0	6	7	TRUE	TRUE
CGCGAATCAGTAAGGG-1	OZ258728_1_ORF2	0	0	1	1	FALSE	FALSE
CGCGAATCATACTGAG-1	MZ286102_1_ORF2	1	0	9	10	TRUE	TRUE
CGCGAATCATATCACC-1	MZ286197_1_ORF1	0	0	1	1	FALSE	FALSE
CGCGCCTAGAATCAGC-1	OP549859_1_ORF2	0	0	1	1	FALSE	TRUE
CGCGCCTAGACGCGAC-1	MZ286102_1_ORF2	0	0	1	1	FALSE	FALSE
CGCGCCTAGACTTACT-1	meGFP	0	0	1	1	FALSE	TRUE
CGCGCCTAGCAATGAC-1	MZ286197_1_ORF2	0	0	2	2	TRUE	TRUE
CGCGCCTAGCGGATCA-1	OP549859_1_ORF1	0	0	1	1	FALSE	FALSE
CGCGCCTAGCTGGACA-1	MZ286188_1_ORF2	0	0	1	1	FALSE	TRUE
CGCGTTCCAAGCGTTA-1	OZ258728_1_ORF2	0	0	2	2	TRUE	TRUE
CGCGTTCCAATTGCCT-1	MZ286258_1_ORF1	1	1	10	12	TRUE	TRUE
CGCGTTCCACCCTGAC-1	MZ286258_1_ORF2	0	0	2	3	FALSE	TRUE
CGCGTTCCACGTTACT-1	OZ258728_1_ORF2	0	0	1	1	FALSE	FALSE
CGCGTTCCACTCGTCA-1	OP549859_1_ORF2	0	0	1	1	FALSE	TRUE
CGCGTTCCAGCGCTTC-1	OZ258728_1_ORF2	0	0	1	1	FALSE	TRUE
CGCGTTCCAGTAAGGG-1	OZ258728_1_ORF2	2	0	4	12	FALSE	TRUE
CGCGTTCCATGCTCGC-1	meGFP	0	0	1	1	FALSE	FALSE
CGCGTTCCATGGCTGG-1	OP549859_1_ORF1	1	1	104	107	TRUE	TRUE
CGCGTTCCATTACCCG-1	MZ286188_1_ORF1	0	0	1	1	FALSE	TRUE
CGCTAGAAGAAGTTGC-1	OZ258728_1_ORF2	1	0	5	5	TRUE	FALSE
CGCTAGAAGACTCATT-1	MZ286102_1_ORF1	2	0	4	10	FALSE	TRUE
CGCTAGAAGACTTGGG-1	OP549859_1_ORF1	0	0	1	1	FALSE	TRUE
CGCTAGAAGCACGGAC-1	MZ286102_1_ORF2	0	0	1	1	FALSE	FALSE
CGCTAGAAGCCACTTA-1	meGFP	1	0	5	5	TRUE	TRUE
CGCTAGAAGCCATGAG-1	meGFP	0	0	1	1	FALSE	TRUE
CGCTAGAAGGGATGGG-1	OP549859_1_ORF2	1	0	4	4	TRUE	TRUE
CGCTAGAAGGTCGTCT-1	MZ286188_1_ORF1	0	0	1	1	FALSE	FALSE
CGCTAGAAGTCATTAC-1	OZ258728_1_ORF1	0	0	1	1	FALSE	FALSE
CGCTAGAAGTCCACGT-1	OP549859_1_ORF1	0	0	1	1	FALSE	FALSE
CGCTATATCAATGCAA-1	OZ258728_1_ORF2	1	1	54	54	TRUE	TRUE
CGCTATATCAGCGGAC-1	OP549859_1_ORF2	0	0	1	1	FALSE	FALSE
CGCTATATCGAACTAA-1	MZ286102_1_ORF2	1	0	7	7	TRUE	TRUE
CGCTATATCGCCCAAT-1	OZ258728_1_ORF2	0	0	1	2	FALSE	TRUE
CGCTATATCGCCCTGA-1	meGFP	0	0	1	1	FALSE	FALSE
CGCTATATCGGATGCA-1	MZ286102_1_ORF2	1	1	21	22	TRUE	TRUE
CGCTATATCGTACGGA-1	OP549859_1_ORF1	1	1	71	72	TRUE	TRUE
CGCTATATCGTTCACA-1	meGFP	0	0	3	3	TRUE	TRUE
CGCTATATCTCTCAAG-1	meGFP	0	0	1	1	FALSE	FALSE
CGCTCAAGTACCTAGT-1	MZ286102_1_ORF2	1	1	16	16	TRUE	TRUE
CGCTCAAGTCCCGAAC-1	MZ286102_1_ORF2	0	0	1	2	FALSE	TRUE
CGCTCAAGTGAAGCCG-1	OZ258728_1_ORF2	0	0	1	1	FALSE	FALSE
CGCTCAAGTGGATGAC-1	OZ258728_1_ORF2	0	0	2	2	TRUE	FALSE
CGCTCAAGTGGCGTCT-1	OZ258728_1_ORF2	0	0	1	1	FALSE	TRUE
CGCTCAAGTGTGTCGC-1	MZ286102_1_ORF2	0	0	1	1	FALSE	FALSE
CGCTCAAGTTCTATGA-1	OZ258728_1_ORF2	0	0	1	1	FALSE	FALSE
CGCTCAAGTTTCATCT-1	MZ286102_1_ORF2	1	1	12	15	TRUE	TRUE
CGCTCAGTCAATGCTT-1	OP549859_1_ORF1	1	0	9	9	TRUE	TRUE
CGCTCAGTCATCGTTG-1	MZ286197_1_ORF1	0	0	1	1	FALSE	FALSE
CGCTCAGTCCGTCGCA-1	MZ286197_1_ORF1	0	0	1	1	FALSE	TRUE
CGCTCAGTCGAGCAGC-1	OP549859_1_ORF1	1	1	14	15	TRUE	TRUE
CGCTCAGTCGTCATGC-1	OZ258728_1_ORF2	1	1	87	87	TRUE	TRUE
CGCTCAGTCGTGAGGC-1	OP549859_1_ORF2	1	1	23	25	TRUE	TRUE
CGCTCAGTCTGGTTGC-1	OZ258728_1_ORF1	0	0	1	2	FALSE	TRUE
CGCTCAGTCTTCATCC-1	OP549859_1_ORF1	0	0	1	1	FALSE	FALSE
CGCTCGATCAATTAGG-1	meGFP	0	0	2	2	TRUE	TRUE
CGCTCGATCACAGATA-1	MZ286197_1_ORF2	0	0	1	1	FALSE	FALSE
CGCTCGATCATTAACC-1	MZ286258_1_ORF2	1	0	9	9	TRUE	TRUE
CGCTCGATCCAAGTCC-1	OZ258728_1_ORF2	1	0	4	5	TRUE	TRUE
CGCTCGATCCCGATGT-1	OZ258728_1_ORF2	0	0	1	1	FALSE	TRUE
CGCTCGATCCTGTCCC-1	MZ286102_1_ORF2	0	0	1	1	FALSE	TRUE
CGCTCGATCGACCTTA-1	MZ286102_1_ORF1	1	0	6	8	TRUE	TRUE
CGCTCGATCGCCCTGA-1	OZ258728_1_ORF2	1	1	28	28	TRUE	TRUE
CGCTCGATCGCCTGCA-1	MZ286258_1_ORF2	1	0	6	9	TRUE	TRUE
CGCTCGATCTCACGTA-1	MZ286102_1_ORF2	1	1	24	24	TRUE	TRUE
CGCTCGATCTGCCATA-1	OP549859_1_ORF1	1	0	9	11	TRUE	TRUE
CGCTCGATCTGGGACA-1	OP549859_1_ORF1	1	0	6	6	TRUE	TRUE
CGCTGGTGTAATGCAG-1	OP549859_1_ORF1	0	0	1	1	FALSE	FALSE
CGCTGGTGTACCGATT-1	OZ258728_1_ORF1	0	0	1	1	FALSE	FALSE
CGCTGGTGTACTTCCC-1	MZ286197_1_ORF1	1	1	23	23	TRUE	TRUE
CGCTGGTGTAGCACTT-1	OZ258728_1_ORF1	0	0	3	3	TRUE	TRUE
CGCTGGTGTCAAGTTC-1	MZ286197_1_ORF2	0	0	2	2	TRUE	TRUE
CGCTGGTGTGCCTAAT-1	MZ286258_1_ORF2	1	1	11	11	TRUE	TRUE
CGCTGGTGTGCGACAG-1	MZ286102_1_ORF1	0	0	3	3	TRUE	TRUE
CGCTGGTGTGCGCGAA-1	MZ286188_1_ORF1	0	0	1	1	FALSE	FALSE
CGCTGGTGTGCTGACC-1	MZ286188_1_ORF1	0	0	1	1	FALSE	FALSE
CGCTGGTGTGTGTCAT-1	MZ286258_1_ORF1	1	0	8	8	TRUE	TRUE
CGCTTGTAGATGCCTC-1	MZ286258_1_ORF2	1	1	10	10	TRUE	TRUE
CGCTTGTAGATTCCGC-1	OP549859_1_ORF1	0	0	1	1	FALSE	FALSE
CGCTTGTAGCCACACT-1	OZ258728_1_ORF2	0	0	1	1	FALSE	FALSE
CGCTTGTAGCCCGTCA-1	OZ258728_1_ORF1	1	0	4	6	TRUE	TRUE
CGCTTGTAGCCTGATC-1	meGFP	0	0	1	1	FALSE	FALSE
CGCTTGTAGCCTGTAC-1	OZ258728_1_ORF2	1	0	4	4	TRUE	TRUE
CGCTTGTAGCCTGTGT-1	OZ258728_1_ORF2	1	1	62	63	TRUE	TRUE
CGCTTGTAGCGGGACT-1	OZ258728_1_ORF2	0	0	1	1	FALSE	FALSE
CGCTTGTAGCTGGGTA-1	MZ286197_1_ORF2	0	0	1	1	FALSE	FALSE
CGCTTGTAGCTTAGTT-1	OP549859_1_ORF1	0	0	1	1	FALSE	TRUE
CGCTTGTAGGCAGGGA-1	OZ258728_1_ORF2	1	1	51	51	TRUE	TRUE
CGCTTGTAGGGTGATT-1	meGFP	0	0	1	1	FALSE	FALSE
CGCTTGTAGTGCCCAT-1	OZ258728_1_ORF1	1	0	4	4	TRUE	TRUE
CGCTTGTAGTGCTACC-1	MZ286102_1_ORF2	1	0	7	7	TRUE	TRUE
CGCTTGTAGTTACCGC-1	OP549859_1_ORF2	1	0	8	9	TRUE	TRUE
CGGAAACGTAACGATG-1	OZ258728_1_ORF2	0	0	1	1	FALSE	FALSE
CGGAAACGTACACTAC-1	meGFP	0	0	1	1	FALSE	TRUE
CGGAAACGTACAGGGT-1	OZ258728_1_ORF2	0	0	1	1	FALSE	FALSE
CGGAAACGTAGCAGGT-1	MZ286188_1_ORF2	0	0	1	2	FALSE	TRUE
CGGAAACGTAGGTCAA-1	MZ286102_1_ORF2	0	0	1	1	FALSE	FALSE
CGGAAACGTATGGCCC-1	OZ258728_1_ORF2	0	0	1	2	FALSE	TRUE
CGGAAACGTATGGTTC-1	MZ286102_1_ORF2	0	0	3	5	FALSE	TRUE
CGGAAACGTCCAACTG-1	MZ286258_1_ORF2	1	1	10	11	TRUE	TRUE
CGGAAACGTCGACTCA-1	MZ286197_1_ORF2	0	0	1	1	FALSE	TRUE
CGGAAACGTCGGGACA-1	OZ258728_1_ORF1	0	0	1	1	FALSE	TRUE
CGGAAACGTGCGTAGG-1	OP549859_1_ORF1	0	0	1	1	FALSE	TRUE
CGGAAACGTGGTTCGC-1	OP549859_1_ORF1	1	1	55	56	TRUE	TRUE
CGGAAACGTTATCCGG-1	OP549859_1_ORF1	0	0	1	1	FALSE	TRUE
CGGAACGGTAATGGGC-1	MZ286197_1_ORF1	0	0	1	1	FALSE	TRUE
CGGAACGGTACGTTCG-1	OZ258728_1_ORF2	0	0	1	1	FALSE	FALSE
CGGAACGGTAGGCTCC-1	meGFP	0	0	1	1	FALSE	FALSE
CGGAACGGTATTGGCT-1	MZ286258_1_ORF2	1	0	5	6	TRUE	TRUE
CGGAACGGTGAAGCCG-1	MZ286258_1_ORF2	0	0	1	2	FALSE	TRUE
CGGAACGGTGCGTGCT-1	OZ258728_1_ORF1	1	1	30	30	TRUE	TRUE
CGGAACGGTGTGTCAT-1	MZ286188_1_ORF1	0	0	1	1	FALSE	FALSE
CGGAACGGTTCAAGTC-1	MZ286258_1_ORF2	0	0	2	3	FALSE	TRUE
CGGAACGGTTGAAGCA-1	meGFP	0	0	1	1	FALSE	TRUE
CGGAACGGTTGTAGCT-1	MZ286102_1_ORF2	1	0	5	6	TRUE	FALSE
CGGAATGTCAACCTTG-1	OZ258728_1_ORF2	0	0	1	1	FALSE	FALSE
CGGAATGTCACGGGAC-1	MZ286188_1_ORF1	1	1	33	35	TRUE	TRUE
CGGAATGTCCCGTTGG-1	OP549859_1_ORF2	0	0	1	1	FALSE	TRUE
CGGAATGTCTGGTGTC-1	MZ286197_1_ORF1	1	1	28	28	TRUE	TRUE
CGGAATGTCTGTGCGT-1	MZ286102_1_ORF2	1	1	11	11	TRUE	TRUE
CGGAATGTCTTCGTCT-1	OZ258728_1_ORF2	0	0	2	2	TRUE	TRUE
CGGAATGTCTTGAGTT-1	OP549859_1_ORF2	0	0	2	2	TRUE	TRUE
CGGACTCGTAACCCTG-1	OZ258728_1_ORF2	1	1	32	33	TRUE	TRUE
CGGACTCGTATGAGTG-1	meGFP	1	1	24	24	TRUE	TRUE
CGGACTCGTCATACTA-1	MZ286258_1_ORF1	0	0	2	2	TRUE	TRUE
CGGACTCGTGTCAGTT-1	MZ286197_1_ORF1	1	1	16	16	TRUE	TRUE
CGGACTCGTGTCCTTC-1	OP549859_1_ORF2	1	0	5	5	TRUE	TRUE
CGGACTCGTTGGTTAC-1	MZ286197_1_ORF1	0	0	1	1	FALSE	FALSE
CGGATATAGAACCGTG-1	OP549859_1_ORF1	0	0	2	2	TRUE	TRUE
CGGATATAGAAGCAAG-1	OZ258728_1_ORF2	0	0	1	1	FALSE	FALSE
CGGATATAGAGCTAGT-1	MZ286258_1_ORF2	0	0	2	11	FALSE	TRUE
CGGATATAGCGCCTAT-1	MZ286258_1_ORF2	1	1	14	14	TRUE	TRUE
CGGATATAGCGCTTAC-1	meGFP	1	0	8	8	TRUE	TRUE
CGGATATAGGACATAC-1	OP549859_1_ORF2	1	0	4	5	TRUE	TRUE
CGGATATAGGCTTCGT-1	MZ286102_1_ORF2	0	0	1	1	FALSE	FALSE
CGGATATAGTGCAACG-1	OP549859_1_ORF2	1	0	5	5	TRUE	TRUE
CGGATATAGTTAGGTA-1	OZ258728_1_ORF2	0	0	1	1	FALSE	FALSE
CGGATATAGTTGGCGA-1	OP549859_1_ORF1	0	0	2	2	TRUE	FALSE
CGGATTACAAAGTGCC-1	meGFP	0	0	3	3	TRUE	FALSE
CGGATTACAACCATTC-1	OZ258728_1_ORF2	0	0	1	1	FALSE	FALSE
CGGATTACAACCCTGC-1	MZ286197_1_ORF2	0	0	2	3	FALSE	TRUE
CGGATTACAATCGTTC-1	MZ286188_1_ORF1	0	0	1	1	FALSE	TRUE
CGGATTACACACTGGG-1	MZ286102_1_ORF2	0	0	3	3	TRUE	TRUE
CGGATTACACCCAACC-1	OP549859_1_ORF1	1	1	144	144	TRUE	TRUE
CGGATTACACCGCAAG-1	MZ286197_1_ORF2	0	0	1	1	FALSE	FALSE
CGGATTACAGATACAT-1	MZ286188_1_ORF2	0	0	1	1	FALSE	TRUE
CGGATTACATTGCCCA-1	OZ258728_1_ORF2	0	0	1	1	FALSE	FALSE
CGGCAAATCAAGGCGC-1	OZ258728_1_ORF2	0	0	3	3	TRUE	TRUE
CGGCAAATCCCAGTGT-1	MZ286197_1_ORF1	1	1	15	15	TRUE	TRUE
CGGCAAATCCCATCGG-1	MZ286102_1_ORF2	1	0	7	7	TRUE	TRUE
CGGCAAATCCGCCACA-1	meGFP	1	1	19	23	TRUE	TRUE
CGGCAAATCCTATACG-1	meGFP	1	1	25	25	TRUE	TRUE
CGGCAAATCCTCCGTC-1	meGFP	0	0	1	1	FALSE	FALSE
CGGCAAATCGCGCCTA-1	OP549859_1_ORF2	0	0	1	1	FALSE	TRUE
CGGCAAATCGCTATGC-1	OZ258728_1_ORF2	0	0	1	2	FALSE	TRUE
CGGCAAATCTGTGGCT-1	MZ286188_1_ORF2	0	0	3	3	TRUE	TRUE
CGGCAAGGTAACGATG-1	meGFP	0	0	1	1	FALSE	TRUE
CGGCAAGGTAAGCGGT-1	MZ286197_1_ORF1	1	1	23	23	TRUE	TRUE
CGGCAAGGTACCGACC-1	OZ258728_1_ORF1	0	0	1	1	FALSE	FALSE
CGGCAAGGTAGGATAT-1	OP549859_1_ORF1	0	0	1	1	FALSE	FALSE
CGGCAAGGTATCGAGA-1	meGFP	0	0	1	1	FALSE	TRUE
CGGCAAGGTCGTTAGT-1	meGFP	1	1	72	72	TRUE	TRUE
CGGCAAGGTGGGTAAC-1	MZ286102_1_ORF2	1	1	23	25	TRUE	TRUE
CGGCAAGGTGGGTTCC-1	meGFP	0	0	1	2	FALSE	FALSE
CGGCAAGGTGTGTCAT-1	MZ286258_1_ORF2	0	0	2	2	TRUE	FALSE
CGGCAAGGTTCTATGA-1	MZ286258_1_ORF2	1	0	9	9	TRUE	TRUE
CGGCAATCAAATGCGC-1	MZ286258_1_ORF2	0	0	1	1	FALSE	FALSE
CGGCAATCAAGATGAA-1	OZ258728_1_ORF2	1	1	76	76	TRUE	TRUE
CGGCAATCAAGCCACG-1	MZ286258_1_ORF2	0	0	2	3	FALSE	TRUE
CGGCAATCAAGCGCCA-1	MZ286258_1_ORF2	1	0	7	7	TRUE	TRUE
CGGCAATCAATCCAAG-1	MZ286258_1_ORF2	0	0	1	1	FALSE	TRUE
CGGCAATCAATTGCAG-1	MZ286188_1_ORF1	0	0	1	1	FALSE	TRUE
CGGCAATCACACTGGG-1	MZ286188_1_ORF1	0	0	0	0	FALSE	TRUE
CGGCAATCACCTGCAC-1	MZ286102_1_ORF1	0	0	1	1	FALSE	FALSE
CGGCAATCAGGCATTA-1	MZ286258_1_ORF2	0	0	1	1	FALSE	FALSE
CGGCAATCATCGGGCA-1	MZ286258_1_ORF2	1	1	15	15	TRUE	TRUE
CGGCAATCATGCATCT-1	MZ286258_1_ORF2	0	0	1	2	FALSE	TRUE
CGGCACTGTAATCACC-1	MZ286258_1_ORF1	0	0	1	1	FALSE	TRUE
CGGCACTGTACAGGGT-1	OZ258728_1_ORF2	0	0	1	1	FALSE	FALSE
CGGCACTGTACCTCTC-1	OZ258728_1_ORF2	0	0	1	1	FALSE	FALSE
CGGCACTGTAGTGGCG-1	OZ258728_1_ORF2	0	0	1	1	FALSE	FALSE
CGGCACTGTCCCTTCG-1	meGFP	1	1	13	13	TRUE	TRUE
CGGCACTGTGATCCCA-1	MZ286258_1_ORF1	0	0	1	1	FALSE	FALSE
CGGCACTGTGGCCATC-1	MZ286258_1_ORF2	0	0	1	1	FALSE	TRUE
CGGCACTGTTCACGAT-1	OZ258728_1_ORF2	0	0	1	1	FALSE	TRUE
CGGCACTGTTCGTAGT-1	meGFP	0	0	1	2	FALSE	TRUE
CGGCACTGTTGCCTAG-1	OZ258728_1_ORF2	0	0	1	2	FALSE	TRUE
CGGCACTGTTGCGGAG-1	meGFP	0	0	1	1	FALSE	TRUE
CGGCACTGTTTACGGT-1	MZ286102_1_ORF2	0	0	3	4	TRUE	TRUE
CGGCGCTTCAATTACC-1	MZ286102_1_ORF1	0	0	1	1	FALSE	TRUE
CGGCGCTTCACACTTG-1	MZ286188_1_ORF2	2	0	8	15	FALSE	TRUE
CGGCGCTTCACCAATT-1	OP549859_1_ORF2	0	0	1	1	FALSE	FALSE
CGGCGCTTCATTGCCA-1	MZ286102_1_ORF2	0	0	1	1	FALSE	FALSE
CGGCGCTTCCCATTGA-1	MZ286258_1_ORF2	1	0	5	5	TRUE	TRUE
CGGCGCTTCCGAAGCA-1	MZ286258_1_ORF1	1	1	70	70	TRUE	TRUE
CGGCGCTTCCTACTGA-1	MZ286102_1_ORF1	1	1	19	21	TRUE	TRUE
CGGCGCTTCCTCCTAT-1	MZ286197_1_ORF1	0	0	1	1	FALSE	TRUE
CGGCGCTTCCTCTCCA-1	MZ286197_1_ORF1	0	0	1	2	FALSE	TRUE
CGGCGCTTCGAGCGGT-1	OZ258728_1_ORF1	1	1	12	12	TRUE	TRUE
CGGCGCTTCGGTTAGG-1	OP549859_1_ORF2	1	1	10	10	TRUE	TRUE
CGGCGCTTCGTTACTG-1	OZ258728_1_ORF1	0	0	1	1	FALSE	FALSE
CGGCGCTTCTAGGCAG-1	OZ258728_1_ORF2	0	0	1	1	FALSE	FALSE
CGGCGCTTCTGTACCA-1	OZ258728_1_ORF2	2	1	48	53	TRUE	TRUE
CGGCGCTTCTTGCATG-1	MZ286197_1_ORF1	1	1	19	19	TRUE	TRUE
CGGCGGATCAATGCAA-1	MZ286197_1_ORF2	0	0	1	1	FALSE	TRUE
CGGCGGATCACTAATC-1	OZ258728_1_ORF2	0	0	2	3	FALSE	TRUE
CGGCGGATCCTCCGTC-1	MZ286258_1_ORF1	0	0	3	3	TRUE	FALSE
CGGCGGATCGTGCGAA-1	meGFP	0	0	1	1	FALSE	FALSE
CGGCGGATCTGTGCGT-1	OZ258728_1_ORF2	0	0	1	2	FALSE	TRUE
CGGCGGATCTTAAGCT-1	MZ286102_1_ORF2	2	2	10	20	FALSE	TRUE
CGGCGTACAACACCAA-1	OZ258728_1_ORF1	0	0	2	4	FALSE	TRUE
CGGCGTACACAGGTGT-1	MZ286102_1_ORF2	1	0	9	14	TRUE	TRUE
CGGCGTACACATGCGG-1	OZ258728_1_ORF1	1	1	15	15	TRUE	TRUE
CGGCGTACACCTCGAC-1	MZ286258_1_ORF1	1	1	76	77	TRUE	TRUE
CGGCGTACAGCCGATG-1	meGFP	0	0	1	1	FALSE	FALSE
CGGCGTACAGCTTGGG-1	MZ286188_1_ORF2	0	0	1	1	FALSE	FALSE
CGGCGTACATACTCCG-1	OP549859_1_ORF2	1	1	16	16	TRUE	TRUE
CGGCGTACATAGATAC-1	OP549859_1_ORF2	1	1	14	16	TRUE	TRUE
CGGCGTACATTGGATG-1	OZ258728_1_ORF1	1	0	8	8	TRUE	TRUE
CGGCTTCCAAACTGTG-1	meGFP	0	0	1	2	FALSE	TRUE
CGGCTTCCAAATGACT-1	MZ286102_1_ORF1	1	0	6	6	TRUE	TRUE
CGGCTTCCAACAGACC-1	MZ286197_1_ORF1	0	0	1	1	FALSE	FALSE
CGGCTTCCAAGTCAAT-1	OP549859_1_ORF2	0	0	2	2	TRUE	TRUE
CGGCTTCCACACTGGG-1	OZ258728_1_ORF2	0	0	1	1	FALSE	TRUE
CGGCTTCCAGATTCGA-1	OZ258728_1_ORF2	0	0	1	1	FALSE	FALSE
CGGCTTCCAGCAAGTC-1	OP549859_1_ORF1	0	0	2	4	FALSE	TRUE
CGGCTTCCAGTTCGGG-1	MZ286102_1_ORF2	1	1	13	17	TRUE	TRUE
CGGCTTCCATAGATAC-1	OZ258728_1_ORF2	0	0	1	1	FALSE	FALSE
CGGCTTCCATGCTCGC-1	meGFP	0	0	1	1	FALSE	FALSE
CGGCTTCCATGGCTGG-1	OP549859_1_ORF2	0	0	1	1	FALSE	TRUE
CGGCTTCCATGTGATG-1	OZ258728_1_ORF2	0	0	1	1	FALSE	TRUE
CGGCTTCCATTCATTG-1	meGFP	0	0	2	2	TRUE	FALSE
CGGGAATGTAACTTGC-1	OZ258728_1_ORF2	0	0	1	1	FALSE	FALSE
CGGGAATGTAAGTCTC-1	MZ286258_1_ORF2	1	1	10	11	TRUE	TRUE
CGGGAATGTACGATAG-1	meGFP	1	0	4	5	TRUE	TRUE
CGGGAATGTGAATCTC-1	MZ286258_1_ORF1	0	0	1	1	FALSE	TRUE
CGGGAATGTGCATGAA-1	OZ258728_1_ORF1	0	0	1	1	FALSE	TRUE
CGGGAATGTGCCGGAA-1	OZ258728_1_ORF2	0	0	1	1	FALSE	FALSE
CGGGAATGTGCCTGGT-1	OZ258728_1_ORF2	0	0	2	2	TRUE	TRUE
CGGGAATGTGGTTCGC-1	MZ286102_1_ORF2	1	0	8	8	TRUE	TRUE
CGGGAATGTGTCCTTC-1	OP549859_1_ORF1	0	0	1	1	FALSE	FALSE
CGGGAATGTTCCGCAA-1	meGFP	0	0	1	1	FALSE	FALSE
CGGGAATGTTGCGGAG-1	OZ258728_1_ORF2	0	0	1	1	FALSE	FALSE
CGGGAATGTTTCATCT-1	OP549859_1_ORF2	1	1	14	14	TRUE	TRUE
CGGGAATGTTTGATGC-1	OP549859_1_ORF1	0	0	1	1	FALSE	FALSE
CGGGACAGTAATGGGC-1	MZ286102_1_ORF1	1	1	20	20	TRUE	TRUE
CGGGACAGTACCCAAT-1	MZ286102_1_ORF2	1	0	5	5	TRUE	TRUE
CGGGACAGTACGTTCG-1	OZ258728_1_ORF2	0	0	1	1	FALSE	FALSE
CGGGACAGTAGTCCCA-1	MZ286188_1_ORF1	0	0	1	1	FALSE	FALSE
CGGGACAGTATGGTTC-1	OZ258728_1_ORF2	1	1	33	33	TRUE	TRUE
CGGGACAGTCAAGTTC-1	meGFP	1	1	49	49	TRUE	TRUE
CGGGACAGTCAGGGAT-1	OP549859_1_ORF1	1	1	41	41	TRUE	TRUE
CGGGACAGTCCATCCT-1	meGFP	1	1	28	28	TRUE	TRUE
CGGGACAGTCGCAGGA-1	OZ258728_1_ORF2	1	1	164	164	TRUE	TRUE
CGGGACAGTCGCGTGT-1	OZ258728_1_ORF2	0	0	1	1	FALSE	TRUE
CGGGACAGTCGGGCTT-1	OZ258728_1_ORF2	0	0	1	1	FALSE	FALSE
CGGGACAGTGCCTGGT-1	OZ258728_1_ORF2	0	0	1	2	FALSE	TRUE
CGGGACAGTGGTGCGA-1	OP549859_1_ORF1	1	0	8	8	TRUE	TRUE
CGGGACAGTGTGATTC-1	OP549859_1_ORF1	0	0	2	2	TRUE	TRUE
CGGGACAGTTAGGCAA-1	OZ258728_1_ORF2	1	1	23	23	TRUE	TRUE
CGGGACAGTTATGCAC-1	MZ286102_1_ORF2	1	1	12	12	TRUE	TRUE
CGGGACAGTTGCCTAG-1	OZ258728_1_ORF2	0	0	1	1	FALSE	FALSE
CGGGACAGTTGGTTAC-1	OP549859_1_ORF2	1	0	9	10	TRUE	TRUE
CGGGACAGTTTAGGCT-1	MZ286188_1_ORF2	1	0	5	7	TRUE	TRUE
CGGGATATCAATCACT-1	MZ286188_1_ORF2	1	1	14	14	TRUE	TRUE
CGGGATATCACCAATT-1	OP549859_1_ORF1	0	0	1	2	FALSE	TRUE
CGGGATATCATAGAGC-1	OZ258728_1_ORF1	1	0	5	5	TRUE	TRUE
CGGGATATCCATAGCC-1	OP549859_1_ORF2	0	0	2	2	TRUE	TRUE
CGGGATATCCCTCTAT-1	OZ258728_1_ORF2	0	0	1	1	FALSE	FALSE
CGGGATATCCGTACCG-1	meGFP	0	0	1	2	FALSE	TRUE
CGGGATATCCGTGGTT-1	MZ286102_1_ORF2	0	0	1	1	FALSE	FALSE
CGGGATATCGACCTTA-1	OP549859_1_ORF1	0	0	2	2	TRUE	TRUE
CGGGATATCGCGAGGT-1	OP549859_1_ORF1	2	1	78	88	TRUE	TRUE
CGGGATATCGGATGCA-1	MZ286102_1_ORF2	0	0	3	3	TRUE	TRUE
CGGGATATCGGCCATT-1	OZ258728_1_ORF2	0	0	1	1	FALSE	FALSE
CGGGATATCTAGCCCG-1	MZ286102_1_ORF2	1	0	4	4	TRUE	FALSE
CGGGATTCAAACGGCT-1	OP549859_1_ORF2	0	0	1	1	FALSE	TRUE
CGGGATTCAACTTCGT-1	MZ286197_1_ORF1	0	0	1	1	FALSE	TRUE
CGGGATTCACCGCAAG-1	OZ258728_1_ORF2	0	0	1	1	FALSE	FALSE
CGGGATTCACGGTAAC-1	MZ286258_1_ORF2	0	0	1	1	FALSE	FALSE
CGGGATTCACGTGCCT-1	OZ258728_1_ORF1	1	0	5	6	TRUE	TRUE
CGGGATTCAGAACGGA-1	MZ286102_1_ORF2	0	0	1	1	FALSE	TRUE
CGGGATTCATCATAGG-1	OZ258728_1_ORF2	0	0	1	1	FALSE	FALSE
CGGGATTCATGGAGAG-1	MZ286258_1_ORF2	1	1	30	30	TRUE	TRUE
CGGGATTCATTCATTG-1	MZ286102_1_ORF2	0	0	1	1	FALSE	FALSE
CGGGCAAGTAACTTGC-1	meGFP	1	0	4	10	TRUE	TRUE
CGGGCAAGTACCCAGC-1	MZ286188_1_ORF1	0	0	1	1	FALSE	FALSE
CGGGCAAGTAGCTCGC-1	MZ286102_1_ORF1	1	1	30	30	TRUE	TRUE
CGGGCAAGTATCGCCA-1	MZ286197_1_ORF1	1	0	5	5	TRUE	TRUE
CGGGCAAGTCACTAAC-1	MZ286188_1_ORF1	0	0	1	1	FALSE	FALSE
CGGGCAAGTCCAGCTA-1	OZ258728_1_ORF2	0	0	1	1	FALSE	FALSE
CGGGCAAGTCTTGGGC-1	OZ258728_1_ORF1	0	0	1	1	FALSE	FALSE
CGGGCAAGTGAACCAA-1	OZ258728_1_ORF2	1	1	101	101	TRUE	TRUE
CGGGCAAGTGACCCTA-1	OP549859_1_ORF1	0	0	1	1	FALSE	FALSE
CGGGCAAGTGATGTCT-1	MZ286102_1_ORF2	0	0	1	1	FALSE	TRUE
CGGGCAAGTGCAGCCT-1	OZ258728_1_ORF2	0	0	1	1	FALSE	FALSE
CGGGCAAGTGCTTAGT-1	MZ286188_1_ORF1	0	0	2	2	TRUE	FALSE
CGGGCTTGTAAGGTGC-1	meGFP	1	1	23	26	TRUE	TRUE
CGGGCTTGTACCCAAT-1	MZ286197_1_ORF1	0	0	1	1	FALSE	FALSE
CGGGCTTGTACCGACC-1	OZ258728_1_ORF1	0	0	1	1	FALSE	FALSE
CGGGCTTGTAGCCATT-1	OZ258728_1_ORF1	0	0	1	1	FALSE	FALSE
CGGGCTTGTCTTGGGC-1	OZ258728_1_ORF1	0	0	1	1	FALSE	FALSE
CGGGCTTGTGATCCCA-1	OZ258728_1_ORF2	0	0	1	1	FALSE	FALSE
CGGGCTTGTGCCCAAC-1	MZ286197_1_ORF1	0	0	1	1	FALSE	FALSE
CGGGCTTGTGGCTTGC-1	OZ258728_1_ORF2	0	0	2	2	TRUE	TRUE
CGGGCTTGTTAGGCAA-1	meGFP	1	1	29	29	TRUE	TRUE
CGGGCTTGTTGCCACA-1	MZ286258_1_ORF2	0	0	2	2	TRUE	TRUE
CGGGGATTCCCGATAC-1	meGFP	1	1	29	29	TRUE	TRUE
CGGGGATTCCGCTCGA-1	OZ258728_1_ORF2	1	1	73	73	TRUE	TRUE
CGGGGATTCCTATACG-1	meGFP	0	0	1	1	FALSE	FALSE
CGGGGATTCCTCCGTC-1	MZ286258_1_ORF2	0	0	1	1	FALSE	FALSE
CGGGGATTCGAACCCT-1	MZ286102_1_ORF2	1	1	20	21	TRUE	TRUE
CGGGGATTCGAGGTCA-1	meGFP	2	2	31	50	FALSE	TRUE
CGGGGATTCGCAACTC-1	meGFP	1	1	73	73	TRUE	TRUE
CGGGGATTCTCGACCG-1	MZ286102_1_ORF2	0	0	1	1	FALSE	FALSE
CGGGGTAGTAACCGGG-1	OZ258728_1_ORF2	0	0	1	1	FALSE	TRUE
CGGGGTAGTCAAGTAG-1	meGFP	1	0	6	7	TRUE	TRUE
CGGGGTAGTCACTAAC-1	OZ258728_1_ORF2	0	0	1	1	FALSE	FALSE
CGGGGTAGTCCAACCA-1	meGFP	0	0	1	1	FALSE	TRUE
CGGGGTAGTCGTCACA-1	OZ258728_1_ORF2	0	0	1	1	FALSE	TRUE
CGGGGTAGTGATGTAG-1	meGFP	0	0	1	1	FALSE	FALSE
CGGGGTAGTGCTATGT-1	MZ286102_1_ORF2	0	0	1	1	FALSE	TRUE
CGGGGTAGTGTCCAAT-1	MZ286102_1_ORF2	1	1	10	11	TRUE	TRUE
CGGGGTAGTTAGTTGC-1	MZ286258_1_ORF2	0	0	1	1	FALSE	FALSE
CGGGGTAGTTTCCGTC-1	OZ258728_1_ORF1	0	0	2	3	FALSE	TRUE
CGGGTCTGTAAGGTGC-1	OP549859_1_ORF1	0	0	1	3	FALSE	TRUE
CGGGTCTGTACCGATT-1	MZ286102_1_ORF1	1	1	10	10	TRUE	TRUE
CGGGTCTGTACCGGAG-1	MZ286102_1_ORF2	0	0	1	1	FALSE	TRUE
CGGGTCTGTCAATCTA-1	meGFP	0	0	1	1	FALSE	TRUE
CGGGTCTGTCCACACA-1	OZ258728_1_ORF2	0	0	1	1	FALSE	FALSE
CGGGTCTGTCGATGAA-1	OZ258728_1_ORF2	1	1	94	94	TRUE	TRUE
CGGGTCTGTCTGCACA-1	MZ286188_1_ORF2	0	0	1	1	FALSE	TRUE
CGGGTCTGTCTGGCGT-1	MZ286102_1_ORF2	0	0	1	1	FALSE	TRUE
CGGGTCTGTGCTTAGT-1	MZ286188_1_ORF1	0	0	1	1	FALSE	FALSE
CGGGTCTGTGGTTAAG-1	OP549859_1_ORF1	0	0	1	1	FALSE	FALSE
CGGGTCTGTTCCGCAA-1	meGFP	0	0	1	2	FALSE	TRUE
CGGGTCTGTTCTATCT-1	MZ286197_1_ORF1	0	0	1	1	FALSE	TRUE
CGGGTCTGTTTACGAC-1	OP549859_1_ORF1	0	0	1	2	FALSE	TRUE
CGGGTTGCAAAGCCCG-1	MZ286188_1_ORF1	0	0	1	1	FALSE	FALSE
CGGGTTGCAACTGCCC-1	OZ258728_1_ORF1	0	0	1	1	FALSE	TRUE
CGGGTTGCAAGGTGCT-1	MZ286258_1_ORF2	0	0	2	3	FALSE	TRUE
CGGGTTGCACCAAGTA-1	OP549859_1_ORF1	0	0	1	1	FALSE	FALSE
CGGGTTGCACCGGTAG-1	MZ286258_1_ORF1	0	0	1	1	FALSE	TRUE
CGGGTTGCACTTCGGC-1	MZ286188_1_ORF2	0	0	1	1	FALSE	FALSE
CGGGTTGCATCAAGTG-1	meGFP	1	1	14	14	TRUE	TRUE
CGGGTTGCATGCTGAA-1	MZ286258_1_ORF2	1	0	8	9	TRUE	TRUE
CGGTACGCAAGATGAA-1	OZ258728_1_ORF1	0	0	1	1	FALSE	FALSE
CGGTACGCACGATTGA-1	OZ258728_1_ORF2	0	0	1	1	FALSE	FALSE
CGGTACGCACTTCAAC-1	MZ286188_1_ORF1	0	0	1	1	FALSE	TRUE
CGGTACGCATCCCGGT-1	MZ286258_1_ORF2	1	1	25	26	TRUE	TRUE
CGGTACGCATGGAGCT-1	OP549859_1_ORF2	1	1	14	15	TRUE	TRUE
CGGTCAGCACACACTT-1	OZ258728_1_ORF1	1	1	31	31	TRUE	TRUE
CGGTCAGCACCACAGG-1	MZ286258_1_ORF2	0	0	1	2	FALSE	TRUE
CGGTCAGCACCTGCAC-1	MZ286197_1_ORF2	1	0	4	4	TRUE	TRUE
CGGTCAGCACGGGTAT-1	MZ286197_1_ORF2	0	0	1	1	FALSE	FALSE
CGGTCAGCAGGCCAAT-1	meGFP	0	0	1	1	FALSE	TRUE
CGGTCAGCAGGGACTT-1	MZ286258_1_ORF2	0	0	2	4	FALSE	TRUE
CGGTCAGCATAACGAT-1	OZ258728_1_ORF2	1	1	61	61	TRUE	TRUE
CGGTCAGCATAGGATT-1	MZ286197_1_ORF1	1	0	5	7	TRUE	TRUE
CGGTCAGCATTAGGGC-1	MZ286258_1_ORF1	0	0	1	1	FALSE	TRUE
CGGTCATTCACTAGGG-1	MZ286102_1_ORF1	1	0	4	4	TRUE	FALSE
CGGTCATTCACTTACG-1	MZ286188_1_ORF1	0	0	1	1	FALSE	FALSE
CGGTCATTCCCGCAAT-1	OZ258728_1_ORF1	1	0	7	8	TRUE	TRUE
CGGTCATTCCCTGCGA-1	MZ286258_1_ORF1	1	1	23	23	TRUE	TRUE
CGGTCATTCTCACGTA-1	OZ258728_1_ORF2	1	0	7	8	TRUE	TRUE
CGGTCATTCTTGCGAC-1	MZ286258_1_ORF1	0	0	1	1	FALSE	FALSE
CGGTCGACAAACTTCC-1	OP549859_1_ORF2	1	1	15	15	TRUE	TRUE
CGGTCGACAACCCTGC-1	MZ286258_1_ORF2	0	0	1	1	FALSE	TRUE
CGGTCGACACACAGCG-1	meGFP	1	1	11	11	TRUE	TRUE
CGGTCGACACGCTACC-1	MZ286258_1_ORF2	0	0	3	4	TRUE	TRUE
CGGTCGACACTACGGG-1	MZ286258_1_ORF2	0	0	1	1	FALSE	FALSE
CGGTCGACAGGCTATA-1	OZ258728_1_ORF1	1	1	10	10	TRUE	FALSE
CGGTCGACAGTCCCGT-1	OZ258728_1_ORF2	0	0	1	1	FALSE	FALSE
CGGTCGACATATGAAC-1	meGFP	1	0	4	4	TRUE	TRUE
CGGTCGACATGCTCGC-1	meGFP	0	0	1	1	FALSE	FALSE
CGGTCGACATTACCCG-1	OZ258728_1_ORF2	0	0	1	1	FALSE	FALSE
CGGTCTCCACGATTGA-1	MZ286197_1_ORF2	1	0	4	7	TRUE	TRUE
CGGTCTCCACGGATTA-1	meGFP	0	0	1	1	FALSE	FALSE
CGGTCTCCACTACCCA-1	MZ286188_1_ORF1	1	1	22	22	TRUE	TRUE
CGGTCTCCACTAGGCG-1	OZ258728_1_ORF1	1	0	5	9	TRUE	TRUE
CGGTCTCCAGAACTAT-1	OZ258728_1_ORF2	1	1	66	67	TRUE	TRUE
CGGTCTCCAGGAAGCA-1	OZ258728_1_ORF2	0	0	2	2	TRUE	FALSE
CGGTCTCCAGGAAGTG-1	MZ286197_1_ORF2	0	0	2	2	TRUE	TRUE
CGGTCTCCAGGCCAAT-1	OZ258728_1_ORF2	0	0	1	1	FALSE	FALSE
CGGTCTCCATGCTCGC-1	meGFP	0	0	1	1	FALSE	FALSE
CGGTCTCCATGTCTGT-1	MZ286102_1_ORF2	1	0	4	5	TRUE	TRUE
CGGTCTCCATGTGATG-1	MZ286102_1_ORF1	2	2	19	31	FALSE	TRUE
CGGTGATCAACGAGCT-1	MZ286258_1_ORF2	1	1	13	15	TRUE	TRUE
CGGTGATCAACGTGCG-1	MZ286258_1_ORF1	1	0	4	6	TRUE	TRUE
CGGTGATCAATACCCT-1	MZ286188_1_ORF1	1	0	5	5	TRUE	TRUE
CGGTGATCACGCCTGT-1	MZ286197_1_ORF2	0	0	3	4	TRUE	TRUE
CGGTGATCATAGTTGG-1	MZ286197_1_ORF1	1	1	38	38	TRUE	TRUE
CGGTGATCATGCTCGC-1	meGFP	0	0	1	1	FALSE	FALSE
CGGTGATCATGGAGCT-1	MZ286188_1_ORF2	1	0	6	6	TRUE	TRUE
CGGTGATCATTACTTG-1	MZ286197_1_ORF2	0	0	1	1	FALSE	TRUE
CGGTGCTGTAGCAGGT-1	OZ258728_1_ORF2	0	0	2	3	FALSE	TRUE
CGGTGCTGTCTGGCGT-1	OP549859_1_ORF1	0	0	1	2	FALSE	TRUE
CGGTGCTGTCTTGCTC-1	MZ286102_1_ORF2	0	0	2	2	TRUE	TRUE
CGGTGCTGTGAATCTC-1	OZ258728_1_ORF2	0	0	1	2	FALSE	TRUE
CGGTGCTGTGCTGGCT-1	OZ258728_1_ORF2	0	0	1	1	FALSE	FALSE
CGGTGCTGTTCGCTGA-1	meGFP	0	0	1	1	FALSE	TRUE
CGGTGCTGTTCGGTTG-1	MZ286258_1_ORF2	0	0	2	2	TRUE	FALSE
CGGTTAACAAACGTAT-1	OZ258728_1_ORF2	0	0	1	1	FALSE	TRUE
CGGTTAACAAAGGGCA-1	OP549859_1_ORF1	0	0	1	2	FALSE	TRUE
CGGTTAACAATGGACC-1	meGFP	1	1	20	20	TRUE	TRUE
CGGTTAACACATTCGT-1	MZ286102_1_ORF2	0	0	1	1	FALSE	FALSE
CGGTTAACACCGGATG-1	meGFP	0	0	1	1	FALSE	FALSE
CGGTTAACACCTGCAC-1	meGFP	0	0	1	1	FALSE	TRUE
CGGTTAACACGTTACT-1	meGFP	0	0	1	1	FALSE	FALSE
CGGTTAACATAACGAT-1	OP549859_1_ORF1	0	0	1	2	FALSE	TRUE
CGGTTAACATAGATAC-1	meGFP	1	1	46	46	TRUE	TRUE
CGGTTAACATCGCATT-1	MZ286197_1_ORF1	0	0	1	1	FALSE	TRUE
CGGTTAACATGGCCTC-1	MZ286197_1_ORF2	0	0	2	3	FALSE	TRUE
CGGTTGAAGACTAATG-1	MZ286102_1_ORF2	1	1	18	20	TRUE	TRUE
CGGTTGAAGAGGCCAC-1	OZ258728_1_ORF2	1	1	47	47	TRUE	TRUE
CGGTTGAAGCCCGTCA-1	OZ258728_1_ORF2	0	0	1	1	FALSE	TRUE
CGGTTGAAGCGCAAGC-1	MZ286102_1_ORF2	1	0	6	7	TRUE	TRUE
CGGTTGAAGCTCGTTA-1	MZ286197_1_ORF1	0	0	1	1	FALSE	TRUE
CGGTTGAAGCTGTCGT-1	meGFP	1	1	30	30	TRUE	TRUE
CGGTTGAAGGAGTATC-1	MZ286258_1_ORF2	0	0	2	3	FALSE	TRUE
CGGTTGAAGGCGTGAC-1	meGFP	1	1	58	58	TRUE	TRUE
CGGTTGAAGGGCCGAT-1	meGFP	0	0	1	1	FALSE	FALSE
CGGTTGAAGTCAACTT-1	meGFP	0	0	2	3	FALSE	TRUE
CGGTTGCGTAAGTAAC-1	MZ286102_1_ORF1	0	0	1	1	FALSE	FALSE
CGGTTGCGTAATGGAT-1	MZ286102_1_ORF2	1	0	5	5	TRUE	TRUE
CGGTTGCGTATTGGGA-1	OZ258728_1_ORF2	0	0	1	1	FALSE	TRUE
CGGTTGCGTCCACGGT-1	OP549859_1_ORF2	0	0	1	1	FALSE	TRUE
CGGTTGCGTCGACATT-1	meGFP	0	0	1	1	FALSE	FALSE
CGGTTGCGTGACCAGG-1	MZ286102_1_ORF1	0	0	3	3	TRUE	TRUE
CGGTTGCGTGCAATTC-1	MZ286102_1_ORF2	1	0	8	8	TRUE	TRUE
CGGTTGCGTGCTGACC-1	OP549859_1_ORF1	1	0	4	5	TRUE	TRUE
CGGTTGCGTGGCGCAA-1	MZ286197_1_ORF1	0	0	1	1	FALSE	TRUE
CGGTTGCGTTCGTAAC-1	meGFP	1	1	153	155	TRUE	TRUE
CGTAACCTCAATTACC-1	meGFP	0	0	1	1	FALSE	FALSE
CGTAACCTCACCAGGA-1	OP549859_1_ORF2	0	0	1	2	FALSE	TRUE
CGTAACCTCCAAGTCC-1	MZ286102_1_ORF2	1	0	5	5	TRUE	TRUE
CGTAACCTCCATAGCC-1	OP549859_1_ORF1	0	0	1	1	FALSE	TRUE
CGTAACCTCCATCGCG-1	MZ286102_1_ORF1	0	0	1	1	FALSE	TRUE
CGTAACCTCCCAACCG-1	OP549859_1_ORF1	0	0	1	3	FALSE	TRUE
CGTAACCTCCGGGTAA-1	OZ258728_1_ORF1	0	0	1	1	FALSE	FALSE
CGTAACCTCGACTCCG-1	OZ258728_1_ORF1	1	1	34	36	TRUE	TRUE
CGTAACCTCGAGGCGT-1	MZ286258_1_ORF2	0	0	1	1	FALSE	FALSE
CGTAACCTCGCTTGAC-1	meGFP	0	0	3	4	TRUE	TRUE
CGTAACCTCTCGCTCC-1	MZ286102_1_ORF2	1	1	17	17	TRUE	TRUE
CGTAACCTCTGAGTAA-1	OP549859_1_ORF1	0	0	1	1	FALSE	TRUE
CGTAACTGTAAGCGGT-1	MZ286197_1_ORF2	0	0	1	1	FALSE	TRUE
CGTAACTGTAAGTAAC-1	MZ286197_1_ORF2	1	0	5	5	TRUE	TRUE
CGTAACTGTACAGGGT-1	OZ258728_1_ORF2	0	0	1	1	FALSE	FALSE
CGTAACTGTCAATCTA-1	OZ258728_1_ORF1	1	1	20	20	TRUE	TRUE
CGTAACTGTCCACGGT-1	meGFP	2	2	45	81	FALSE	TRUE
CGTAACTGTCCCGAAC-1	MZ286188_1_ORF1	0	0	1	2	FALSE	TRUE
CGTAACTGTGACGAAC-1	MZ286188_1_ORF1	0	0	1	1	FALSE	FALSE
CGTAACTGTGGAGAGA-1	OP549859_1_ORF1	0	0	1	1	FALSE	TRUE
CGTAACTGTGGGACCA-1	MZ286258_1_ORF2	1	1	16	16	TRUE	TRUE
CGTAACTGTGTCTGTG-1	OZ258728_1_ORF1	0	0	3	4	TRUE	TRUE
CGTAACTGTTATCTCT-1	MZ286197_1_ORF1	0	0	1	1	FALSE	TRUE
CGTAACTGTTCGCAGC-1	meGFP	1	0	4	4	TRUE	TRUE
CGTAACTGTTGCGGAG-1	MZ286188_1_ORF1	0	0	1	1	FALSE	TRUE
CGTAACTGTTGGTTAC-1	OZ258728_1_ORF1	0	0	1	2	FALSE	TRUE
CGTAACTGTTGTAAGG-1	MZ286188_1_ORF1	0	0	1	1	FALSE	TRUE
CGTAACTGTTGTAGCT-1	MZ286258_1_ORF2	0	0	1	1	FALSE	TRUE
CGTAACTGTTTCAGTA-1	OP549859_1_ORF2	0	0	1	1	FALSE	TRUE
CGTACCCCACAGTTAG-1	OP549859_1_ORF1	0	0	1	1	FALSE	TRUE
CGTACCCCACTTGGAA-1	OZ258728_1_ORF2	0	0	1	1	FALSE	TRUE
CGTACCCCAGGAAGTG-1	OZ258728_1_ORF2	0	0	1	1	FALSE	TRUE
CGTACCCCAGGCAACT-1	OP549859_1_ORF1	1	1	14	14	TRUE	TRUE
CGTACCCCATAGACCA-1	MZ286197_1_ORF1	1	1	35	35	TRUE	TRUE
CGTACCCCATGACAGC-1	MZ286102_1_ORF2	0	0	2	2	TRUE	TRUE
CGTACCCCATGCTCGC-1	meGFP	0	0	1	1	FALSE	FALSE
CGTACCCCATGGCTGG-1	meGFP	1	1	63	64	TRUE	TRUE
CGTACCGTCACCGCAT-1	MZ286197_1_ORF1	1	1	21	21	TRUE	TRUE
CGTACCGTCACGGAAT-1	OP549859_1_ORF2	1	1	10	10	TRUE	TRUE
CGTACCGTCACGTTCA-1	OZ258728_1_ORF2	0	0	1	1	FALSE	TRUE
CGTACCGTCCGCCTGA-1	MZ286188_1_ORF1	0	0	1	1	FALSE	FALSE
CGTACCGTCCGGATTC-1	MZ286197_1_ORF1	1	1	10	11	TRUE	TRUE
CGTACCGTCCTTACAG-1	MZ286102_1_ORF2	1	0	5	5	TRUE	FALSE
CGTACCGTCGCATCGT-1	OP549859_1_ORF1	0	0	1	1	FALSE	TRUE
CGTACCGTCGCTGGAA-1	OZ258728_1_ORF2	0	0	1	1	FALSE	FALSE
CGTACCGTCGGGATCA-1	OZ258728_1_ORF2	1	0	5	5	TRUE	FALSE
CGTACCGTCTTAGGCC-1	MZ286258_1_ORF1	0	0	2	2	TRUE	TRUE
CGTACCTAGACTTGGG-1	OP549859_1_ORF1	0	0	1	1	FALSE	FALSE
CGTACCTAGAGGTTAC-1	MZ286258_1_ORF2	0	0	1	1	FALSE	TRUE
CGTACCTAGATGCCTC-1	MZ286258_1_ORF2	0	0	1	1	FALSE	TRUE
CGTACCTAGCAATGAC-1	OP549859_1_ORF2	0	0	1	1	FALSE	FALSE
CGTACCTAGCCTACTA-1	meGFP	0	0	1	1	FALSE	FALSE
CGTACCTAGCCTTGCG-1	meGFP	1	1	15	15	TRUE	TRUE
CGTACCTAGCGTAAGT-1	MZ286102_1_ORF1	1	1	13	13	TRUE	TRUE
CGTACCTAGGCAGGCT-1	OZ258728_1_ORF2	0	0	1	1	FALSE	TRUE
CGTACCTAGGGACTCA-1	MZ286102_1_ORF2	1	1	12	13	TRUE	TRUE
CGTACCTAGGTGTGGC-1	OZ258728_1_ORF2	1	1	64	64	TRUE	TRUE
CGTACCTAGTGCTACC-1	OP549859_1_ORF2	0	0	2	4	FALSE	TRUE
CGTACCTAGTTACGAA-1	MZ286197_1_ORF2	0	0	1	1	FALSE	TRUE
CGTAGCGCAACAGACC-1	meGFP	0	0	1	1	FALSE	FALSE
CGTAGCGCAATATAGC-1	MZ286102_1_ORF2	0	0	1	1	FALSE	FALSE
CGTAGCGCACCGTACC-1	meGFP	0	0	1	2	FALSE	TRUE
CGTAGCGCACGCCATC-1	MZ286102_1_ORF2	0	0	1	1	FALSE	FALSE
CGTAGCGCAGACACAC-1	OZ258728_1_ORF2	0	0	1	1	FALSE	FALSE
CGTAGCGCAGTCTCAT-1	meGFP	1	1	48	49	TRUE	TRUE
CGTAGCGCAGTTGGTA-1	meGFP	1	1	16	16	TRUE	TRUE
CGTAGCGCATCAGGGT-1	OP549859_1_ORF1	0	0	1	1	FALSE	FALSE
CGTAGCGCATCGCTCA-1	MZ286102_1_ORF1	0	0	1	2	FALSE	TRUE
CGTAGCGCATGACAGC-1	MZ286102_1_ORF2	1	0	6	6	TRUE	TRUE
CGTAGCGCATGCATCT-1	MZ286102_1_ORF1	1	0	8	9	TRUE	TRUE
CGTAGGATCACAGATA-1	MZ286188_1_ORF2	1	1	22	22	TRUE	TRUE
CGTAGGATCACGAAGT-1	OZ258728_1_ORF1	0	0	1	2	FALSE	TRUE
CGTAGGATCAGGCAAT-1	MZ286102_1_ORF2	1	1	17	18	TRUE	TRUE
CGTAGGATCAGTAGTA-1	MZ286102_1_ORF1	0	0	1	1	FALSE	FALSE
CGTAGGATCAGTATCT-1	MZ286102_1_ORF2	1	1	23	23	TRUE	TRUE
CGTAGGATCCATCGCG-1	OZ258728_1_ORF2	1	1	51	51	TRUE	TRUE
CGTAGGATCCCATTGA-1	MZ286102_1_ORF2	1	1	21	22	TRUE	TRUE
CGTAGGATCCCTGGTG-1	MZ286258_1_ORF1	0	0	1	1	FALSE	TRUE
CGTAGGATCCGCATGT-1	OP549859_1_ORF1	1	1	16	16	TRUE	TRUE
CGTAGGATCCGCTCGA-1	OP549859_1_ORF1	2	1	59	65	TRUE	TRUE
CGTAGGATCCTACTGA-1	OP549859_1_ORF1	0	0	1	1	FALSE	TRUE
CGTAGGATCGCCTGCA-1	MZ286102_1_ORF2	1	1	13	14	TRUE	TRUE
CGTAGGATCGTCAATT-1	OP549859_1_ORF1	0	0	1	1	FALSE	TRUE
CGTAGGATCTCTGGTA-1	MZ286197_1_ORF2	0	0	2	2	TRUE	TRUE
CGTAGGATCTGCACTA-1	meGFP	0	0	1	1	FALSE	TRUE
CGTAGGATCTGGTTGC-1	MZ286258_1_ORF2	0	0	1	1	FALSE	FALSE
CGTAGGATCTGTGGAG-1	meGFP	1	1	14	15	TRUE	TRUE
CGTAGTTGTAACCATC-1	MZ286258_1_ORF2	0	0	1	1	FALSE	FALSE
CGTAGTTGTAATCACC-1	OP549859_1_ORF1	0	0	1	1	FALSE	TRUE
CGTAGTTGTACTTCCC-1	MZ286258_1_ORF2	0	0	1	2	FALSE	TRUE
CGTAGTTGTAGCACTT-1	OZ258728_1_ORF2	0	0	1	1	FALSE	FALSE
CGTAGTTGTAGGCTCC-1	MZ286102_1_ORF2	1	0	6	6	TRUE	TRUE
CGTAGTTGTAGTGTCT-1	MZ286188_1_ORF2	0	0	2	2	TRUE	TRUE
CGTAGTTGTCTCAGGC-1	meGFP	1	0	9	9	TRUE	TRUE
CGTAGTTGTCTTAATG-1	meGFP	1	0	4	4	TRUE	FALSE
CGTAGTTGTGCTTAAC-1	MZ286188_1_ORF1	1	1	38	38	TRUE	TRUE
CGTCAAGAGAACTTAG-1	OZ258728_1_ORF1	0	0	1	1	FALSE	FALSE
CGTCAAGAGAGCTGGC-1	MZ286258_1_ORF2	1	0	5	6	TRUE	TRUE
CGTCAAGAGAGGGACG-1	MZ286258_1_ORF2	0	0	1	1	FALSE	TRUE
CGTCAAGAGATGACAC-1	OZ258728_1_ORF2	0	0	1	1	FALSE	FALSE
CGTCAAGAGCCTTCAA-1	MZ286102_1_ORF1	0	0	2	2	TRUE	TRUE
CGTCAAGAGCTTGATT-1	OZ258728_1_ORF2	0	0	1	1	FALSE	FALSE
CGTCAAGAGGTTGGGC-1	OZ258728_1_ORF2	0	0	1	1	FALSE	FALSE
CGTCAAGAGTCAGCAG-1	OZ258728_1_ORF1	1	1	13	14	TRUE	TRUE
CGTCATATCCGGCTCA-1	OP549859_1_ORF1	1	1	16	17	TRUE	TRUE
CGTCATATCGCTATGC-1	OZ258728_1_ORF2	1	0	5	5	TRUE	TRUE
CGTCATATCGGTTAGG-1	MZ286258_1_ORF2	0	0	1	1	FALSE	FALSE
CGTCATATCGTGCTAC-1	MZ286102_1_ORF2	0	0	1	1	FALSE	TRUE
CGTCATATCTCTCAAG-1	MZ286197_1_ORF1	0	0	1	1	FALSE	FALSE
CGTCATATCTGATTAC-1	OP549859_1_ORF1	0	0	1	1	FALSE	TRUE
CGTCATATCTTAGTGT-1	OP549859_1_ORF1	0	0	3	3	TRUE	TRUE
CGTCATTCAACCAGCG-1	OZ258728_1_ORF2	0	0	1	1	FALSE	FALSE
CGTCATTCAACCCAGG-1	MZ286188_1_ORF1	1	1	10	10	TRUE	TRUE
CGTCATTCAAGATCCA-1	OP549859_1_ORF1	1	0	7	7	TRUE	TRUE
CGTCATTCAATGGCTA-1	MZ286258_1_ORF2	0	0	2	2	TRUE	TRUE
CGTCATTCACCACACC-1	MZ286258_1_ORF2	1	0	4	4	TRUE	TRUE
CGTCATTCACCTCTAG-1	OP549859_1_ORF1	0	0	1	1	FALSE	FALSE
CGTCATTCACGAATGC-1	OZ258728_1_ORF2	0	0	1	1	FALSE	FALSE
CGTCATTCAGGCTATA-1	MZ286258_1_ORF2	1	0	4	5	TRUE	TRUE
CGTCATTCATCCCGAC-1	OZ258728_1_ORF2	0	0	1	1	FALSE	TRUE
CGTCTCACAAAGGGCA-1	OP549859_1_ORF2	1	0	7	8	TRUE	TRUE
CGTCTCACAATCCAAG-1	OP549859_1_ORF1	0	0	1	1	FALSE	FALSE
CGTCTCACACATGCTT-1	OP549859_1_ORF1	1	1	19	19	TRUE	TRUE
CGTCTCACACATTCGT-1	meGFP	2	2	51	73	FALSE	TRUE
CGTCTCACACCCAACC-1	MZ286197_1_ORF1	0	0	1	1	FALSE	FALSE
CGTCTCACACGAAGGA-1	MZ286258_1_ORF2	1	1	21	23	TRUE	TRUE
CGTCTCACACTTACCG-1	MZ286197_1_ORF1	0	0	1	1	FALSE	TRUE
CGTCTCACAGGGACTT-1	OZ258728_1_ORF2	0	0	1	1	FALSE	TRUE
CGTCTCACAGTTGCTT-1	MZ286102_1_ORF2	0	0	1	2	FALSE	TRUE
CGTCTCACATCGCATT-1	meGFP	0	0	1	1	FALSE	FALSE
CGTCTCACATGTCCAT-1	MZ286102_1_ORF2	1	0	5	7	TRUE	TRUE
CGTGAGGGTCCACACA-1	MZ286188_1_ORF1	1	0	4	5	TRUE	TRUE
CGTGAGGGTCCGTCAA-1	OP549859_1_ORF1	0	0	1	1	FALSE	TRUE
CGTGAGGGTCTCCTCG-1	OZ258728_1_ORF2	0	0	1	1	FALSE	TRUE
CGTGAGGGTGACCAGG-1	MZ286188_1_ORF2	0	0	3	6	FALSE	TRUE
CGTGAGGGTGTCCGGT-1	MZ286102_1_ORF2	1	0	5	6	TRUE	TRUE
CGTGAGGGTTAACGAG-1	meGFP	1	1	28	28	TRUE	TRUE
CGTGAGGGTTTCAAGC-1	MZ286258_1_ORF2	0	0	1	1	FALSE	FALSE
CGTGGACAGAAGGATG-1	MZ286102_1_ORF2	0	0	3	3	TRUE	TRUE
CGTGGACAGGAGTATC-1	MZ286188_1_ORF2	0	0	3	6	FALSE	TRUE
CGTGGACAGGGAGTAA-1	OP549859_1_ORF2	0	0	1	1	FALSE	TRUE
CGTGGACAGGGCCGAT-1	MZ286197_1_ORF1	0	0	1	1	FALSE	TRUE
CGTGGACAGTAGTGTA-1	OP549859_1_ORF1	0	0	1	1	FALSE	TRUE
CGTGGACAGTGCTGCT-1	OZ258728_1_ORF2	1	0	4	4	TRUE	TRUE
CGTGGACAGTGGAGCC-1	OZ258728_1_ORF2	1	1	33	34	TRUE	TRUE
CGTGGACAGTTGGCGA-1	MZ286188_1_ORF1	0	0	1	3	FALSE	TRUE
CGTGGAGGTCACACCA-1	MZ286188_1_ORF1	0	0	1	1	FALSE	FALSE
CGTGGAGGTCCTCACT-1	MZ286188_1_ORF1	0	0	1	1	FALSE	TRUE
CGTGGAGGTGATTACC-1	MZ286258_1_ORF2	1	1	12	12	TRUE	TRUE
CGTGGAGGTGCAAGCG-1	MZ286102_1_ORF2	0	0	2	2	TRUE	TRUE
CGTGGAGGTGGGATTA-1	OZ258728_1_ORF2	1	1	14	14	TRUE	TRUE
CGTGGAGGTGGTTCGC-1	MZ286258_1_ORF2	1	0	6	7	TRUE	TRUE
CGTGGAGGTTACACCG-1	MZ286102_1_ORF1	1	1	12	12	TRUE	TRUE
CGTGGAGGTTCTGGCA-1	OZ258728_1_ORF2	1	1	19	19	TRUE	TRUE
CGTGGAGGTTGTAAGG-1	MZ286258_1_ORF2	0	0	1	1	FALSE	TRUE
CGTGGAGGTTGTAGCT-1	meGFP	0	0	3	3	TRUE	TRUE
CGTGGAGGTTTACGAC-1	OP549859_1_ORF1	0	0	1	1	FALSE	TRUE
CGTGGATCAACGTGCG-1	MZ286102_1_ORF2	1	0	4	5	TRUE	TRUE
CGTGGATCAACTGCCC-1	OZ258728_1_ORF2	0	0	1	1	FALSE	FALSE
CGTGGATCAATGTAAC-1	meGFP	1	1	13	13	TRUE	TRUE
CGTGGATCACACTAAG-1	OZ258728_1_ORF2	0	0	1	1	FALSE	FALSE
CGTGGATCACCATTAC-1	OZ258728_1_ORF2	0	0	1	1	FALSE	TRUE
CGTGGATCACCCAACC-1	MZ286197_1_ORF2	0	0	1	1	FALSE	TRUE
CGTGGATCACTAGGCG-1	MZ286258_1_ORF1	1	0	8	8	TRUE	TRUE
CGTGGATCAGGATTGC-1	meGFP	0	0	1	1	FALSE	FALSE
CGTGGATCATACCGTT-1	MZ286258_1_ORF2	1	0	9	9	TRUE	TRUE
CGTGGATCATAGGCAC-1	OP549859_1_ORF1	0	0	1	1	FALSE	FALSE
CGTGGATCATAGTAAC-1	meGFP	1	1	26	26	TRUE	TRUE
CGTGGATCATGCAATG-1	MZ286102_1_ORF2	0	0	1	1	FALSE	FALSE
CGTGGATCATGCATCT-1	MZ286102_1_ORF2	1	1	16	16	TRUE	TRUE
CGTGGATCATGTCGGG-1	MZ286258_1_ORF2	1	1	13	15	TRUE	TRUE
CGTGGTGCAATCCGGG-1	OZ258728_1_ORF2	2	2	25	36	FALSE	TRUE
CGTGGTGCAATCTGTC-1	OZ258728_1_ORF2	0	0	1	1	FALSE	TRUE
CGTGGTGCACAATCCT-1	MZ286197_1_ORF2	0	0	2	2	TRUE	TRUE
CGTGGTGCACAGTATG-1	OZ258728_1_ORF2	1	1	63	64	TRUE	TRUE
CGTGGTGCACCAAGCG-1	MZ286102_1_ORF1	1	1	18	21	TRUE	TRUE
CGTGGTGCACCGGATG-1	MZ286102_1_ORF2	0	0	2	3	FALSE	TRUE
CGTGGTGCAGATTGGC-1	OZ258728_1_ORF2	0	0	2	3	FALSE	TRUE
CGTGGTGCATCGCATT-1	meGFP	1	1	35	35	TRUE	TRUE
CGTGGTGCATGAATCG-1	meGFP	1	1	48	48	TRUE	TRUE
CGTGGTGCATGGACGT-1	MZ286102_1_ORF2	0	0	1	1	FALSE	FALSE
CGTGTTGGTACCGACC-1	OZ258728_1_ORF2	0	0	1	1	FALSE	FALSE
CGTGTTGGTAGGATAT-1	OZ258728_1_ORF2	1	1	20	21	TRUE	TRUE
CGTGTTGGTCTGGATT-1	OZ258728_1_ORF2	0	0	1	1	FALSE	TRUE
CGTGTTGGTGAACGGT-1	MZ286102_1_ORF2	1	1	10	10	TRUE	TRUE
CGTGTTGGTGATTGCT-1	OZ258728_1_ORF2	0	0	1	1	FALSE	FALSE
CGTGTTGGTGCGGTGA-1	OZ258728_1_ORF2	1	1	33	33	TRUE	TRUE
CGTGTTGGTGCTTAGT-1	MZ286188_1_ORF1	0	0	1	1	FALSE	FALSE
CGTGTTGGTGCTTCCT-1	MZ286258_1_ORF1	0	0	1	1	FALSE	TRUE
CGTTAATTCACATGCC-1	meGFP	0	0	1	1	FALSE	FALSE
CGTTAATTCCATTCCT-1	MZ286188_1_ORF2	0	0	1	1	FALSE	FALSE
CGTTAATTCGACCTTA-1	MZ286188_1_ORF1	0	0	1	1	FALSE	TRUE
CGTTAATTCGCCCAAT-1	MZ286258_1_ORF2	0	0	2	2	TRUE	TRUE
CGTTAATTCGGTCGAA-1	MZ286258_1_ORF2	0	0	3	3	TRUE	TRUE
CGTTAATTCGTTACCA-1	MZ286188_1_ORF2	0	0	2	3	FALSE	FALSE
CGTTAATTCTGCATCA-1	OP549859_1_ORF1	2	1	14	21	FALSE	TRUE
CGTTAGACAAACGGGA-1	MZ286188_1_ORF1	1	0	7	7	TRUE	TRUE
CGTTAGACAAGCCATA-1	OZ258728_1_ORF2	0	0	1	1	FALSE	FALSE
CGTTAGACACCCTATG-1	MZ286102_1_ORF2	1	0	5	5	TRUE	TRUE
CGTTAGACACCTCAAT-1	MZ286197_1_ORF2	0	0	1	1	FALSE	TRUE
CGTTAGACACGGATCG-1	MZ286102_1_ORF2	1	1	16	18	TRUE	TRUE
CGTTAGACACTCACGC-1	OZ258728_1_ORF2	0	0	1	1	FALSE	TRUE
CGTTAGACAGCCTCGT-1	MZ286102_1_ORF2	0	0	1	1	FALSE	TRUE
CGTTAGACAGCTGCGA-1	MZ286102_1_ORF1	0	0	1	2	FALSE	FALSE
CGTTAGACAGGCGCTA-1	MZ286197_1_ORF1	0	0	1	2	FALSE	TRUE
CGTTAGACAGGCTATA-1	MZ286197_1_ORF2	0	0	3	3	TRUE	TRUE
CGTTAGACATGAGGAG-1	meGFP	1	0	9	10	TRUE	TRUE
CGTTAGACATGCAATG-1	OZ258728_1_ORF2	1	0	9	10	TRUE	TRUE
CGTTAGACATGCAGGT-1	MZ286258_1_ORF1	0	0	3	4	TRUE	TRUE
CGTTAGACATGTCGGG-1	meGFP	0	0	1	1	FALSE	FALSE
CGTTCAATCAACTGGG-1	OZ258728_1_ORF1	0	0	1	1	FALSE	FALSE
CGTTCAATCATTCGAT-1	MZ286197_1_ORF2	0	0	2	3	FALSE	TRUE
CGTTCAATCCGGATTC-1	meGFP	0	0	1	1	FALSE	FALSE
CGTTCAATCCTACTTC-1	MZ286258_1_ORF2	0	0	2	3	FALSE	TRUE
CGTTCAATCGAACCCT-1	MZ286197_1_ORF1	0	0	1	1	FALSE	TRUE
CGTTCAATCGGCTTCG-1	MZ286258_1_ORF2	0	0	1	1	FALSE	FALSE
CGTTCAATCTCTCGCC-1	meGFP	1	0	4	9	TRUE	TRUE
CGTTCAATCTGATTAC-1	MZ286197_1_ORF1	0	0	1	1	FALSE	TRUE
CGTTCAATCTTCGTAG-1	OP549859_1_ORF1	0	0	1	1	FALSE	FALSE
CGTTGCAGTAATGGGC-1	OP549859_1_ORF1	0	0	1	1	FALSE	TRUE
CGTTGCAGTACCGACC-1	OZ258728_1_ORF1	0	0	1	1	FALSE	FALSE
CGTTGCAGTCACTCCT-1	MZ286102_1_ORF2	0	0	1	1	FALSE	TRUE
CGTTGCAGTGAACCAA-1	OZ258728_1_ORF2	0	0	1	1	FALSE	FALSE
CGTTGCAGTGACCCTA-1	OZ258728_1_ORF2	0	0	1	1	FALSE	FALSE
CGTTGCAGTGACCTCA-1	MZ286188_1_ORF2	1	0	4	6	TRUE	TRUE
CGTTGCAGTGGCGTCT-1	OP549859_1_ORF1	1	1	10	11	TRUE	TRUE
CGTTGCAGTTTACGAC-1	meGFP	0	0	1	1	FALSE	FALSE
CGTTGCCCAACCCGTC-1	OZ258728_1_ORF2	0	0	1	1	FALSE	TRUE
CGTTGCCCACAACCAA-1	MZ286188_1_ORF1	0	0	1	1	FALSE	FALSE
CGTTGCCCACAGTTAG-1	MZ286102_1_ORF2	1	1	20	20	TRUE	TRUE
CGTTGCCCACCTCTAG-1	meGFP	0	0	2	6	FALSE	TRUE
CGTTGCCCACGGATCG-1	MZ286258_1_ORF2	0	0	1	1	FALSE	TRUE
CGTTGCCCACTCACAT-1	MZ286258_1_ORF2	0	0	2	2	TRUE	TRUE
CGTTGCCCAGAGAGAT-1	MZ286188_1_ORF1	0	0	1	1	FALSE	FALSE
CGTTGCCCAGCTGATA-1	OP549859_1_ORF1	1	1	17	17	TRUE	TRUE
CGTTGCCCAGGCTATA-1	OZ258728_1_ORF2	0	0	2	4	FALSE	TRUE
CGTTGCCCATATGAAC-1	MZ286188_1_ORF2	0	0	1	1	FALSE	TRUE
CGTTGCCCATGCATCT-1	OZ258728_1_ORF2	0	0	1	1	FALSE	FALSE
CGTTTCAAGAACGAAG-1	MZ286188_1_ORF2	0	0	3	3	TRUE	TRUE
CGTTTCAAGATAGTCA-1	MZ286258_1_ORF1	1	1	17	18	TRUE	TRUE
CGTTTCAAGCACGTTC-1	MZ286258_1_ORF2	0	0	1	1	FALSE	FALSE
CGTTTCAAGCCGGATA-1	MZ286188_1_ORF2	0	0	1	1	FALSE	FALSE
CGTTTCAAGCGGATCA-1	OZ258728_1_ORF2	0	0	3	8	FALSE	TRUE
CGTTTCAAGCTTAGTT-1	OZ258728_1_ORF2	0	0	1	1	FALSE	FALSE
CGTTTCAAGGAATGAG-1	meGFP	1	1	45	45	TRUE	TRUE
CGTTTCAAGGGCAATT-1	MZ286197_1_ORF2	0	0	1	1	FALSE	FALSE
CGTTTCAAGGTAGGAA-1	OP549859_1_ORF1	0	0	1	1	FALSE	TRUE
CGTTTCAAGGTAGGTT-1	OZ258728_1_ORF2	1	1	114	114	TRUE	TRUE
CGTTTCAAGTATACCT-1	MZ286197_1_ORF1	0	0	1	1	FALSE	FALSE
CGTTTCCGTAATGCAG-1	OZ258728_1_ORF2	0	0	1	2	FALSE	TRUE
CGTTTCCGTACCTAGT-1	OZ258728_1_ORF2	1	1	45	47	TRUE	TRUE
CGTTTCCGTACTTCCC-1	MZ286188_1_ORF1	0	0	1	1	FALSE	TRUE
CGTTTCCGTATGGCCC-1	OP549859_1_ORF1	0	0	1	2	FALSE	TRUE
CGTTTCCGTCGGGCTT-1	OZ258728_1_ORF2	0	0	1	1	FALSE	FALSE
CGTTTCCGTGAGTTAG-1	OZ258728_1_ORF2	0	0	1	1	FALSE	FALSE
CGTTTCCGTGGTGTGG-1	OP549859_1_ORF1	0	0	1	1	FALSE	TRUE
CGTTTCCGTGTACCGC-1	OZ258728_1_ORF2	0	0	1	1	FALSE	FALSE
CGTTTCCGTGTTCGGC-1	OP549859_1_ORF2	0	0	3	6	FALSE	TRUE
CGTTTCCGTTAGGCAA-1	OP549859_1_ORF2	0	0	3	3	TRUE	TRUE
CGTTTCCGTTGGACCC-1	meGFP	1	0	8	8	TRUE	TRUE
CGTTTGCAGACATTAG-1	MZ286188_1_ORF2	0	0	2	3	FALSE	TRUE
CGTTTGCAGACTCAGG-1	MZ286197_1_ORF2	0	0	3	3	TRUE	TRUE
CGTTTGCAGAGATTGC-1	MZ286188_1_ORF1	0	0	1	1	FALSE	FALSE
CGTTTGCAGAGGTCTG-1	OP549859_1_ORF1	0	0	1	1	FALSE	TRUE
CGTTTGCAGATTCACT-1	MZ286197_1_ORF1	0	0	1	2	FALSE	TRUE
CGTTTGCAGCCACTCG-1	MZ286102_1_ORF1	0	0	1	1	FALSE	FALSE
CGTTTGCAGCCTTGCG-1	OZ258728_1_ORF2	0	0	1	2	FALSE	TRUE
CGTTTGCAGCGCAGTA-1	OZ258728_1_ORF2	0	0	1	1	FALSE	TRUE
CGTTTGCAGCTACTTG-1	OP549859_1_ORF1	0	0	1	1	FALSE	FALSE
CGTTTGCAGCTTGACC-1	meGFP	0	0	2	3	FALSE	TRUE
CGTTTGCAGGATCCCT-1	MZ286258_1_ORF2	0	0	1	1	FALSE	FALSE
CGTTTGCAGGATGGAA-1	MZ286188_1_ORF2	0	0	3	9	FALSE	TRUE
CGTTTGCAGGGAGCAG-1	MZ286258_1_ORF2	1	0	4	4	TRUE	TRUE
CGTTTGCAGGGATACT-1	OP549859_1_ORF1	1	1	50	50	TRUE	TRUE
CGTTTGCAGGGATGGG-1	meGFP	1	1	30	31	TRUE	TRUE
CGTTTGCAGGGCTTGA-1	MZ286258_1_ORF2	0	0	2	3	FALSE	FALSE
CGTTTGCAGGTAATTG-1	MZ286197_1_ORF1	1	0	7	7	TRUE	TRUE
CGTTTGCAGTGTCGCT-1	meGFP	0	0	1	1	FALSE	FALSE
CTAAAGGGTAAGGTAT-1	OZ258728_1_ORF2	0	0	1	1	FALSE	FALSE
CTAAAGGGTAGTCCTG-1	OZ258728_1_ORF2	1	0	6	6	TRUE	TRUE
CTAAAGGGTGCGCGAA-1	MZ286188_1_ORF1	0	0	1	1	FALSE	FALSE
CTAAAGGGTGCGCGTT-1	MZ286197_1_ORF2	0	0	2	2	TRUE	TRUE
CTAAAGGGTGGAAGGA-1	MZ286188_1_ORF2	0	0	2	2	TRUE	TRUE
CTAAAGGGTGGTTCGC-1	MZ286197_1_ORF2	0	0	1	1	FALSE	TRUE
CTAAAGGGTTCGCTGA-1	MZ286197_1_ORF1	1	0	7	7	TRUE	TRUE
CTAAAGGGTTTCCAGG-1	MZ286102_1_ORF2	1	1	27	27	TRUE	TRUE
CTAAAGGGTTTGGTAC-1	meGFP	0	0	1	1	FALSE	FALSE
CTAACTAGTACACTAC-1	OZ258728_1_ORF2	0	0	1	2	FALSE	TRUE
CTAACTAGTACCGATT-1	MZ286258_1_ORF2	0	0	1	1	FALSE	TRUE
CTAACTAGTAGCTCGC-1	MZ286102_1_ORF1	0	0	1	1	FALSE	TRUE
CTAACTAGTATCTCAA-1	OZ258728_1_ORF2	0	0	1	1	FALSE	FALSE
CTAACTAGTCCACATG-1	meGFP	0	0	1	1	FALSE	TRUE
CTAACTAGTCTCCTTA-1	MZ286197_1_ORF1	1	1	11	11	TRUE	TRUE
CTAACTAGTGCACTCA-1	OZ258728_1_ORF2	0	0	1	1	FALSE	TRUE
CTAACTAGTGTGGATA-1	meGFP	0	0	1	1	FALSE	TRUE
CTAACTAGTGTTCGGC-1	OZ258728_1_ORF2	0	0	1	1	FALSE	TRUE
CTAACTAGTTTGGTAC-1	OP549859_1_ORF1	0	0	1	1	FALSE	TRUE
CTAAGTGCAAAGGGCA-1	OZ258728_1_ORF2	0	0	1	1	FALSE	FALSE
CTAAGTGCAATCCGGG-1	OP549859_1_ORF1	1	0	5	5	TRUE	TRUE
CTAAGTGCACAACTAG-1	OZ258728_1_ORF1	0	0	1	1	FALSE	TRUE
CTAAGTGCACAGTATG-1	OZ258728_1_ORF1	0	0	1	1	FALSE	FALSE
CTAAGTGCACCGTACC-1	OZ258728_1_ORF1	1	1	24	24	TRUE	TRUE
CTAAGTGCACGGGTAT-1	OZ258728_1_ORF1	1	0	8	8	TRUE	TRUE
CTAAGTGCACTTCGGC-1	OZ258728_1_ORF1	1	0	9	10	TRUE	TRUE
CTAAGTGCATACCGGG-1	MZ286197_1_ORF2	0	0	2	2	TRUE	TRUE
CTAAGTGCATACTGAG-1	MZ286258_1_ORF1	1	0	5	5	TRUE	TRUE
CTAAGTGCATTCGCTG-1	OP549859_1_ORF2	1	1	12	13	TRUE	TRUE
CTAATGCGTACACCTG-1	OP549859_1_ORF2	0	0	1	1	FALSE	TRUE
CTAATGCGTACTTACA-1	OZ258728_1_ORF2	0	0	1	1	FALSE	FALSE
CTAATGCGTATCCTAA-1	meGFP	0	0	1	1	FALSE	FALSE
CTAATGCGTCGGGCTT-1	MZ286188_1_ORF2	0	0	3	3	TRUE	TRUE
CTAATGCGTGATCAAG-1	meGFP	0	0	1	1	FALSE	TRUE
CTAATGCGTGGCATGG-1	OZ258728_1_ORF2	0	0	2	2	TRUE	TRUE
CTAATGCGTGGGTAGT-1	MZ286197_1_ORF2	0	0	3	3	TRUE	TRUE
CTAATGCGTGTCAGTT-1	OZ258728_1_ORF2	0	0	1	1	FALSE	FALSE
CTAATGCGTTATCCGG-1	OP549859_1_ORF2	0	0	3	3	TRUE	TRUE
CTAATGCGTTGTGTGT-1	OZ258728_1_ORF2	0	0	2	2	TRUE	FALSE
CTAATTATCAAGCTAA-1	OP549859_1_ORF1	1	1	16	16	TRUE	TRUE
CTAATTATCAATCACT-1	OZ258728_1_ORF2	1	1	40	40	TRUE	TRUE
CTAATTATCCAAGTGG-1	OZ258728_1_ORF2	1	1	19	19	TRUE	TRUE
CTAATTATCCGTACCG-1	OZ258728_1_ORF2	0	0	1	1	FALSE	TRUE
CTAATTATCCTCATAG-1	MZ286102_1_ORF1	0	0	2	2	TRUE	TRUE
CTAATTATCGATACTT-1	MZ286258_1_ORF1	0	0	1	1	FALSE	FALSE
CTAATTATCGCAAGGC-1	MZ286102_1_ORF2	1	1	13	15	TRUE	TRUE
CTAATTATCGGGAACC-1	OZ258728_1_ORF1	1	1	16	16	TRUE	TRUE
CTAATTATCTCACGTA-1	OZ258728_1_ORF1	1	1	28	29	TRUE	TRUE
CTAATTATCTCTGTGA-1	OZ258728_1_ORF1	0	0	1	2	FALSE	TRUE
CTAATTATCTGGCTTA-1	meGFP	1	0	4	4	TRUE	TRUE
CTAATTATCTGTCGGT-1	MZ286258_1_ORF2	0	0	1	1	FALSE	FALSE
CTAATTATCTTGCGGT-1	MZ286102_1_ORF2	0	0	3	3	TRUE	TRUE
CTAATTGGTAACGATG-1	OP549859_1_ORF1	0	0	1	1	FALSE	FALSE
CTAATTGGTATCGAGA-1	MZ286258_1_ORF1	0	0	1	1	FALSE	FALSE
CTAATTGGTCAAGTTC-1	MZ286188_1_ORF1	0	0	1	1	FALSE	FALSE
CTAATTGGTCCGCGAT-1	OZ258728_1_ORF1	0	0	1	1	FALSE	TRUE
CTAATTGGTCGGGACA-1	MZ286258_1_ORF2	0	0	1	1	FALSE	TRUE
CTAATTGGTGCGCGAA-1	OP549859_1_ORF1	0	0	1	1	FALSE	FALSE
CTAATTGGTGCGTACC-1	OP549859_1_ORF1	0	0	2	5	FALSE	TRUE
CTAATTGGTGGGTTCC-1	OP549859_1_ORF1	0	0	1	1	FALSE	TRUE
CTAATTGGTGGTTAAG-1	OP549859_1_ORF2	2	0	5	10	FALSE	TRUE
CTAATTGGTGTCCGGT-1	OZ258728_1_ORF2	0	0	1	2	FALSE	TRUE
CTAATTGGTTATCTAG-1	meGFP	0	0	1	1	FALSE	FALSE
CTAATTGGTTTGGTAC-1	meGFP	1	1	19	19	TRUE	TRUE
CTACAGCTCACCCTAA-1	OZ258728_1_ORF1	0	0	2	2	TRUE	TRUE
CTACAGCTCCCCAAGT-1	MZ286197_1_ORF1	0	0	1	1	FALSE	FALSE
CTACAGCTCGCAGGGT-1	meGFP	0	0	1	1	FALSE	TRUE
CTACAGCTCTAGAGGT-1	OZ258728_1_ORF2	0	0	1	1	FALSE	FALSE
CTACATAGTAATCCGT-1	OP549859_1_ORF1	0	0	1	2	FALSE	TRUE
CTACATAGTAGGTAGC-1	meGFP	0	0	1	1	FALSE	FALSE
CTACATAGTATACTGC-1	MZ286258_1_ORF2	1	1	10	10	TRUE	TRUE
CTACATAGTGAGTTAG-1	meGFP	1	1	79	81	TRUE	TRUE
CTACATAGTTCTGTCC-1	OP549859_1_ORF1	1	0	8	8	TRUE	TRUE
CTACATAGTTTGAAGG-1	OZ258728_1_ORF2	0	0	1	1	FALSE	FALSE
CTACCAATCAACTGGG-1	MZ286102_1_ORF2	0	0	1	1	FALSE	TRUE
CTACCAATCACCAGGA-1	MZ286258_1_ORF2	0	0	1	1	FALSE	TRUE
CTACCAATCGCCTCTC-1	MZ286258_1_ORF1	0	0	1	1	FALSE	FALSE
CTACCAATCGGACAGC-1	OP549859_1_ORF1	1	1	61	61	TRUE	TRUE
CTACCAATCGTGAGGC-1	MZ286197_1_ORF1	0	0	1	1	FALSE	TRUE
CTACCAATCTAGATGA-1	meGFP	1	0	5	5	TRUE	TRUE
CTACCAATCTGTACCA-1	OP549859_1_ORF1	0	0	1	1	FALSE	FALSE
CTACCAATCTTACCTC-1	MZ286188_1_ORF1	0	0	1	1	FALSE	TRUE
CTACCATCAAGCCATA-1	OP549859_1_ORF2	0	0	1	1	FALSE	FALSE
CTACCATCACAAGGGA-1	OZ258728_1_ORF2	0	0	1	1	FALSE	FALSE
CTACCATCACCGGACA-1	MZ286188_1_ORF1	1	0	4	5	TRUE	TRUE
CTACCATCACGTGAAC-1	OZ258728_1_ORF2	0	0	1	1	FALSE	TRUE
CTACCATCAGCTTGGG-1	OZ258728_1_ORF2	0	0	1	1	FALSE	FALSE
CTACCATCATACTTCA-1	meGFP	0	0	1	1	FALSE	FALSE
CTACCATCATCCAGCC-1	MZ286258_1_ORF2	1	1	25	25	TRUE	TRUE
CTACCATCATGCATCT-1	MZ286258_1_ORF2	1	1	11	12	TRUE	TRUE
CTACCATCATGGTGTA-1	MZ286188_1_ORF1	0	0	1	1	FALSE	FALSE
CTACCATCATTCGCTG-1	MZ286188_1_ORF1	0	0	1	1	FALSE	TRUE
CTACCGCCAAACCACA-1	OZ258728_1_ORF2	0	0	1	1	FALSE	FALSE
CTACCGCCAAACTAAC-1	MZ286197_1_ORF1	0	0	3	3	TRUE	TRUE
CTACCGCCAAAGGGCA-1	OZ258728_1_ORF2	0	0	1	1	FALSE	FALSE
CTACCGCCAAGGGTAG-1	meGFP	0	0	1	1	FALSE	FALSE
CTACCGCCAATTAGAC-1	meGFP	0	0	1	1	FALSE	FALSE
CTACCGCCACGATTGA-1	MZ286258_1_ORF2	1	1	17	19	TRUE	TRUE
CTACCGCCACGCACGA-1	meGFP	1	1	61	62	TRUE	TRUE
CTACCGCCACTCATAC-1	OZ258728_1_ORF2	0	0	1	1	FALSE	FALSE
CTACCGCCACTTCCTC-1	meGFP	0	0	2	2	TRUE	TRUE
CTACCGCCAGCGCTTC-1	OZ258728_1_ORF1	0	0	1	1	FALSE	FALSE
CTACCGCCAGGGTAAG-1	MZ286102_1_ORF2	1	1	10	10	TRUE	TRUE
CTACCGCCAGTGTGAC-1	OZ258728_1_ORF2	1	1	72	73	TRUE	TRUE
CTACCTGCAAATCTGG-1	MZ286102_1_ORF1	1	0	4	4	TRUE	TRUE
CTACCTGCAAGTCAAT-1	MZ286188_1_ORF2	0	0	1	1	FALSE	FALSE
CTACCTGCACCACAGG-1	meGFP	0	0	1	1	FALSE	FALSE
CTACCTGCACGGTCAG-1	meGFP	0	0	2	2	TRUE	TRUE
CTACCTGCACGGTTCC-1	MZ286102_1_ORF1	0	0	1	1	FALSE	FALSE
CTACCTGCACTTCCTC-1	MZ286258_1_ORF2	1	1	13	15	TRUE	TRUE
CTACCTGCAGCTCTAT-1	OP549859_1_ORF2	0	0	3	3	TRUE	TRUE
CTACCTGCAGGACGAA-1	MZ286188_1_ORF2	1	0	5	5	TRUE	TRUE
CTACCTGCAGGATTGC-1	MZ286258_1_ORF2	0	0	1	1	FALSE	FALSE
CTACCTGCAGTTGGTA-1	OP549859_1_ORF2	0	0	1	2	FALSE	TRUE
CTACCTTTCACCCTGG-1	OP549859_1_ORF1	0	0	1	1	FALSE	FALSE
CTACCTTTCATATGTC-1	MZ286102_1_ORF2	0	0	3	3	TRUE	TRUE
CTACCTTTCATCGTTG-1	MZ286102_1_ORF2	0	0	1	1	FALSE	FALSE
CTACCTTTCCAGACTC-1	OZ258728_1_ORF1	0	0	1	1	FALSE	TRUE
CTACCTTTCCCTCTAT-1	MZ286258_1_ORF1	0	0	1	1	FALSE	FALSE
CTACCTTTCCTCTAAG-1	OZ258728_1_ORF1	1	0	6	6	TRUE	TRUE
CTACCTTTCGACGGGT-1	MZ286102_1_ORF2	0	0	2	3	FALSE	TRUE
CTACCTTTCGCGTTAC-1	meGFP	0	0	1	1	FALSE	TRUE
CTACCTTTCGTCCATA-1	OZ258728_1_ORF1	1	1	20	20	TRUE	TRUE
CTACCTTTCTAATTGC-1	MZ286188_1_ORF2	0	0	2	3	FALSE	TRUE
CTACCTTTCTCAGGGA-1	OP549859_1_ORF2	1	0	6	6	TRUE	TRUE
CTACCTTTCTTAGTAC-1	OZ258728_1_ORF2	0	0	1	2	FALSE	TRUE
CTACCTTTCTTGCATG-1	OP549859_1_ORF2	0	0	1	1	FALSE	FALSE
CTACCTTTCTTGGTGC-1	MZ286102_1_ORF1	0	0	3	3	TRUE	TRUE
CTACGCTAGAACTTAG-1	MZ286258_1_ORF2	1	0	5	7	TRUE	TRUE
CTACGCTAGACTTGAA-1	MZ286258_1_ORF2	0	0	1	1	FALSE	TRUE
CTACGCTAGCCTTCAA-1	OP549859_1_ORF1	0	0	1	1	FALSE	TRUE
CTACGCTAGCGTTCAC-1	OP549859_1_ORF1	0	0	1	1	FALSE	TRUE
CTACGCTAGCGTTCGT-1	meGFP	0	0	0	0	FALSE	TRUE
CTACGCTAGGACGAGG-1	OZ258728_1_ORF2	0	0	1	1	FALSE	FALSE
CTACGCTAGTTGCAGG-1	OP549859_1_ORF2	0	0	1	1	FALSE	TRUE
CTACTACCAACATCCT-1	MZ286258_1_ORF1	1	0	6	8	TRUE	TRUE
CTACTACCAAGTCAAT-1	OP549859_1_ORF1	0	0	1	3	FALSE	TRUE
CTACTACCACCCTGAC-1	MZ286258_1_ORF2	1	0	5	5	TRUE	TRUE
CTACTACCAGAGAGGC-1	MZ286197_1_ORF2	0	0	1	2	FALSE	TRUE
CTACTACCAGCCCGAA-1	MZ286197_1_ORF1	1	1	27	27	TRUE	TRUE
CTACTACCAGGGTCCA-1	MZ286197_1_ORF1	0	0	1	1	FALSE	TRUE
CTACTACCAGTTCGCC-1	OP549859_1_ORF1	0	0	1	1	FALSE	TRUE
CTACTACCATACTTCA-1	OZ258728_1_ORF2	0	0	1	1	FALSE	TRUE
CTACTACCATAGATAC-1	OP549859_1_ORF2	0	0	1	1	FALSE	TRUE
CTACTACCATCACTGT-1	OP549859_1_ORF1	0	0	1	1	FALSE	TRUE
CTACTACCATCAGAGC-1	MZ286188_1_ORF1	1	1	28	28	TRUE	TRUE
CTACTACCATCCAGCC-1	MZ286258_1_ORF2	0	0	1	1	FALSE	TRUE
CTACTACCATGCAGAC-1	MZ286258_1_ORF1	0	0	1	1	FALSE	FALSE
CTACTACCATGCTCGC-1	MZ286258_1_ORF2	1	1	29	30	TRUE	TRUE
CTACTTCTCAGGATAC-1	MZ286258_1_ORF2	1	1	20	20	TRUE	TRUE
CTACTTCTCATGGAAC-1	OZ258728_1_ORF2	0	0	1	2	FALSE	TRUE
CTACTTCTCCAATGAA-1	OP549859_1_ORF1	1	1	60	60	TRUE	TRUE
CTACTTCTCCGACTAC-1	MZ286102_1_ORF2	1	0	4	5	TRUE	TRUE
CTACTTCTCCTGATAT-1	MZ286258_1_ORF2	1	0	7	7	TRUE	TRUE
CTACTTCTCGCACGAA-1	OZ258728_1_ORF2	0	0	1	1	FALSE	FALSE
CTACTTCTCGCGGAGT-1	OZ258728_1_ORF1	1	1	61	64	TRUE	TRUE
CTAGACGAGACCAGTG-1	MZ286102_1_ORF2	0	0	2	2	TRUE	TRUE
CTAGACGAGACGATAC-1	OZ258728_1_ORF1	1	1	16	16	TRUE	TRUE
CTAGACGAGACTCGCT-1	meGFP	1	0	4	4	TRUE	TRUE
CTAGACGAGACTTGGG-1	OP549859_1_ORF1	0	0	1	1	FALSE	FALSE
CTAGACGAGAGTCATA-1	meGFP	1	1	13	13	TRUE	TRUE
CTAGACGAGATCAGTA-1	meGFP	1	0	5	5	TRUE	TRUE
CTAGACGAGCCGTGAA-1	MZ286197_1_ORF1	1	1	22	22	TRUE	TRUE
CTAGACGAGCTACTTG-1	MZ286258_1_ORF2	0	0	1	1	FALSE	FALSE
CTAGACTGTACAGGAC-1	MZ286258_1_ORF2	1	1	11	11	TRUE	TRUE
CTAGACTGTACTTGGT-1	MZ286197_1_ORF1	0	0	2	4	FALSE	TRUE
CTAGACTGTATCGAGA-1	MZ286188_1_ORF1	1	1	41	41	TRUE	TRUE
CTAGACTGTCATACTA-1	OZ258728_1_ORF2	0	0	1	1	FALSE	FALSE
CTAGACTGTCCACACA-1	MZ286258_1_ORF2	1	0	6	9	TRUE	TRUE
CTAGACTGTCTAAGCT-1	MZ286102_1_ORF1	0	0	1	1	FALSE	TRUE
CTAGACTGTGAACGAC-1	OZ258728_1_ORF2	1	1	36	36	TRUE	TRUE
CTAGACTGTGTTGCAT-1	MZ286258_1_ORF2	0	0	2	2	TRUE	TRUE
CTAGACTGTTAATTCG-1	MZ286258_1_ORF1	1	1	14	14	TRUE	TRUE
CTAGACTGTTATCCGG-1	MZ286188_1_ORF2	0	0	3	4	TRUE	TRUE
CTAGACTGTTGTGTGT-1	meGFP	0	0	1	2	FALSE	TRUE
CTAGATGCAAGATCCA-1	meGFP	0	0	1	1	FALSE	FALSE
CTAGATGCAAGGTGCT-1	OZ258728_1_ORF2	0	0	1	1	FALSE	FALSE
CTAGATGCAAGTCAAT-1	MZ286258_1_ORF2	1	1	11	12	TRUE	TRUE
CTAGATGCAATACCCT-1	OP549859_1_ORF1	0	0	1	2	FALSE	TRUE
CTAGATGCACAAGGGA-1	OZ258728_1_ORF2	0	0	1	1	FALSE	FALSE
CTAGATGCACATAGTG-1	OZ258728_1_ORF2	1	1	73	73	TRUE	TRUE
CTAGATGCACCTGCAC-1	OZ258728_1_ORF2	0	0	1	1	FALSE	TRUE
CTAGATGCACGAATGC-1	MZ286102_1_ORF1	0	0	2	4	FALSE	TRUE
CTAGATGCACGGATTA-1	OP549859_1_ORF1	1	1	16	16	TRUE	TRUE
CTAGATGCAGATATAC-1	MZ286102_1_ORF2	1	0	5	6	TRUE	TRUE
CTAGATGCAGGTACAC-1	OP549859_1_ORF2	0	0	1	1	FALSE	FALSE
CTAGATGCATAACTGG-1	OP549859_1_ORF2	0	0	2	2	TRUE	TRUE
CTAGATGCATACCGGG-1	MZ286258_1_ORF2	0	0	1	2	FALSE	TRUE
CTAGATGCATACCGTT-1	meGFP	0	0	1	1	FALSE	FALSE
CTAGATGCATACTCCG-1	MZ286102_1_ORF2	0	0	1	1	FALSE	FALSE
CTAGATGCATGGTGTA-1	OZ258728_1_ORF2	0	0	1	1	FALSE	FALSE
CTAGATGCATGTCGAA-1	meGFP	0	0	1	1	FALSE	FALSE
CTAGATGCATGTGGCG-1	meGFP	1	1	33	33	TRUE	TRUE
CTAGCGCGTACCTCGA-1	OP549859_1_ORF1	1	1	11	11	TRUE	TRUE
CTAGCGCGTAGCCATT-1	OZ258728_1_ORF1	0	0	1	1	FALSE	FALSE
CTAGCGCGTCGGGCTT-1	MZ286258_1_ORF1	1	0	7	7	TRUE	TRUE
CTAGCGCGTCTTGCTC-1	OZ258728_1_ORF2	0	0	1	2	FALSE	TRUE
CTAGCGCGTGGCTTGC-1	MZ286102_1_ORF2	0	0	1	1	FALSE	FALSE
CTAGCGCGTTACGCCA-1	MZ286188_1_ORF2	1	0	9	9	TRUE	TRUE
CTAGCGCGTTATCCAA-1	MZ286188_1_ORF1	1	0	6	6	TRUE	TRUE
CTAGCGCGTTCGTAAC-1	MZ286102_1_ORF2	1	0	7	8	TRUE	TRUE
CTAGCGCGTTGTCTGG-1	OZ258728_1_ORF2	0	0	2	4	FALSE	TRUE
CTAGCTTCACACCGCT-1	MZ286102_1_ORF1	0	0	1	2	FALSE	FALSE
CTAGCTTCACCGTACC-1	OZ258728_1_ORF2	0	0	1	2	FALSE	TRUE
CTAGCTTCAGAACGCT-1	MZ286188_1_ORF1	1	0	7	7	TRUE	TRUE
CTAGCTTCATGCAGGT-1	MZ286258_1_ORF1	0	0	1	1	FALSE	FALSE
CTAGGCGCAAAGGGCA-1	MZ286102_1_ORF1	1	1	20	21	TRUE	TRUE
CTAGGCGCAAATGACT-1	meGFP	0	0	1	1	FALSE	FALSE
CTAGGCGCAAGTGAGG-1	MZ286197_1_ORF1	1	0	8	8	TRUE	TRUE
CTAGGCGCAATGTAGT-1	OP549859_1_ORF1	1	1	11	11	TRUE	TRUE
CTAGGCGCATAGTAAC-1	MZ286197_1_ORF1	1	0	7	7	TRUE	TRUE
CTAGGCGCATCCATAC-1	MZ286197_1_ORF1	1	1	13	13	TRUE	TRUE
CTAGGCGCATGTGATG-1	MZ286102_1_ORF2	1	0	7	8	TRUE	TRUE
CTAGGTTGTACTTCCC-1	MZ286102_1_ORF1	1	1	23	23	TRUE	TRUE
CTAGGTTGTAGCCCTA-1	MZ286258_1_ORF2	0	0	1	1	FALSE	FALSE
CTAGGTTGTCCACACA-1	MZ286188_1_ORF2	1	1	15	17	TRUE	TRUE
CTAGGTTGTCCATGAT-1	meGFP	0	0	1	1	FALSE	TRUE
CTAGGTTGTGCTTAGT-1	MZ286188_1_ORF1	0	0	1	1	FALSE	FALSE
CTAGGTTGTGGTTAAG-1	MZ286258_1_ORF2	0	0	3	3	TRUE	TRUE
CTAGGTTGTTACGGAA-1	OZ258728_1_ORF1	0	0	1	1	FALSE	TRUE
CTAGGTTGTTCAAGTC-1	OZ258728_1_ORF2	0	0	1	2	FALSE	FALSE
CTAGGTTGTTTACTTC-1	OZ258728_1_ORF2	0	0	1	1	FALSE	TRUE
CTAGTAAAGAGGCATT-1	OP549859_1_ORF2	1	0	7	9	TRUE	TRUE
CTAGTAAAGCCCGATT-1	OZ258728_1_ORF1	0	0	1	1	FALSE	TRUE
CTAGTAAAGCCTTCCC-1	OP549859_1_ORF1	0	0	1	2	FALSE	TRUE
CTAGTAAAGGCACGGT-1	MZ286258_1_ORF1	1	1	16	17	TRUE	TRUE
CTAGTAAAGGGAGTAA-1	MZ286258_1_ORF2	1	0	8	8	TRUE	TRUE
CTAGTAAAGTATCGGG-1	MZ286197_1_ORF1	0	0	1	2	FALSE	TRUE
CTAGTAAAGTGCAACG-1	meGFP	0	0	1	1	FALSE	TRUE
CTAGTGGAGACTCATT-1	OZ258728_1_ORF1	1	1	10	11	TRUE	TRUE
CTAGTGGAGAGAGGTA-1	meGFP	0	0	1	1	FALSE	TRUE
CTAGTGGAGAGCTGGC-1	MZ286188_1_ORF2	1	1	12	14	TRUE	TRUE
CTAGTGGAGATATGCA-1	MZ286258_1_ORF2	0	0	3	5	FALSE	TRUE
CTAGTGGAGCCCGTCA-1	MZ286258_1_ORF2	1	0	8	9	TRUE	TRUE
CTAGTGGAGCTACTTG-1	OP549859_1_ORF2	0	0	1	1	FALSE	FALSE
CTAGTGGAGGCTGCAA-1	MZ286258_1_ORF2	1	1	23	24	TRUE	TRUE
CTAGTGGAGTTACACT-1	MZ286258_1_ORF1	0	0	1	1	FALSE	FALSE
CTAGTGGAGTTGGCCT-1	OZ258728_1_ORF2	0	0	1	1	FALSE	TRUE
CTAGTGTGTAACCCTG-1	OZ258728_1_ORF1	1	1	23	23	TRUE	TRUE
CTAGTGTGTAACCGAA-1	meGFP	0	0	1	1	FALSE	FALSE
CTAGTGTGTAACTGAG-1	OP549859_1_ORF1	0	0	1	1	FALSE	TRUE
CTAGTGTGTAAGTCTC-1	meGFP	0	0	1	2	FALSE	TRUE
CTAGTGTGTAATGGGC-1	MZ286258_1_ORF2	1	1	37	38	TRUE	TRUE
CTAGTGTGTACGATAG-1	OP549859_1_ORF2	0	0	1	2	FALSE	TRUE
CTAGTGTGTCAGGAGT-1	MZ286258_1_ORF2	0	0	1	1	FALSE	FALSE
CTAGTGTGTCATTCGG-1	MZ286197_1_ORF1	1	0	5	9	TRUE	TRUE
CTAGTGTGTCTTAATG-1	meGFP	0	0	1	1	FALSE	FALSE
CTAGTGTGTGCGGTGA-1	MZ286102_1_ORF1	1	1	15	15	TRUE	TRUE
CTAGTGTGTGGGTCGA-1	OP549859_1_ORF1	0	0	1	1	FALSE	FALSE
CTAGTGTGTGTCTATA-1	MZ286197_1_ORF2	0	0	2	2	TRUE	TRUE
CTAGTGTGTTAACTGC-1	MZ286258_1_ORF2	0	0	3	4	TRUE	TRUE
CTAGTGTGTTCTATCT-1	MZ286197_1_ORF2	0	0	2	3	FALSE	TRUE
CTAGTGTGTTCTCATT-1	OZ258728_1_ORF1	0	0	1	2	FALSE	TRUE
CTATATATCAATCACT-1	OP549859_1_ORF1	0	0	1	1	FALSE	FALSE
CTATATATCAATGCTT-1	OZ258728_1_ORF2	0	0	1	1	FALSE	FALSE
CTATATATCAATGTGA-1	MZ286102_1_ORF2	0	0	1	1	FALSE	FALSE
CTATATATCATTAACC-1	MZ286197_1_ORF1	1	0	8	8	TRUE	TRUE
CTATATATCCACAGGA-1	OZ258728_1_ORF2	0	0	1	1	FALSE	TRUE
CTATATATCCGACAGA-1	MZ286102_1_ORF2	0	0	1	1	FALSE	TRUE
CTATATATCCGCATGT-1	MZ286102_1_ORF2	1	1	12	13	TRUE	TRUE
CTATATATCGAAGTTA-1	OZ258728_1_ORF2	0	0	1	1	FALSE	TRUE
CTATATATCGGTCGAA-1	MZ286102_1_ORF2	1	0	4	4	TRUE	TRUE
CTATATATCGTACGGA-1	MZ286102_1_ORF2	0	0	1	1	FALSE	FALSE
CTATCTTGTAACTGAG-1	MZ286102_1_ORF1	0	0	1	1	FALSE	TRUE
CTATCTTGTATTGACC-1	MZ286197_1_ORF1	1	1	12	13	TRUE	TRUE
CTATCTTGTCCAACTG-1	MZ286188_1_ORF2	0	0	1	1	FALSE	FALSE
CTATCTTGTCCATTAA-1	OP549859_1_ORF2	1	0	7	8	TRUE	TRUE
CTATCTTGTCCCTTCG-1	MZ286188_1_ORF2	0	0	2	2	TRUE	TRUE
CTATCTTGTGTGATTC-1	OZ258728_1_ORF1	1	1	27	27	TRUE	TRUE
CTATCTTGTTAACGTC-1	MZ286188_1_ORF2	0	0	2	2	TRUE	TRUE
CTATCTTGTTCGTCTC-1	MZ286102_1_ORF2	0	0	1	1	FALSE	TRUE
CTATGTTAGAACCACG-1	MZ286102_1_ORF2	1	1	24	25	TRUE	TRUE
CTATGTTAGAGGTTAC-1	OZ258728_1_ORF2	0	0	1	1	FALSE	FALSE
CTATGTTAGCATCACC-1	OP549859_1_ORF2	0	0	1	1	FALSE	FALSE
CTATGTTAGGATCCCT-1	meGFP	1	1	22	23	TRUE	TRUE
CTATGTTAGGCACATG-1	meGFP	1	1	60	60	TRUE	TRUE
CTATGTTAGGTAGGTT-1	OZ258728_1_ORF2	0	0	1	1	FALSE	FALSE
CTATGTTAGGTCTACC-1	MZ286188_1_ORF1	1	0	4	4	TRUE	TRUE
CTATGTTAGTAAGCAC-1	OZ258728_1_ORF2	1	0	4	6	TRUE	TRUE
CTATGTTAGTCCTCAA-1	OZ258728_1_ORF2	0	0	2	2	TRUE	TRUE
CTATGTTAGTTAGGTA-1	OZ258728_1_ORF2	1	1	52	52	TRUE	TRUE
CTATTCCTCACCCTGG-1	MZ286102_1_ORF2	0	0	1	1	FALSE	TRUE
CTATTCCTCAGGATAC-1	MZ286197_1_ORF1	1	1	48	48	TRUE	TRUE
CTATTCCTCCATAGGG-1	OP549859_1_ORF2	1	1	11	11	TRUE	TRUE
CTATTCCTCCGCCACA-1	OZ258728_1_ORF2	0	0	1	1	FALSE	FALSE
CTATTCCTCCGGCTCA-1	OZ258728_1_ORF2	0	0	3	3	TRUE	TRUE
CTATTCCTCCGTAGAG-1	OP549859_1_ORF1	0	0	1	1	FALSE	TRUE
CTATTCCTCCTTACAG-1	OZ258728_1_ORF2	0	0	1	1	FALSE	FALSE
CTATTCCTCGAGGCGT-1	OP549859_1_ORF1	0	0	1	1	FALSE	TRUE
CTATTCCTCTAGATGA-1	MZ286102_1_ORF2	1	1	10	10	TRUE	TRUE
CTATTCCTCTCCATCT-1	OZ258728_1_ORF2	0	0	1	1	FALSE	TRUE
CTATTCCTCTCCTTCG-1	OZ258728_1_ORF2	0	0	1	1	FALSE	FALSE
CTATTCCTCTTGCGGT-1	OP549859_1_ORF2	0	0	1	1	FALSE	FALSE
CTATTGCCAACCAGTA-1	OP549859_1_ORF1	0	0	1	1	FALSE	TRUE
CTATTGCCACGGATTA-1	OP549859_1_ORF1	1	0	7	9	TRUE	TRUE
CTATTGCCACGGGTAT-1	meGFP	0	0	1	1	FALSE	FALSE
CTATTGCCAGGATTGC-1	OZ258728_1_ORF2	0	0	1	1	FALSE	TRUE
CTATTGCCAGTACCTT-1	meGFP	0	0	1	1	FALSE	FALSE
CTATTGCCATCGCATT-1	MZ286102_1_ORF2	1	0	6	7	TRUE	TRUE
CTATTGCCATCTATCA-1	MZ286102_1_ORF2	0	0	1	1	FALSE	TRUE
CTATTGCCATGTCTGT-1	MZ286197_1_ORF1	1	0	8	8	TRUE	TRUE
CTATTGCCATTAGAGT-1	MZ286102_1_ORF2	1	0	8	9	TRUE	TRUE
CTCACACAGACTCGCT-1	OZ258728_1_ORF1	0	0	1	1	FALSE	TRUE
CTCACACAGCCCGATT-1	MZ286258_1_ORF1	0	0	1	2	FALSE	TRUE
CTCACACAGCCTAGTC-1	MZ286258_1_ORF2	1	1	11	15	TRUE	TRUE
CTCACACAGGATCGTG-1	meGFP	1	0	9	11	TRUE	TRUE
CTCACACAGGCTACAG-1	OP549859_1_ORF2	1	0	4	4	TRUE	TRUE
CTCACACAGGGCTGGT-1	OP549859_1_ORF1	1	0	4	5	TRUE	TRUE
CTCACACAGTTGGAAC-1	MZ286188_1_ORF2	0	0	2	2	TRUE	TRUE
CTCACGCCAAGTGAGG-1	OZ258728_1_ORF2	0	0	1	1	FALSE	FALSE
CTCACGCCAAGTGTCA-1	MZ286188_1_ORF1	0	0	1	2	FALSE	TRUE
CTCACGCCACAACCAA-1	OZ258728_1_ORF2	0	0	1	1	FALSE	FALSE
CTCACGCCACTTCAAC-1	MZ286258_1_ORF1	1	0	4	4	TRUE	TRUE
CTCACGCCAGCCCTGT-1	OZ258728_1_ORF2	0	0	1	2	FALSE	FALSE
CTCACGCCATACCGTT-1	MZ286258_1_ORF2	0	0	1	1	FALSE	TRUE
CTCACGTAGAAGTGAG-1	MZ286258_1_ORF2	0	0	2	3	FALSE	TRUE
CTCACGTAGACATTAG-1	MZ286197_1_ORF1	1	1	10	12	TRUE	TRUE
CTCACGTAGAGTCATA-1	OZ258728_1_ORF1	1	1	12	12	TRUE	TRUE
CTCACGTAGCAACTAA-1	MZ286197_1_ORF1	0	0	1	1	FALSE	TRUE
CTCACGTAGCCTGCCA-1	OP549859_1_ORF1	1	0	7	7	TRUE	TRUE
CTCACGTAGCGACACA-1	MZ286102_1_ORF1	0	0	1	1	FALSE	FALSE
CTCACGTAGGAATGAG-1	MZ286102_1_ORF2	0	0	1	1	FALSE	TRUE
CTCACGTAGGCTTAGG-1	MZ286258_1_ORF2	1	0	5	5	TRUE	TRUE
CTCACGTAGGTCGAAT-1	MZ286102_1_ORF2	0	0	1	1	FALSE	TRUE
CTCACGTAGTTACACT-1	MZ286258_1_ORF2	1	1	11	11	TRUE	TRUE
CTCACTTTCATGGAAC-1	MZ286258_1_ORF2	1	0	6	7	TRUE	TRUE
CTCACTTTCCGTAATT-1	OP549859_1_ORF1	1	1	13	13	TRUE	TRUE
CTCACTTTCGGTAAGT-1	OZ258728_1_ORF2	0	0	1	1	FALSE	FALSE
CTCACTTTCTAATGGA-1	MZ286102_1_ORF1	0	0	2	3	FALSE	TRUE
CTCACTTTCTGGGACA-1	OP549859_1_ORF2	0	0	1	1	FALSE	TRUE
CTCAGGGCAAGTGTCA-1	MZ286258_1_ORF1	1	1	19	19	TRUE	TRUE
CTCAGGGCACAACCAA-1	MZ286102_1_ORF2	1	1	18	19	TRUE	TRUE
CTCAGGGCACCACAGG-1	OZ258728_1_ORF2	0	0	1	1	FALSE	FALSE
CTCAGGGCACCATGCC-1	MZ286188_1_ORF1	0	0	1	2	FALSE	TRUE
CTCAGGGCACGTTACT-1	meGFP	0	0	1	2	FALSE	FALSE
CTCAGGGCACTCGTCA-1	MZ286188_1_ORF2	0	0	1	1	FALSE	TRUE
CTCAGGGCAGAATGAA-1	meGFP	2	2	31	44	FALSE	TRUE
CTCAGGGCAGAGCTTA-1	OZ258728_1_ORF2	1	0	5	12	TRUE	TRUE
CTCAGGGCAGCCCGAA-1	meGFP	0	0	1	3	FALSE	TRUE
CTCAGGGCAGGTACAC-1	OZ258728_1_ORF2	0	0	1	2	FALSE	TRUE
CTCAGGGCATGAAGGG-1	MZ286258_1_ORF2	0	0	2	2	TRUE	TRUE
CTCAGGGCATGGACGT-1	MZ286258_1_ORF2	0	0	1	1	FALSE	FALSE
CTCAGTATCAATGCAA-1	MZ286188_1_ORF1	0	0	1	1	FALSE	TRUE
CTCAGTATCACTAGGG-1	OP549859_1_ORF1	1	0	8	9	TRUE	TRUE
CTCAGTATCCAATCAT-1	OZ258728_1_ORF2	0	0	2	5	FALSE	TRUE
CTCAGTATCCCGCTGA-1	OZ258728_1_ORF1	0	0	1	1	FALSE	FALSE
CTCAGTATCCTCCGTC-1	OP549859_1_ORF1	0	0	1	1	FALSE	TRUE
CTCAGTATCCTGATAT-1	meGFP	0	0	1	1	FALSE	FALSE
CTCAGTATCCTGTCAA-1	MZ286102_1_ORF2	1	0	7	10	TRUE	TRUE
CTCAGTATCGATCCCG-1	MZ286258_1_ORF1	1	0	9	10	TRUE	TRUE
CTCAGTATCGCCTGCA-1	MZ286197_1_ORF1	0	0	1	1	FALSE	TRUE
CTCAGTATCGCTAGTC-1	OZ258728_1_ORF2	1	1	60	60	TRUE	TRUE
CTCAGTATCGTGCTAC-1	OP549859_1_ORF2	1	0	6	7	TRUE	TRUE
CTCAGTATCGTGCTGT-1	OP549859_1_ORF2	0	0	1	1	FALSE	FALSE
CTCAGTATCTAGGCTC-1	OZ258728_1_ORF2	0	0	1	1	FALSE	FALSE
CTCAGTATCTTAGTGT-1	OZ258728_1_ORF2	0	0	3	8	FALSE	TRUE
CTCATCCGTAAGGTGC-1	MZ286197_1_ORF2	0	0	1	1	FALSE	TRUE
CTCATCCGTAATGCAG-1	OZ258728_1_ORF2	0	0	1	1	FALSE	TRUE
CTCATCCGTCGAGAGT-1	OZ258728_1_ORF2	0	0	1	1	FALSE	FALSE
CTCATCCGTCTAAGCT-1	OZ258728_1_ORF2	0	0	1	1	FALSE	FALSE
CTCATCCGTGCTATGT-1	meGFP	0	0	1	1	FALSE	TRUE
CTCATCCGTTCATCGG-1	MZ286258_1_ORF2	1	1	12	12	TRUE	TRUE
CTCATCCGTTCGATTA-1	OP549859_1_ORF1	0	0	1	1	FALSE	FALSE
CTCATCCGTTTGAAGG-1	MZ286197_1_ORF2	0	0	3	4	TRUE	TRUE
CTCATGTCAACACCAA-1	MZ286102_1_ORF2	1	0	9	9	TRUE	TRUE
CTCATGTCAACAGACC-1	MZ286197_1_ORF1	0	0	1	1	FALSE	TRUE
CTCATGTCAAGTGTCA-1	MZ286188_1_ORF1	0	0	1	1	FALSE	FALSE
CTCATGTCAATCCAAG-1	OZ258728_1_ORF2	1	1	81	81	TRUE	TRUE
CTCATGTCACACAGCG-1	MZ286258_1_ORF2	0	0	3	3	TRUE	TRUE
CTCATGTCACACTAAG-1	MZ286102_1_ORF2	0	0	1	1	FALSE	FALSE
CTCATGTCACACTGGG-1	OZ258728_1_ORF2	1	1	36	36	TRUE	TRUE
CTCATGTCACAGGTGT-1	OP549859_1_ORF2	1	1	21	21	TRUE	TRUE
CTCATGTCACGAAGGA-1	meGFP	1	1	18	18	TRUE	TRUE
CTCATGTCAGATACAT-1	OZ258728_1_ORF2	1	1	16	16	TRUE	TRUE
CTCATGTCATAGGCAC-1	MZ286102_1_ORF1	0	0	1	1	FALSE	TRUE
CTCATGTCATATCACC-1	MZ286258_1_ORF1	1	0	9	9	TRUE	TRUE
CTCATGTCATGGAGAG-1	OP549859_1_ORF1	1	1	78	78	TRUE	TRUE
CTCATTACAACTGCCC-1	OP549859_1_ORF1	0	0	1	1	FALSE	TRUE
CTCATTACAAGCGTTA-1	MZ286197_1_ORF1	0	0	1	2	FALSE	FALSE
CTCATTACACCAGGCA-1	OZ258728_1_ORF1	0	0	2	2	TRUE	TRUE
CTCATTACACCTCAAT-1	OZ258728_1_ORF1	1	1	21	21	TRUE	TRUE
CTCATTACACTCACGC-1	OZ258728_1_ORF2	1	0	4	5	TRUE	TRUE
CTCATTACACTGACTT-1	OZ258728_1_ORF2	0	0	1	1	FALSE	FALSE
CTCATTACAGGTAGAG-1	OP549859_1_ORF2	1	1	20	20	TRUE	TRUE
CTCCACACAAACGGGA-1	meGFP	1	1	24	24	TRUE	TRUE
CTCCACACAAAGCCCG-1	OP549859_1_ORF1	1	1	64	65	TRUE	TRUE
CTCCACACAAATGACT-1	OP549859_1_ORF2	0	0	1	1	FALSE	TRUE
CTCCACACAAGCCATA-1	OZ258728_1_ORF2	1	1	19	20	TRUE	TRUE
CTCCACACACAAGCCG-1	OZ258728_1_ORF2	0	0	1	1	FALSE	FALSE
CTCCACACACAGGTGT-1	OZ258728_1_ORF2	2	2	68	120	FALSE	TRUE
CTCCACACACCTCAAT-1	OZ258728_1_ORF2	0	0	1	1	FALSE	FALSE
CTCCACACACGATTGA-1	MZ286258_1_ORF2	0	0	1	1	FALSE	FALSE
CTCCACACACGTTAAG-1	meGFP	0	0	1	1	FALSE	FALSE
CTCCACACAGGTACGT-1	meGFP	0	0	1	1	FALSE	FALSE
CTCCACACATCAGAGC-1	meGFP	0	0	1	1	FALSE	TRUE
CTCCACACATCCCAAT-1	OZ258728_1_ORF1	0	0	1	1	FALSE	TRUE
CTCCACACATCGGGCA-1	OP549859_1_ORF1	0	0	1	1	FALSE	FALSE
CTCCACACATTGCGAA-1	OZ258728_1_ORF1	0	0	1	1	FALSE	TRUE
CTCCACCTCAAGCGTG-1	MZ286197_1_ORF2	0	0	3	3	TRUE	TRUE
CTCCACCTCGGGAACC-1	MZ286102_1_ORF2	1	0	6	9	TRUE	TRUE
CTCCACCTCGTGCGAA-1	meGFP	0	0	1	1	FALSE	TRUE
CTCCACCTCTTCGTAG-1	MZ286197_1_ORF1	0	0	1	1	FALSE	FALSE
CTCCATAAGAACCCAG-1	OZ258728_1_ORF1	1	1	27	27	TRUE	TRUE
CTCCATAAGAATGGAG-1	meGFP	0	0	1	1	FALSE	FALSE
CTCCATAAGACATTAG-1	OZ258728_1_ORF2	0	0	2	2	TRUE	TRUE
CTCCATAAGACGATAC-1	MZ286197_1_ORF1	1	1	22	22	TRUE	TRUE
CTCCATAAGAGAGCTT-1	OZ258728_1_ORF2	1	1	15	15	TRUE	TRUE
CTCCATAAGATAGTCA-1	meGFP	0	0	1	2	FALSE	TRUE
CTCCATAAGATCAGTA-1	MZ286102_1_ORF2	0	0	1	1	FALSE	FALSE
CTCCATAAGCACCAGA-1	MZ286188_1_ORF1	0	0	1	1	FALSE	FALSE
CTCCATAAGCCTGCCA-1	meGFP	1	1	18	18	TRUE	TRUE
CTCCATAAGCGGAACC-1	MZ286102_1_ORF2	0	0	1	1	FALSE	FALSE
CTCCATAAGCTCCGCA-1	MZ286258_1_ORF2	0	0	1	1	FALSE	TRUE
CTCCATAAGGAGCCTA-1	OP549859_1_ORF1	0	0	1	1	FALSE	TRUE
CTCCATAAGGAGGAGT-1	OP549859_1_ORF2	1	0	9	9	TRUE	TRUE
CTCCATAAGGCGAACC-1	OZ258728_1_ORF2	0	0	2	2	TRUE	TRUE
CTCCATTTCACACACC-1	OP549859_1_ORF2	1	1	14	15	TRUE	TRUE
CTCCATTTCATACAGA-1	OP549859_1_ORF1	0	0	1	1	FALSE	FALSE
CTCCATTTCCCCTTCA-1	MZ286102_1_ORF2	0	0	1	1	FALSE	TRUE
CTCCATTTCGACCTCG-1	OZ258728_1_ORF2	1	0	5	5	TRUE	TRUE
CTCCATTTCGATAGTA-1	MZ286258_1_ORF2	0	0	1	1	FALSE	TRUE
CTCCATTTCGCGCCTA-1	MZ286197_1_ORF1	0	0	1	1	FALSE	TRUE
CTCCATTTCTAAGCGG-1	OP549859_1_ORF2	1	0	6	7	TRUE	TRUE
CTCCATTTCTACCCAA-1	OZ258728_1_ORF2	0	0	1	1	FALSE	TRUE
CTCCATTTCTCACGCG-1	MZ286258_1_ORF2	0	0	1	1	FALSE	TRUE
CTCCATTTCTCGATTG-1	MZ286188_1_ORF2	0	0	3	4	TRUE	TRUE
CTCCATTTCTGAGTCC-1	MZ286102_1_ORF2	1	0	5	5	TRUE	TRUE
CTCCATTTCTTACCTC-1	MZ286102_1_ORF2	1	0	5	6	TRUE	TRUE
CTCCATTTCTTAGTGT-1	OP549859_1_ORF2	0	0	1	1	FALSE	FALSE
CTCCCACTCAAGGGTT-1	OP549859_1_ORF2	0	0	1	1	FALSE	FALSE
CTCCCACTCACCCTAA-1	OP549859_1_ORF2	1	0	5	5	TRUE	TRUE
CTCCCACTCCATCACA-1	MZ286188_1_ORF2	1	0	6	6	TRUE	TRUE
CTCCCACTCCCCGACA-1	meGFP	0	0	1	1	FALSE	TRUE
CTCCCACTCGCCTCTC-1	MZ286258_1_ORF2	1	1	18	19	TRUE	TRUE
CTCCCACTCGCGGAGT-1	MZ286102_1_ORF2	0	0	1	1	FALSE	FALSE
CTCCCACTCGGCTTCG-1	meGFP	0	0	1	1	FALSE	TRUE
CTCCCACTCGTGCTGT-1	MZ286258_1_ORF2	1	0	5	5	TRUE	TRUE
CTCCCACTCTAAGCAA-1	MZ286197_1_ORF1	1	0	8	9	TRUE	TRUE
CTCCCACTCTGGAAGT-1	MZ286102_1_ORF2	0	0	1	1	FALSE	TRUE
CTCCCACTCTGGTTGC-1	OZ258728_1_ORF2	0	0	1	1	FALSE	TRUE
CTCCCTCAGAAGCGTT-1	OZ258728_1_ORF2	0	0	1	1	FALSE	TRUE
CTCCCTCAGACGCAAT-1	OZ258728_1_ORF2	0	0	1	1	FALSE	FALSE
CTCCCTCAGATGCCAG-1	OP549859_1_ORF1	0	0	1	1	FALSE	TRUE
CTCCCTCAGCCAACCT-1	MZ286188_1_ORF1	0	0	2	2	TRUE	TRUE
CTCCCTCAGCCGGATA-1	OP549859_1_ORF1	1	1	24	27	TRUE	TRUE
CTCCCTCAGCGCTAGA-1	OZ258728_1_ORF2	0	0	1	1	FALSE	TRUE
CTCCCTCAGGGTTAGT-1	MZ286258_1_ORF2	0	0	2	2	TRUE	TRUE
CTCCCTCAGTGGATTA-1	meGFP	0	0	1	1	FALSE	FALSE
CTCCGCTTCAAGGTAC-1	MZ286188_1_ORF2	0	0	3	6	FALSE	TRUE
CTCCGCTTCCAGACTC-1	OZ258728_1_ORF2	1	1	23	23	TRUE	TRUE
CTCCGCTTCCGGATTC-1	meGFP	2	1	57	67	TRUE	TRUE
CTCCGCTTCCGTGGAA-1	MZ286258_1_ORF2	0	0	1	1	FALSE	FALSE
CTCCGCTTCCTCATAG-1	OZ258728_1_ORF2	0	0	1	1	FALSE	FALSE
CTCCGCTTCGAACCGA-1	MZ286188_1_ORF2	1	1	18	18	TRUE	TRUE
CTCCGCTTCTGGGTTC-1	meGFP	0	0	1	1	FALSE	FALSE
CTCCGGATCATTAACC-1	meGFP	1	1	44	44	TRUE	TRUE
CTCCGGATCCCCAGAT-1	MZ286258_1_ORF2	0	0	1	1	FALSE	TRUE
CTCCGGATCCCGCAAT-1	OZ258728_1_ORF2	0	0	1	2	FALSE	FALSE
CTCCGGATCCGACTAC-1	MZ286102_1_ORF1	0	0	1	1	FALSE	TRUE
CTCCGGATCCTCCTGC-1	MZ286188_1_ORF1	0	0	1	1	FALSE	TRUE
CTCCGGATCGAATGAC-1	MZ286188_1_ORF1	1	0	5	5	TRUE	TRUE
CTCCGGATCGAGGCGT-1	MZ286188_1_ORF2	1	0	5	5	TRUE	TRUE
CTCCGGATCGATACTT-1	OP549859_1_ORF1	0	0	1	1	FALSE	FALSE
CTCCGGATCGTGCTAC-1	OP549859_1_ORF1	0	0	1	1	FALSE	FALSE
CTCCGGATCGTTACCA-1	MZ286258_1_ORF2	1	1	15	15	TRUE	TRUE
CTCCGGATCGTTACTG-1	OP549859_1_ORF1	1	1	229	229	TRUE	TRUE
CTCCGGATCTGGTGTC-1	OP549859_1_ORF2	0	0	2	2	TRUE	TRUE
CTCCGGGGTACCTCTC-1	OP549859_1_ORF1	0	0	1	1	FALSE	FALSE
CTCCGGGGTCTCCAAG-1	MZ286188_1_ORF2	0	0	2	3	FALSE	TRUE
CTCCGGGGTGCTTAGT-1	MZ286188_1_ORF1	0	0	1	1	FALSE	FALSE
CTCCGGGGTTCAAGTC-1	meGFP	1	1	36	39	TRUE	TRUE
CTCCGGGGTTCTCATT-1	OP549859_1_ORF1	1	1	25	25	TRUE	TRUE
CTCCGGGGTTGTCTGG-1	MZ286197_1_ORF2	1	0	4	4	TRUE	TRUE
CTCCGTGAGATAGTCA-1	meGFP	0	0	1	1	FALSE	TRUE
CTCCGTGAGCATATCT-1	MZ286258_1_ORF2	0	0	1	1	FALSE	FALSE
CTCCGTGAGCCACTTA-1	OP549859_1_ORF1	0	0	1	1	FALSE	TRUE
CTCCGTGAGCCATGAG-1	OZ258728_1_ORF2	0	0	1	1	FALSE	FALSE
CTCCGTGAGCGATTCC-1	meGFP	0	0	1	1	FALSE	FALSE
CTCCGTGAGCGTGCAA-1	MZ286102_1_ORF1	0	0	1	1	FALSE	TRUE
CTCCGTGAGGAGCATT-1	MZ286102_1_ORF2	0	0	1	1	FALSE	FALSE
CTCCGTGAGGAGGTCC-1	OZ258728_1_ORF2	0	0	2	2	TRUE	TRUE
CTCCGTGAGGATCACG-1	MZ286102_1_ORF1	0	0	1	1	FALSE	FALSE
CTCCGTGAGGCCAGGT-1	MZ286197_1_ORF1	0	0	1	2	FALSE	TRUE
CTCCGTGAGGGCTTGA-1	MZ286188_1_ORF1	0	0	1	1	FALSE	FALSE
CTCCGTGAGTCCGCTG-1	MZ286197_1_ORF2	1	0	5	7	TRUE	TRUE
CTCCGTGAGTGTGATA-1	meGFP	0	0	1	1	FALSE	FALSE
CTCCGTTGTAACCCTG-1	MZ286102_1_ORF2	0	0	2	10	FALSE	TRUE
CTCCGTTGTACCCAAT-1	OZ258728_1_ORF2	0	0	1	1	FALSE	TRUE
CTCCGTTGTACTTGGT-1	OP549859_1_ORF1	0	0	1	1	FALSE	TRUE
CTCCGTTGTAGCCATT-1	OZ258728_1_ORF1	1	1	33	33	TRUE	TRUE
CTCCGTTGTCCAACTG-1	MZ286188_1_ORF2	0	0	1	2	FALSE	TRUE
CTCCGTTGTCGCATAT-1	meGFP	1	1	116	117	TRUE	TRUE
CTCCGTTGTCGGGCTT-1	meGFP	0	0	1	1	FALSE	FALSE
CTCCGTTGTCGTTGGC-1	meGFP	0	0	2	2	TRUE	FALSE
CTCCGTTGTCTGGTCA-1	MZ286102_1_ORF2	0	0	3	3	TRUE	TRUE
CTCCGTTGTCTTGACG-1	MZ286258_1_ORF2	1	0	8	11	TRUE	TRUE
CTCCGTTGTGATTACC-1	meGFP	0	0	1	1	FALSE	FALSE
CTCCGTTGTGATTGCT-1	meGFP	0	0	1	1	FALSE	FALSE
CTCCGTTGTTCGTGCA-1	OP549859_1_ORF2	0	0	2	2	TRUE	TRUE
CTCCGTTGTTGCAATC-1	OZ258728_1_ORF1	0	0	1	1	FALSE	FALSE
CTCCTGACAAATCAGT-1	OZ258728_1_ORF2	0	0	1	3	FALSE	TRUE
CTCCTGACACAGTATG-1	meGFP	0	0	1	1	FALSE	FALSE
CTCCTGACACGCGAAT-1	MZ286258_1_ORF1	0	0	1	1	FALSE	FALSE
CTCCTGACACTTACCG-1	meGFP	0	0	1	1	FALSE	TRUE
CTCCTGACAGCTATCT-1	OP549859_1_ORF2	1	0	9	11	TRUE	TRUE
CTCCTGACAGCTGGCA-1	OZ258728_1_ORF2	0	0	1	1	FALSE	TRUE
CTCCTGACAGTACCTT-1	OZ258728_1_ORF2	0	0	1	1	FALSE	TRUE
CTCCTGACATAGGATT-1	OZ258728_1_ORF1	0	0	1	1	FALSE	TRUE
CTCCTGACATAGGCAC-1	MZ286188_1_ORF2	0	0	1	1	FALSE	FALSE
CTCCTGACATTCATTG-1	MZ286102_1_ORF2	1	1	18	20	TRUE	TRUE
CTCCTTCCAACACCGG-1	OP549859_1_ORF1	1	1	10	11	TRUE	TRUE
CTCCTTCCAACATCCT-1	OZ258728_1_ORF2	0	0	1	1	FALSE	FALSE
CTCCTTCCAACTTCGT-1	OZ258728_1_ORF2	0	0	1	1	FALSE	FALSE
CTCCTTCCAAGCGTTA-1	MZ286258_1_ORF2	0	0	1	1	FALSE	TRUE
CTCCTTCCAATTGAAC-1	MZ286102_1_ORF1	0	0	1	1	FALSE	FALSE
CTCCTTCCACCCATTG-1	MZ286258_1_ORF1	1	1	26	26	TRUE	TRUE
CTCCTTCCACGCTACC-1	OP549859_1_ORF1	1	1	29	29	TRUE	TRUE
CTCCTTCCACGTGGAT-1	OZ258728_1_ORF1	1	0	9	11	TRUE	TRUE
CTCCTTCCACTCGCTA-1	MZ286197_1_ORF2	2	1	12	20	FALSE	TRUE
CTCCTTCCAGATTAGT-1	MZ286258_1_ORF1	0	0	3	3	TRUE	TRUE
CTCCTTCCAGCATCAA-1	OP549859_1_ORF1	1	1	59	61	TRUE	TRUE
CTCCTTCCAGGGACTT-1	MZ286197_1_ORF1	0	0	1	2	FALSE	TRUE
CTCCTTCCATACCGTT-1	OZ258728_1_ORF1	0	0	1	1	FALSE	TRUE
CTCCTTCCATCTATCA-1	OP549859_1_ORF1	0	0	3	5	FALSE	TRUE
CTCCTTCCATGCAGGT-1	OZ258728_1_ORF2	0	0	1	3	FALSE	TRUE
CTCCTTCCATTACTCA-1	OP549859_1_ORF2	0	0	1	1	FALSE	FALSE
CTCGAATGTAACCATC-1	OZ258728_1_ORF2	0	0	1	1	FALSE	TRUE
CTCGAATGTAACCGAA-1	meGFP	1	0	5	5	TRUE	TRUE
CTCGAATGTAACCTAC-1	OZ258728_1_ORF2	1	1	42	42	TRUE	TRUE
CTCGAATGTACAGAGC-1	OZ258728_1_ORF2	1	1	20	21	TRUE	TRUE
CTCGAATGTCCGGGTT-1	MZ286102_1_ORF1	1	0	5	5	TRUE	TRUE
CTCGAATGTCTAAGCT-1	meGFP	0	0	2	2	TRUE	TRUE
CTCGAATGTCTCAGGC-1	OP549859_1_ORF1	0	0	1	1	FALSE	TRUE
CTCGAATGTGCTGACC-1	meGFP	0	0	1	1	FALSE	TRUE
CTCGAATGTTCGATTA-1	MZ286188_1_ORF2	0	0	1	1	FALSE	FALSE
CTCGAATGTTCGCTTC-1	meGFP	1	0	7	7	TRUE	TRUE
CTCGACCCAAAGTCAT-1	meGFP	1	0	6	6	TRUE	TRUE
CTCGACCCAACGTCCC-1	OZ258728_1_ORF1	0	0	1	1	FALSE	TRUE
CTCGACCCAACTATGG-1	OZ258728_1_ORF2	0	0	1	1	FALSE	FALSE
CTCGACCCACCCATTG-1	meGFP	0	0	1	1	FALSE	TRUE
CTCGACCCACGTTGGG-1	OZ258728_1_ORF2	0	0	1	1	FALSE	FALSE
CTCGACCCACTAGTCT-1	OP549859_1_ORF2	1	1	12	12	TRUE	TRUE
CTCGACCCAGCCCTGT-1	MZ286188_1_ORF1	0	0	3	6	FALSE	TRUE
CTCGACCCAGGCCAAT-1	MZ286258_1_ORF2	0	0	1	1	FALSE	TRUE
CTCGACCCATGGCTGG-1	OZ258728_1_ORF1	0	0	2	2	TRUE	TRUE
CTCGACCCATTGCCCA-1	MZ286102_1_ORF2	1	0	9	9	TRUE	TRUE
CTCGACGTCCCTTACT-1	OZ258728_1_ORF2	0	0	1	2	FALSE	TRUE
CTCGACGTCCGCCTGA-1	OZ258728_1_ORF2	1	1	10	11	TRUE	TRUE
CTCGACGTCCGTGGAA-1	OP549859_1_ORF2	0	0	1	1	FALSE	FALSE
CTCGACGTCGACCTCG-1	MZ286197_1_ORF1	0	0	1	1	FALSE	TRUE
CTCGACGTCGCAACTC-1	OZ258728_1_ORF2	0	0	2	2	TRUE	TRUE
CTCGACGTCGCGCATT-1	OZ258728_1_ORF2	0	0	1	1	FALSE	TRUE
CTCGACGTCGCGTCCA-1	OP549859_1_ORF1	0	0	1	1	FALSE	FALSE
CTCGACGTCGGTCTAC-1	OP549859_1_ORF1	1	0	4	4	TRUE	TRUE
CTCGACGTCTAGCCCG-1	OP549859_1_ORF1	0	0	1	1	FALSE	TRUE
CTCGACGTCTCACGCG-1	MZ286258_1_ORF1	0	0	3	3	TRUE	TRUE
CTCGAGGCAAAGGTCC-1	OP549859_1_ORF1	0	0	1	1	FALSE	FALSE
CTCGAGGCAAATCTGG-1	MZ286258_1_ORF2	0	0	1	2	FALSE	TRUE
CTCGAGGCAAGCGAAG-1	MZ286188_1_ORF1	1	0	8	9	TRUE	TRUE
CTCGAGGCACTACGGG-1	OP549859_1_ORF1	0	0	1	1	FALSE	FALSE
CTCGAGGCACTAGGCG-1	OZ258728_1_ORF2	0	0	1	2	FALSE	TRUE
CTCGAGGCAGTGTGAC-1	MZ286188_1_ORF2	0	0	1	1	FALSE	TRUE
CTCGAGGCATGAAGGG-1	OZ258728_1_ORF2	1	1	108	108	TRUE	TRUE
CTCGAGGCATTACAGG-1	MZ286102_1_ORF2	0	0	1	1	FALSE	TRUE
CTCGCGATCAATGCTT-1	MZ286102_1_ORF1	0	0	1	1	FALSE	TRUE
CTCGCGATCAATGTGA-1	meGFP	0	0	1	2	FALSE	TRUE
CTCGCGATCACACACC-1	OZ258728_1_ORF2	1	1	24	24	TRUE	TRUE
CTCGCGATCATACAGA-1	MZ286258_1_ORF1	0	0	1	1	FALSE	TRUE
CTCGCGATCCACGCAT-1	MZ286258_1_ORF1	2	2	25	49	FALSE	TRUE
CTCGCGATCCGAAGCA-1	MZ286197_1_ORF2	1	0	4	4	TRUE	TRUE
CTCGCGATCCGCCTGA-1	OP549859_1_ORF1	1	1	141	141	TRUE	TRUE
CTCGCGATCTAGGCAG-1	MZ286258_1_ORF2	1	1	11	12	TRUE	TRUE
CTCGCGATCTCGACCG-1	MZ286197_1_ORF2	0	0	1	1	FALSE	FALSE
CTCGCGATCTCTCGCC-1	OP549859_1_ORF1	0	0	1	1	FALSE	TRUE
CTCGCTGAGAGGCGTC-1	OZ258728_1_ORF2	0	0	2	2	TRUE	FALSE
CTCGCTGAGCTTACGC-1	MZ286197_1_ORF1	0	0	1	1	FALSE	TRUE
CTCGCTGAGGGTGATT-1	MZ286102_1_ORF2	0	0	1	2	FALSE	TRUE
CTCGCTGAGTGCCCAT-1	MZ286197_1_ORF1	1	0	6	6	TRUE	TRUE
CTCGCTGAGTGTCGCT-1	OZ258728_1_ORF2	1	1	60	61	TRUE	TRUE
CTCGCTGAGTTGAATG-1	OP549859_1_ORF1	0	0	1	1	FALSE	TRUE
CTCTATCTCAATGTGA-1	MZ286197_1_ORF2	0	0	2	3	FALSE	TRUE
CTCTATCTCGGGAACC-1	OP549859_1_ORF1	0	0	2	2	TRUE	TRUE
CTCTATCTCTTAAGCT-1	OZ258728_1_ORF2	0	0	1	1	FALSE	FALSE
CTCTATTGTAACTGAG-1	MZ286102_1_ORF2	1	0	8	9	TRUE	TRUE
CTCTATTGTCCCGAAC-1	meGFP	0	0	1	1	FALSE	TRUE
CTCTATTGTCGTTGGC-1	MZ286258_1_ORF2	1	0	5	5	TRUE	TRUE
CTCTATTGTCTTGCTC-1	OP549859_1_ORF1	0	0	1	1	FALSE	TRUE
CTCTATTGTGCTTCGA-1	MZ286258_1_ORF2	0	0	1	1	FALSE	TRUE
CTCTATTGTGGAACCG-1	OZ258728_1_ORF2	0	0	1	1	FALSE	FALSE
CTCTATTGTGTAACTC-1	MZ286258_1_ORF2	1	1	13	15	TRUE	TRUE
CTCTATTGTTATAGGG-1	OZ258728_1_ORF1	0	0	1	1	FALSE	FALSE
CTCTATTGTTATCTCT-1	OZ258728_1_ORF1	1	0	4	5	TRUE	TRUE
CTCTATTGTTGGTGAA-1	MZ286102_1_ORF2	0	0	1	1	FALSE	TRUE
CTCTGGCCAAGGCAAG-1	meGFP	0	0	1	1	FALSE	FALSE
CTCTGGCCACCGCAAG-1	OZ258728_1_ORF1	1	1	13	13	TRUE	TRUE
CTCTGGCCACCGTACC-1	OP549859_1_ORF2	0	0	2	3	FALSE	TRUE
CTCTGGCCACTAGTCT-1	OZ258728_1_ORF2	0	0	2	2	TRUE	TRUE
CTCTGGCCACTTCGAT-1	MZ286258_1_ORF1	0	0	1	2	FALSE	TRUE
CTCTGGCCAGCAAGTC-1	OZ258728_1_ORF2	0	0	2	2	TRUE	FALSE
CTCTGGCCATGCTCGC-1	meGFP	0	0	1	1	FALSE	FALSE
CTCTGGTAGACGCCTT-1	OZ258728_1_ORF2	0	0	1	1	FALSE	FALSE
CTCTGGTAGACTTGGG-1	OZ258728_1_ORF2	1	0	4	4	TRUE	TRUE
CTCTGGTAGCAACGAT-1	OP549859_1_ORF1	0	0	1	1	FALSE	FALSE
CTCTGGTAGCACCATC-1	OP549859_1_ORF2	1	0	7	8	TRUE	TRUE
CTCTGGTAGCAGCCTT-1	MZ286197_1_ORF2	0	0	3	5	FALSE	TRUE
CTCTGGTAGCCGTGAA-1	meGFP	0	0	1	1	FALSE	TRUE
CTCTGGTAGCCTGATC-1	OZ258728_1_ORF1	0	0	1	1	FALSE	TRUE
CTCTGGTAGCGGAACC-1	MZ286102_1_ORF1	1	1	12	12	TRUE	TRUE
CTCTGGTAGCTGAGAT-1	OP549859_1_ORF1	0	0	1	2	FALSE	TRUE
CTCTGGTAGCTTGGTC-1	MZ286197_1_ORF1	0	0	1	1	FALSE	FALSE
CTCTGGTAGGCAGGGA-1	OZ258728_1_ORF1	1	1	49	49	TRUE	TRUE
CTCTGGTAGGCGGTGT-1	meGFP	1	1	18	18	TRUE	TRUE
CTCTGGTAGGCTTGCT-1	OZ258728_1_ORF2	0	0	1	1	FALSE	FALSE
CTCTGGTAGGGACTCA-1	OZ258728_1_ORF2	1	0	5	7	TRUE	TRUE
CTCTGGTAGTCCACGT-1	MZ286258_1_ORF2	0	0	2	2	TRUE	TRUE
CTCTGGTAGTGTGTCC-1	MZ286102_1_ORF2	1	1	12	12	TRUE	TRUE
CTCTGGTAGTTGGCGA-1	OZ258728_1_ORF2	1	0	4	4	TRUE	TRUE
CTCTTGCGTAATGCAG-1	meGFP	1	1	15	15	TRUE	TRUE
CTCTTGCGTAGCACTT-1	MZ286188_1_ORF1	0	0	1	1	FALSE	FALSE
CTCTTGCGTATTGGCT-1	MZ286258_1_ORF2	0	0	1	1	FALSE	TRUE
CTCTTGCGTCAAGCCC-1	OZ258728_1_ORF2	0	0	1	1	FALSE	FALSE
CTCTTGCGTCGCGAGA-1	OZ258728_1_ORF2	0	0	1	1	FALSE	TRUE
CTCTTGCGTGATGTAG-1	OZ258728_1_ORF2	0	0	1	1	FALSE	TRUE
CTCTTGCGTGCCCGAT-1	MZ286102_1_ORF1	1	0	7	9	TRUE	TRUE
CTCTTGCGTGCGCGTT-1	MZ286258_1_ORF1	0	0	1	2	FALSE	TRUE
CTCTTGCGTGCTTAAC-1	meGFP	0	0	1	1	FALSE	FALSE
CTCTTGCGTGTCAGTT-1	MZ286188_1_ORF2	1	0	5	6	TRUE	TRUE
CTCTTGCGTTCCGCAA-1	OZ258728_1_ORF2	0	0	1	1	FALSE	FALSE
CTCTTGCGTTGTCTGG-1	MZ286258_1_ORF2	1	1	11	11	TRUE	TRUE
CTGACTTCAAGCGAAG-1	MZ286197_1_ORF1	1	1	79	81	TRUE	TRUE
CTGACTTCAATCCGGG-1	OZ258728_1_ORF1	1	1	11	13	TRUE	TRUE
CTGACTTCAATGGCTA-1	OZ258728_1_ORF2	1	1	102	104	TRUE	TRUE
CTGACTTCACACACTT-1	OZ258728_1_ORF2	0	0	1	2	FALSE	FALSE
CTGACTTCACACAGCG-1	OZ258728_1_ORF2	0	0	1	1	FALSE	FALSE
CTGACTTCAGTTGGTA-1	OZ258728_1_ORF2	1	1	94	95	TRUE	TRUE
CTGACTTCATAACCTC-1	OP549859_1_ORF1	1	1	87	89	TRUE	TRUE
CTGACTTCATGAGTAT-1	OZ258728_1_ORF2	0	0	1	1	FALSE	FALSE
CTGATGACAAATGACT-1	MZ286258_1_ORF2	0	0	1	1	FALSE	FALSE
CTGATGACAACCGTGG-1	OP549859_1_ORF2	1	1	12	13	TRUE	TRUE
CTGATGACACACTAAG-1	MZ286102_1_ORF1	1	1	10	11	TRUE	TRUE
CTGATGACACACTGGG-1	MZ286258_1_ORF2	0	0	2	2	TRUE	TRUE
CTGATGACACATAGTG-1	MZ286188_1_ORF2	0	0	1	1	FALSE	TRUE
CTGATGACACGAAGGA-1	MZ286102_1_ORF1	0	0	1	1	FALSE	FALSE
CTGATGACAGACACAC-1	meGFP	0	0	1	1	FALSE	FALSE
CTGATGACAGTTCGCC-1	meGFP	0	0	2	2	TRUE	TRUE
CTGATGACATAAGGTT-1	MZ286197_1_ORF1	0	0	1	1	FALSE	TRUE
CTGATGACATCCACAT-1	MZ286188_1_ORF2	0	0	1	1	FALSE	TRUE
CTGATGACATGGCTGG-1	OZ258728_1_ORF2	1	1	67	67	TRUE	TRUE
CTGCAACTCACCCAGT-1	OZ258728_1_ORF2	0	0	1	1	FALSE	TRUE
CTGCAACTCACGTTCA-1	OP549859_1_ORF2	1	0	4	4	TRUE	TRUE
CTGCAACTCAGGACGC-1	meGFP	1	1	53	53	TRUE	TRUE
CTGCAACTCATAGAGC-1	OZ258728_1_ORF1	1	0	5	6	TRUE	TRUE
CTGCAACTCATATGTC-1	MZ286102_1_ORF2	0	0	1	1	FALSE	TRUE
CTGCAACTCCATCACA-1	MZ286102_1_ORF2	1	1	27	27	TRUE	TRUE
CTGCAACTCCCTCTAT-1	meGFP	0	0	1	1	FALSE	FALSE
CTGCAACTCGAACTAA-1	OZ258728_1_ORF2	0	0	1	3	FALSE	TRUE
CTGCAACTCGGACCAA-1	OP549859_1_ORF2	1	0	4	5	TRUE	TRUE
CTGCAACTCGTCATGC-1	OZ258728_1_ORF2	0	0	1	1	FALSE	FALSE
CTGCAACTCGTGCTGT-1	MZ286102_1_ORF2	0	0	2	2	TRUE	TRUE
CTGCAACTCTAGCTTG-1	MZ286258_1_ORF2	1	1	11	11	TRUE	TRUE
CTGCAACTCTCCCAGG-1	OZ258728_1_ORF2	0	0	2	5	FALSE	TRUE
CTGCCTGAGAGGTCTG-1	meGFP	0	0	1	1	FALSE	FALSE
CTGCCTGAGCATTGGG-1	MZ286188_1_ORF2	0	0	1	1	FALSE	FALSE
CTGCCTGAGCGACGGT-1	OP549859_1_ORF1	0	0	1	1	FALSE	FALSE
CTGCCTGAGGACATAC-1	OZ258728_1_ORF2	2	1	37	44	TRUE	TRUE
CTGCCTGAGGCACTTC-1	MZ286102_1_ORF1	0	0	1	1	FALSE	FALSE
CTGCCTGAGGCTTCAC-1	meGFP	0	0	2	2	TRUE	FALSE
CTGCCTGAGGTTGGGC-1	meGFP	0	0	1	1	FALSE	FALSE
CTGCCTTGTAATGGGC-1	MZ286102_1_ORF2	0	0	1	1	FALSE	FALSE
CTGCCTTGTACAGGGT-1	MZ286102_1_ORF2	0	0	1	1	FALSE	TRUE
CTGCCTTGTACCCAAT-1	MZ286197_1_ORF1	0	0	1	1	FALSE	FALSE
CTGCCTTGTAGTCGTT-1	MZ286197_1_ORF1	0	0	1	1	FALSE	FALSE
CTGCCTTGTATCGAGA-1	MZ286258_1_ORF2	0	0	1	1	FALSE	TRUE
CTGCCTTGTCCGCGAT-1	MZ286102_1_ORF2	0	0	2	4	FALSE	TRUE
CTGCCTTGTGAGAGCT-1	OZ258728_1_ORF1	1	1	12	13	TRUE	TRUE
CTGCCTTGTGCCTAAT-1	MZ286197_1_ORF1	0	0	2	3	FALSE	TRUE
CTGCCTTGTGTACCAT-1	MZ286258_1_ORF2	0	0	1	4	FALSE	TRUE
CTGCCTTGTGTCGAGG-1	MZ286102_1_ORF2	1	0	6	6	TRUE	TRUE
CTGCCTTGTTCGTAGT-1	OP549859_1_ORF2	0	0	2	2	TRUE	TRUE
CTGCCTTGTTGTACGT-1	MZ286197_1_ORF2	1	0	6	6	TRUE	TRUE
CTGCGAAAGAACTGCG-1	OP549859_1_ORF1	1	1	69	70	TRUE	TRUE
CTGCGAAAGTCCAATT-1	OZ258728_1_ORF2	0	0	1	1	FALSE	FALSE
CTGCGAAAGTGCCCAT-1	OZ258728_1_ORF1	2	1	20	27	FALSE	TRUE
CTGCGAAAGTGGATTA-1	MZ286188_1_ORF2	1	0	8	8	TRUE	TRUE
CTGCGACGTAATCCGT-1	MZ286258_1_ORF2	1	1	12	12	TRUE	TRUE
CTGCGACGTAGAGCCG-1	meGFP	1	0	6	10	TRUE	TRUE
CTGCGACGTCAGCATT-1	MZ286197_1_ORF2	0	0	1	1	FALSE	TRUE
CTGCGACGTCGACTCA-1	MZ286258_1_ORF1	0	0	1	1	FALSE	FALSE
CTGCGACGTGCGCGTT-1	OZ258728_1_ORF2	0	0	2	5	FALSE	TRUE
CTGCGACGTGCGGTGA-1	MZ286188_1_ORF2	1	0	6	9	TRUE	TRUE
CTGCGACGTGGCGCAA-1	MZ286197_1_ORF1	1	1	25	25	TRUE	TRUE
CTGCGACGTTGTGTGT-1	meGFP	0	0	1	1	FALSE	FALSE
CTGCGATTCCGACAGA-1	MZ286102_1_ORF2	0	0	2	2	TRUE	TRUE
CTGCGATTCCGCGCTA-1	MZ286102_1_ORF1	0	0	2	3	FALSE	TRUE
CTGCGATTCGCGGAGT-1	MZ286197_1_ORF1	1	1	19	20	TRUE	TRUE
CTGCGATTCGGTTAGG-1	MZ286197_1_ORF2	0	0	1	2	FALSE	TRUE
CTGCGATTCGTTACTG-1	MZ286197_1_ORF1	1	1	14	14	TRUE	TRUE
CTGCGATTCTCAGTGC-1	MZ286197_1_ORF2	1	1	10	10	TRUE	TRUE
CTGCGATTCTGATTAC-1	OZ258728_1_ORF2	0	0	1	1	FALSE	FALSE
CTGCGCTCAAACGGCT-1	OP549859_1_ORF2	1	1	16	17	TRUE	TRUE
CTGCGCTCAAGTCAAT-1	OP549859_1_ORF2	1	0	8	8	TRUE	TRUE
CTGCGCTCACAAGCCG-1	OZ258728_1_ORF1	0	0	1	1	FALSE	FALSE
CTGCGCTCACAGTATG-1	OZ258728_1_ORF2	0	0	1	1	FALSE	FALSE
CTGCGCTCACCATTAC-1	MZ286188_1_ORF1	0	0	2	2	TRUE	FALSE
CTGCGCTCACCCTGAC-1	OP549859_1_ORF2	1	1	13	16	TRUE	TRUE
CTGCGCTCAGCCCTGT-1	OP549859_1_ORF1	0	0	1	2	FALSE	TRUE
CTGCGCTCAGGATTGC-1	MZ286197_1_ORF2	1	0	5	5	TRUE	TRUE
CTGCGCTCAGTTCGCC-1	OP549859_1_ORF2	1	1	13	13	TRUE	TRUE
CTGCGCTCATGAGTAT-1	MZ286102_1_ORF2	1	1	12	12	TRUE	TRUE
CTGCGCTCATTGACCT-1	MZ286102_1_ORF1	0	0	1	1	FALSE	FALSE
CTGCTGGTCAGTGTGG-1	MZ286258_1_ORF2	1	0	5	5	TRUE	TRUE
CTGCTGGTCCCTTCCA-1	OP549859_1_ORF1	0	0	1	1	FALSE	FALSE
CTGCTGGTCGAGCAGC-1	MZ286197_1_ORF1	0	0	1	2	FALSE	FALSE
CTGCTGGTCGATGGAT-1	MZ286258_1_ORF2	1	0	8	8	TRUE	TRUE
CTGCTGGTCGGATGCA-1	MZ286102_1_ORF2	1	0	6	7	TRUE	TRUE
CTGCTGGTCGTACGGA-1	meGFP	0	0	1	1	FALSE	TRUE
CTGCTGGTCTGGACCT-1	MZ286102_1_ORF2	1	0	7	8	TRUE	TRUE
CTGCTGTAGCTGGTTC-1	OZ258728_1_ORF2	1	1	18	20	TRUE	TRUE
CTGCTGTAGGAGACCC-1	OP549859_1_ORF1	0	0	1	1	FALSE	FALSE
CTGCTGTAGGAGGTCC-1	OZ258728_1_ORF2	1	0	7	7	TRUE	TRUE
CTGCTGTAGGCTGCAA-1	OZ258728_1_ORF2	0	0	1	1	FALSE	FALSE
CTGCTGTAGGGCATCA-1	OZ258728_1_ORF1	0	0	2	2	TRUE	FALSE
CTGCTGTAGGGCGTGT-1	MZ286188_1_ORF2	1	0	8	8	TRUE	TRUE
CTGCTGTAGGGTGATT-1	OZ258728_1_ORF2	0	0	2	5	FALSE	TRUE
CTGCTGTAGGTTCGGA-1	OP549859_1_ORF1	1	1	49	49	TRUE	TRUE
CTGGACGCAACTTAGG-1	meGFP	2	1	11	16	FALSE	TRUE
CTGGACGCAATTGGTG-1	MZ286258_1_ORF2	0	0	2	3	FALSE	TRUE
CTGGACGCACAGCATA-1	MZ286258_1_ORF2	1	0	5	5	TRUE	TRUE
CTGGACGCACGGATCG-1	MZ286188_1_ORF1	0	0	1	1	FALSE	TRUE
CTGGACGCACTCATAC-1	MZ286188_1_ORF2	0	0	1	1	FALSE	FALSE
CTGGACGCACTTACCG-1	OP549859_1_ORF2	0	0	1	1	FALSE	TRUE
CTGGACGCAGGAAGTG-1	OZ258728_1_ORF1	0	0	1	1	FALSE	TRUE
CTGGACGCAGGGTCCA-1	MZ286102_1_ORF1	0	0	1	1	FALSE	FALSE
CTGGACGCATCCCAAT-1	MZ286102_1_ORF2	0	0	1	1	FALSE	FALSE
CTGGACGCATGTCTGT-1	MZ286188_1_ORF1	0	0	1	2	FALSE	TRUE
CTGGATTGTAATCGCT-1	OZ258728_1_ORF2	1	1	21	21	TRUE	TRUE
CTGGATTGTCATTCAA-1	meGFP	1	1	98	98	TRUE	TRUE
CTGGATTGTCGTCACA-1	OP549859_1_ORF2	1	0	6	7	TRUE	TRUE
CTGGATTGTCGTTAGT-1	meGFP	1	1	26	26	TRUE	TRUE
CTGGATTGTCTAAGCT-1	OP549859_1_ORF1	0	0	1	1	FALSE	FALSE
CTGGATTGTCTTGCAG-1	OP549859_1_ORF2	0	0	1	1	FALSE	FALSE
CTGGATTGTGAGTTAG-1	OZ258728_1_ORF2	0	0	1	1	FALSE	FALSE
CTGGATTGTGCGCGTT-1	OZ258728_1_ORF1	0	0	1	1	FALSE	TRUE
CTGGATTGTGGGTAAC-1	OP549859_1_ORF2	1	0	7	8	TRUE	TRUE
CTGGATTGTGGTTCGC-1	MZ286102_1_ORF2	0	0	1	1	FALSE	FALSE
CTGGATTGTTCATCGG-1	MZ286258_1_ORF2	0	0	1	1	FALSE	FALSE
CTGGATTGTTGCCTTC-1	MZ286197_1_ORF1	0	0	1	1	FALSE	TRUE
CTGGCTCCAAAGGTCC-1	MZ286197_1_ORF1	1	0	4	4	TRUE	FALSE
CTGGCTCCACGGATTA-1	MZ286188_1_ORF1	0	0	1	1	FALSE	FALSE
CTGGCTCCACTACCCA-1	OZ258728_1_ORF1	1	1	17	18	TRUE	TRUE
CTGGCTCCACTAGACA-1	MZ286102_1_ORF2	1	1	12	12	TRUE	TRUE
CTGGCTCCAGGTACAC-1	MZ286258_1_ORF2	0	0	1	1	FALSE	TRUE
CTGGCTCCAGGTCTCC-1	meGFP	0	0	1	1	FALSE	FALSE
CTGGCTCCAGTTCGCC-1	MZ286188_1_ORF2	1	0	7	7	TRUE	TRUE
CTGGCTCCATCAGTCT-1	OP549859_1_ORF1	0	0	1	1	FALSE	TRUE
CTGGCTCCATGCAGAC-1	MZ286197_1_ORF1	0	0	1	1	FALSE	FALSE
CTGGCTCCATGCCCTA-1	OZ258728_1_ORF1	1	0	7	7	TRUE	TRUE
CTGGGACAGACATCCC-1	OP549859_1_ORF1	0	0	3	5	FALSE	TRUE
CTGGGACAGACCGATG-1	MZ286102_1_ORF2	1	0	5	5	TRUE	TRUE
CTGGGACAGAGCTAGT-1	MZ286188_1_ORF1	1	1	72	73	TRUE	TRUE
CTGGGACAGCTATACT-1	MZ286102_1_ORF2	1	1	18	19	TRUE	TRUE
CTGGGACAGGCTTCGT-1	OZ258728_1_ORF2	2	1	30	36	TRUE	TRUE
CTGGGACAGGGAGACG-1	MZ286197_1_ORF2	0	0	1	2	FALSE	TRUE
CTGGGACAGGGCATCA-1	MZ286102_1_ORF1	0	0	2	2	TRUE	TRUE
CTGGGACAGGGCTTGA-1	MZ286188_1_ORF1	0	0	1	1	FALSE	FALSE
CTGGGACAGTGGGTTG-1	meGFP	0	0	1	2	FALSE	FALSE
CTGGGCACAAAGGGCA-1	OZ258728_1_ORF2	0	0	1	1	FALSE	FALSE
CTGGGCACAACGTCCC-1	MZ286258_1_ORF1	0	0	2	2	TRUE	TRUE
CTGGGCACAAGATCCA-1	OP549859_1_ORF1	0	0	2	3	FALSE	TRUE
CTGGGCACACGATCCC-1	OZ258728_1_ORF2	0	0	1	1	FALSE	FALSE
CTGGGCACACTAGTCT-1	meGFP	1	1	68	70	TRUE	TRUE
CTGGGCACAGAGGTTC-1	MZ286188_1_ORF1	0	0	1	1	FALSE	FALSE
CTGGGCACAGGTACGT-1	meGFP	0	0	1	1	FALSE	FALSE
CTGGGCACAGGTCGAT-1	OZ258728_1_ORF2	0	0	1	1	FALSE	TRUE
CTGGGCACAGGTCTCC-1	MZ286102_1_ORF2	1	1	19	20	TRUE	TRUE
CTGGGCACAGTTGCTT-1	MZ286188_1_ORF1	0	0	1	1	FALSE	TRUE
CTGGGCACATCCCGAC-1	MZ286258_1_ORF2	1	1	31	31	TRUE	TRUE
CTGGGCACATGAAGGG-1	OZ258728_1_ORF1	1	0	8	11	TRUE	TRUE
CTGGGCACATGGCTGG-1	OP549859_1_ORF1	0	0	1	1	FALSE	TRUE
CTGGGCACATGGTAAT-1	OP549859_1_ORF1	0	0	1	1	FALSE	TRUE
CTGGGCACATGGTGTA-1	MZ286258_1_ORF2	1	0	8	8	TRUE	TRUE
CTGGGCACATTACCCG-1	MZ286258_1_ORF2	1	1	16	17	TRUE	TRUE
CTGTCAATCAACCGTC-1	OZ258728_1_ORF1	0	0	1	1	FALSE	TRUE
CTGTCAATCAACCTTG-1	OP549859_1_ORF2	0	0	2	2	TRUE	TRUE
CTGTCAATCAATGCAA-1	OZ258728_1_ORF2	0	0	1	1	FALSE	FALSE
CTGTCAATCAATGCTT-1	meGFP	0	0	1	1	FALSE	FALSE
CTGTCAATCACCGCAT-1	OZ258728_1_ORF1	0	0	2	3	FALSE	TRUE
CTGTCAATCACGTTCA-1	OZ258728_1_ORF1	0	0	1	1	FALSE	TRUE
CTGTCAATCAGTCGTC-1	OZ258728_1_ORF1	1	0	4	4	TRUE	TRUE
CTGTCAATCCCAGTGT-1	MZ286102_1_ORF2	0	0	2	3	FALSE	TRUE
CTGTCAATCCGGATGA-1	MZ286258_1_ORF2	0	0	1	1	FALSE	FALSE
CTGTCAATCCGTCGCA-1	MZ286197_1_ORF1	0	0	1	1	FALSE	TRUE
CTGTCAATCCTATACG-1	OZ258728_1_ORF1	1	1	12	12	TRUE	TRUE
CTGTCAATCGAATGAC-1	MZ286197_1_ORF2	0	0	2	3	FALSE	TRUE
CTGTCAATCGATCGCT-1	meGFP	0	0	1	1	FALSE	FALSE
CTGTCAATCGCCCTGA-1	OZ258728_1_ORF2	0	0	1	1	FALSE	FALSE
CTGTCAATCGTGAAGT-1	MZ286258_1_ORF2	2	0	4	8	FALSE	TRUE
CTGTCAATCTAGGTAA-1	MZ286102_1_ORF2	1	0	6	6	TRUE	TRUE
CTGTCAATCTCCATCT-1	MZ286258_1_ORF2	1	1	33	33	TRUE	TRUE
CTGTCAATCTGTGGAG-1	OZ258728_1_ORF2	0	0	2	3	FALSE	TRUE
CTGTCAATCTGTGGCT-1	OZ258728_1_ORF2	0	0	1	1	FALSE	FALSE
CTGTCGGTCAATTCGT-1	OP549859_1_ORF1	0	0	1	1	FALSE	TRUE
CTGTCGGTCACATGCC-1	meGFP	0	0	1	1	FALSE	FALSE
CTGTCGGTCAGGATAC-1	meGFP	0	0	2	4	FALSE	TRUE
CTGTCGGTCCATCACA-1	OP549859_1_ORF1	0	0	1	1	FALSE	TRUE
CTGTCGGTCCCAACTA-1	MZ286258_1_ORF2	0	0	1	1	FALSE	TRUE
CTGTCGGTCGAACCCT-1	MZ286102_1_ORF1	0	0	1	1	FALSE	FALSE
CTGTCGGTCGGATGCA-1	MZ286197_1_ORF1	0	0	2	2	TRUE	TRUE
CTGTCGGTCGTTACTG-1	MZ286188_1_ORF1	0	0	1	2	FALSE	FALSE
CTGTCGGTCTAGTCAT-1	OZ258728_1_ORF1	0	0	1	1	FALSE	FALSE
CTGTCGGTCTGCAATT-1	MZ286197_1_ORF2	0	0	1	1	FALSE	TRUE
CTGTCGGTCTGGGTTC-1	MZ286102_1_ORF2	0	0	1	1	FALSE	TRUE
CTGTCGGTCTGTAATC-1	meGFP	2	1	14	23	FALSE	TRUE
CTGTCGGTCTTCGTAG-1	OP549859_1_ORF1	0	0	1	1	FALSE	FALSE
CTGTGTGGTAACCATC-1	OP549859_1_ORF1	0	0	1	1	FALSE	FALSE
CTGTGTGGTACGTAAG-1	meGFP	0	0	1	1	FALSE	FALSE
CTGTGTGGTATACGTC-1	MZ286102_1_ORF2	0	0	1	1	FALSE	TRUE
CTGTGTGGTATCCCGA-1	MZ286197_1_ORF2	0	0	3	3	TRUE	TRUE
CTGTGTGGTCGACATT-1	MZ286102_1_ORF1	1	0	5	5	TRUE	TRUE
CTGTGTGGTGAATCTC-1	MZ286102_1_ORF1	0	0	1	1	FALSE	FALSE
CTGTGTGGTGCTTAGT-1	OP549859_1_ORF2	1	0	7	8	TRUE	TRUE
CTGTGTGGTTGTAGCT-1	OP549859_1_ORF2	1	0	6	8	TRUE	TRUE
CTGTTCAAGAAGTTGC-1	MZ286197_1_ORF1	0	0	1	3	FALSE	FALSE
CTGTTCAAGAATCGTA-1	OZ258728_1_ORF1	0	0	1	1	FALSE	TRUE
CTGTTCAAGACATCCC-1	MZ286258_1_ORF2	1	0	8	8	TRUE	TRUE
CTGTTCAAGACGCCTT-1	MZ286188_1_ORF1	0	0	2	3	FALSE	TRUE
CTGTTCAAGATGGTGT-1	OZ258728_1_ORF2	0	0	1	1	FALSE	TRUE
CTGTTCAAGCGATTAA-1	MZ286188_1_ORF1	0	0	1	1	FALSE	FALSE
CTGTTCAAGCGCTAGA-1	OZ258728_1_ORF2	0	0	1	1	FALSE	FALSE
CTGTTCAAGCTCTAGC-1	meGFP	0	0	1	1	FALSE	TRUE
CTGTTCAAGGCCTAAG-1	OZ258728_1_ORF2	0	0	1	1	FALSE	TRUE
CTGTTCAAGGGACATT-1	MZ286197_1_ORF1	1	1	21	22	TRUE	TRUE
CTGTTCAAGGGATGAA-1	MZ286188_1_ORF2	0	0	3	3	TRUE	TRUE
CTGTTCAAGGGCAGGA-1	MZ286197_1_ORF2	0	0	2	5	FALSE	TRUE
CTGTTCAAGGGTTCGA-1	MZ286102_1_ORF1	0	0	1	1	FALSE	FALSE
CTGTTCAAGGTCGGTA-1	OZ258728_1_ORF2	0	0	2	2	TRUE	FALSE
CTGTTCAAGTGTCCGT-1	OZ258728_1_ORF1	0	0	1	1	FALSE	TRUE
CTGTTCAAGTTAAGTG-1	OZ258728_1_ORF2	0	0	1	1	FALSE	FALSE
CTGTTCCGTAATGCAG-1	OZ258728_1_ORF2	1	1	43	43	TRUE	TRUE
CTGTTCCGTACGACTT-1	MZ286188_1_ORF1	0	0	1	3	FALSE	TRUE
CTGTTCCGTACTGCCA-1	MZ286258_1_ORF2	0	0	1	1	FALSE	FALSE
CTGTTCCGTCATACTA-1	MZ286188_1_ORF2	0	0	2	2	TRUE	TRUE
CTGTTCCGTCGGGCTT-1	OZ258728_1_ORF2	0	0	1	1	FALSE	FALSE
CTGTTCCGTGCCGGAA-1	MZ286188_1_ORF1	0	0	1	1	FALSE	FALSE
CTGTTCCGTTTACTTC-1	OP549859_1_ORF2	1	1	12	12	TRUE	TRUE
CTGTTCCGTTTGGATC-1	OZ258728_1_ORF2	0	0	1	1	FALSE	FALSE
CTTAACTAGAACCTAA-1	MZ286102_1_ORF2	0	0	1	1	FALSE	TRUE
CTTAACTAGACTTACT-1	meGFP	0	0	1	1	FALSE	FALSE
CTTAACTAGAGATAGG-1	OZ258728_1_ORF2	0	0	1	1	FALSE	FALSE
CTTAACTAGAGGCCAC-1	MZ286188_1_ORF1	1	1	73	73	TRUE	TRUE
CTTAACTAGAGGCGTC-1	MZ286188_1_ORF1	0	0	1	1	FALSE	FALSE
CTTAACTAGATGAGGA-1	OP549859_1_ORF2	1	1	20	20	TRUE	TRUE
CTTAACTAGCTGTCGT-1	MZ286258_1_ORF2	1	1	16	18	TRUE	TRUE
CTTAACTAGGAGACCC-1	MZ286197_1_ORF2	0	0	1	1	FALSE	FALSE
CTTAACTAGGGGTCTA-1	MZ286102_1_ORF2	0	0	1	1	FALSE	FALSE
CTTAACTAGTAAGGTC-1	MZ286258_1_ORF2	0	0	2	2	TRUE	TRUE
CTTAACTAGTACTTCG-1	MZ286258_1_ORF2	0	0	1	1	FALSE	TRUE
CTTAACTAGTATCGTT-1	MZ286258_1_ORF2	0	0	2	2	TRUE	FALSE
CTTAAGTTCAATTCGT-1	OP549859_1_ORF1	0	0	1	1	FALSE	FALSE
CTTAAGTTCACACTTG-1	OZ258728_1_ORF2	0	0	1	1	FALSE	TRUE
CTTAAGTTCATGGAAC-1	MZ286102_1_ORF2	1	0	8	8	TRUE	TRUE
CTTAAGTTCCAAGTGG-1	OZ258728_1_ORF1	0	0	1	1	FALSE	FALSE
CTTAAGTTCCATGACC-1	MZ286188_1_ORF2	0	0	2	2	TRUE	TRUE
CTTAAGTTCCCAGTGT-1	meGFP	0	0	1	1	FALSE	FALSE
CTTAAGTTCCCATCGG-1	MZ286197_1_ORF1	0	0	1	3	FALSE	TRUE
CTTAAGTTCGAACTAA-1	MZ286188_1_ORF1	1	0	9	10	TRUE	TRUE
CTTAAGTTCGTGAAGT-1	MZ286258_1_ORF2	1	1	13	15	TRUE	TRUE
CTTAAGTTCTGGGACA-1	meGFP	0	0	0	0	FALSE	TRUE
CTTAATATCACACTTG-1	MZ286188_1_ORF1	1	1	12	12	TRUE	TRUE
CTTAATATCACCCTGG-1	OZ258728_1_ORF2	0	0	1	1	FALSE	TRUE
CTTAATATCCAACCTA-1	MZ286102_1_ORF2	1	1	13	13	TRUE	TRUE
CTTAATATCCCCGACA-1	OZ258728_1_ORF1	0	0	1	1	FALSE	FALSE
CTTAATATCCCCTTCA-1	MZ286102_1_ORF2	0	0	1	1	FALSE	TRUE
CTTAATATCCCGTTGG-1	OP549859_1_ORF1	0	0	1	1	FALSE	FALSE
CTTAATATCGGATGCA-1	MZ286258_1_ORF1	0	0	1	2	FALSE	TRUE
CTTAATATCGGCTCCA-1	OZ258728_1_ORF1	2	2	13	26	FALSE	TRUE
CTTAATATCTCCTAAG-1	meGFP	0	0	1	1	FALSE	FALSE
CTTAATATCTCTAACG-1	MZ286188_1_ORF1	0	0	1	1	FALSE	TRUE
CTTAATATCTGCAATT-1	OZ258728_1_ORF2	0	0	1	1	FALSE	FALSE
CTTAATGGTAAGCATG-1	OZ258728_1_ORF2	0	0	1	1	FALSE	FALSE
CTTAATGGTACCCAAT-1	OP549859_1_ORF1	0	0	1	1	FALSE	TRUE
CTTAATGGTACTTGGT-1	OZ258728_1_ORF2	0	0	1	1	FALSE	FALSE
CTTAATGGTATCTGGT-1	MZ286197_1_ORF1	1	1	12	13	TRUE	TRUE
CTTAATGGTCGACATT-1	MZ286188_1_ORF1	1	1	10	13	TRUE	TRUE
CTTAATGGTCGTTGGC-1	MZ286188_1_ORF2	0	0	2	2	TRUE	TRUE
CTTAATGGTCTTGGGC-1	OZ258728_1_ORF1	0	0	1	1	FALSE	FALSE
CTTAATGGTGAACCAA-1	OZ258728_1_ORF2	0	0	1	1	FALSE	TRUE
CTTAATGGTGCTTAGT-1	MZ286188_1_ORF1	0	0	1	1	FALSE	FALSE
CTTAATGGTGTTGCGC-1	OZ258728_1_ORF2	0	0	1	1	FALSE	FALSE
CTTAATGGTTATCCAA-1	MZ286102_1_ORF2	1	1	15	15	TRUE	TRUE
CTTAATGGTTCACGAT-1	MZ286258_1_ORF2	1	0	6	7	TRUE	TRUE
CTTAATGGTTCGCTTC-1	MZ286102_1_ORF2	1	0	4	4	TRUE	TRUE
CTTAATGGTTCGGTTG-1	OZ258728_1_ORF1	1	0	7	7	TRUE	TRUE
CTTAATGGTTCGTCTC-1	meGFP	1	1	26	26	TRUE	TRUE
CTTAATGGTTGTCTAA-1	OP549859_1_ORF2	0	0	1	1	FALSE	TRUE
CTTAATGGTTTAGGAG-1	OZ258728_1_ORF2	0	0	1	1	FALSE	FALSE
CTTACAAGTACCGACC-1	MZ286197_1_ORF1	1	0	6	7	TRUE	TRUE
CTTACAAGTCCGCGAT-1	MZ286258_1_ORF1	0	0	2	2	TRUE	FALSE
CTTACAAGTCGAGAGT-1	MZ286258_1_ORF2	0	0	2	2	TRUE	TRUE
CTTACAAGTTAACCAC-1	meGFP	1	1	28	28	TRUE	TRUE
CTTACAAGTTGCAGTT-1	MZ286258_1_ORF2	1	0	4	5	TRUE	TRUE
CTTACATAGAACCTAA-1	OZ258728_1_ORF2	1	1	30	31	TRUE	TRUE
CTTACATAGAAGGACA-1	OP549859_1_ORF1	0	0	1	1	FALSE	FALSE
CTTACATAGACCAGTG-1	MZ286258_1_ORF2	1	0	8	8	TRUE	TRUE
CTTACATAGACTCAGG-1	MZ286102_1_ORF1	0	0	1	1	FALSE	FALSE
CTTACATAGATCAGTA-1	MZ286197_1_ORF1	0	0	3	4	TRUE	TRUE
CTTACATAGATTCACT-1	OP549859_1_ORF2	0	0	1	1	FALSE	FALSE
CTTACATAGCATCACC-1	meGFP	1	1	19	20	TRUE	TRUE
CTTACATAGCTATACT-1	MZ286258_1_ORF2	0	0	1	1	FALSE	TRUE
CTTACATAGGCCAGGT-1	MZ286102_1_ORF2	0	0	1	1	FALSE	TRUE
CTTACATAGGCTTCAC-1	OP549859_1_ORF1	0	0	1	1	FALSE	TRUE
CTTACATAGGCTTCGT-1	OZ258728_1_ORF2	1	1	24	24	TRUE	TRUE
CTTACATAGTCATTAC-1	MZ286102_1_ORF2	1	1	12	12	TRUE	TRUE
CTTACCCGTAACTTGC-1	MZ286102_1_ORF1	0	0	1	1	FALSE	FALSE
CTTACCCGTAGCACTT-1	MZ286102_1_ORF2	0	0	1	1	FALSE	TRUE
CTTACCCGTATCTGGT-1	MZ286188_1_ORF1	0	0	1	1	FALSE	FALSE
CTTACCCGTGCGCATC-1	MZ286197_1_ORF2	0	0	1	1	FALSE	FALSE
CTTACCCGTGGAAGCT-1	OP549859_1_ORF2	0	0	1	3	FALSE	TRUE
CTTACCCGTGGCAACG-1	OZ258728_1_ORF2	0	0	1	1	FALSE	TRUE
CTTACCCGTTGGAGCG-1	MZ286188_1_ORF2	0	0	1	1	FALSE	TRUE
CTTACCTTCATACAGA-1	OZ258728_1_ORF2	0	0	2	2	TRUE	FALSE
CTTACCTTCTGGGTTC-1	OP549859_1_ORF1	0	0	1	1	FALSE	TRUE
CTTACGTCAAAGGGCA-1	OZ258728_1_ORF2	0	0	2	2	TRUE	FALSE
CTTACGTCACACACTT-1	OP549859_1_ORF1	1	1	14	15	TRUE	TRUE
CTTACGTCACACTGGG-1	OZ258728_1_ORF2	0	0	1	1	FALSE	FALSE
CTTACGTCACATACAG-1	OZ258728_1_ORF2	1	1	13	13	TRUE	TRUE
CTTACGTCACGCACGA-1	OZ258728_1_ORF2	0	0	1	1	FALSE	FALSE
CTTACGTCAGGCCAAT-1	MZ286197_1_ORF2	1	0	9	9	TRUE	TRUE
CTTACGTCAGGCTATA-1	OP549859_1_ORF1	0	0	1	1	FALSE	FALSE
CTTACGTCATCCACAT-1	MZ286188_1_ORF2	0	0	1	1	FALSE	FALSE
CTTACTACAAAGCGGA-1	meGFP	0	0	1	1	FALSE	FALSE
CTTACTACAAGATGGG-1	MZ286102_1_ORF2	1	1	12	13	TRUE	TRUE
CTTACTACAATAGAGA-1	meGFP	1	1	49	49	TRUE	TRUE
CTTACTACAATCACGA-1	MZ286258_1_ORF2	1	1	31	32	TRUE	TRUE
CTTACTACAGCTTAGA-1	MZ286197_1_ORF1	0	0	1	1	FALSE	FALSE
CTTACTACAGGCAACT-1	OP549859_1_ORF1	1	1	28	28	TRUE	TRUE
CTTACTACAGGGTTAC-1	MZ286188_1_ORF1	0	0	1	1	FALSE	FALSE
CTTACTACATATCGAG-1	OP549859_1_ORF2	1	1	15	17	TRUE	TRUE
CTTACTGAGAATCGTA-1	OZ258728_1_ORF1	0	0	1	1	FALSE	FALSE
CTTACTGAGAGGGACG-1	OZ258728_1_ORF2	0	0	1	1	FALSE	FALSE
CTTACTGAGCTATACT-1	MZ286102_1_ORF2	0	0	1	1	FALSE	FALSE
CTTACTGAGCTCGTTA-1	OP549859_1_ORF1	0	0	1	2	FALSE	TRUE
CTTACTGAGCTGAGAT-1	OZ258728_1_ORF1	1	0	8	10	TRUE	TRUE
CTTACTGAGGGTCAGC-1	OZ258728_1_ORF2	0	0	1	1	FALSE	FALSE
CTTACTGAGTGCCCAT-1	meGFP	1	1	32	33	TRUE	TRUE
CTTAGTAGTAACGGAC-1	MZ286102_1_ORF2	0	0	1	1	FALSE	TRUE
CTTAGTAGTAAGGTGC-1	MZ286188_1_ORF1	0	0	1	1	FALSE	TRUE
CTTAGTAGTACCGACC-1	meGFP	0	0	2	2	TRUE	FALSE
CTTAGTAGTAGCGTGG-1	meGFP	0	0	2	2	TRUE	TRUE
CTTAGTCCAAAGGGCA-1	OZ258728_1_ORF2	0	0	1	1	FALSE	FALSE
CTTAGTCCAACAGACC-1	MZ286188_1_ORF2	0	0	2	4	FALSE	TRUE
CTTAGTCCAACCTTAC-1	MZ286197_1_ORF2	0	0	1	1	FALSE	TRUE
CTTAGTCCAACGGGTT-1	meGFP	0	0	1	1	FALSE	FALSE
CTTAGTCCAAGCGAAG-1	MZ286197_1_ORF2	1	0	5	5	TRUE	TRUE
CTTAGTCCAAGCGTTA-1	MZ286102_1_ORF2	1	1	18	18	TRUE	TRUE
CTTAGTCCACACAGCG-1	OP549859_1_ORF1	1	1	42	42	TRUE	TRUE
CTTAGTCCAGCTGATA-1	MZ286197_1_ORF2	0	0	1	1	FALSE	TRUE
CTTAGTCCAGGCGCTA-1	OP549859_1_ORF1	0	0	2	2	TRUE	TRUE
CTTAGTCCAGTGTCCC-1	meGFP	0	0	1	1	FALSE	TRUE
CTTAGTCCATAACTGG-1	MZ286188_1_ORF1	1	1	45	45	TRUE	TRUE
CTTAGTCCATTCATTG-1	MZ286188_1_ORF1	0	0	1	1	FALSE	FALSE
CTTAGTCCATTGAAGT-1	OP549859_1_ORF2	0	0	1	1	FALSE	TRUE
CTTAGTCCATTGGATG-1	OZ258728_1_ORF1	1	1	15	17	TRUE	TRUE
CTTAGTGTCACATATC-1	meGFP	0	0	1	1	FALSE	TRUE
CTTAGTGTCCAGAGGC-1	MZ286188_1_ORF1	0	0	1	2	FALSE	TRUE
CTTAGTGTCCCATCCC-1	MZ286102_1_ORF1	1	0	5	6	TRUE	TRUE
CTTAGTGTCCTCATTC-1	MZ286258_1_ORF2	0	0	2	2	TRUE	TRUE
CTTAGTGTCGAAGTTA-1	MZ286258_1_ORF1	1	1	15	18	TRUE	TRUE
CTTAGTGTCGAATGGT-1	MZ286197_1_ORF1	1	1	51	51	TRUE	TRUE
CTTAGTGTCGACTCTA-1	OZ258728_1_ORF2	0	0	3	4	TRUE	TRUE
CTTAGTGTCGATAGTA-1	MZ286258_1_ORF2	1	1	12	12	TRUE	TRUE
CTTAGTGTCGCCCTGA-1	MZ286188_1_ORF1	0	0	1	1	FALSE	FALSE
CTTAGTGTCGCGCTCA-1	OP549859_1_ORF1	0	0	1	1	FALSE	FALSE
CTTAGTGTCGGCTTCG-1	OZ258728_1_ORF1	1	1	19	19	TRUE	TRUE
CTTAGTGTCGTACCCG-1	OP549859_1_ORF2	1	1	22	23	TRUE	TRUE
CTTAGTGTCGTTACTG-1	MZ286197_1_ORF1	0	0	1	1	FALSE	FALSE
CTTAGTGTCTATACCG-1	MZ286102_1_ORF2	0	0	1	1	FALSE	TRUE
CTTAGTGTCTCAGTGC-1	MZ286197_1_ORF1	1	0	9	9	TRUE	TRUE
CTTAGTGTCTCTCACT-1	meGFP	0	0	1	1	FALSE	FALSE
CTTAGTGTCTTGAGTT-1	MZ286102_1_ORF2	1	0	9	9	TRUE	TRUE
CTTAGTTAGAAGTTGC-1	OZ258728_1_ORF1	1	1	28	29	TRUE	TRUE
CTTAGTTAGACCGATG-1	MZ286102_1_ORF2	1	1	18	19	TRUE	TRUE
CTTAGTTAGCCTAATT-1	OZ258728_1_ORF2	0	0	2	2	TRUE	FALSE
CTTAGTTAGCTTGAGG-1	MZ286188_1_ORF2	0	0	1	1	FALSE	TRUE
CTTAGTTAGGACTAAC-1	OZ258728_1_ORF1	0	0	1	1	FALSE	TRUE
CTTAGTTAGGAGTGAA-1	OZ258728_1_ORF2	0	0	1	1	FALSE	FALSE
CTTAGTTAGGCCTAAG-1	MZ286197_1_ORF2	1	0	4	6	TRUE	TRUE
CTTAGTTAGGGGTCTA-1	OZ258728_1_ORF1	0	0	1	1	FALSE	FALSE
CTTATCCTCAAGCTCC-1	OZ258728_1_ORF2	0	0	1	1	FALSE	TRUE
CTTATCCTCACATGAA-1	MZ286188_1_ORF2	0	0	1	1	FALSE	FALSE
CTTATCCTCACTTACG-1	OZ258728_1_ORF2	1	0	5	11	TRUE	TRUE
CTTATCCTCCAAGTGG-1	MZ286258_1_ORF1	0	0	1	1	FALSE	FALSE
CTTATCCTCCGGCTCA-1	OZ258728_1_ORF2	0	0	1	1	FALSE	FALSE
CTTATCCTCCTGTCCC-1	MZ286258_1_ORF1	1	0	4	4	TRUE	TRUE
CTTATCCTCGATAGTA-1	MZ286258_1_ORF2	1	0	5	5	TRUE	TRUE
CTTATCCTCGCTTGAC-1	MZ286102_1_ORF2	1	1	27	27	TRUE	TRUE
CTTATCCTCGGGATCA-1	MZ286258_1_ORF2	0	0	1	1	FALSE	FALSE
CTTATCCTCTCAGCAC-1	OP549859_1_ORF1	0	0	2	2	TRUE	FALSE
CTTATCCTCTCGATTG-1	MZ286197_1_ORF1	0	0	2	2	TRUE	TRUE
CTTATCCTCTCGCTCC-1	MZ286258_1_ORF2	0	0	1	1	FALSE	FALSE
CTTATCCTCTGCCACG-1	OP549859_1_ORF1	0	0	1	1	FALSE	FALSE
CTTATCTGTACCGACC-1	OZ258728_1_ORF1	0	0	1	1	FALSE	FALSE
CTTATCTGTAGGTAGC-1	OP549859_1_ORF1	0	0	1	1	FALSE	FALSE
CTTATCTGTATCTCAA-1	MZ286188_1_ORF1	1	1	44	44	TRUE	TRUE
CTTATCTGTATTGGCT-1	meGFP	1	1	57	59	TRUE	TRUE
CTTATCTGTCATACTA-1	MZ286258_1_ORF2	0	0	1	1	FALSE	TRUE
CTTATCTGTCCATCCT-1	MZ286102_1_ORF2	0	0	2	3	FALSE	TRUE
CTTATCTGTCGACATT-1	OZ258728_1_ORF2	1	0	7	7	TRUE	TRUE
CTTATCTGTCTTGGGC-1	OP549859_1_ORF1	1	0	4	5	TRUE	TRUE
CTTATCTGTGATGTAG-1	OZ258728_1_ORF2	1	1	38	38	TRUE	TRUE
CTTATCTGTGCCCAAC-1	MZ286197_1_ORF1	0	0	1	1	FALSE	FALSE
CTTATCTGTGTTGACT-1	meGFP	0	0	1	3	FALSE	TRUE
CTTATCTGTTTCCTGC-1	MZ286258_1_ORF1	0	0	1	1	FALSE	FALSE
CTTATGAGTAACTTGC-1	MZ286197_1_ORF2	1	0	7	7	TRUE	TRUE
CTTATGAGTAAGTTGG-1	meGFP	0	0	3	3	TRUE	FALSE
CTTATGAGTACACTAC-1	meGFP	1	1	39	41	TRUE	TRUE
CTTATGAGTATTGACC-1	MZ286102_1_ORF2	0	0	1	1	FALSE	TRUE
CTTATGAGTCACCAGC-1	OZ258728_1_ORF2	1	1	69	71	TRUE	TRUE
CTTATGAGTCACTCCT-1	MZ286188_1_ORF1	1	0	6	8	TRUE	TRUE
CTTATGAGTCGAGAGT-1	OZ258728_1_ORF2	0	0	1	1	FALSE	TRUE
CTTATGAGTCTAAGCT-1	OP549859_1_ORF2	1	1	14	15	TRUE	TRUE
CTTATGAGTGAGGTAC-1	OZ258728_1_ORF2	0	0	1	1	FALSE	TRUE
CTTATGAGTGCCCGAT-1	OP549859_1_ORF1	0	0	1	1	FALSE	FALSE
CTTATGAGTTCGCAGC-1	MZ286258_1_ORF2	1	1	13	13	TRUE	TRUE
CTTATGAGTTTGGCGC-1	MZ286188_1_ORF1	1	0	4	4	TRUE	TRUE
CTTCAACCAAGCCATA-1	MZ286258_1_ORF2	0	0	1	3	FALSE	TRUE
CTTCAACCAATGTCCT-1	OZ258728_1_ORF2	0	0	1	1	FALSE	TRUE
CTTCAACCACATTCGT-1	OZ258728_1_ORF2	1	1	50	50	TRUE	TRUE
CTTCAACCACCCAACC-1	MZ286102_1_ORF2	0	0	2	2	TRUE	TRUE
CTTCAACCACCGGTAG-1	MZ286197_1_ORF2	0	0	2	2	TRUE	TRUE
CTTCAACCACGTGAAC-1	OP549859_1_ORF1	0	0	1	1	FALSE	FALSE
CTTCAACCAGACACAC-1	MZ286197_1_ORF1	0	0	1	1	FALSE	TRUE
CTTCAACCAGATACAT-1	MZ286102_1_ORF2	1	0	4	4	TRUE	TRUE
CTTCAACCAGATCCTT-1	MZ286258_1_ORF1	0	0	1	1	FALSE	FALSE
CTTCAACCAGGATTGC-1	OZ258728_1_ORF2	0	0	1	1	FALSE	FALSE
CTTCAACCAGGTAGAG-1	OZ258728_1_ORF1	1	0	4	5	TRUE	TRUE
CTTCAACCATGGCCTC-1	OZ258728_1_ORF2	0	0	1	1	FALSE	FALSE
CTTCAACCATTACAGG-1	OP549859_1_ORF1	0	0	1	1	FALSE	TRUE
CTTCAATAGACTCAGG-1	MZ286188_1_ORF2	0	0	1	1	FALSE	TRUE
CTTCAATAGACTTGCC-1	OZ258728_1_ORF2	0	0	1	1	FALSE	FALSE
CTTCAATAGAGTCGCA-1	OZ258728_1_ORF2	1	0	5	6	TRUE	TRUE
CTTCAATAGATAGTCA-1	OZ258728_1_ORF2	1	0	7	7	TRUE	FALSE
CTTCAATAGATGAGGA-1	OZ258728_1_ORF1	2	2	89	154	FALSE	TRUE
CTTCAATAGGATAGAG-1	OZ258728_1_ORF2	0	0	2	2	TRUE	FALSE
CTTCAATAGGCGGTGT-1	OP549859_1_ORF1	0	0	1	1	FALSE	TRUE
CTTCAATAGGCTGCAA-1	MZ286258_1_ORF1	0	0	1	1	FALSE	TRUE
CTTCAATAGGGCGTGT-1	OP549859_1_ORF1	1	0	4	4	TRUE	TRUE
CTTCAATAGGGTTAGT-1	MZ286197_1_ORF2	0	0	1	1	FALSE	TRUE
CTTCAATAGTAAGCAC-1	OP549859_1_ORF2	1	0	4	5	TRUE	TRUE
CTTCAATAGTCATTAC-1	OP549859_1_ORF1	0	0	1	1	FALSE	FALSE
CTTCAATAGTGTGTCC-1	OZ258728_1_ORF1	0	0	1	1	FALSE	FALSE
CTTCAATAGTTGAATG-1	MZ286102_1_ORF2	1	0	4	4	TRUE	TRUE
CTTCAATAGTTGCACC-1	MZ286102_1_ORF1	0	0	2	2	TRUE	TRUE
CTTCACCGTACCTCTC-1	OZ258728_1_ORF2	0	0	1	1	FALSE	FALSE
CTTCACCGTCCGCGAT-1	MZ286102_1_ORF2	0	0	3	7	FALSE	TRUE
CTTCACCGTGAGAGGA-1	MZ286258_1_ORF1	0	0	1	1	FALSE	FALSE
CTTCACCGTGCCCAAC-1	OP549859_1_ORF2	0	0	1	1	FALSE	FALSE
CTTCACCGTGCGTAGG-1	MZ286188_1_ORF2	1	0	9	11	TRUE	TRUE
CTTCACCGTTAACTGC-1	OP549859_1_ORF1	0	0	1	1	FALSE	TRUE
CTTCACTTCCCTTCCA-1	MZ286102_1_ORF2	0	0	1	1	FALSE	TRUE
CTTCACTTCCGTTGCG-1	meGFP	0	0	2	2	TRUE	TRUE
CTTCACTTCGCTTGGT-1	MZ286102_1_ORF2	1	1	11	12	TRUE	TRUE
CTTCACTTCTACCGAC-1	MZ286188_1_ORF2	0	0	1	1	FALSE	FALSE
CTTCACTTCTCACGCG-1	OZ258728_1_ORF1	1	1	20	20	TRUE	TRUE
CTTCATGAGCGCTTAC-1	MZ286197_1_ORF1	1	1	15	19	TRUE	TRUE
CTTCATGAGGGGAACG-1	meGFP	0	0	1	1	FALSE	FALSE
CTTCATGAGGGGTAGG-1	MZ286188_1_ORF1	0	0	1	1	FALSE	FALSE
CTTCATGAGGTAGGTT-1	meGFP	0	0	1	2	FALSE	TRUE
CTTCATGAGTAGCTCC-1	MZ286102_1_ORF1	0	0	1	2	FALSE	TRUE
CTTCATGAGTCGCTCG-1	OP549859_1_ORF2	0	0	1	1	FALSE	TRUE
CTTCATGAGTTGCACC-1	MZ286102_1_ORF1	0	0	1	1	FALSE	FALSE
CTTCATTGTAGCTGAA-1	OZ258728_1_ORF2	1	1	34	34	TRUE	TRUE
CTTCATTGTCACTCCT-1	MZ286188_1_ORF2	0	0	1	1	FALSE	FALSE
CTTCATTGTCAGCCGT-1	meGFP	1	1	34	35	TRUE	TRUE
CTTCATTGTCCACACA-1	meGFP	0	0	1	1	FALSE	FALSE
CTTCATTGTCTGGATT-1	MZ286258_1_ORF2	0	0	1	1	FALSE	FALSE
CTTCATTGTGCACTCA-1	OZ258728_1_ORF2	0	0	1	1	FALSE	TRUE
CTTCATTGTGGAAGGA-1	MZ286102_1_ORF2	0	0	1	1	FALSE	FALSE
CTTCATTGTTCCAACG-1	OP549859_1_ORF2	0	0	1	1	FALSE	FALSE
CTTCATTGTTCCCAGA-1	MZ286258_1_ORF2	1	1	10	11	TRUE	TRUE
CTTCATTGTTTGGATC-1	meGFP	0	0	1	1	FALSE	TRUE
CTTCGCGAGAACGAAG-1	meGFP	1	1	11	11	TRUE	TRUE
CTTCGCGAGAGTCGCA-1	OP549859_1_ORF1	0	0	1	1	FALSE	TRUE
CTTCGCGAGATGACAC-1	meGFP	1	1	36	37	TRUE	TRUE
CTTCGCGAGGGCAACC-1	MZ286258_1_ORF1	0	0	1	1	FALSE	FALSE
CTTCGCGAGGGCGTGT-1	OZ258728_1_ORF2	0	0	1	2	FALSE	TRUE
CTTCGCGAGGGTGATT-1	MZ286258_1_ORF1	0	0	2	2	TRUE	TRUE
CTTCGCGAGGTCGTCT-1	MZ286188_1_ORF2	0	0	1	1	FALSE	FALSE
CTTCGCGAGGTTCATT-1	OP549859_1_ORF2	0	0	1	1	FALSE	TRUE
CTTCGCGAGTAATCCT-1	meGFP	0	0	1	1	FALSE	TRUE
CTTCGCGAGTACTGGG-1	MZ286197_1_ORF1	1	1	16	16	TRUE	TRUE
CTTCGCTGTACCCAAT-1	MZ286197_1_ORF1	0	0	1	1	FALSE	FALSE
CTTCGCTGTACGTTCG-1	OZ258728_1_ORF2	0	0	1	1	FALSE	FALSE
CTTCGCTGTAGGTAGC-1	OP549859_1_ORF2	0	0	2	2	TRUE	TRUE
CTTCGCTGTCATCGTG-1	MZ286197_1_ORF1	0	0	1	1	FALSE	TRUE
CTTCGCTGTCCACGGT-1	OZ258728_1_ORF2	2	1	18	22	TRUE	TRUE
CTTCGCTGTCGCATAT-1	MZ286258_1_ORF2	1	0	5	7	TRUE	TRUE
CTTCGCTGTCGGGACA-1	MZ286258_1_ORF1	0	0	3	5	FALSE	TRUE
CTTCGCTGTCTGGCGT-1	OZ258728_1_ORF2	0	0	1	1	FALSE	FALSE
CTTCGCTGTTATGCAC-1	MZ286197_1_ORF1	0	0	1	1	FALSE	TRUE
CTTCGCTGTTCTGGCA-1	OZ258728_1_ORF2	1	1	12	14	TRUE	TRUE
CTTCGCTGTTGGACTT-1	MZ286102_1_ORF2	1	0	6	6	TRUE	TRUE
CTTCGTGCAACCAGCG-1	MZ286188_1_ORF1	0	0	1	1	FALSE	TRUE
CTTCGTGCAACCCGTC-1	MZ286188_1_ORF1	0	0	1	1	FALSE	TRUE
CTTCGTGCAACGGACT-1	meGFP	0	0	1	1	FALSE	FALSE
CTTCGTGCAAGTGAGG-1	MZ286197_1_ORF1	1	0	4	4	TRUE	TRUE
CTTCGTGCACACAGCG-1	OP549859_1_ORF1	0	0	2	2	TRUE	TRUE
CTTCGTGCAGAATGAA-1	MZ286197_1_ORF1	0	0	2	4	FALSE	FALSE
CTTCGTGCAGCCAACG-1	OP549859_1_ORF1	0	0	1	2	FALSE	TRUE
CTTCGTGCAGTTCGGG-1	OZ258728_1_ORF1	0	0	1	3	FALSE	TRUE
CTTCGTGCATATCACC-1	OP549859_1_ORF1	0	0	1	1	FALSE	FALSE
CTTCGTTTCCTGAGAG-1	MZ286188_1_ORF1	0	0	1	2	FALSE	TRUE
CTTCGTTTCGCAACTC-1	OZ258728_1_ORF2	1	1	11	11	TRUE	TRUE
CTTCGTTTCGCACCAT-1	MZ286258_1_ORF2	0	0	2	4	FALSE	TRUE
CTTCGTTTCGCCCGTA-1	OZ258728_1_ORF2	0	0	1	1	FALSE	FALSE
CTTCGTTTCTGCCACG-1	OZ258728_1_ORF2	0	0	2	4	FALSE	TRUE
CTTCGTTTCTGCCATA-1	OZ258728_1_ORF2	0	0	1	1	FALSE	TRUE
CTTCTACTCAATCCAT-1	OP549859_1_ORF1	0	0	2	3	FALSE	TRUE
CTTCTACTCACTAGGG-1	MZ286258_1_ORF2	1	0	9	9	TRUE	TRUE
CTTCTACTCAGGCTAG-1	MZ286102_1_ORF2	1	1	15	16	TRUE	TRUE
CTTCTACTCATTGCCA-1	MZ286197_1_ORF2	0	0	1	1	FALSE	TRUE
CTTCTACTCGCTATGC-1	OZ258728_1_ORF2	0	0	1	1	FALSE	FALSE
CTTCTACTCGGCTCCA-1	OP549859_1_ORF1	0	0	1	1	FALSE	TRUE
CTTCTACTCTCAGCAC-1	meGFP	0	0	1	1	FALSE	TRUE
CTTCTATGTAACCATC-1	MZ286188_1_ORF1	1	1	14	15	TRUE	TRUE
CTTCTATGTACCTGGC-1	OZ258728_1_ORF2	1	1	11	11	TRUE	TRUE
CTTCTATGTATACTGC-1	MZ286197_1_ORF2	0	0	2	3	FALSE	TRUE
CTTCTATGTATGTGGA-1	OP549859_1_ORF1	0	0	1	1	FALSE	FALSE
CTTCTATGTCAAGCCC-1	OZ258728_1_ORF2	0	0	1	1	FALSE	FALSE
CTTCTATGTGATCAAG-1	meGFP	1	1	173	174	TRUE	TRUE
CTTCTATGTGCGTACC-1	MZ286258_1_ORF2	0	0	1	1	FALSE	FALSE
CTTCTATGTTACCTAA-1	OP549859_1_ORF2	1	0	4	5	TRUE	TRUE
CTTCTATGTTCGATTA-1	MZ286197_1_ORF1	0	0	1	1	FALSE	FALSE
CTTCTATGTTCGCTGA-1	OP549859_1_ORF1	1	1	23	25	TRUE	TRUE
CTTCTATGTTTGGTAC-1	MZ286258_1_ORF2	1	1	24	24	TRUE	TRUE
CTTCTCCCAAAGTCAT-1	MZ286258_1_ORF1	0	0	3	3	TRUE	FALSE
CTTCTCCCAACAGGCT-1	OZ258728_1_ORF2	0	0	1	1	FALSE	FALSE
CTTCTCCCAAGTGACC-1	MZ286102_1_ORF1	1	0	4	5	TRUE	TRUE
CTTCTCCCAATTAGAC-1	MZ286197_1_ORF1	0	0	1	1	FALSE	TRUE
CTTCTCCCACATGCGG-1	MZ286258_1_ORF2	0	0	1	1	FALSE	TRUE
CTTCTCCCACCGTACC-1	MZ286102_1_ORF1	0	0	1	1	FALSE	FALSE
CTTCTCCCAGACACAC-1	meGFP	1	0	9	9	TRUE	FALSE
CTTCTCCCAGGAAGTG-1	OP549859_1_ORF2	1	0	5	5	TRUE	TRUE
CTTCTCCCATGACAGC-1	OZ258728_1_ORF1	0	0	1	1	FALSE	FALSE
CTTCTCCCATGGTGTA-1	MZ286102_1_ORF2	2	1	22	28	TRUE	TRUE
CTTGACGGTACAGGGT-1	OZ258728_1_ORF2	0	0	1	1	FALSE	FALSE
CTTGACGGTCCAGCTA-1	OZ258728_1_ORF2	1	0	9	9	TRUE	FALSE
CTTGACGGTGATAGTG-1	OP549859_1_ORF2	2	0	5	12	FALSE	TRUE
CTTGACGGTGATTGCT-1	OZ258728_1_ORF2	1	1	58	58	TRUE	TRUE
CTTGACGGTGGGTTCC-1	MZ286102_1_ORF2	0	0	1	1	FALSE	TRUE
CTTGACGGTGTCAGTT-1	OP549859_1_ORF1	1	1	48	49	TRUE	TRUE
CTTGACGGTGTTGCAT-1	OZ258728_1_ORF1	0	0	1	1	FALSE	FALSE
CTTGACGGTTTGAACC-1	meGFP	0	0	1	1	FALSE	TRUE
CTTGATGTCACCGTTA-1	meGFP	0	0	2	4	FALSE	TRUE
CTTGATGTCAGGATGT-1	MZ286188_1_ORF1	1	0	4	4	TRUE	TRUE
CTTGATGTCATTCGAT-1	OP549859_1_ORF2	1	1	40	41	TRUE	TRUE
CTTGATGTCCACCAGT-1	MZ286197_1_ORF2	0	0	1	1	FALSE	FALSE
CTTGATGTCCCACAGT-1	MZ286188_1_ORF2	0	0	1	1	FALSE	TRUE
CTTGATGTCCCTTACT-1	MZ286188_1_ORF1	0	0	2	2	TRUE	TRUE
CTTGATGTCGACCTCG-1	meGFP	2	1	10	18	FALSE	TRUE
CTTGATGTCTAAGCGG-1	meGFP	1	1	84	84	TRUE	TRUE
CTTGATGTCTACGCCG-1	MZ286188_1_ORF1	1	1	45	46	TRUE	TRUE
CTTGATGTCTAGGCAG-1	MZ286197_1_ORF1	0	0	1	1	FALSE	FALSE
CTTGATTAGAGTCGCA-1	OZ258728_1_ORF2	1	1	64	64	TRUE	TRUE
CTTGATTAGAGTTAGC-1	OZ258728_1_ORF2	0	0	1	2	FALSE	TRUE
CTTGATTAGATCAGTA-1	meGFP	0	0	1	1	FALSE	TRUE
CTTGATTAGATGCCTC-1	OZ258728_1_ORF2	3	1	66	77	TRUE	TRUE
CTTGATTAGCAACTAA-1	MZ286258_1_ORF2	0	0	1	1	FALSE	FALSE
CTTGATTAGCATTGGG-1	MZ286188_1_ORF2	0	0	1	1	FALSE	TRUE
CTTGATTAGCCAGACA-1	OZ258728_1_ORF2	0	0	1	1	FALSE	TRUE
CTTGATTAGCGGGTTA-1	OZ258728_1_ORF1	0	0	1	1	FALSE	FALSE
CTTGATTAGGAGGTCC-1	OZ258728_1_ORF2	0	0	1	1	FALSE	TRUE
CTTGATTAGGATCGCA-1	MZ286197_1_ORF1	0	0	1	1	FALSE	TRUE
CTTGATTAGGGATGGG-1	OP549859_1_ORF1	0	0	1	1	FALSE	FALSE
CTTGATTAGTCCACGT-1	MZ286258_1_ORF2	0	0	3	4	TRUE	TRUE
CTTGCAGGTACCGACC-1	OZ258728_1_ORF1	0	0	1	1	FALSE	FALSE
CTTGCAGGTCGACTCA-1	OP549859_1_ORF1	1	1	14	14	TRUE	TRUE
CTTGCAGGTCGCATAT-1	MZ286102_1_ORF2	1	1	15	17	TRUE	TRUE
CTTGCAGGTGGGTAAC-1	OZ258728_1_ORF1	0	0	1	2	FALSE	TRUE
CTTGCAGGTGTAACTC-1	MZ286188_1_ORF2	0	0	1	1	FALSE	TRUE
CTTGCAGGTTACGGAA-1	MZ286197_1_ORF1	0	0	1	1	FALSE	TRUE
CTTGCAGGTTCTCATT-1	OZ258728_1_ORF1	1	1	12	12	TRUE	TRUE
CTTGCCTGTAAGTCTC-1	MZ286197_1_ORF2	1	0	4	4	TRUE	TRUE
CTTGCCTGTAGCACTT-1	MZ286258_1_ORF1	0	0	1	1	FALSE	TRUE
CTTGCCTGTCCCATCT-1	MZ286258_1_ORF1	3	0	7	19	FALSE	TRUE
CTTGCCTGTCCGTCAA-1	MZ286197_1_ORF1	0	0	1	2	FALSE	TRUE
CTTGCCTGTCGAAGGT-1	OZ258728_1_ORF1	1	1	61	62	TRUE	TRUE
CTTGCCTGTCGCTGGT-1	MZ286102_1_ORF2	0	0	1	1	FALSE	FALSE
CTTGCCTGTCTTGGGC-1	meGFP	0	0	2	2	TRUE	TRUE
CTTGCCTGTGAGGTGT-1	OZ258728_1_ORF2	0	0	1	1	FALSE	TRUE
CTTGCCTGTGGAGAGA-1	MZ286102_1_ORF2	0	0	3	3	TRUE	TRUE
CTTGCCTGTGGCTTGC-1	meGFP	0	0	1	1	FALSE	FALSE
CTTGCCTGTGTACCAT-1	OP549859_1_ORF1	0	0	1	1	FALSE	FALSE
CTTGCCTGTTACCGTG-1	MZ286197_1_ORF2	0	0	1	1	FALSE	FALSE
CTTGCCTGTTCGTGCA-1	OZ258728_1_ORF2	0	0	1	1	FALSE	FALSE
CTTGCCTGTTGACCGC-1	MZ286102_1_ORF1	0	0	1	1	FALSE	FALSE
CTTGCCTGTTGCAGTT-1	MZ286188_1_ORF1	0	0	1	1	FALSE	TRUE
CTTGCCTGTTGGACCC-1	OZ258728_1_ORF2	1	0	4	14	TRUE	TRUE
CTTGCCTGTTGTCCTC-1	OZ258728_1_ORF2	0	0	1	1	FALSE	FALSE
CTTGCTCGTACCGACC-1	OZ258728_1_ORF1	0	0	1	1	FALSE	FALSE
CTTGCTCGTCTTGCTC-1	OZ258728_1_ORF2	1	1	65	66	TRUE	TRUE
CTTGCTCGTGAGAGGA-1	OZ258728_1_ORF2	0	0	1	1	FALSE	TRUE
CTTGCTCGTGGTGCGA-1	MZ286102_1_ORF2	0	0	1	1	FALSE	TRUE
CTTGCTCGTTATGGAG-1	MZ286258_1_ORF1	0	0	1	1	FALSE	TRUE
CTTGCTCGTTCGTAAC-1	MZ286258_1_ORF1	0	0	1	4	FALSE	FALSE
CTTGCTCGTTTACCAA-1	OZ258728_1_ORF1	0	0	1	1	FALSE	FALSE
CTTGCTCGTTTCAAGC-1	MZ286102_1_ORF2	0	0	1	1	FALSE	TRUE
CTTGCTCGTTTGCCCT-1	MZ286188_1_ORF1	1	1	78	78	TRUE	TRUE
CTTGCTTTCCTCTGGG-1	MZ286188_1_ORF1	0	0	1	1	FALSE	TRUE
CTTGCTTTCTGATAGA-1	OZ258728_1_ORF2	0	0	2	2	TRUE	TRUE
CTTGCTTTCTGATTAC-1	MZ286258_1_ORF2	0	0	1	1	FALSE	TRUE
CTTGCTTTCTGGACCT-1	OZ258728_1_ORF2	0	0	1	1	FALSE	FALSE
CTTGGACTCAACCGGA-1	MZ286102_1_ORF2	1	0	4	4	TRUE	TRUE
CTTGGACTCAACCGTC-1	OZ258728_1_ORF2	0	0	3	3	TRUE	TRUE
CTTGGACTCACCGTTA-1	MZ286197_1_ORF1	0	0	1	1	FALSE	FALSE
CTTGGACTCATCCGAC-1	OP549859_1_ORF2	0	0	1	1	FALSE	TRUE
CTTGGACTCCATGACC-1	meGFP	0	0	1	1	FALSE	TRUE
CTTGGACTCCGCGCTA-1	OP549859_1_ORF1	3	2	10	27	FALSE	TRUE
CTTGGACTCCTCCTAT-1	MZ286102_1_ORF2	1	1	13	13	TRUE	TRUE
CTTGGACTCGATCCCG-1	MZ286197_1_ORF2	1	0	4	4	TRUE	TRUE
CTTGGACTCGCGTCCA-1	OZ258728_1_ORF2	0	0	1	1	FALSE	FALSE
CTTGGACTCTACCAGC-1	OZ258728_1_ORF2	0	0	1	1	FALSE	FALSE
CTTGGACTCTCAGTGC-1	MZ286197_1_ORF2	0	0	1	1	FALSE	FALSE
CTTGGACTCTCCATCT-1	OP549859_1_ORF1	0	0	1	1	FALSE	TRUE
CTTGGGGCAACAGGCT-1	OZ258728_1_ORF2	0	0	1	1	FALSE	FALSE
CTTGGGGCAACGAGCT-1	meGFP	0	0	2	3	FALSE	TRUE
CTTGGGGCAAGTGTCA-1	MZ286258_1_ORF2	0	0	2	2	TRUE	TRUE
CTTGGGGCAATCTCAC-1	OZ258728_1_ORF1	0	0	1	1	FALSE	FALSE
CTTGGGGCACCATGCC-1	MZ286188_1_ORF2	1	0	4	4	TRUE	TRUE
CTTGGGGCACCTGCAC-1	MZ286102_1_ORF2	1	0	9	9	TRUE	TRUE
CTTGGGGCACGCTACC-1	MZ286188_1_ORF2	0	0	2	2	TRUE	TRUE
CTTGGGGCATGCAGGT-1	OZ258728_1_ORF2	0	0	1	1	FALSE	FALSE
CTTGGGTTCAATCACT-1	OZ258728_1_ORF2	1	1	13	13	TRUE	TRUE
CTTGGGTTCACACTTG-1	OP549859_1_ORF1	1	1	58	59	TRUE	TRUE
CTTGGGTTCATTCGAT-1	meGFP	0	0	1	1	FALSE	FALSE
CTTGGGTTCCAATCAT-1	MZ286102_1_ORF2	1	0	9	9	TRUE	TRUE
CTTGGGTTCCGACATC-1	MZ286188_1_ORF2	1	1	17	17	TRUE	TRUE
CTTGGGTTCCGCCTGA-1	OZ258728_1_ORF2	0	0	1	1	FALSE	TRUE
CTTGGGTTCGAACGTG-1	MZ286197_1_ORF1	1	0	6	6	TRUE	TRUE
CTTGGGTTCGACGGGT-1	OZ258728_1_ORF1	0	0	1	2	FALSE	TRUE
CTTGGGTTCGCACCAT-1	OZ258728_1_ORF1	1	1	10	12	TRUE	TRUE
CTTGGGTTCGCCCTGA-1	MZ286197_1_ORF1	0	0	2	2	TRUE	TRUE
CTTGGGTTCGCTTGAC-1	MZ286258_1_ORF2	0	0	1	1	FALSE	FALSE
CTTGGGTTCGTCTAGC-1	OZ258728_1_ORF2	0	0	1	1	FALSE	TRUE
CTTGGGTTCTCGATTG-1	OZ258728_1_ORF2	1	1	11	12	TRUE	TRUE
CTTGGGTTCTCTAACG-1	MZ286102_1_ORF2	0	0	2	2	TRUE	TRUE
CTTGGGTTCTCTGGCG-1	MZ286188_1_ORF2	1	1	25	25	TRUE	TRUE
CTTGTAAGTGGCTTGC-1	MZ286102_1_ORF2	1	0	6	7	TRUE	TRUE
CTTGTAAGTGTCCGGT-1	MZ286197_1_ORF1	0	0	1	1	FALSE	TRUE
CTTGTACCAACGTAAT-1	MZ286258_1_ORF2	0	0	1	1	FALSE	TRUE
CTTGTACCAAGATGGG-1	MZ286102_1_ORF2	1	1	13	14	TRUE	TRUE
CTTGTACCAAGCGAAG-1	OZ258728_1_ORF2	0	0	1	1	FALSE	FALSE
CTTGTACCAAGTCAAT-1	MZ286188_1_ORF1	0	0	1	1	FALSE	TRUE
CTTGTACCAATTGGTG-1	MZ286197_1_ORF2	0	0	1	1	FALSE	TRUE
CTTGTACCACATGCGG-1	MZ286258_1_ORF2	0	0	1	1	FALSE	FALSE
CTTGTACCACTACCCA-1	OZ258728_1_ORF2	0	0	1	1	FALSE	FALSE
CTTGTACCACTCGTCA-1	OZ258728_1_ORF2	0	0	1	1	FALSE	TRUE
CTTGTACCAGGAAGCA-1	OZ258728_1_ORF2	2	1	42	46	TRUE	TRUE
CTTGTACCATAGTAAC-1	meGFP	0	0	1	1	FALSE	FALSE
CTTGTACCATCAGCAA-1	OZ258728_1_ORF1	0	0	1	1	FALSE	TRUE
CTTGTACCATGTGCAA-1	MZ286102_1_ORF1	0	0	1	1	FALSE	FALSE
CTTGTCCGTACGAATG-1	MZ286258_1_ORF2	0	0	1	1	FALSE	FALSE
CTTGTCCGTACTGTCG-1	meGFP	0	0	1	1	FALSE	TRUE
CTTGTCCGTCGATGAA-1	MZ286188_1_ORF1	0	0	1	1	FALSE	FALSE
CTTGTCCGTCGTTAGT-1	MZ286258_1_ORF2	0	0	1	1	FALSE	FALSE
CTTGTCCGTGCACTCA-1	OP549859_1_ORF1	1	1	23	23	TRUE	TRUE
CTTGTCCGTGCTTAGT-1	MZ286188_1_ORF1	0	0	1	1	FALSE	FALSE
CTTGTCCGTGGTTCGC-1	OP549859_1_ORF1	0	0	1	1	FALSE	TRUE
CTTGTCCGTTTAGCAC-1	MZ286102_1_ORF2	2	0	6	16	FALSE	TRUE
CTTGTCCGTTTAGGCT-1	MZ286258_1_ORF1	0	0	1	1	FALSE	FALSE
CTTGTGATCACAGGCA-1	MZ286102_1_ORF2	1	0	4	5	TRUE	TRUE
CTTGTGATCCCAGTAC-1	meGFP	2	1	138	143	TRUE	TRUE
CTTGTGATCCGCCTGA-1	meGFP	0	0	1	2	FALSE	TRUE
CTTGTGATCGAGCAGC-1	MZ286188_1_ORF1	0	0	1	1	FALSE	TRUE
CTTGTGATCGCAAGGC-1	OZ258728_1_ORF2	0	0	1	1	FALSE	TRUE
CTTGTGATCGCCAGTT-1	MZ286258_1_ORF1	0	0	1	1	FALSE	TRUE
CTTGTGATCGCTTGGT-1	meGFP	0	0	1	2	FALSE	TRUE
CTTGTGATCTCACGCG-1	OZ258728_1_ORF2	0	0	1	1	FALSE	FALSE
CTTGTGATCTCAGTGC-1	meGFP	1	1	56	56	TRUE	TRUE
CTTGTGATCTGCCACG-1	MZ286197_1_ORF2	0	0	1	2	FALSE	TRUE
CTTGTGATCTGGACCT-1	OZ258728_1_ORF2	0	0	1	1	FALSE	TRUE
CTTGTGATCTGTACCA-1	MZ286102_1_ORF2	1	1	15	15	TRUE	TRUE
CTTGTGCAGAACCCAG-1	MZ286102_1_ORF2	0	0	2	3	FALSE	TRUE
CTTGTGCAGACATCGG-1	OZ258728_1_ORF2	0	0	1	2	FALSE	TRUE
CTTGTGCAGCAATCAA-1	OP549859_1_ORF1	0	0	3	3	TRUE	TRUE
CTTGTGCAGCTCGAAG-1	OP549859_1_ORF2	1	1	10	11	TRUE	TRUE
CTTGTGCAGGAGTGAA-1	MZ286197_1_ORF2	0	0	2	2	TRUE	TRUE
CTTGTGCAGGCGTGGT-1	MZ286258_1_ORF2	1	1	14	16	TRUE	TRUE
CTTGTGCAGTGCAACG-1	meGFP	0	0	1	1	FALSE	FALSE
GCAACCCGTATACTGC-1	meGFP	0	0	1	1	FALSE	FALSE
GCAACCCGTCGGGCTT-1	OZ258728_1_ORF2	0	0	1	1	FALSE	FALSE
GCAACCCGTGATTGCT-1	OZ258728_1_ORF2	0	0	1	1	FALSE	FALSE
GCAACCCGTGCAATTC-1	MZ286258_1_ORF2	0	0	1	1	FALSE	TRUE
GCAACCCGTGCATGAA-1	OZ258728_1_ORF2	1	1	28	29	TRUE	TRUE
GCAACCCGTTACGGAA-1	OP549859_1_ORF1	0	0	1	1	FALSE	TRUE
GCAACCCGTTAGATGG-1	MZ286197_1_ORF2	0	0	3	3	TRUE	TRUE
GCAACCCGTTCCGCAA-1	OZ258728_1_ORF2	1	0	9	9	TRUE	TRUE
GCAACCCGTTGGTGAA-1	OZ258728_1_ORF2	1	1	140	140	TRUE	TRUE
GCAAGATTCAAGGTAC-1	OZ258728_1_ORF1	0	0	1	1	FALSE	TRUE
GCAAGATTCATCCCTT-1	OP549859_1_ORF1	1	1	35	35	TRUE	TRUE
GCAAGATTCCGTGATC-1	OP549859_1_ORF2	0	0	1	1	FALSE	FALSE
GCAAGATTCGGGATCA-1	OP549859_1_ORF2	1	0	5	5	TRUE	TRUE
GCAAGATTCGTTACTG-1	MZ286188_1_ORF1	1	1	34	34	TRUE	TRUE
GCAAGATTCTCTGTGA-1	MZ286197_1_ORF2	1	0	4	4	TRUE	TRUE
GCAAGATTCTTGAGTT-1	MZ286258_1_ORF2	1	1	10	10	TRUE	TRUE
GCAAGGGAGAATGGTC-1	MZ286197_1_ORF2	0	0	1	2	FALSE	TRUE
GCAAGGGAGCCACTTA-1	OZ258728_1_ORF2	0	0	1	1	FALSE	TRUE
GCAAGGGAGCCTTCAA-1	MZ286258_1_ORF2	1	1	14	14	TRUE	TRUE
GCAAGGGAGCTATACT-1	MZ286188_1_ORF2	1	0	5	6	TRUE	TRUE
GCAAGGGAGCTTAGTT-1	MZ286258_1_ORF2	0	0	1	1	FALSE	FALSE
GCAAGGGAGGACGTTG-1	OZ258728_1_ORF2	0	0	1	1	FALSE	FALSE
GCAAGGGAGGGTGTCA-1	OZ258728_1_ORF2	0	0	1	3	FALSE	TRUE
GCAAGGGAGGTCGTCT-1	OZ258728_1_ORF2	0	0	1	1	FALSE	FALSE
GCAAGGGAGGTCTACC-1	OZ258728_1_ORF2	1	1	53	53	TRUE	TRUE
GCAAGGGAGTGCAACG-1	MZ286258_1_ORF2	0	0	2	2	TRUE	FALSE
GCAAGGGAGTGCAGAT-1	MZ286258_1_ORF2	1	0	4	4	TRUE	TRUE
GCAATACAGACCCATC-1	OZ258728_1_ORF2	0	0	2	2	TRUE	FALSE
GCAATACAGACTTGAA-1	meGFP	1	1	12	12	TRUE	TRUE
GCAATACAGCCCGATT-1	OZ258728_1_ORF2	1	0	6	6	TRUE	TRUE
GCAATACAGCTCGAAG-1	OZ258728_1_ORF2	0	0	1	1	FALSE	TRUE
GCAATACAGGAATGTC-1	meGFP	1	1	24	25	TRUE	TRUE
GCAATACAGGACTAAC-1	OP549859_1_ORF1	0	0	1	1	FALSE	FALSE
GCAATACAGGATCACG-1	OP549859_1_ORF1	0	0	1	2	FALSE	TRUE
GCAATACAGGCACGGT-1	MZ286102_1_ORF1	1	1	10	10	TRUE	TRUE
GCAATACAGGCTTGCT-1	OZ258728_1_ORF2	0	0	2	3	FALSE	TRUE
GCAATACAGGTACCCT-1	OZ258728_1_ORF1	1	1	21	21	TRUE	TRUE
GCAATACAGGTGTGGC-1	OZ258728_1_ORF2	0	0	3	4	TRUE	TRUE
GCAATACAGGTTAATG-1	meGFP	0	0	1	1	FALSE	TRUE
GCAATACAGTCTCACA-1	MZ286258_1_ORF2	0	0	1	1	FALSE	TRUE
GCAATACAGTGTCCGT-1	meGFP	0	0	1	1	FALSE	TRUE
GCAATGGTCAACCTTG-1	OZ258728_1_ORF2	1	1	60	61	TRUE	TRUE
GCAATGGTCATCCGAC-1	MZ286258_1_ORF1	1	1	52	53	TRUE	TRUE
GCAATGGTCCAAGTCC-1	OZ258728_1_ORF2	0	0	1	1	FALSE	FALSE
GCAATGGTCCATGACC-1	MZ286258_1_ORF1	0	0	1	1	FALSE	FALSE
GCAATGGTCCGAAGCA-1	OZ258728_1_ORF2	0	0	1	1	FALSE	FALSE
GCAATGGTCGCGCATT-1	meGFP	0	0	1	1	FALSE	FALSE
GCAATGGTCGGATATA-1	MZ286258_1_ORF1	0	0	1	3	FALSE	TRUE
GCAATGGTCGTCCGTG-1	OP549859_1_ORF1	0	0	1	1	FALSE	FALSE
GCAATGGTCTGCAATT-1	MZ286258_1_ORF1	0	0	1	1	FALSE	FALSE
GCAATGGTCTTGCGGT-1	meGFP	1	1	15	16	TRUE	TRUE
GCACAGGGTCAAGTAG-1	MZ286102_1_ORF2	0	0	1	1	FALSE	FALSE
GCACAGGGTCAGGAGT-1	MZ286188_1_ORF2	0	0	2	2	TRUE	TRUE
GCACAGGGTCAGTCGC-1	meGFP	0	0	1	1	FALSE	TRUE
GCACAGGGTCCACGGT-1	MZ286197_1_ORF1	0	0	1	3	FALSE	TRUE
GCACAGGGTCTATCGG-1	OZ258728_1_ORF1	1	1	42	42	TRUE	TRUE
GCACAGGGTCTTACCC-1	OP549859_1_ORF2	0	0	1	1	FALSE	TRUE
GCACAGGGTGATAGTG-1	OP549859_1_ORF1	0	0	1	1	FALSE	TRUE
GCACAGGGTGCCTAAT-1	MZ286258_1_ORF2	0	0	1	1	FALSE	FALSE
GCACAGGGTGTCTATA-1	OP549859_1_ORF2	1	1	16	16	TRUE	TRUE
GCACAGGGTTAACGAG-1	MZ286258_1_ORF2	1	0	9	10	TRUE	TRUE
GCACAGGGTTCGATTA-1	OP549859_1_ORF1	0	0	2	2	TRUE	FALSE
GCACAGGGTTCTATGA-1	OP549859_1_ORF2	0	0	2	2	TRUE	TRUE
GCACAGGGTTGAAGCA-1	OZ258728_1_ORF2	1	1	10	10	TRUE	TRUE
GCACAGGGTTTCCTAT-1	MZ286102_1_ORF2	0	0	1	1	FALSE	TRUE
GCACAGGGTTTGCCCT-1	MZ286102_1_ORF2	1	0	7	8	TRUE	TRUE
GCACCTCCAAACCATG-1	OP549859_1_ORF1	1	1	19	19	TRUE	TRUE
GCACCTCCAACCTTAC-1	OZ258728_1_ORF2	0	0	2	3	FALSE	TRUE
GCACCTCCAACTCTAC-1	MZ286258_1_ORF2	0	0	1	1	FALSE	FALSE
GCACCTCCACAACGGT-1	MZ286102_1_ORF2	0	0	3	4	TRUE	TRUE
GCACCTCCACAATCCT-1	meGFP	0	0	1	2	FALSE	TRUE
GCACCTCCACTACCCA-1	OZ258728_1_ORF1	0	0	1	1	FALSE	TRUE
GCACCTCCACTAGTCT-1	MZ286102_1_ORF2	0	0	1	1	FALSE	FALSE
GCACCTCCAGACACAC-1	OP549859_1_ORF2	0	0	1	1	FALSE	TRUE
GCACCTCCAGCTATCT-1	OZ258728_1_ORF2	0	0	1	1	FALSE	FALSE
GCACCTCCATATGCAG-1	MZ286258_1_ORF2	0	0	2	2	TRUE	TRUE
GCACCTCCATGGTCCC-1	OZ258728_1_ORF2	1	0	5	7	TRUE	TRUE
GCAGTATAGACGCGAC-1	OP549859_1_ORF1	1	1	53	53	TRUE	TRUE
GCAGTATAGATATGCA-1	meGFP	1	1	67	67	TRUE	TRUE
GCAGTATAGCGACGGT-1	OP549859_1_ORF1	0	0	1	1	FALSE	FALSE
GCAGTATAGCGCTAGA-1	OZ258728_1_ORF2	0	0	1	1	FALSE	FALSE
GCAGTATAGCTTGGTC-1	meGFP	0	0	3	3	TRUE	TRUE
GCAGTATAGGAGTGCC-1	OP549859_1_ORF2	0	0	3	3	TRUE	TRUE
GCAGTATAGTTGGCGA-1	meGFP	0	0	1	1	FALSE	FALSE
GCAGTCGCAACATCCT-1	MZ286258_1_ORF1	0	0	3	3	TRUE	TRUE
GCAGTCGCAATGTAGT-1	OP549859_1_ORF1	1	1	36	36	TRUE	TRUE
GCAGTCGCACCGCAAG-1	MZ286102_1_ORF2	1	0	7	8	TRUE	TRUE
GCAGTCGCACGAACCG-1	OP549859_1_ORF2	0	0	2	2	TRUE	TRUE
GCAGTCGCACTCCGTA-1	MZ286188_1_ORF1	0	0	1	1	FALSE	TRUE
GCAGTCGCACTTCGGC-1	MZ286258_1_ORF1	0	0	0	0	FALSE	TRUE
GCAGTCGCAGATTCGA-1	OZ258728_1_ORF1	0	0	1	1	FALSE	TRUE
GCAGTCGCATGAATCG-1	MZ286258_1_ORF2	1	1	31	31	TRUE	TRUE
GCAGTCGCATGCTCGC-1	meGFP	0	0	1	1	FALSE	FALSE
GCAGTCGCATGGACGT-1	OP549859_1_ORF1	0	0	1	1	FALSE	TRUE
GCAGTCGCATGTCCAT-1	MZ286188_1_ORF2	1	0	4	5	TRUE	TRUE
GCAGTCGCATGTCGGG-1	OP549859_1_ORF2	0	0	1	1	FALSE	TRUE
GCATAGTAGAACCTAA-1	OZ258728_1_ORF2	1	1	58	59	TRUE	TRUE
GCATAGTAGAAGCAAG-1	MZ286258_1_ORF2	1	0	8	12	TRUE	TRUE
GCATAGTAGAAGTTGC-1	OP549859_1_ORF1	1	0	6	6	TRUE	TRUE
GCATAGTAGACCCATC-1	MZ286197_1_ORF1	1	0	4	5	TRUE	TRUE
GCATAGTAGACTCCGT-1	MZ286197_1_ORF2	0	0	1	3	FALSE	TRUE
GCATAGTAGACTTGAA-1	OP549859_1_ORF2	1	0	5	5	TRUE	TRUE
GCATAGTAGATATCCT-1	OP549859_1_ORF1	1	1	65	65	TRUE	TRUE
GCATAGTAGCAATCAA-1	OZ258728_1_ORF2	0	0	1	1	FALSE	TRUE
GCATAGTAGCCACTTA-1	MZ286197_1_ORF2	0	0	1	1	FALSE	TRUE
GCATAGTAGCGTTCAC-1	OZ258728_1_ORF1	1	0	8	9	TRUE	TRUE
GCATAGTAGCTCGTTA-1	meGFP	0	0	1	1	FALSE	FALSE
GCATAGTAGGGGCTTA-1	OZ258728_1_ORF2	0	0	1	1	FALSE	TRUE
GCATCACTCACATATC-1	OZ258728_1_ORF1	1	1	47	49	TRUE	TRUE
GCATCACTCATGATCT-1	MZ286258_1_ORF2	0	0	1	1	FALSE	TRUE
GCATCACTCCACCAAC-1	MZ286197_1_ORF2	0	0	1	1	FALSE	FALSE
GCATCACTCCATGACC-1	OZ258728_1_ORF2	0	0	1	1	FALSE	TRUE
GCATCACTCCTCCTAT-1	MZ286188_1_ORF2	0	0	1	1	FALSE	TRUE
GCATCACTCCTGCCTC-1	OZ258728_1_ORF2	0	0	1	1	FALSE	FALSE
GCATCACTCGCACGAA-1	OZ258728_1_ORF2	0	0	1	1	FALSE	FALSE
GCATCACTCTAATGGA-1	MZ286258_1_ORF1	1	1	19	19	TRUE	TRUE
GCATCACTCTATACCG-1	MZ286188_1_ORF2	1	0	5	6	TRUE	TRUE
GCATCGCGTAAGGTGC-1	MZ286102_1_ORF2	0	0	1	1	FALSE	FALSE
GCATCGCGTAAGTCTC-1	OZ258728_1_ORF2	1	1	37	37	TRUE	TRUE
GCATCGCGTACAGCAA-1	MZ286258_1_ORF2	1	0	9	9	TRUE	TRUE
GCATCGCGTACCGACC-1	meGFP	0	0	1	1	FALSE	FALSE
GCATCGCGTACTTACA-1	MZ286188_1_ORF2	1	0	5	6	TRUE	TRUE
GCATCGCGTGCGCGTT-1	MZ286197_1_ORF2	1	0	5	6	TRUE	TRUE
GCATCGCGTGGGTCGA-1	OZ258728_1_ORF2	0	0	1	1	FALSE	FALSE
GCATCGCGTTGTGCGC-1	OP549859_1_ORF1	0	0	1	1	FALSE	TRUE
GCATGTTGTAAGTCTC-1	OZ258728_1_ORF2	0	0	1	1	FALSE	FALSE
GCATGTTGTAATGGGC-1	meGFP	2	0	5	11	FALSE	TRUE
GCATGTTGTAGACCAA-1	OP549859_1_ORF1	0	0	1	1	FALSE	FALSE
GCATGTTGTCCGAATT-1	OZ258728_1_ORF2	1	0	7	7	TRUE	TRUE
GCATGTTGTCGAAGGT-1	OZ258728_1_ORF2	1	1	35	35	TRUE	TRUE
GCATGTTGTCGACATT-1	meGFP	0	0	1	1	FALSE	FALSE
GCATGTTGTCGCTACA-1	OZ258728_1_ORF2	0	0	1	1	FALSE	FALSE
GCATGTTGTCGGGACA-1	OZ258728_1_ORF2	0	0	1	2	FALSE	TRUE
GCATGTTGTGAGAGCT-1	meGFP	1	0	5	5	TRUE	TRUE
GCATGTTGTGATCGTT-1	OP549859_1_ORF1	0	0	1	1	FALSE	FALSE
GCATGTTGTGCGGTGA-1	MZ286197_1_ORF1	1	1	10	10	TRUE	TRUE
GCATGTTGTGGGTAAC-1	OP549859_1_ORF1	0	0	1	1	FALSE	FALSE
GCATGTTGTTCGCAGC-1	MZ286102_1_ORF2	1	0	6	6	TRUE	TRUE
GCATGTTGTTTCGGGC-1	MZ286258_1_ORF2	1	0	8	8	TRUE	TRUE
GCATTACGTAGTCGTT-1	OZ258728_1_ORF2	1	1	41	41	TRUE	TRUE
GCATTACGTATTGCGT-1	OZ258728_1_ORF2	0	0	1	1	FALSE	FALSE
GCATTACGTCATGAGA-1	meGFP	0	0	1	1	FALSE	FALSE
GCATTACGTCATTCAA-1	OZ258728_1_ORF2	0	0	1	1	FALSE	FALSE
GCATTACGTCGGGCTT-1	OP549859_1_ORF1	0	0	1	1	FALSE	FALSE
GCATTACGTCGTTGGC-1	MZ286197_1_ORF1	1	1	13	13	TRUE	TRUE
GCATTACGTCTGTAAC-1	meGFP	0	0	1	2	FALSE	TRUE
GCATTACGTCTTGGGC-1	OZ258728_1_ORF1	0	0	2	2	TRUE	FALSE
GCATTACGTGATCCTG-1	OZ258728_1_ORF2	0	0	1	1	FALSE	FALSE
GCATTACGTGCGCGTT-1	OP549859_1_ORF1	1	1	53	54	TRUE	TRUE
GCATTACGTGGGTCGA-1	MZ286102_1_ORF1	0	0	1	2	FALSE	TRUE
GCATTACGTTCCAACG-1	OP549859_1_ORF1	2	2	47	90	FALSE	TRUE
GCATTCATCAATGCAA-1	MZ286197_1_ORF1	0	0	1	1	FALSE	TRUE
GCATTCATCAATGTGA-1	meGFP	0	0	2	3	FALSE	TRUE
GCATTCATCACGGTAG-1	OP549859_1_ORF1	1	1	39	41	TRUE	TRUE
GCATTCATCCATCACA-1	MZ286102_1_ORF2	0	0	1	1	FALSE	FALSE
GCATTCATCCCATCAA-1	MZ286188_1_ORF2	1	1	12	12	TRUE	TRUE
GCATTCATCCCCAGAT-1	OZ258728_1_ORF2	0	0	2	5	FALSE	TRUE
GCATTCATCCGTAGCT-1	MZ286197_1_ORF1	0	0	3	3	TRUE	TRUE
GCATTCATCCTGGGAA-1	OP549859_1_ORF2	0	0	1	1	FALSE	TRUE
GCATTCATCGCGGAGT-1	MZ286258_1_ORF2	1	0	5	8	TRUE	TRUE
GCATTCATCGGATGCA-1	OP549859_1_ORF1	1	1	46	46	TRUE	TRUE
GCATTCATCGGCTCTG-1	OZ258728_1_ORF2	0	0	1	1	FALSE	FALSE
GCATTCATCGGGAAGG-1	OP549859_1_ORF2	0	0	1	1	FALSE	TRUE
GCATTCATCGGTATGG-1	MZ286258_1_ORF2	2	1	24	34	FALSE	TRUE
GCATTCATCTTGGATT-1	MZ286258_1_ORF2	0	0	1	1	FALSE	FALSE
GCATTCGGTACTTCCC-1	meGFP	1	1	14	15	TRUE	TRUE
GCATTCGGTAGCTCGC-1	OP549859_1_ORF1	2	1	43	47	TRUE	TRUE
GCATTCGGTCGTTGGC-1	MZ286197_1_ORF2	0	0	3	3	TRUE	TRUE
GCATTCGGTGAGATAT-1	MZ286102_1_ORF1	0	0	1	3	FALSE	TRUE
GCATTCGGTGTAAGTG-1	MZ286258_1_ORF2	0	0	1	1	FALSE	TRUE
GCATTCGGTGTCCGGT-1	MZ286197_1_ORF1	1	1	22	22	TRUE	TRUE
GCATTCGGTTAACCAC-1	MZ286102_1_ORF2	1	0	7	7	TRUE	TRUE
GCATTCGGTTAACGAG-1	MZ286258_1_ORF1	1	1	52	52	TRUE	TRUE
GCATTCGGTTCGCTGA-1	MZ286258_1_ORF2	1	0	7	8	TRUE	TRUE
GCATTCGGTTGGAGCG-1	OP549859_1_ORF1	0	0	2	2	TRUE	TRUE
GCATTCGGTTTCCTAT-1	OZ258728_1_ORF1	1	0	7	7	TRUE	TRUE
GCATTGACAAAGTAAG-1	MZ286102_1_ORF1	0	0	3	4	TRUE	TRUE
GCATTGACAACAGGCT-1	OZ258728_1_ORF2	0	0	1	1	FALSE	FALSE
GCATTGACAACGGGTT-1	OZ258728_1_ORF2	0	0	1	1	FALSE	FALSE
GCATTGACAAGATTAC-1	meGFP	0	0	1	1	FALSE	TRUE
GCATTGACACCATGCC-1	meGFP	0	0	1	1	FALSE	TRUE
GCATTGACACCCATTG-1	OZ258728_1_ORF2	0	0	1	1	FALSE	TRUE
GCATTGACACCTGTGC-1	MZ286102_1_ORF2	1	1	20	20	TRUE	TRUE
GCATTGACACGGTTCC-1	MZ286188_1_ORF1	1	0	4	5	TRUE	TRUE
GCATTGACACTAGACA-1	MZ286197_1_ORF1	1	1	13	13	TRUE	TRUE
GCATTGACACTGAAGC-1	OZ258728_1_ORF2	0	0	1	1	FALSE	TRUE
GCATTGACAGCTCAGG-1	OZ258728_1_ORF2	0	0	1	1	FALSE	TRUE
GCATTGACAGGCATTA-1	meGFP	0	0	1	1	FALSE	FALSE
GCATTGACAGTCGAGT-1	OP549859_1_ORF1	0	0	1	1	FALSE	FALSE
GCATTGACATGAACCA-1	OZ258728_1_ORF2	1	0	6	6	TRUE	FALSE
GCATTGACATGTCGAA-1	MZ286188_1_ORF2	1	1	20	20	TRUE	TRUE
GCATTGACATTGAAGT-1	OP549859_1_ORF2	1	1	13	16	TRUE	TRUE
GCATTGGAGACGCAAT-1	MZ286102_1_ORF1	1	0	4	7	TRUE	TRUE
GCATTGGAGCCTTGCG-1	meGFP	0	0	1	3	FALSE	TRUE
GCATTGGAGCGGGCAT-1	MZ286102_1_ORF2	0	0	1	1	FALSE	FALSE
GCATTGGAGGCCATTC-1	MZ286102_1_ORF2	0	0	1	1	FALSE	TRUE
GCATTGGAGGGTATGT-1	MZ286258_1_ORF2	0	0	1	1	FALSE	FALSE
GCATTGGAGTGGCTTC-1	MZ286102_1_ORF2	0	0	1	1	FALSE	FALSE
GCATTGGAGTTACGAA-1	MZ286258_1_ORF2	2	1	14	20	FALSE	TRUE
GCATTTCCAAACCACA-1	OP549859_1_ORF1	0	0	1	1	FALSE	FALSE
GCATTTCCAACGTGCG-1	OZ258728_1_ORF2	0	0	1	1	FALSE	FALSE
GCATTTCCAATCTGTC-1	OP549859_1_ORF1	0	0	1	2	FALSE	TRUE
GCATTTCCACCGCAAG-1	meGFP	1	0	8	8	TRUE	FALSE
GCATTTCCACGTGCCT-1	OZ258728_1_ORF2	0	0	2	3	FALSE	TRUE
GCATTTCCAGCCAACG-1	MZ286258_1_ORF1	0	0	1	1	FALSE	FALSE
GCATTTCCAGGCGCTA-1	MZ286258_1_ORF2	0	0	1	1	FALSE	FALSE
GCATTTCCAGTACCTT-1	meGFP	0	0	1	1	FALSE	FALSE
GCATTTCCATAAGGTT-1	MZ286258_1_ORF2	0	0	1	1	FALSE	TRUE
GCATTTCCATAGGCAC-1	OZ258728_1_ORF2	0	0	1	1	FALSE	TRUE
GCATTTCCATGCGTGG-1	OZ258728_1_ORF2	0	0	1	1	FALSE	FALSE
GCATTTCCATTAGAGT-1	OZ258728_1_ORF2	0	0	2	3	FALSE	TRUE
GCCAAAGTCAGTATGA-1	MZ286102_1_ORF2	1	0	4	4	TRUE	TRUE
GCCAAAGTCATAGAGC-1	MZ286102_1_ORF2	1	0	8	8	TRUE	TRUE
GCCAAAGTCGAGCGAC-1	OZ258728_1_ORF2	0	0	1	1	FALSE	FALSE
GCCAAAGTCGAGTGAT-1	MZ286258_1_ORF1	0	0	1	1	FALSE	FALSE
GCCAAAGTCGCCAGTT-1	MZ286258_1_ORF1	0	0	1	1	FALSE	TRUE
GCCAAAGTCGGCTCCA-1	OZ258728_1_ORF1	1	0	4	5	TRUE	TRUE
GCCAAAGTCTATAGGA-1	MZ286258_1_ORF2	1	1	16	16	TRUE	TRUE
GCCAAAGTCTCTATGG-1	MZ286197_1_ORF1	1	0	4	4	TRUE	TRUE
GCCAAAGTCTGGTTGC-1	MZ286258_1_ORF2	1	0	6	6	TRUE	TRUE
GCCAACTTCAACTGGG-1	MZ286102_1_ORF2	0	0	3	3	TRUE	TRUE
GCCAACTTCAGCTTCA-1	OZ258728_1_ORF2	0	0	1	1	FALSE	FALSE
GCCAACTTCAGGATGT-1	MZ286197_1_ORF1	0	0	1	1	FALSE	FALSE
GCCAACTTCCCAACTA-1	MZ286188_1_ORF2	0	0	2	3	FALSE	TRUE
GCCAACTTCCCATCCC-1	OZ258728_1_ORF2	1	1	13	13	TRUE	TRUE
GCCAACTTCCGACATC-1	MZ286197_1_ORF1	0	0	3	3	TRUE	TRUE
GCCAACTTCCTTCACT-1	MZ286197_1_ORF1	0	0	1	1	FALSE	FALSE
GCCAACTTCGACACAG-1	MZ286258_1_ORF1	1	0	5	6	TRUE	TRUE
GCCAACTTCGAGGCGT-1	MZ286258_1_ORF1	0	0	1	1	FALSE	FALSE
GCCAACTTCGAGTTGG-1	MZ286197_1_ORF1	1	0	8	8	TRUE	TRUE
GCCAACTTCGATAGTA-1	OZ258728_1_ORF2	0	0	1	1	FALSE	TRUE
GCCAACTTCTTCGTCT-1	OP549859_1_ORF2	0	0	1	1	FALSE	TRUE
GCCAATACAAACGACC-1	OZ258728_1_ORF2	1	1	10	10	TRUE	TRUE
GCCAATACAAAGGGCA-1	OZ258728_1_ORF2	0	0	1	1	FALSE	FALSE
GCCAATACAACCTCAT-1	OP549859_1_ORF1	0	0	1	1	FALSE	FALSE
GCCAATACAAGGCAAG-1	MZ286197_1_ORF1	1	1	13	13	TRUE	TRUE
GCCAATACACAACCAA-1	MZ286258_1_ORF1	2	1	19	26	FALSE	TRUE
GCCAATACACCATGCC-1	MZ286258_1_ORF1	1	1	35	36	TRUE	TRUE
GCCAATACACCCATTG-1	OZ258728_1_ORF2	0	0	1	1	FALSE	FALSE
GCCAATACACGTGGAT-1	OP549859_1_ORF1	0	0	1	1	FALSE	TRUE
GCCAATACACTAGGCG-1	OZ258728_1_ORF2	0	0	1	1	FALSE	FALSE
GCCAATACAGAGCCTG-1	MZ286258_1_ORF1	1	1	35	37	TRUE	TRUE
GCCAATACAGCGCTTC-1	OZ258728_1_ORF2	0	0	1	1	FALSE	FALSE
GCCAATACAGGCTATA-1	MZ286188_1_ORF1	0	0	1	1	FALSE	FALSE
GCCAATACAGGTACAC-1	OZ258728_1_ORF2	1	1	125	125	TRUE	TRUE
GCCAATACAGTACCAA-1	OZ258728_1_ORF2	0	0	1	1	FALSE	FALSE
GCCAATACAGTCGAGT-1	OZ258728_1_ORF2	0	0	1	1	FALSE	FALSE
GCCAATACATGAGGAG-1	MZ286258_1_ORF2	0	0	1	2	FALSE	TRUE
GCCAATACATTACCCG-1	MZ286188_1_ORF1	1	1	21	21	TRUE	TRUE
GCCAATCTCAATGTGA-1	MZ286258_1_ORF2	1	0	5	5	TRUE	TRUE
GCCAATCTCCGTGGAA-1	OZ258728_1_ORF2	0	0	1	1	FALSE	TRUE
GCCAATCTCGGCCATT-1	MZ286258_1_ORF2	0	0	1	4	FALSE	TRUE
GCCAATCTCGGTATGG-1	MZ286102_1_ORF1	0	0	1	3	FALSE	FALSE
GCCAATCTCGGTTAGG-1	OZ258728_1_ORF2	0	0	1	1	FALSE	TRUE
GCCAATCTCTGGAAGT-1	OZ258728_1_ORF1	0	0	1	1	FALSE	FALSE
GCCAATTGTAACCATC-1	MZ286258_1_ORF2	0	0	2	2	TRUE	TRUE
GCCAATTGTAAGCGGT-1	MZ286102_1_ORF2	2	0	7	14	FALSE	TRUE
GCCAATTGTAGGATAT-1	MZ286102_1_ORF2	1	1	15	15	TRUE	TRUE
GCCAATTGTCAAGTAG-1	MZ286102_1_ORF2	0	0	1	1	FALSE	FALSE
GCCAATTGTCACTCCT-1	MZ286102_1_ORF1	1	0	4	4	TRUE	TRUE
GCCAATTGTCCATTAA-1	OZ258728_1_ORF2	0	0	1	1	FALSE	FALSE
GCCAATTGTGGTGATA-1	meGFP	0	0	1	1	FALSE	TRUE
GCCAATTGTTGGTTAC-1	MZ286197_1_ORF1	1	0	4	4	TRUE	TRUE
GCCACATTCGAACCGA-1	OZ258728_1_ORF2	0	0	1	1	FALSE	FALSE
GCCACATTCGAGGTCA-1	MZ286102_1_ORF1	1	1	17	18	TRUE	TRUE
GCCACATTCTAGATGA-1	OZ258728_1_ORF2	0	0	1	1	FALSE	TRUE
GCCACATTCTCGAAGG-1	meGFP	0	0	1	1	FALSE	TRUE
GCCACATTCTTCGGCG-1	MZ286258_1_ORF1	0	0	1	1	FALSE	FALSE
GCCACTTAGAAGGATG-1	MZ286102_1_ORF2	0	0	1	1	FALSE	TRUE
GCCACTTAGATTCGTT-1	MZ286258_1_ORF1	0	0	1	1	FALSE	FALSE
GCCACTTAGCAGCATG-1	MZ286258_1_ORF2	1	1	18	19	TRUE	TRUE
GCCACTTAGCCCGATT-1	OZ258728_1_ORF2	0	0	1	1	FALSE	TRUE
GCCACTTAGCGATTAA-1	MZ286197_1_ORF1	1	0	6	6	TRUE	TRUE
GCCACTTAGCTTGAGG-1	MZ286197_1_ORF2	0	0	1	1	FALSE	FALSE
GCCACTTAGGAATGAG-1	OZ258728_1_ORF1	0	0	1	1	FALSE	TRUE
GCCACTTAGGACACCA-1	OZ258728_1_ORF1	0	0	1	1	FALSE	FALSE
GCCACTTAGGAGGTCC-1	MZ286102_1_ORF2	0	0	1	1	FALSE	TRUE
GCCACTTAGTAACGCG-1	OZ258728_1_ORF2	1	1	13	15	TRUE	TRUE
GCCACTTAGTATAGGC-1	MZ286197_1_ORF1	0	0	1	2	FALSE	TRUE
GCCACTTAGTCTAGTT-1	MZ286258_1_ORF1	1	1	13	14	TRUE	TRUE
GCCACTTAGTGCAACG-1	OZ258728_1_ORF2	0	0	1	1	FALSE	TRUE
GCCATAGAGATTGATG-1	OZ258728_1_ORF2	0	0	1	1	FALSE	TRUE
GCCATAGAGCAATCAA-1	MZ286258_1_ORF2	0	0	1	1	FALSE	FALSE
GCCATAGAGCAATGAC-1	OP549859_1_ORF2	0	0	3	3	TRUE	TRUE
GCCATAGAGCCTCACG-1	OZ258728_1_ORF2	0	0	1	1	FALSE	TRUE
GCCATAGAGGGGACAG-1	OZ258728_1_ORF1	0	0	1	1	FALSE	FALSE
GCCATAGAGTAAGCAC-1	OZ258728_1_ORF2	1	1	36	36	TRUE	TRUE
GCCATAGAGTCCAATT-1	OP549859_1_ORF1	0	0	1	1	FALSE	TRUE
GCCATAGAGTCCTCAA-1	MZ286188_1_ORF2	1	1	15	15	TRUE	TRUE
GCCATGCGTACAGGAC-1	OZ258728_1_ORF1	0	0	1	1	FALSE	TRUE
GCCATGCGTACGACTT-1	MZ286102_1_ORF1	1	1	14	15	TRUE	TRUE
GCCATGCGTGCACTCA-1	OZ258728_1_ORF2	0	0	1	1	FALSE	FALSE
GCCATGCGTGTTGACT-1	OZ258728_1_ORF1	0	0	1	1	FALSE	TRUE
GCCATGCGTTATAGGG-1	MZ286188_1_ORF1	1	1	38	38	TRUE	TRUE
GCCATGCGTTATCTCT-1	MZ286188_1_ORF2	1	0	5	8	TRUE	TRUE
GCCATGCGTTGAAGCA-1	MZ286197_1_ORF1	0	0	1	1	FALSE	FALSE
GCCATGCGTTGCCTTC-1	meGFP	0	0	1	1	FALSE	FALSE
GCCCCTAAGAAGTGAG-1	OP549859_1_ORF1	0	0	1	1	FALSE	TRUE
GCCCCTAAGAATCAGC-1	OZ258728_1_ORF2	0	0	1	1	FALSE	FALSE
GCCCCTAAGAGGCCAC-1	meGFP	1	1	156	156	TRUE	TRUE
GCCCCTAAGCGGTAGC-1	OZ258728_1_ORF2	0	0	1	1	FALSE	FALSE
GCCCCTAAGCGTAAGT-1	MZ286258_1_ORF1	0	0	2	2	TRUE	FALSE
GCCCCTAAGCTTAGTT-1	MZ286102_1_ORF1	2	1	18	27	FALSE	TRUE
GCCCCTAAGGCAGGGA-1	MZ286197_1_ORF2	1	1	12	12	TRUE	TRUE
GCCCCTAAGGCGAAGG-1	meGFP	0	0	1	1	FALSE	TRUE
GCCCCTAAGGCGTGAC-1	OZ258728_1_ORF2	0	0	1	1	FALSE	FALSE
GCCCCTAAGGGGCCAT-1	MZ286258_1_ORF2	1	1	11	11	TRUE	TRUE
GCCCCTAAGGTCGAAT-1	OZ258728_1_ORF2	0	0	1	2	FALSE	TRUE
GCCCCTAAGTACCAGG-1	MZ286102_1_ORF2	0	0	1	1	FALSE	TRUE
GCCCCTAAGTATGGTA-1	OZ258728_1_ORF2	1	1	166	167	TRUE	TRUE
GCCCCTAAGTGCCCAT-1	MZ286258_1_ORF2	1	1	21	23	TRUE	TRUE
GCCCGAACAAATCTGG-1	MZ286102_1_ORF2	1	1	19	20	TRUE	TRUE
GCCCGAACAATCGTTC-1	OP549859_1_ORF2	1	1	11	13	TRUE	TRUE
GCCCGAACAATCTCAC-1	MZ286258_1_ORF2	1	0	5	5	TRUE	TRUE
GCCCGAACACCTGCAC-1	OP549859_1_ORF2	1	1	10	12	TRUE	TRUE
GCCCGAACACGAATGC-1	MZ286197_1_ORF1	0	0	1	1	FALSE	TRUE
GCCCGAACACTGACTT-1	OZ258728_1_ORF2	0	0	1	1	FALSE	FALSE
GCCCGAACACTGATGA-1	MZ286197_1_ORF1	0	0	2	3	FALSE	TRUE
GCCCGAACACTTCCAG-1	OZ258728_1_ORF2	0	0	2	3	FALSE	FALSE
GCCCGAACAGATTAGT-1	OZ258728_1_ORF2	0	0	1	1	FALSE	FALSE
GCCCGAACAGATTCGA-1	OP549859_1_ORF1	0	0	1	1	FALSE	FALSE
GCCCGAACAGGATTGC-1	OP549859_1_ORF2	0	0	1	1	FALSE	FALSE
GCCCGAACAGGCTATA-1	MZ286188_1_ORF1	1	1	143	143	TRUE	TRUE
GCCCGAACAGTCCCGT-1	MZ286102_1_ORF2	1	0	7	7	TRUE	TRUE
GCCCGAACAGTTGGTA-1	OP549859_1_ORF2	1	1	10	10	TRUE	TRUE
GCCCGAACATAGACCA-1	MZ286188_1_ORF1	1	1	10	10	TRUE	TRUE
GCCCGAACATATCACC-1	MZ286258_1_ORF2	1	1	26	26	TRUE	TRUE
GCCCGAACATGTCTGT-1	MZ286197_1_ORF1	0	0	1	1	FALSE	FALSE
GCCCTAAGTAAGGTAT-1	OZ258728_1_ORF2	0	0	1	1	FALSE	FALSE
GCCCTAAGTACCTCTC-1	OZ258728_1_ORF1	0	0	1	1	FALSE	TRUE
GCCCTAAGTAGAGCCG-1	OP549859_1_ORF2	1	0	6	10	TRUE	TRUE
GCCCTAAGTAGCATAG-1	OZ258728_1_ORF2	0	0	1	1	FALSE	TRUE
GCCCTAAGTAGCCATT-1	OZ258728_1_ORF2	0	0	2	2	TRUE	TRUE
GCCCTAAGTAGTGTCT-1	MZ286197_1_ORF1	0	0	1	1	FALSE	TRUE
GCCCTAAGTATCTCAA-1	MZ286258_1_ORF2	0	0	1	2	FALSE	TRUE
GCCCTAAGTCAGCCAC-1	OZ258728_1_ORF2	0	0	1	1	FALSE	FALSE
GCCCTAAGTCATGAGA-1	MZ286258_1_ORF2	0	0	2	2	TRUE	TRUE
GCCCTAAGTCGCATAT-1	OP549859_1_ORF1	2	0	9	15	FALSE	TRUE
GCCCTAAGTCGTTAGT-1	meGFP	0	0	2	3	FALSE	TRUE
GCCCTAAGTGAGGTGT-1	OP549859_1_ORF2	2	0	7	15	FALSE	TRUE
GCCCTAAGTGCCCAAC-1	MZ286197_1_ORF1	1	0	7	7	TRUE	TRUE
GCCCTCAAGACACGCA-1	OZ258728_1_ORF2	0	0	1	1	FALSE	TRUE
GCCCTCAAGACACTAA-1	meGFP	1	1	28	28	TRUE	TRUE
GCCCTCAAGACCCTGT-1	meGFP	1	1	16	16	TRUE	TRUE
GCCCTCAAGAGGCCAC-1	MZ286197_1_ORF1	1	0	6	7	TRUE	TRUE
GCCCTCAAGCCAACCT-1	MZ286102_1_ORF2	0	0	1	1	FALSE	FALSE
GCCCTCAAGCGGGTTA-1	OP549859_1_ORF2	1	0	5	6	TRUE	TRUE
GCCCTCAAGCTCATGC-1	OP549859_1_ORF1	0	0	1	1	FALSE	FALSE
GCCCTCAAGGATCCCT-1	OZ258728_1_ORF1	1	0	9	9	TRUE	TRUE
GCCCTCAAGGCACTTC-1	OZ258728_1_ORF1	1	1	13	13	TRUE	TRUE
GCCCTCAAGGGCGTGT-1	MZ286197_1_ORF1	1	0	5	5	TRUE	TRUE
GCCCTCAAGTAAGGTC-1	MZ286197_1_ORF2	0	0	1	1	FALSE	TRUE
GCCCTCAAGTGCTACC-1	OZ258728_1_ORF1	1	1	14	14	TRUE	TRUE
GCCCTCAAGTGCTGCT-1	OP549859_1_ORF2	1	0	7	7	TRUE	TRUE
GCCCTCAAGTGTGATA-1	MZ286197_1_ORF1	1	1	13	13	TRUE	TRUE
GCCCTGATCAAGCTAA-1	OZ258728_1_ORF1	0	0	1	1	FALSE	FALSE
GCCCTGATCAGTAGTA-1	MZ286197_1_ORF2	0	0	3	4	TRUE	TRUE
GCCCTGATCAGTATCT-1	MZ286197_1_ORF1	1	1	18	18	TRUE	TRUE
GCCCTGATCATCAATC-1	OP549859_1_ORF1	0	0	1	3	FALSE	TRUE
GCCCTGATCATCCCTT-1	MZ286258_1_ORF2	0	0	1	1	FALSE	FALSE
GCCCTGATCATGGCAG-1	MZ286102_1_ORF2	0	0	1	2	FALSE	FALSE
GCCCTGATCATTGCCA-1	MZ286258_1_ORF1	2	1	19	28	FALSE	TRUE
GCCCTGATCCATTCCT-1	OZ258728_1_ORF1	1	1	34	35	TRUE	TRUE
GCCCTGATCCGTACCG-1	OP549859_1_ORF2	0	0	3	3	TRUE	TRUE
GCCCTGATCGCCAGTT-1	OZ258728_1_ORF2	0	0	1	1	FALSE	TRUE
GCCCTGATCGGGATTG-1	MZ286258_1_ORF2	1	0	9	10	TRUE	TRUE
GCCCTGATCGTGAGGC-1	MZ286188_1_ORF1	0	0	1	1	FALSE	TRUE
GCCCTGTCACCAGGCA-1	MZ286197_1_ORF2	1	1	12	13	TRUE	TRUE
GCCCTGTCACGTTAAG-1	OZ258728_1_ORF2	0	0	1	1	FALSE	TRUE
GCCCTGTCACTTCCTC-1	MZ286197_1_ORF1	1	1	25	25	TRUE	TRUE
GCCCTGTCATGTCCAT-1	MZ286188_1_ORF2	0	0	1	1	FALSE	FALSE
GCCCTGTCATGTCGGG-1	OP549859_1_ORF1	0	0	2	2	TRUE	TRUE
GCCGAGTAGATTGGTA-1	OZ258728_1_ORF2	1	1	120	121	TRUE	TRUE
GCCGAGTAGCCACAGA-1	OZ258728_1_ORF2	0	0	1	1	FALSE	FALSE
GCCGAGTAGCGTTCGT-1	OZ258728_1_ORF2	0	0	1	1	FALSE	FALSE
GCCGAGTAGCTAGAGT-1	MZ286188_1_ORF2	0	0	2	2	TRUE	TRUE
GCCGAGTAGCTGGGTA-1	OP549859_1_ORF2	0	0	2	3	FALSE	TRUE
GCCGAGTAGGACGAGG-1	OZ258728_1_ORF1	1	1	14	15	TRUE	TRUE
GCCGAGTAGGATCACG-1	OP549859_1_ORF2	0	0	1	3	FALSE	FALSE
GCCGAGTAGGGCAACC-1	OP549859_1_ORF1	0	0	2	2	TRUE	FALSE
GCCGAGTAGGGCAATT-1	OZ258728_1_ORF2	0	0	1	1	FALSE	FALSE
GCCGAGTAGTACTTCG-1	MZ286102_1_ORF2	0	0	1	1	FALSE	FALSE
GCCGAGTAGTGTAATG-1	OZ258728_1_ORF2	0	0	1	1	FALSE	FALSE
GCCGAGTAGTTGGCCT-1	OP549859_1_ORF1	0	0	1	1	FALSE	TRUE
GCCGATAAGAAGCATC-1	MZ286102_1_ORF1	1	1	14	14	TRUE	TRUE
GCCGATAAGAGAGGTA-1	OP549859_1_ORF1	1	0	4	5	TRUE	TRUE
GCCGATAAGATACTGA-1	MZ286102_1_ORF1	0	0	2	2	TRUE	TRUE
GCCGATAAGCATATCT-1	meGFP	0	0	1	1	FALSE	TRUE
GCCGATAAGGAGTATC-1	MZ286258_1_ORF1	1	0	4	4	TRUE	TRUE
GCCGATAAGTAACCAA-1	MZ286258_1_ORF2	0	0	1	1	FALSE	TRUE
GCCGATAAGTATCGGG-1	OZ258728_1_ORF2	1	1	66	66	TRUE	TRUE
GCCGATAAGTCCACGT-1	MZ286188_1_ORF2	0	0	2	3	FALSE	TRUE
GCCGATGCAAGCGAAG-1	MZ286197_1_ORF1	0	0	1	2	FALSE	TRUE
GCCGATGCAAGCGCCA-1	MZ286258_1_ORF2	0	0	1	1	FALSE	TRUE
GCCGATGCAAGCGTTA-1	OP549859_1_ORF1	0	0	1	2	FALSE	TRUE
GCCGATGCAAGGGTAG-1	OZ258728_1_ORF2	0	0	1	1	FALSE	FALSE
GCCGATGCAATACCCT-1	OZ258728_1_ORF2	0	0	1	1	FALSE	FALSE
GCCGATGCACCTCGAC-1	OP549859_1_ORF1	0	0	1	1	FALSE	FALSE
GCCGATGCACTAGGCG-1	OZ258728_1_ORF2	0	0	1	1	FALSE	FALSE
GCCGATGCACTTCCTC-1	MZ286258_1_ORF2	0	0	2	3	FALSE	TRUE
GCCGATGCAGGGTCCA-1	meGFP	0	0	1	3	FALSE	TRUE
GCCGATGCATCAAGTG-1	meGFP	0	0	1	1	FALSE	TRUE
GCCGATGCATCGCTCA-1	OP549859_1_ORF2	0	0	3	4	TRUE	TRUE
GCCGATGCATCGGGCA-1	OZ258728_1_ORF2	0	0	1	1	FALSE	FALSE
GCCGATGCATGGAGAG-1	OP549859_1_ORF1	0	0	1	1	FALSE	FALSE
GCCGCGAAGTATCGTT-1	MZ286102_1_ORF2	2	2	13	27	FALSE	TRUE
GCCGCGAAGTCATTAC-1	OP549859_1_ORF1	0	0	1	1	FALSE	TRUE
GCCGGAGTCAACTGAA-1	MZ286197_1_ORF1	1	1	13	13	TRUE	TRUE
GCCGGAGTCAATCGCC-1	MZ286102_1_ORF1	1	0	5	5	TRUE	TRUE
GCCGGAGTCAATGCAA-1	OP549859_1_ORF1	1	1	40	40	TRUE	TRUE
GCCGGAGTCACCACGT-1	meGFP	0	0	1	1	FALSE	FALSE
GCCGGAGTCACCCTGG-1	OZ258728_1_ORF2	0	0	3	3	TRUE	TRUE
GCCGGAGTCAGGATAC-1	MZ286102_1_ORF2	0	0	3	3	TRUE	TRUE
GCCGGAGTCATCATAC-1	MZ286258_1_ORF2	1	1	11	11	TRUE	TRUE
GCCGGAGTCCTCTGGG-1	MZ286188_1_ORF1	0	0	1	1	FALSE	FALSE
GCCGGAGTCCTGGGAA-1	OZ258728_1_ORF2	1	1	60	60	TRUE	TRUE
GCCGGAGTCGCTACTA-1	OP549859_1_ORF2	0	0	1	1	FALSE	TRUE
GCCGGAGTCGGCCATT-1	OZ258728_1_ORF2	0	0	1	2	FALSE	TRUE
GCCGGAGTCGGCTCTG-1	MZ286102_1_ORF2	1	0	6	6	TRUE	TRUE
GCCGGAGTCGTCTAGC-1	MZ286102_1_ORF1	1	1	27	28	TRUE	TRUE
GCCGGAGTCTAACTGT-1	OP549859_1_ORF1	0	0	1	1	FALSE	FALSE
GCCGGAGTCTAGGCTC-1	MZ286188_1_ORF1	0	0	2	3	FALSE	FALSE
GCCGGAGTCTCGAAGG-1	OZ258728_1_ORF2	0	0	1	1	FALSE	FALSE
GCCGGAGTCTCTGTGA-1	OZ258728_1_ORF2	0	0	1	1	FALSE	FALSE
GCCGGAGTCTTAGTAC-1	OZ258728_1_ORF1	0	0	1	1	FALSE	FALSE
GCCGGATAGAACCCAG-1	meGFP	0	0	1	1	FALSE	FALSE
GCCGGATAGACTTACT-1	MZ286197_1_ORF1	1	0	4	4	TRUE	TRUE
GCCGGATAGCACGTTC-1	MZ286258_1_ORF1	1	0	6	6	TRUE	TRUE
GCCGGATAGCCTCACG-1	OZ258728_1_ORF1	0	0	1	1	FALSE	TRUE
GCCGGATAGCGGGTTA-1	OP549859_1_ORF2	0	0	1	1	FALSE	FALSE
GCCGGATAGCGGTAGC-1	MZ286188_1_ORF1	0	0	1	1	FALSE	FALSE
GCCGGATAGGACACCA-1	OP549859_1_ORF1	0	0	1	1	FALSE	FALSE
GCCGGATAGGAGACCC-1	OP549859_1_ORF1	1	1	57	57	TRUE	TRUE
GCCGGATAGGATGGCC-1	OZ258728_1_ORF2	0	0	1	1	FALSE	TRUE
GCCGGATAGGGTTGCA-1	OP549859_1_ORF1	0	0	1	1	FALSE	TRUE
GCCGGATAGTGTAATG-1	MZ286188_1_ORF1	1	1	16	16	TRUE	TRUE
GCCGTGACAAACCATG-1	meGFP	1	1	37	38	TRUE	TRUE
GCCGTGACAACCGTGG-1	MZ286102_1_ORF2	0	0	1	1	FALSE	FALSE
GCCGTGACAACGAGCT-1	OZ258728_1_ORF2	0	0	1	1	FALSE	TRUE
GCCGTGACAACGTCCC-1	MZ286188_1_ORF1	0	0	2	2	TRUE	TRUE
GCCGTGACAAGCCATA-1	MZ286258_1_ORF1	0	0	1	1	FALSE	TRUE
GCCGTGACACCTCTAG-1	OP549859_1_ORF2	1	0	5	8	TRUE	TRUE
GCCGTGACACCTCTCT-1	MZ286102_1_ORF1	1	1	27	28	TRUE	TRUE
GCCGTGACACGCCTGT-1	MZ286258_1_ORF2	0	0	1	1	FALSE	TRUE
GCCGTGACACGTTACT-1	MZ286102_1_ORF1	0	0	3	4	TRUE	TRUE
GCCGTGACACTAGTCT-1	OZ258728_1_ORF2	2	1	48	56	TRUE	TRUE
GCCGTGACAGCTTGGG-1	meGFP	0	0	1	1	FALSE	FALSE
GCCGTGACATCACTGT-1	meGFP	1	1	20	20	TRUE	TRUE
GCCGTGACATCAGAGC-1	OZ258728_1_ORF2	1	0	9	9	TRUE	TRUE
GCCGTGACATGACAGC-1	meGFP	1	1	28	28	TRUE	TRUE
GCCGTGACATGGCCTC-1	MZ286188_1_ORF2	0	0	1	1	FALSE	FALSE
GCCGTGACATTGCCCA-1	meGFP	0	0	1	1	FALSE	FALSE
GCCGTTAGTAACCCTG-1	MZ286258_1_ORF2	1	1	12	13	TRUE	TRUE
GCCGTTAGTAATCCGT-1	MZ286258_1_ORF2	1	0	4	5	TRUE	TRUE
GCCGTTAGTAGCAGGT-1	MZ286258_1_ORF2	1	0	7	7	TRUE	TRUE
GCCGTTAGTCAGGGAT-1	MZ286188_1_ORF2	1	0	4	4	TRUE	TRUE
GCCGTTAGTGACGAAC-1	MZ286188_1_ORF2	0	0	2	3	FALSE	TRUE
GCCGTTAGTTAGCTTA-1	meGFP	0	0	1	1	FALSE	FALSE
GCCGTTAGTTATAGCC-1	OZ258728_1_ORF2	0	0	1	1	FALSE	FALSE
GCCGTTAGTTCGCTTC-1	MZ286188_1_ORF1	0	0	1	1	FALSE	FALSE
GCCGTTAGTTCGTAGT-1	OZ258728_1_ORF2	0	0	1	1	FALSE	FALSE
GCCGTTAGTTGCCACA-1	OZ258728_1_ORF2	0	0	1	1	FALSE	TRUE
GCCGTTGTCATACAGA-1	meGFP	2	1	39	43	TRUE	TRUE
GCCGTTGTCATGGAAC-1	OP549859_1_ORF1	0	0	1	2	FALSE	TRUE
GCCGTTGTCCACCAAC-1	OZ258728_1_ORF2	1	0	7	7	TRUE	TRUE
GCCGTTGTCGAACTAA-1	MZ286258_1_ORF1	1	1	204	204	TRUE	TRUE
GCCGTTGTCGACCTCG-1	OZ258728_1_ORF2	1	0	7	9	TRUE	TRUE
GCCGTTGTCGCAGGGT-1	meGFP	1	1	68	68	TRUE	TRUE
GCCGTTGTCGCGTTAC-1	meGFP	0	0	1	1	FALSE	TRUE
GCCGTTGTCGTACCCG-1	MZ286258_1_ORF1	1	1	15	15	TRUE	TRUE
GCCGTTGTCGTCATGC-1	meGFP	1	1	56	56	TRUE	TRUE
GCCGTTGTCTAAGTGA-1	MZ286197_1_ORF1	1	1	17	17	TRUE	TRUE
GCCGTTGTCTCGACCG-1	MZ286188_1_ORF2	1	0	6	6	TRUE	TRUE
GCCGTTGTCTTCGCAA-1	OP549859_1_ORF1	1	0	9	9	TRUE	TRUE
GCCTAATGTACAGGGT-1	OZ258728_1_ORF2	0	0	1	1	FALSE	FALSE
GCCTAATGTCGCAGGA-1	OP549859_1_ORF2	1	1	13	13	TRUE	TRUE
GCCTAATGTCTCCTTA-1	OP549859_1_ORF2	1	0	7	10	TRUE	TRUE
GCCTAATGTGACCCTA-1	MZ286197_1_ORF1	0	0	1	1	FALSE	TRUE
GCCTAATGTGGTTCAT-1	MZ286102_1_ORF2	0	0	2	3	FALSE	TRUE
GCCTAATGTGTCGAGG-1	MZ286102_1_ORF2	1	0	7	7	TRUE	TRUE
GCCTAATGTTAGGCAA-1	OZ258728_1_ORF2	0	0	1	1	FALSE	FALSE
GCCTAATGTTAGTTGC-1	OZ258728_1_ORF2	0	0	1	1	FALSE	TRUE
GCCTAATGTTATCCGG-1	MZ286258_1_ORF2	1	0	9	9	TRUE	TRUE
GCCTAATGTTGGGATA-1	MZ286188_1_ORF1	0	0	1	1	FALSE	FALSE
GCCTAATGTTTCCTAT-1	OP549859_1_ORF2	0	0	1	1	FALSE	FALSE
GCCTACCCAAACGGGA-1	MZ286258_1_ORF2	0	0	1	2	FALSE	TRUE
GCCTACCCAAATGAGA-1	MZ286188_1_ORF1	0	0	2	4	FALSE	TRUE
GCCTACCCAATACCCT-1	MZ286188_1_ORF2	1	0	7	7	TRUE	TRUE
GCCTACCCAATCCAAG-1	MZ286197_1_ORF1	0	0	1	1	FALSE	FALSE
GCCTACCCAGGTACGT-1	meGFP	0	0	1	1	FALSE	FALSE
GCCTACCCAGGTCTCC-1	meGFP	0	0	1	1	FALSE	FALSE
GCCTACCCATCAGTCT-1	OZ258728_1_ORF1	0	0	1	1	FALSE	FALSE
GCCTCCAAGACTTGGG-1	MZ286102_1_ORF2	1	0	9	9	TRUE	TRUE
GCCTCCAAGAGGACTT-1	meGFP	0	0	1	1	FALSE	FALSE
GCCTCCAAGAGGCGTC-1	OZ258728_1_ORF2	0	0	1	1	FALSE	TRUE
GCCTCCAAGCACGGAC-1	OZ258728_1_ORF2	0	0	1	1	FALSE	TRUE
GCCTCCAAGCAGCATG-1	OZ258728_1_ORF2	1	1	170	170	TRUE	TRUE
GCCTCCAAGCCACAGA-1	meGFP	0	0	1	1	FALSE	FALSE
GCCTCCAAGCCGAGTA-1	meGFP	1	1	36	36	TRUE	TRUE
GCCTCCAAGCGTGCTT-1	MZ286102_1_ORF1	0	0	1	1	FALSE	TRUE
GCCTCCAAGGCAGGGA-1	MZ286258_1_ORF2	1	0	9	9	TRUE	TRUE
GCCTCCAAGTCCGTTA-1	MZ286258_1_ORF2	1	0	6	10	TRUE	TRUE
GCCTCCAAGTGCCCAT-1	OP549859_1_ORF1	0	0	1	3	FALSE	TRUE
GCCTCCAAGTGTAATG-1	OZ258728_1_ORF1	0	0	1	1	FALSE	FALSE
GCCTCTTGTAACTTGC-1	MZ286258_1_ORF2	1	1	10	11	TRUE	TRUE
GCCTCTTGTAGACCAA-1	meGFP	0	0	1	1	FALSE	FALSE
GCCTCTTGTATCTCAA-1	OP549859_1_ORF2	0	0	1	1	FALSE	TRUE
GCCTCTTGTCGAGAGT-1	OZ258728_1_ORF2	0	0	1	1	FALSE	FALSE
GCCTCTTGTGCTATGT-1	MZ286102_1_ORF2	0	0	1	1	FALSE	FALSE
GCCTCTTGTTGTGTGT-1	OZ258728_1_ORF1	0	0	3	5	FALSE	TRUE
GCCTCTTGTTTCAAGC-1	MZ286197_1_ORF2	0	0	2	3	FALSE	TRUE
GCCTGATTCAATGCGG-1	MZ286258_1_ORF2	0	0	1	1	FALSE	FALSE
GCCTGATTCACGTGCT-1	meGFP	1	1	32	32	TRUE	TRUE
GCCTGATTCCAATGCC-1	MZ286258_1_ORF2	1	1	15	15	TRUE	TRUE
GCCTGATTCCATAGGG-1	OZ258728_1_ORF2	1	0	4	4	TRUE	TRUE
GCCTGATTCCGAACGA-1	OZ258728_1_ORF2	1	1	22	23	TRUE	TRUE
GCCTGATTCGCGCTCA-1	MZ286102_1_ORF1	0	0	1	1	FALSE	FALSE
GCCTGATTCTCGAAGG-1	MZ286258_1_ORF1	0	0	1	1	FALSE	TRUE
GCCTGGACACAACGGT-1	OZ258728_1_ORF2	0	0	1	1	FALSE	TRUE
GCCTGGACACGCTACC-1	OZ258728_1_ORF2	1	1	13	13	TRUE	TRUE
GCCTGGACACGTTGGG-1	MZ286197_1_ORF1	0	0	1	1	FALSE	TRUE
GCCTGGACAGACACAC-1	MZ286188_1_ORF2	0	0	1	1	FALSE	FALSE
GCCTGGACAGGCCAAT-1	OP549859_1_ORF1	1	1	17	17	TRUE	TRUE
GCCTGGACAGGTACGT-1	MZ286258_1_ORF2	1	1	26	28	TRUE	TRUE
GCCTGGACATGGAGAG-1	OP549859_1_ORF1	0	0	1	1	FALSE	FALSE
GCCTGGACATTACCCG-1	MZ286258_1_ORF2	0	0	1	1	FALSE	FALSE
GCCTGGACATTGCCCA-1	meGFP	0	0	1	1	FALSE	TRUE
GCCTGGACATTGGATG-1	OZ258728_1_ORF1	0	0	1	1	FALSE	TRUE
GCCTTTCGTACTGTCG-1	MZ286197_1_ORF1	0	0	1	1	FALSE	TRUE
GCCTTTCGTAGCAGGT-1	MZ286258_1_ORF1	0	0	1	1	FALSE	FALSE
GCCTTTCGTAGTATCC-1	MZ286197_1_ORF2	0	0	2	2	TRUE	TRUE
GCCTTTCGTATAGACG-1	meGFP	0	0	2	3	FALSE	TRUE
GCCTTTCGTCCATCCT-1	meGFP	0	0	1	1	FALSE	FALSE
GCCTTTCGTGTACCAT-1	OP549859_1_ORF1	0	0	1	1	FALSE	FALSE
GCCTTTCGTTACTTGA-1	OP549859_1_ORF1	0	0	1	1	FALSE	FALSE
GCCTTTCGTTCGTGCA-1	meGFP	0	0	1	1	FALSE	TRUE
GCCTTTCGTTTCGGGC-1	OP549859_1_ORF2	1	1	43	43	TRUE	TRUE
GCGAACATCAACTGGG-1	OZ258728_1_ORF1	0	0	1	1	FALSE	FALSE
GCGAACATCACCGTTA-1	OP549859_1_ORF1	1	0	5	5	TRUE	TRUE
GCGAACATCAGTATCT-1	MZ286188_1_ORF2	0	0	1	1	FALSE	TRUE
GCGAACATCCCAACTA-1	OZ258728_1_ORF2	0	0	1	2	FALSE	TRUE
GCGAACATCCCCTTCA-1	MZ286258_1_ORF2	1	0	7	8	TRUE	TRUE
GCGAACATCCGAACGA-1	OZ258728_1_ORF2	0	0	1	1	FALSE	TRUE
GCGAACATCCGTTGCG-1	MZ286188_1_ORF1	0	0	1	1	FALSE	TRUE
GCGAACATCGACACCT-1	OZ258728_1_ORF2	0	0	1	1	FALSE	FALSE
GCGAACATCGATACTT-1	meGFP	0	0	1	1	FALSE	TRUE
GCGAACATCGGGATTG-1	OZ258728_1_ORF2	0	0	1	1	FALSE	TRUE
GCGAACATCGTACGTC-1	OZ258728_1_ORF2	1	1	132	132	TRUE	TRUE
GCGAACATCTACCCAA-1	MZ286258_1_ORF2	1	0	5	6	TRUE	TRUE
GCGAACATCTTGCCTT-1	MZ286197_1_ORF1	1	1	25	26	TRUE	TRUE
GCGAACCAGAGGGACG-1	MZ286197_1_ORF2	0	0	1	1	FALSE	TRUE
GCGAACCAGAGTTAGC-1	OZ258728_1_ORF1	0	0	1	1	FALSE	TRUE
GCGAACCAGCACCATC-1	OZ258728_1_ORF2	0	0	1	1	FALSE	FALSE
GCGAACCAGCCAGACA-1	MZ286188_1_ORF2	1	0	4	5	TRUE	TRUE
GCGAACCAGCCCGTCA-1	OP549859_1_ORF1	0	0	2	4	FALSE	TRUE
GCGAACCAGCCTTCAA-1	OP549859_1_ORF1	0	0	1	1	FALSE	TRUE
GCGAACCAGCGAGAGG-1	OZ258728_1_ORF2	0	0	1	1	FALSE	TRUE
GCGAACCAGCTATACT-1	OZ258728_1_ORF2	0	0	1	2	FALSE	TRUE
GCGAACCAGCTGAGAT-1	OZ258728_1_ORF1	0	0	2	2	TRUE	TRUE
GCGAACCAGCTTGAGG-1	MZ286197_1_ORF2	0	0	3	3	TRUE	TRUE
GCGAACCAGGATTACA-1	MZ286188_1_ORF2	0	0	1	1	FALSE	TRUE
GCGAACCAGTAGACAC-1	OP549859_1_ORF1	2	1	10	18	FALSE	TRUE
GCGAACCAGTAGTGTA-1	meGFP	0	0	1	1	FALSE	TRUE
GCGAACCAGTGTGATA-1	MZ286258_1_ORF2	0	0	2	2	TRUE	FALSE
GCGAACCAGTTACGAA-1	MZ286102_1_ORF2	1	0	6	6	TRUE	TRUE
GCGAACCAGTTCGGCT-1	MZ286258_1_ORF2	1	0	5	5	TRUE	TRUE
GCGAAGGAGAGATTGC-1	MZ286102_1_ORF2	0	0	1	1	FALSE	FALSE
GCGAAGGAGATTCCGC-1	MZ286258_1_ORF2	0	0	1	1	FALSE	TRUE
GCGAAGGAGGACTCTC-1	MZ286102_1_ORF2	1	1	39	39	TRUE	TRUE
GCGAAGGAGTATGGTA-1	OZ258728_1_ORF2	0	0	1	1	FALSE	TRUE
GCGAAGGAGTCCAATT-1	MZ286197_1_ORF1	0	0	1	1	FALSE	FALSE
GCGAATAGTAATGAAC-1	meGFP	0	0	1	1	FALSE	TRUE
GCGAATAGTACAGAGC-1	meGFP	0	0	1	1	FALSE	TRUE
GCGAATAGTATCGCCA-1	OP549859_1_ORF2	0	0	1	1	FALSE	FALSE
GCGAATAGTATTGGGA-1	OZ258728_1_ORF2	0	0	2	2	TRUE	TRUE
GCGAATAGTCGTTAGT-1	meGFP	0	0	1	1	FALSE	FALSE
GCGAATAGTCGTTGGC-1	MZ286258_1_ORF2	0	0	1	1	FALSE	FALSE
GCGAATAGTCTTGGGC-1	OZ258728_1_ORF1	0	0	1	1	FALSE	FALSE
GCGAATAGTGAAGCCG-1	OP549859_1_ORF1	0	0	3	4	TRUE	TRUE
GCGAATAGTGATAGTG-1	meGFP	1	1	17	17	TRUE	TRUE
GCGAATAGTGCAAGCG-1	MZ286197_1_ORF1	0	0	1	1	FALSE	FALSE
GCGAATAGTGTGTGAA-1	OZ258728_1_ORF2	0	0	1	1	FALSE	FALSE
GCGAATAGTGTTGCGC-1	OZ258728_1_ORF2	0	0	1	1	FALSE	FALSE
GCGAATAGTTACGCCA-1	MZ286102_1_ORF1	0	0	1	1	FALSE	TRUE
GCGAATAGTTTGAACC-1	MZ286188_1_ORF2	0	0	1	1	FALSE	TRUE
GCGACAATCAATCACT-1	OZ258728_1_ORF2	0	0	1	1	FALSE	FALSE
GCGACAATCACTTACG-1	MZ286197_1_ORF2	0	0	1	2	FALSE	FALSE
GCGACAATCCCTGCGA-1	OZ258728_1_ORF2	0	0	1	1	FALSE	FALSE
GCGACAATCGAAGTTA-1	meGFP	1	1	32	33	TRUE	TRUE
GCGACAATCGATGTCC-1	MZ286188_1_ORF1	0	0	1	1	FALSE	TRUE
GCGACAATCGTTCCGG-1	meGFP	0	0	1	2	FALSE	TRUE
GCGACAATCTCAGTGC-1	MZ286197_1_ORF2	0	0	3	4	TRUE	TRUE
GCGACAATCTTGCGGT-1	OP549859_1_ORF2	1	0	8	9	TRUE	TRUE
GCGACAGGTAAGGTAT-1	OZ258728_1_ORF2	0	0	1	1	FALSE	TRUE
GCGACAGGTGAAGGCT-1	OZ258728_1_ORF2	0	0	1	1	FALSE	FALSE
GCGACAGGTGATCGTT-1	OZ258728_1_ORF1	1	1	22	23	TRUE	TRUE
GCGACAGGTGATTACC-1	MZ286188_1_ORF2	1	0	4	6	TRUE	TRUE
GCGACAGGTGCTTAGT-1	MZ286188_1_ORF1	0	0	1	1	FALSE	FALSE
GCGACAGGTGTCCAAT-1	MZ286197_1_ORF2	0	0	1	1	FALSE	FALSE
GCGACAGGTTATGGAG-1	OZ258728_1_ORF2	0	0	1	1	FALSE	TRUE
GCGACAGGTTTCAAGC-1	MZ286258_1_ORF2	0	0	1	1	FALSE	FALSE
GCGACTGCAACCGAAC-1	OP549859_1_ORF1	0	0	1	1	FALSE	TRUE
GCGACTGCAACTGGCG-1	meGFP	0	0	2	2	TRUE	TRUE
GCGACTGCAGAGAGAT-1	OZ258728_1_ORF2	0	0	1	1	FALSE	FALSE
GCGACTGCAGGCAACT-1	OP549859_1_ORF1	1	0	9	10	TRUE	TRUE
GCGACTGCAGGTCTCC-1	MZ286258_1_ORF2	0	0	2	2	TRUE	TRUE
GCGACTGCATATCACC-1	OP549859_1_ORF1	0	0	1	3	FALSE	FALSE
GCGAGGAAGAATCAGC-1	OZ258728_1_ORF2	0	0	1	1	FALSE	TRUE
GCGAGGAAGACTCAGG-1	MZ286102_1_ORF2	0	0	1	1	FALSE	TRUE
GCGAGGAAGCAAGCTG-1	OP549859_1_ORF2	0	0	3	3	TRUE	TRUE
GCGAGGAAGCACGTTC-1	OP549859_1_ORF1	1	1	25	25	TRUE	TRUE
GCGAGGAAGCCTTCAA-1	MZ286188_1_ORF2	1	1	15	15	TRUE	TRUE
GCGAGGAAGGACTCTC-1	meGFP	0	0	2	2	TRUE	TRUE
GCGAGGAAGGCTTCAC-1	MZ286258_1_ORF2	0	0	1	1	FALSE	FALSE
GCGAGTATCACATGCC-1	OP549859_1_ORF2	0	0	1	1	FALSE	TRUE
GCGAGTATCATCCCTT-1	MZ286102_1_ORF2	0	0	1	1	FALSE	FALSE
GCGAGTATCCCATCGG-1	OP549859_1_ORF2	1	0	7	9	TRUE	TRUE
GCGAGTATCGGGATTG-1	OP549859_1_ORF1	1	1	14	17	TRUE	TRUE
GCGAGTATCTAACTGT-1	MZ286188_1_ORF1	0	0	1	1	FALSE	FALSE
GCGAGTATCTGCCATA-1	OZ258728_1_ORF2	1	1	29	29	TRUE	TRUE
GCGATAAGTAACTGAG-1	OP549859_1_ORF1	2	1	68	74	TRUE	TRUE
GCGATAAGTACTGCCA-1	OZ258728_1_ORF2	0	0	1	1	FALSE	TRUE
GCGATAAGTATACGTC-1	OZ258728_1_ORF2	1	1	100	100	TRUE	TRUE
GCGATAAGTATTGGGA-1	MZ286197_1_ORF1	0	0	1	1	FALSE	FALSE
GCGATAAGTCATCGTG-1	meGFP	0	0	1	1	FALSE	FALSE
GCGATAAGTGATAGTG-1	OZ258728_1_ORF2	1	0	4	8	TRUE	TRUE
GCGATAAGTGCCTAAT-1	OZ258728_1_ORF1	0	0	1	1	FALSE	FALSE
GCGATAAGTGCTTAGT-1	MZ286188_1_ORF1	0	0	1	1	FALSE	FALSE
GCGATAAGTTTGGCGC-1	OP549859_1_ORF1	0	0	1	1	FALSE	TRUE
GCGATGTCAATGGTTG-1	OZ258728_1_ORF2	1	1	92	92	TRUE	TRUE
GCGATGTCACATACAG-1	OZ258728_1_ORF2	0	0	1	1	FALSE	TRUE
GCGATGTCAGATTCGA-1	OZ258728_1_ORF2	0	0	1	1	FALSE	TRUE
GCGATGTCAGCTGGCA-1	meGFP	0	0	1	1	FALSE	TRUE
GCGATGTCATCAAGTG-1	meGFP	0	0	1	1	FALSE	FALSE
GCGATGTCATCAGGGT-1	meGFP	1	1	41	42	TRUE	TRUE
GCGATGTCATGGTAAT-1	MZ286102_1_ORF2	1	0	7	7	TRUE	TRUE
GCGATGTCATGTCTGT-1	MZ286102_1_ORF1	0	0	3	3	TRUE	TRUE
GCGATTGAGAGCCAAT-1	meGFP	0	0	1	1	FALSE	FALSE
GCGATTGAGCCGGATA-1	OP549859_1_ORF1	0	0	1	1	FALSE	TRUE
GCGATTGAGCTACTTG-1	MZ286258_1_ORF2	0	0	1	1	FALSE	FALSE
GCGATTGAGCTCATGC-1	MZ286258_1_ORF1	0	0	2	4	FALSE	TRUE
GCGATTGAGGTACCCT-1	OZ258728_1_ORF2	0	0	1	2	FALSE	TRUE
GCGATTGAGTAGTTGA-1	OP549859_1_ORF1	1	1	10	11	TRUE	TRUE
GCGATTGAGTATCGAA-1	MZ286102_1_ORF2	0	0	1	1	FALSE	FALSE
GCGATTGAGTTGCGTC-1	MZ286258_1_ORF2	1	1	32	32	TRUE	TRUE
GCGCCTTCAACACCAA-1	OZ258728_1_ORF2	0	0	1	1	FALSE	TRUE
GCGCCTTCAACTCTAC-1	MZ286258_1_ORF2	0	0	1	1	FALSE	FALSE
GCGCCTTCACCCATTG-1	OZ258728_1_ORF2	0	0	1	1	FALSE	FALSE
GCGCCTTCACGGTTCC-1	OZ258728_1_ORF2	0	0	1	1	FALSE	TRUE
GCGCCTTCACTTGGAA-1	MZ286258_1_ORF2	0	0	1	1	FALSE	FALSE
GCGCCTTCAGGAAGCA-1	OZ258728_1_ORF2	0	0	1	1	FALSE	FALSE
GCGCCTTCAGGCATTA-1	OP549859_1_ORF1	0	0	1	1	FALSE	TRUE
GCGCCTTCATGCGTGG-1	MZ286188_1_ORF1	0	0	2	2	TRUE	TRUE
GCGCGATAGACATCGG-1	OZ258728_1_ORF1	1	1	16	16	TRUE	TRUE
GCGCGATAGATACAGC-1	MZ286197_1_ORF1	0	0	1	2	FALSE	TRUE
GCGCGATAGCGCCTAT-1	MZ286197_1_ORF1	1	0	4	4	TRUE	FALSE
GCGCGATAGCTACTTG-1	MZ286102_1_ORF2	0	0	1	1	FALSE	TRUE
GCGCGATAGCTGAGAT-1	OP549859_1_ORF2	1	0	4	4	TRUE	TRUE
GCGCGATAGGGGACAG-1	MZ286188_1_ORF1	0	0	2	2	TRUE	TRUE
GCGCGATAGGGTGTCA-1	meGFP	0	0	1	1	FALSE	FALSE
GCGCGATAGTACTGGG-1	MZ286102_1_ORF2	0	0	1	1	FALSE	TRUE
GCGCGATAGTTGGCGA-1	OP549859_1_ORF1	1	1	22	23	TRUE	TRUE
GCGCGTGAGAACCGTG-1	MZ286102_1_ORF2	1	0	5	6	TRUE	TRUE
GCGCGTGAGAGAGCTT-1	OZ258728_1_ORF2	0	0	1	1	FALSE	FALSE
GCGCGTGAGATGCCAG-1	OZ258728_1_ORF1	1	1	13	13	TRUE	TRUE
GCGCGTGAGCCACACT-1	MZ286102_1_ORF2	0	0	1	1	FALSE	TRUE
GCGCGTGAGCTTGAGG-1	MZ286197_1_ORF1	0	0	1	1	FALSE	TRUE
GCGCGTGAGTCGCTCG-1	MZ286258_1_ORF1	1	0	8	10	TRUE	TRUE
GCGCGTGAGTGGCTTC-1	MZ286188_1_ORF2	0	0	2	3	FALSE	TRUE
GCGCGTGAGTTGAATG-1	OP549859_1_ORF2	0	0	1	1	FALSE	TRUE
GCGCGTGAGTTGGAAC-1	MZ286102_1_ORF2	1	0	4	4	TRUE	TRUE
GCGGACTAGACACCTC-1	OZ258728_1_ORF2	1	1	57	57	TRUE	TRUE
GCGGACTAGACATCAA-1	OZ258728_1_ORF1	0	0	1	3	FALSE	FALSE
GCGGACTAGCATCCGT-1	MZ286197_1_ORF2	0	0	1	1	FALSE	TRUE
GCGGACTAGCCACACT-1	MZ286258_1_ORF2	0	0	3	3	TRUE	TRUE
GCGGACTAGCCTAGTC-1	OZ258728_1_ORF2	0	0	1	1	FALSE	FALSE
GCGGACTAGCGGGACT-1	OZ258728_1_ORF2	0	0	1	1	FALSE	FALSE
GCGGACTAGGAGTATC-1	MZ286102_1_ORF2	0	0	1	1	FALSE	FALSE
GCGGACTAGGGATGAA-1	OP549859_1_ORF1	0	0	1	1	FALSE	TRUE
GCGGATGGTAAGCATG-1	OZ258728_1_ORF2	0	0	1	1	FALSE	TRUE
GCGGATGGTACCGACC-1	OZ258728_1_ORF1	0	0	1	1	FALSE	FALSE
GCGGATGGTAGCCATT-1	OP549859_1_ORF1	0	0	1	1	FALSE	FALSE
GCGGATGGTGCCCAAC-1	meGFP	0	0	1	1	FALSE	TRUE
GCGGATGGTGCCCGAT-1	OP549859_1_ORF1	0	0	1	1	FALSE	TRUE
GCGGATGGTGGAGAGA-1	MZ286197_1_ORF1	0	0	1	1	FALSE	FALSE
GCGGATGGTTTAATCG-1	OZ258728_1_ORF2	1	1	78	79	TRUE	TRUE
GCGGATGGTTTGGCGC-1	MZ286197_1_ORF2	0	0	2	2	TRUE	TRUE
GCGGGCATCAGGACGC-1	MZ286197_1_ORF1	1	1	64	65	TRUE	TRUE
GCGGGCATCCCAGTAC-1	meGFP	0	0	2	3	FALSE	TRUE
GCGGGCATCCTCATTC-1	meGFP	1	1	54	55	TRUE	TRUE
GCGGGCATCCTGTCCC-1	OZ258728_1_ORF2	0	0	1	1	FALSE	FALSE
GCGGGCATCGCCTGCA-1	MZ286188_1_ORF1	0	0	1	1	FALSE	FALSE
GCGGGCATCGTCCGTG-1	MZ286197_1_ORF1	0	0	1	1	FALSE	FALSE
GCGGGCATCTAGCCCG-1	MZ286258_1_ORF2	1	0	9	9	TRUE	TRUE
GCGGGCATCTAGGCTC-1	MZ286188_1_ORF2	0	0	1	1	FALSE	TRUE
GCGGGCATCTATCGTG-1	MZ286258_1_ORF2	0	0	1	1	FALSE	TRUE
GCGGGCATCTGCATCA-1	MZ286102_1_ORF2	1	0	7	9	TRUE	TRUE
GCGGGCATCTTCGTAG-1	OZ258728_1_ORF2	0	0	1	1	FALSE	FALSE
GCGGGCATCTTGAATC-1	meGFP	0	0	1	1	FALSE	FALSE
GCGGTAATCACCGCAT-1	MZ286258_1_ORF2	0	0	3	4	TRUE	TRUE
GCGGTAATCACGGTAG-1	MZ286258_1_ORF2	0	0	1	1	FALSE	TRUE
GCGGTAATCAGGACGC-1	MZ286102_1_ORF2	1	1	10	11	TRUE	TRUE
GCGGTAATCATCCCTT-1	MZ286258_1_ORF2	0	0	1	1	FALSE	FALSE
GCGGTAATCCATAGGG-1	OZ258728_1_ORF2	0	0	1	1	FALSE	FALSE
GCGGTAATCCATCACA-1	OZ258728_1_ORF2	1	0	4	6	TRUE	TRUE
GCGGTAATCCGCCACA-1	OZ258728_1_ORF2	0	0	1	1	FALSE	FALSE
GCGGTAATCCTCCTGC-1	MZ286102_1_ORF1	0	0	1	1	FALSE	TRUE
GCGGTAATCGCGAGGT-1	OZ258728_1_ORF2	0	0	1	1	FALSE	FALSE
GCGGTAATCGTACGGA-1	OZ258728_1_ORF2	0	0	1	1	FALSE	FALSE
GCGGTAATCGTGCTGT-1	meGFP	1	1	32	32	TRUE	TRUE
GCGGTAATCGTTCCGG-1	OZ258728_1_ORF2	1	1	21	23	TRUE	TRUE
GCGGTAATCTGTATGT-1	meGFP	0	0	1	1	FALSE	TRUE
GCGGTACAGAACGGCC-1	MZ286197_1_ORF1	0	0	1	1	FALSE	FALSE
GCGGTACAGAATGGTC-1	MZ286188_1_ORF1	1	0	5	5	TRUE	TRUE
GCGGTACAGACCAGTG-1	OZ258728_1_ORF2	0	0	1	1	FALSE	TRUE
GCGGTACAGAGCTGGC-1	OZ258728_1_ORF2	0	0	1	1	FALSE	TRUE
GCGGTACAGCAGGCAC-1	OP549859_1_ORF2	1	0	6	6	TRUE	TRUE
GCGGTACAGCTGGTTC-1	OP549859_1_ORF2	1	1	11	13	TRUE	TRUE
GCGGTACAGGCGTGGT-1	MZ286102_1_ORF2	0	0	1	1	FALSE	TRUE
GCGGTACAGGGGTAGG-1	OP549859_1_ORF1	0	0	1	1	FALSE	FALSE
GCGGTACAGTATCGTT-1	OZ258728_1_ORF2	0	0	1	2	FALSE	TRUE
GCGGTACAGTTGACTT-1	OP549859_1_ORF1	0	0	1	1	FALSE	FALSE
GCGGTAGGTAAGCATG-1	OP549859_1_ORF1	0	0	1	1	FALSE	FALSE
GCGGTAGGTACCGGAG-1	OZ258728_1_ORF2	0	0	1	1	FALSE	FALSE
GCGGTAGGTAGACATG-1	OP549859_1_ORF1	0	0	1	2	FALSE	FALSE
GCGGTAGGTATCGAGA-1	MZ286188_1_ORF2	1	0	4	4	TRUE	TRUE
GCGGTAGGTCTGCACA-1	OZ258728_1_ORF1	1	0	6	7	TRUE	TRUE
GCGGTAGGTTTACGAC-1	OZ258728_1_ORF2	0	0	1	1	FALSE	FALSE
GCGGTCGAGAACCGTG-1	OP549859_1_ORF2	1	0	5	5	TRUE	TRUE
GCGGTCGAGACATCGG-1	MZ286197_1_ORF1	0	0	3	3	TRUE	FALSE
GCGGTCGAGCTTAGTT-1	MZ286102_1_ORF2	0	0	2	2	TRUE	TRUE
GCGGTCGAGGACGAGG-1	MZ286197_1_ORF2	1	0	4	4	TRUE	TRUE
GCGGTCGAGGTAGGAA-1	OP549859_1_ORF1	0	0	1	1	FALSE	FALSE
GCGGTCGAGTAGAGGA-1	OP549859_1_ORF1	1	0	9	12	TRUE	TRUE
GCGTAAAGTAGTATCC-1	OZ258728_1_ORF1	0	0	1	1	FALSE	TRUE
GCGTAAAGTATAGACG-1	OP549859_1_ORF2	1	0	5	5	TRUE	TRUE
GCGTAAAGTCATGAGA-1	OZ258728_1_ORF1	1	1	46	47	TRUE	TRUE
GCGTAAAGTCTCCTTA-1	OZ258728_1_ORF2	0	0	1	1	FALSE	FALSE
GCGTAAAGTGAGATAT-1	OP549859_1_ORF2	1	0	6	9	TRUE	TRUE
GCGTAAAGTGATGTCT-1	MZ286102_1_ORF2	0	0	1	1	FALSE	TRUE
GCGTAAAGTGATTGCT-1	OP549859_1_ORF1	2	2	39	77	FALSE	TRUE
GCGTAAAGTGCTTAAC-1	meGFP	0	0	1	1	FALSE	TRUE
GCGTAAAGTGGCAACG-1	OP549859_1_ORF1	1	0	5	5	TRUE	TRUE
GCGTAAAGTGGCATGG-1	MZ286197_1_ORF2	0	0	3	4	TRUE	TRUE
GCGTAAAGTGGCCGTT-1	OP549859_1_ORF1	1	0	6	6	TRUE	TRUE
GCGTAAAGTGGTTCGC-1	OP549859_1_ORF1	1	1	21	21	TRUE	TRUE
GCGTAAAGTTCGCAGC-1	MZ286102_1_ORF2	0	0	1	1	FALSE	TRUE
GCGTAACCAACCCAGG-1	meGFP	0	0	1	1	FALSE	TRUE
GCGTAACCAACTGCCC-1	OZ258728_1_ORF2	0	0	1	1	FALSE	FALSE
GCGTAACCACCAAGTA-1	OZ258728_1_ORF1	1	0	7	7	TRUE	TRUE
GCGTAACCACGGATCG-1	MZ286258_1_ORF1	1	0	4	4	TRUE	TRUE
GCGTAACCACGGTTCC-1	OZ258728_1_ORF2	0	0	1	1	FALSE	FALSE
GCGTAACCAGACCGCA-1	MZ286197_1_ORF2	0	0	2	3	FALSE	TRUE
GCGTAACCAGAGAGAT-1	OZ258728_1_ORF2	1	1	58	58	TRUE	TRUE
GCGTAACCATAAGGTT-1	meGFP	0	0	2	2	TRUE	TRUE
GCGTCCATCAATTACC-1	OP549859_1_ORF1	1	1	16	19	TRUE	TRUE
GCGTCCATCACTAATC-1	meGFP	0	0	1	1	FALSE	TRUE
GCGTCCATCATCATAC-1	MZ286102_1_ORF2	1	1	11	11	TRUE	TRUE
GCGTCCATCATGGAAC-1	OZ258728_1_ORF2	0	0	1	1	FALSE	TRUE
GCGTCCATCCGCATGT-1	MZ286258_1_ORF1	0	0	1	1	FALSE	TRUE
GCGTCCATCGCAACTC-1	MZ286102_1_ORF2	1	1	14	14	TRUE	TRUE
GCGTCCATCGGGAAGG-1	OZ258728_1_ORF1	1	0	7	9	TRUE	TRUE
GCGTCCATCGTTCACA-1	OZ258728_1_ORF2	0	0	1	1	FALSE	FALSE
GCGTCCATCTCTGTGA-1	OZ258728_1_ORF2	0	0	2	3	FALSE	TRUE
GCGTCCATCTGAGTGG-1	MZ286102_1_ORF1	0	0	1	1	FALSE	FALSE
GCGTCCTCAACGGCCA-1	MZ286258_1_ORF2	0	0	1	1	FALSE	TRUE
GCGTCCTCAAGCCATA-1	OZ258728_1_ORF2	0	0	1	1	FALSE	FALSE
GCGTCCTCAATCTGTC-1	OP549859_1_ORF2	0	0	1	1	FALSE	TRUE
GCGTCCTCACAAGCCG-1	OZ258728_1_ORF2	1	1	62	63	TRUE	TRUE
GCGTCCTCACCTCTAG-1	meGFP	0	0	1	1	FALSE	FALSE
GCGTCCTCACGATTGA-1	OZ258728_1_ORF2	1	1	30	31	TRUE	TRUE
GCGTCCTCACGGGTAT-1	OZ258728_1_ORF2	0	0	1	2	FALSE	TRUE
GCGTCCTCACGTGAGT-1	OZ258728_1_ORF2	0	0	1	1	FALSE	FALSE
GCGTCCTCACTTCAAC-1	OZ258728_1_ORF1	0	0	1	1	FALSE	TRUE
GCGTCCTCAGGCGCTA-1	MZ286258_1_ORF2	0	0	1	1	FALSE	FALSE
GCGTCCTCAGGTCTAA-1	MZ286197_1_ORF1	0	0	1	1	FALSE	TRUE
GCGTCCTCATGAACCA-1	meGFP	0	0	3	15	FALSE	TRUE
GCGTCCTCATGACGAC-1	OZ258728_1_ORF2	0	0	1	1	FALSE	FALSE
GCGTGAATCACCACGT-1	MZ286102_1_ORF2	0	0	1	1	FALSE	TRUE
GCGTGAATCAGTATGA-1	OZ258728_1_ORF2	0	0	1	1	FALSE	FALSE
GCGTGAATCCATAGCC-1	OZ258728_1_ORF2	1	1	194	194	TRUE	TRUE
GCGTGAATCGCAGGGT-1	MZ286102_1_ORF2	0	0	1	1	FALSE	TRUE
GCGTGAATCGCATCGT-1	MZ286258_1_ORF1	1	1	23	24	TRUE	TRUE
GCGTGAATCGCGGAGT-1	OP549859_1_ORF1	0	0	1	1	FALSE	TRUE
GCGTGAATCGCGTTAC-1	OP549859_1_ORF1	0	0	1	1	FALSE	FALSE
GCGTGAATCGGGAACC-1	MZ286258_1_ORF2	0	0	2	2	TRUE	TRUE
GCGTGAATCGTACGGA-1	OP549859_1_ORF1	0	0	1	1	FALSE	FALSE
GCGTGAATCGTGAAGT-1	OP549859_1_ORF2	0	0	1	1	FALSE	TRUE
GCGTGAATCTCTAACG-1	MZ286188_1_ORF1	0	0	1	1	FALSE	FALSE
GCGTGAATCTCTGTGA-1	OP549859_1_ORF1	0	0	1	2	FALSE	TRUE
GCGTGAATCTGATTAC-1	meGFP	1	0	7	8	TRUE	TRUE
GCGTGCCTCATGGCAG-1	MZ286102_1_ORF2	1	1	10	10	TRUE	TRUE
GCGTGCCTCCAAGTAA-1	MZ286258_1_ORF2	0	0	1	1	FALSE	FALSE
GCGTGCCTCCAGAGGC-1	MZ286197_1_ORF2	0	0	1	2	FALSE	TRUE
GCGTGCCTCCCAACTA-1	MZ286197_1_ORF1	0	0	2	2	TRUE	TRUE
GCGTGCCTCCCAGTAC-1	OZ258728_1_ORF1	1	1	31	31	TRUE	TRUE
GCGTGCCTCCGCTCGA-1	OZ258728_1_ORF1	1	0	5	5	TRUE	TRUE
GCGTGCCTCCTACTTC-1	OZ258728_1_ORF2	1	0	9	9	TRUE	TRUE
GCGTGCCTCCTCCTAT-1	MZ286258_1_ORF2	0	0	2	2	TRUE	TRUE
GCGTGCCTCGGGAAGG-1	MZ286188_1_ORF1	0	0	1	1	FALSE	FALSE
GCGTGCCTCTGCACCG-1	OZ258728_1_ORF2	0	0	1	1	FALSE	TRUE
GCGTGCGAGATCAAGC-1	MZ286188_1_ORF2	0	0	1	1	FALSE	FALSE
GCGTGCGAGCTATGAA-1	meGFP	0	0	2	4	FALSE	TRUE
GCGTGCGAGCTTGGTC-1	MZ286197_1_ORF2	1	0	7	10	TRUE	TRUE
GCGTGCGAGGGCGTAC-1	OP549859_1_ORF1	0	0	1	1	FALSE	TRUE
GCGTGCGAGTCAGCAG-1	MZ286102_1_ORF2	1	1	16	16	TRUE	TRUE
GCGTGCGAGTGGGTCA-1	MZ286258_1_ORF2	1	0	9	9	TRUE	TRUE
GCGTGCGAGTTGCGTC-1	MZ286258_1_ORF2	0	0	1	1	FALSE	FALSE
GCGTTACTCCCAACTA-1	MZ286102_1_ORF2	0	0	2	2	TRUE	FALSE
GCGTTACTCTAACTAC-1	MZ286258_1_ORF2	1	1	12	12	TRUE	TRUE
GCGTTCGTCAATCACT-1	MZ286197_1_ORF1	1	1	26	26	TRUE	TRUE
GCGTTCGTCACCGCAT-1	OZ258728_1_ORF2	0	0	1	1	FALSE	TRUE
GCGTTCGTCGATTCAT-1	MZ286102_1_ORF1	0	0	1	1	FALSE	TRUE
GCGTTCGTCGCTTGGT-1	MZ286102_1_ORF2	1	0	8	8	TRUE	TRUE
GCGTTCGTCGTGCGAA-1	meGFP	0	0	1	1	FALSE	FALSE
GCGTTCGTCTCGATCA-1	OZ258728_1_ORF2	0	0	1	1	FALSE	FALSE
GCGTTCGTCTGGTTGC-1	meGFP	0	0	1	1	FALSE	FALSE
GCTAAATCAACTTCGT-1	meGFP	0	0	1	1	FALSE	TRUE
GCTAAATCACAACTAG-1	OZ258728_1_ORF2	1	1	19	19	TRUE	TRUE
GCTAAATCACGTTGGG-1	meGFP	0	0	2	2	TRUE	TRUE
GCTAAATCAGCGCTTC-1	MZ286197_1_ORF1	0	0	1	2	FALSE	TRUE
GCTAAATCATTACTTG-1	MZ286102_1_ORF2	1	1	13	13	TRUE	TRUE
GCTAACACACCGGACA-1	OP549859_1_ORF1	0	0	1	1	FALSE	FALSE
GCTAACACACCGTACC-1	MZ286197_1_ORF2	1	0	6	7	TRUE	TRUE
GCTAACACACGATGTA-1	meGFP	0	0	1	1	FALSE	FALSE
GCTAACACACGCCATC-1	OZ258728_1_ORF1	1	0	4	4	TRUE	TRUE
GCTAACACAGAGAGAT-1	meGFP	1	1	11	11	TRUE	TRUE
GCTAACACAGCCAACG-1	OZ258728_1_ORF2	0	0	1	1	FALSE	TRUE
GCTAACACAGGCTATA-1	MZ286258_1_ORF2	1	1	13	13	TRUE	TRUE
GCTAACACATCCAGCC-1	OZ258728_1_ORF1	0	0	1	2	FALSE	TRUE
GCTAACACATGCCCTA-1	OZ258728_1_ORF2	0	0	1	1	FALSE	TRUE
GCTAACACATGGTGTA-1	OP549859_1_ORF2	0	0	1	1	FALSE	FALSE
GCTACCAGTACAGGGT-1	OZ258728_1_ORF2	0	0	1	1	FALSE	FALSE
GCTACCAGTACGTTCG-1	MZ286197_1_ORF1	1	0	4	4	TRUE	TRUE
GCTACCAGTAGCAGGT-1	MZ286197_1_ORF1	0	0	1	1	FALSE	FALSE
GCTACCAGTATCCCGA-1	OZ258728_1_ORF2	0	0	1	1	FALSE	FALSE
GCTACCAGTCCCATCT-1	MZ286102_1_ORF1	0	0	1	1	FALSE	TRUE
GCTACCAGTCGTTAGT-1	MZ286258_1_ORF2	0	0	1	1	FALSE	TRUE
GCTACCAGTCTTACCC-1	OZ258728_1_ORF2	0	0	1	1	FALSE	FALSE
GCTACCAGTGATCAAG-1	OZ258728_1_ORF2	2	1	135	140	TRUE	TRUE
GCTACCAGTGCTTAGT-1	MZ286188_1_ORF1	0	0	1	1	FALSE	FALSE
GCTACCAGTGGGATTA-1	MZ286102_1_ORF2	0	0	1	1	FALSE	FALSE
GCTACCAGTTACGGAA-1	OZ258728_1_ORF2	2	1	11	16	FALSE	TRUE
GCTACCAGTTGTACGT-1	MZ286102_1_ORF2	1	0	6	6	TRUE	TRUE
GCTACGTTCACTAATC-1	MZ286102_1_ORF2	0	0	3	4	TRUE	TRUE
GCTACGTTCATCAATC-1	OZ258728_1_ORF2	1	1	57	57	TRUE	TRUE
GCTACGTTCATCCGGT-1	OZ258728_1_ORF2	0	0	3	3	TRUE	FALSE
GCTACGTTCGCTAGAG-1	meGFP	0	0	1	1	FALSE	TRUE
GCTACGTTCGTCACCG-1	MZ286258_1_ORF1	1	0	6	6	TRUE	TRUE
GCTACTGGTACGCCTA-1	MZ286102_1_ORF2	0	0	1	1	FALSE	TRUE
GCTACTGGTGAGAGCT-1	OZ258728_1_ORF2	0	0	1	1	FALSE	FALSE
GCTACTGGTTCGCTTC-1	MZ286258_1_ORF1	1	1	25	25	TRUE	TRUE
GCTACTGGTTGCGGTC-1	MZ286258_1_ORF2	1	0	4	4	TRUE	TRUE
GCTACTGGTTTAGCAC-1	MZ286102_1_ORF1	1	0	9	9	TRUE	TRUE
GCTACTGGTTTGGTAC-1	MZ286258_1_ORF2	1	0	8	8	TRUE	TRUE
GCTATCGGTACGTTCG-1	OZ258728_1_ORF2	0	0	1	1	FALSE	FALSE
GCTATCGGTAGCATAG-1	MZ286188_1_ORF2	0	0	1	1	FALSE	TRUE
GCTATCGGTCGGGCTT-1	OP549859_1_ORF2	0	0	1	1	FALSE	TRUE
GCTATCGGTGCGCATC-1	OZ258728_1_ORF2	0	0	1	1	FALSE	FALSE
GCTATCGGTGGCGCAA-1	MZ286197_1_ORF1	1	1	15	15	TRUE	TRUE
GCTATCGGTTACCGTG-1	MZ286258_1_ORF2	1	1	10	10	TRUE	TRUE
GCTATCGGTTGAAGCA-1	meGFP	0	0	2	2	TRUE	TRUE
GCTATCGGTTTACCAA-1	meGFP	1	1	32	32	TRUE	TRUE
GCTATCGGTTTAGGAG-1	MZ286197_1_ORF1	0	0	1	1	FALSE	FALSE
GCTCATGGTAACCTAC-1	MZ286258_1_ORF2	1	0	4	4	TRUE	TRUE
GCTCATGGTAGGATAT-1	OZ258728_1_ORF2	1	1	128	128	TRUE	TRUE
GCTCATGGTAGTCGGG-1	meGFP	0	0	2	2	TRUE	FALSE
GCTCATGGTAGTGTCT-1	MZ286102_1_ORF1	1	1	23	23	TRUE	TRUE
GCTCATGGTCGCATAT-1	OZ258728_1_ORF2	0	0	1	1	FALSE	TRUE
GCTCATGGTCGGGCTT-1	meGFP	0	0	1	1	FALSE	FALSE
GCTCATGGTCTTAATG-1	MZ286258_1_ORF2	1	0	6	6	TRUE	TRUE
GCTCATGGTGAACCAA-1	OZ258728_1_ORF2	0	0	1	1	FALSE	TRUE
GCTCATGGTGACCCTA-1	MZ286102_1_ORF2	0	0	3	3	TRUE	TRUE
GCTCATGGTGCAAGCG-1	MZ286258_1_ORF2	1	0	4	4	TRUE	TRUE
GCTCATGGTGCTATGT-1	OP549859_1_ORF2	0	0	3	4	TRUE	TRUE
GCTCATGGTTGCCTTC-1	MZ286102_1_ORF2	1	1	26	26	TRUE	TRUE
GCTCCCAAGAAGTTGC-1	OZ258728_1_ORF2	1	1	103	107	TRUE	TRUE
GCTCCCAAGACATTAG-1	meGFP	1	0	6	6	TRUE	TRUE
GCTCCCAAGACTTGGG-1	MZ286188_1_ORF2	0	0	2	3	FALSE	TRUE
GCTCCCAAGATATCCT-1	OZ258728_1_ORF2	0	0	1	1	FALSE	FALSE
GCTCCCAAGCACGTAG-1	MZ286102_1_ORF2	0	0	1	1	FALSE	FALSE
GCTCCCAAGCGGTAGC-1	OZ258728_1_ORF2	0	0	1	1	FALSE	FALSE
GCTCCCAAGCTTGATT-1	OZ258728_1_ORF2	0	0	1	1	FALSE	FALSE
GCTCCCAAGGGCAACC-1	OZ258728_1_ORF2	0	0	2	4	FALSE	TRUE
GCTCCCAAGTCATCCA-1	OZ258728_1_ORF2	0	0	1	1	FALSE	FALSE
GCTCCCAAGTGCTACC-1	OZ258728_1_ORF2	0	0	1	1	FALSE	TRUE
GCTCCGTCAATGGCTA-1	OZ258728_1_ORF2	0	0	1	1	FALSE	FALSE
GCTCCGTCAATTGCAG-1	OP549859_1_ORF1	1	0	6	6	TRUE	TRUE
GCTCCGTCACAGTATG-1	OZ258728_1_ORF2	0	0	2	3	FALSE	TRUE
GCTCCGTCACCGGTAG-1	MZ286102_1_ORF2	0	0	1	1	FALSE	TRUE
GCTCCGTCACGAACCG-1	OZ258728_1_ORF2	0	0	1	1	FALSE	FALSE
GCTCCGTCACGTGAAC-1	OP549859_1_ORF1	0	0	1	1	FALSE	TRUE
GCTCCGTCACTACTAC-1	OP549859_1_ORF2	0	0	1	1	FALSE	FALSE
GCTCCGTCAGCTTGGG-1	OZ258728_1_ORF2	1	1	104	104	TRUE	TRUE
GCTCCGTCAGGGACTT-1	OP549859_1_ORF1	0	0	1	1	FALSE	TRUE
GCTCCGTCATAGTTGG-1	OP549859_1_ORF1	0	0	1	1	FALSE	TRUE
GCTCCTCTCAGGATAC-1	OP549859_1_ORF2	1	0	7	7	TRUE	TRUE
GCTCCTCTCAGTAGTA-1	MZ286188_1_ORF2	1	0	8	8	TRUE	TRUE
GCTCCTCTCCAGAGAT-1	meGFP	0	0	1	1	FALSE	FALSE
GCTCCTCTCCGCGCTA-1	MZ286258_1_ORF2	0	0	2	3	FALSE	TRUE
GCTCCTCTCCGTGATC-1	OZ258728_1_ORF2	0	0	1	1	FALSE	TRUE
GCTCCTCTCCTCATAG-1	MZ286258_1_ORF2	0	0	1	1	FALSE	FALSE
GCTCCTCTCCTGTCAA-1	OZ258728_1_ORF1	0	0	1	2	FALSE	TRUE
GCTCCTCTCCTTACAG-1	OZ258728_1_ORF2	0	0	2	2	TRUE	TRUE
GCTCCTCTCGCGTTAC-1	OP549859_1_ORF1	0	0	1	1	FALSE	TRUE
GCTCCTCTCGTGCTGT-1	OZ258728_1_ORF2	0	0	2	4	FALSE	FALSE
GCTCCTCTCTAACTGT-1	meGFP	0	0	2	4	FALSE	TRUE
GCTCCTCTCTCGATCA-1	MZ286258_1_ORF1	0	0	1	1	FALSE	TRUE
GCTCCTCTCTGCCATA-1	MZ286197_1_ORF2	0	0	0	0	FALSE	TRUE
GCTCGCCAGACATCCC-1	MZ286258_1_ORF2	0	0	1	1	FALSE	TRUE
GCTCGCCAGACGCCTT-1	OZ258728_1_ORF2	0	0	1	1	FALSE	TRUE
GCTCGCCAGAGCTGGC-1	OZ258728_1_ORF1	1	1	62	62	TRUE	TRUE
GCTCGCCAGCAATCGG-1	meGFP	0	0	2	4	FALSE	FALSE
GCTCGCCAGCTCATGC-1	OZ258728_1_ORF2	0	0	1	1	FALSE	TRUE
GCTCGCCAGGGAGACG-1	MZ286188_1_ORF2	1	0	6	6	TRUE	TRUE
GCTCGCCAGGGCAATT-1	OP549859_1_ORF1	1	1	28	30	TRUE	TRUE
GCTCGCCAGGTAGGCC-1	MZ286258_1_ORF2	0	0	1	1	FALSE	FALSE
GCTCGCCAGTAATCCT-1	OZ258728_1_ORF2	0	0	1	1	FALSE	FALSE
GCTCGCCAGTCAGCAG-1	OZ258728_1_ORF2	0	0	1	1	FALSE	FALSE
GCTCGCCAGTTAACCT-1	MZ286197_1_ORF1	0	0	1	1	FALSE	FALSE
GCTCGTCCAACAGATT-1	OZ258728_1_ORF2	0	0	1	1	FALSE	FALSE
GCTCGTCCAAGTGAGG-1	OZ258728_1_ORF2	0	0	1	1	FALSE	TRUE
GCTCGTCCAATAGCAT-1	OP549859_1_ORF1	0	0	1	2	FALSE	FALSE
GCTCGTCCAATGGACC-1	MZ286197_1_ORF2	0	0	3	3	TRUE	TRUE
GCTCGTCCAATTGGTG-1	OZ258728_1_ORF2	1	1	106	106	TRUE	TRUE
GCTCGTCCACCATAGA-1	OZ258728_1_ORF2	0	0	1	1	FALSE	FALSE
GCTCGTCCAGCCCTGT-1	MZ286102_1_ORF2	0	0	1	1	FALSE	TRUE
GCTCGTCCATGAGCCG-1	MZ286197_1_ORF1	0	0	1	1	FALSE	TRUE
GCTCGTCCATTACTCA-1	meGFP	0	0	1	1	FALSE	TRUE
GCTCGTTAGAATGCTA-1	MZ286102_1_ORF2	1	1	11	11	TRUE	TRUE
GCTCGTTAGACCAGCA-1	meGFP	0	0	1	1	FALSE	FALSE
GCTCGTTAGATCAGTA-1	OP549859_1_ORF1	0	0	1	2	FALSE	TRUE
GCTCGTTAGCCTAATT-1	MZ286197_1_ORF1	0	0	1	1	FALSE	TRUE
GCTCGTTAGGGTTCGA-1	MZ286197_1_ORF2	0	0	2	3	FALSE	TRUE
GCTCGTTAGGTGGACC-1	MZ286258_1_ORF2	0	0	1	1	FALSE	TRUE
GCTCGTTAGTGGCTTC-1	OZ258728_1_ORF2	0	0	1	1	FALSE	FALSE
GCTCGTTAGTGTGTCC-1	MZ286102_1_ORF1	1	0	4	4	TRUE	TRUE
GCTCTAATCAATGTGA-1	MZ286102_1_ORF2	0	0	2	2	TRUE	TRUE
GCTCTAATCAGCCGAA-1	MZ286188_1_ORF2	0	0	1	1	FALSE	TRUE
GCTCTAATCAGTATCT-1	OP549859_1_ORF1	0	0	1	1	FALSE	TRUE
GCTCTAATCCAATCAT-1	MZ286258_1_ORF2	1	0	4	5	TRUE	TRUE
GCTCTAATCCCGCTGA-1	OZ258728_1_ORF2	0	0	1	2	FALSE	FALSE
GCTCTAATCCCGTGCA-1	OP549859_1_ORF1	2	1	67	75	TRUE	TRUE
GCTCTAATCCGTAATT-1	OP549859_1_ORF1	0	0	1	1	FALSE	FALSE
GCTCTAATCCGTACCG-1	MZ286258_1_ORF2	0	0	1	2	FALSE	TRUE
GCTCTAATCCTGTCAA-1	OP549859_1_ORF2	0	0	1	1	FALSE	FALSE
GCTCTAATCCTTACAG-1	OP549859_1_ORF1	0	0	1	1	FALSE	TRUE
GCTCTAATCGCGTCCA-1	MZ286102_1_ORF2	0	0	1	1	FALSE	TRUE
GCTCTAATCGGGATTG-1	MZ286258_1_ORF2	0	0	1	1	FALSE	FALSE
GCTCTCCTCACGAAGT-1	OZ258728_1_ORF2	0	0	1	1	FALSE	TRUE
GCTCTCCTCATCAATC-1	OZ258728_1_ORF2	0	0	1	1	FALSE	FALSE
GCTCTCCTCCGGCTCA-1	OZ258728_1_ORF2	0	0	1	1	FALSE	TRUE
GCTCTCCTCCGGTTAC-1	OP549859_1_ORF2	1	0	5	5	TRUE	TRUE
GCTCTCCTCCGTGATC-1	OZ258728_1_ORF2	0	0	1	1	FALSE	TRUE
GCTCTCCTCGCCCAAT-1	meGFP	0	0	1	1	FALSE	FALSE
GCTCTCCTCTACCCAA-1	MZ286258_1_ORF2	0	0	1	1	FALSE	FALSE
GCTCTCCTCTAGGCAG-1	MZ286258_1_ORF2	0	0	3	3	TRUE	TRUE
GCTCTCCTCTCACGTA-1	OP549859_1_ORF1	0	0	1	1	FALSE	FALSE
GCTCTCCTCTGCATCA-1	OP549859_1_ORF2	1	0	5	8	TRUE	TRUE
GCTCTCTGTAACGGAC-1	MZ286197_1_ORF1	0	0	1	1	FALSE	FALSE
GCTCTCTGTAAGTCTC-1	OP549859_1_ORF1	0	0	1	1	FALSE	TRUE
GCTCTCTGTACACTAC-1	OZ258728_1_ORF2	2	0	6	23	FALSE	TRUE
GCTCTCTGTACGTTCG-1	OZ258728_1_ORF2	0	0	1	1	FALSE	FALSE
GCTCTCTGTAGAGGCT-1	MZ286188_1_ORF1	0	0	1	1	FALSE	FALSE
GCTCTCTGTATAGACG-1	MZ286102_1_ORF2	1	0	5	5	TRUE	TRUE
GCTCTCTGTATCCTAA-1	OP549859_1_ORF1	3	1	16	30	FALSE	TRUE
GCTCTCTGTCCATTAA-1	MZ286188_1_ORF2	0	0	3	3	TRUE	TRUE
GCTCTCTGTGAATGTG-1	MZ286102_1_ORF1	0	0	1	1	FALSE	FALSE
GCTCTCTGTGATGTAG-1	OZ258728_1_ORF2	1	1	28	28	TRUE	TRUE
GCTCTCTGTGTACCAT-1	MZ286258_1_ORF2	0	0	1	1	FALSE	FALSE
GCTCTCTGTGTACCGC-1	MZ286258_1_ORF2	0	0	2	2	TRUE	TRUE
GCTGAAAGTACACTAC-1	OZ258728_1_ORF2	1	0	5	5	TRUE	FALSE
GCTGAAAGTAGCCATT-1	MZ286258_1_ORF1	0	0	1	1	FALSE	TRUE
GCTGAAAGTAGCTGAA-1	MZ286102_1_ORF2	1	0	7	8	TRUE	TRUE
GCTGAAAGTATCCTAA-1	MZ286258_1_ORF1	0	0	1	1	FALSE	TRUE
GCTGAAAGTATCTCAA-1	OZ258728_1_ORF2	0	0	1	1	FALSE	TRUE
GCTGAAAGTCCATGAT-1	OZ258728_1_ORF2	0	0	1	1	FALSE	FALSE
GCTGAAAGTCTGCACA-1	OP549859_1_ORF1	0	0	1	1	FALSE	FALSE
GCTGAAAGTGGCCAGA-1	MZ286197_1_ORF1	1	1	12	12	TRUE	TRUE
GCTGAAAGTGGCTTGC-1	MZ286102_1_ORF2	0	0	1	1	FALSE	FALSE
GCTGAAAGTTACCTAA-1	OZ258728_1_ORF2	0	0	1	1	FALSE	FALSE
GCTGAAAGTTAGATGG-1	OZ258728_1_ORF2	2	2	111	121	TRUE	TRUE
GCTGAAAGTTATCTAG-1	OZ258728_1_ORF2	0	0	1	1	FALSE	FALSE
GCTGAAAGTTATGGAG-1	MZ286102_1_ORF2	0	0	1	1	FALSE	FALSE
GCTGAAAGTTTAGGAG-1	OZ258728_1_ORF2	0	0	1	1	FALSE	TRUE
GCTGACCGTAAGGTGC-1	OP549859_1_ORF1	0	0	1	1	FALSE	FALSE
GCTGACCGTACCCAAT-1	MZ286197_1_ORF1	0	0	1	1	FALSE	FALSE
GCTGACCGTATACGTC-1	OZ258728_1_ORF2	0	0	1	1	FALSE	FALSE
GCTGACCGTCAAGCCC-1	MZ286102_1_ORF2	0	0	2	2	TRUE	TRUE
GCTGACCGTCACACCA-1	MZ286102_1_ORF1	1	1	12	13	TRUE	TRUE
GCTGACCGTGCGTGCT-1	meGFP	1	1	145	146	TRUE	TRUE
GCTGACCGTGGTTAAG-1	OZ258728_1_ORF2	1	1	28	28	TRUE	TRUE
GCTGACCGTGTTGAGA-1	MZ286102_1_ORF1	0	0	1	1	FALSE	TRUE
GCTGACCGTTGTGTGT-1	MZ286188_1_ORF2	0	0	1	1	FALSE	FALSE
GCTGCGACAAACGACC-1	OP549859_1_ORF2	1	0	5	6	TRUE	TRUE
GCTGCGACAAACTAAC-1	OZ258728_1_ORF2	0	0	1	1	FALSE	FALSE
GCTGCGACAAAGGGCA-1	OZ258728_1_ORF2	0	0	1	1	FALSE	FALSE
GCTGCGACAAAGTAAG-1	OP549859_1_ORF1	0	0	1	1	FALSE	FALSE
GCTGCGACAAATCTGG-1	MZ286197_1_ORF1	0	0	2	2	TRUE	TRUE
GCTGCGACAACCCTGC-1	OZ258728_1_ORF2	0	0	1	1	FALSE	TRUE
GCTGCGACAAGCGAAG-1	MZ286197_1_ORF2	0	0	3	5	FALSE	TRUE
GCTGCGACAATTGCCT-1	meGFP	0	0	2	3	FALSE	TRUE
GCTGCGACACGAACCG-1	MZ286102_1_ORF2	1	1	15	15	TRUE	TRUE
GCTGCGACACTCACAT-1	OP549859_1_ORF1	1	1	35	35	TRUE	TRUE
GCTGCGACACTTCGAT-1	meGFP	0	0	1	1	FALSE	FALSE
GCTGCGACAGAGAGGC-1	OZ258728_1_ORF2	0	0	1	1	FALSE	FALSE
GCTGCGACAGCTGCGA-1	OP549859_1_ORF1	0	0	1	1	FALSE	FALSE
GCTGCGACATCAGTCT-1	meGFP	0	0	2	4	FALSE	TRUE
GCTGCGACATGCTCGC-1	MZ286258_1_ORF2	1	1	11	12	TRUE	TRUE
GCTGCGACATGGAGAG-1	OZ258728_1_ORF2	0	0	1	1	FALSE	FALSE
GCTGCGGAGCAGCATG-1	OZ258728_1_ORF1	1	1	18	18	TRUE	TRUE
GCTGCGGAGCCACTCG-1	meGFP	0	0	1	1	FALSE	TRUE
GCTGCGGAGCCAGACA-1	MZ286258_1_ORF2	1	0	5	6	TRUE	TRUE
GCTGCGGAGCGGTAAT-1	OZ258728_1_ORF1	0	0	1	1	FALSE	FALSE
GCTGCGGAGCTCATAT-1	MZ286258_1_ORF1	0	0	1	1	FALSE	TRUE
GCTGCGGAGGAAGTAG-1	MZ286258_1_ORF2	0	0	1	1	FALSE	FALSE
GCTGCGGAGGGGAACG-1	meGFP	2	1	29	35	TRUE	TRUE
GCTGCGGAGTGGGTTG-1	OZ258728_1_ORF1	0	0	1	1	FALSE	FALSE
GCTGGCCTCCCCAGAT-1	OP549859_1_ORF1	0	0	1	2	FALSE	TRUE
GCTGGCCTCCGTAATT-1	OZ258728_1_ORF2	1	1	13	13	TRUE	TRUE
GCTGGCCTCGATCCCG-1	OZ258728_1_ORF2	1	0	7	8	TRUE	TRUE
GCTGGCCTCGCCCTGA-1	MZ286102_1_ORF2	1	0	4	4	TRUE	TRUE
GCTGGCCTCGTACCCG-1	MZ286258_1_ORF2	0	0	1	1	FALSE	TRUE
GCTGGCCTCTCGAAGG-1	MZ286258_1_ORF2	0	0	1	1	FALSE	FALSE
GCTGGGAGTACCGACC-1	OZ258728_1_ORF1	0	0	1	1	FALSE	FALSE
GCTGGGAGTACTGTCG-1	MZ286197_1_ORF1	1	0	8	8	TRUE	TRUE
GCTGGGAGTATTGGCT-1	MZ286258_1_ORF2	0	0	2	2	TRUE	TRUE
GCTGGGAGTCCTCACT-1	meGFP	0	0	1	1	FALSE	FALSE
GCTGGGAGTCTGGCGT-1	MZ286102_1_ORF2	0	0	1	1	FALSE	TRUE
GCTGGGAGTGATCGTT-1	meGFP	0	0	1	1	FALSE	FALSE
GCTGGGAGTGCACTCA-1	OZ258728_1_ORF2	0	0	1	1	FALSE	TRUE
GCTGGGAGTGCCTAAT-1	MZ286102_1_ORF2	0	0	3	3	TRUE	TRUE
GCTGGGAGTGCTTCCT-1	OZ258728_1_ORF2	0	0	1	1	FALSE	FALSE
GCTGGGAGTGCTTCGA-1	OZ258728_1_ORF2	1	1	107	107	TRUE	TRUE
GCTGGGAGTGGCGTGA-1	MZ286188_1_ORF1	0	0	1	1	FALSE	TRUE
GCTGGGAGTTGGGATA-1	MZ286188_1_ORF1	0	0	1	1	FALSE	TRUE
GCTGGGAGTTGTACGT-1	MZ286258_1_ORF2	0	0	1	1	FALSE	TRUE
GCTGGGAGTTTGGGTT-1	OZ258728_1_ORF2	0	0	2	2	TRUE	FALSE
GCTGGTTTCCACGCAT-1	OP549859_1_ORF1	1	0	9	10	TRUE	TRUE
GCTGGTTTCGAACCGA-1	MZ286102_1_ORF2	1	1	11	11	TRUE	TRUE
GCTGGTTTCGCCCAAT-1	OP549859_1_ORF1	0	0	1	1	FALSE	TRUE
GCTGGTTTCGCTACTA-1	MZ286188_1_ORF2	0	0	1	1	FALSE	FALSE
GCTGGTTTCTACCAGC-1	OP549859_1_ORF1	0	0	1	1	FALSE	FALSE
GCTGGTTTCTACCCAA-1	OP549859_1_ORF1	1	1	60	60	TRUE	TRUE
GCTGGTTTCTTCGTCT-1	OP549859_1_ORF1	0	0	1	1	FALSE	FALSE
GCTGTCCCAAAGTGCC-1	OZ258728_1_ORF2	0	0	1	1	FALSE	FALSE
GCTGTCCCAATAGAGA-1	meGFP	0	0	1	1	FALSE	TRUE
GCTGTCCCACATAGTG-1	OZ258728_1_ORF2	2	2	34	51	FALSE	TRUE
GCTGTCCCACGCTACC-1	OZ258728_1_ORF1	0	0	3	4	TRUE	TRUE
GCTGTCCCAGAGCCTG-1	MZ286197_1_ORF1	0	0	2	3	FALSE	TRUE
GCTGTCCCAGGATTGC-1	OZ258728_1_ORF2	0	0	1	1	FALSE	FALSE
GCTGTCCCAGTTGGTA-1	OP549859_1_ORF1	0	0	1	1	FALSE	TRUE
GCTGTCCCATAGCGCG-1	MZ286102_1_ORF2	0	0	1	1	FALSE	FALSE
GCTGTGTTCAAGGGTT-1	MZ286258_1_ORF2	1	1	10	10	TRUE	TRUE
GCTGTGTTCAGTAGTA-1	MZ286258_1_ORF2	0	0	1	1	FALSE	TRUE
GCTGTGTTCCCGATAC-1	OZ258728_1_ORF2	0	0	1	1	FALSE	FALSE
GCTGTGTTCCTCCTAT-1	OZ258728_1_ORF1	1	1	38	38	TRUE	TRUE
GCTGTGTTCGACCCAT-1	OP549859_1_ORF2	0	0	1	1	FALSE	FALSE
GCTGTGTTCGATTCAT-1	MZ286102_1_ORF2	0	0	2	3	FALSE	TRUE
GCTGTGTTCGGACAGC-1	OZ258728_1_ORF2	0	0	1	1	FALSE	FALSE
GCTGTGTTCGTGCGAA-1	OZ258728_1_ORF2	0	0	1	1	FALSE	TRUE
GCTGTGTTCTAGGTAA-1	OZ258728_1_ORF2	1	1	53	57	TRUE	TRUE
GCTGTTATCACTAGGG-1	MZ286102_1_ORF2	1	0	7	8	TRUE	TRUE
GCTGTTATCATGGAAC-1	OZ258728_1_ORF2	0	0	1	1	FALSE	FALSE
GCTGTTATCCATCACA-1	OZ258728_1_ORF2	1	1	43	44	TRUE	TRUE
GCTGTTATCCCCGGTA-1	MZ286197_1_ORF2	0	0	1	1	FALSE	FALSE
GCTGTTATCCTGCCTC-1	OP549859_1_ORF2	0	0	3	4	TRUE	TRUE
GCTGTTATCGAATGAC-1	MZ286102_1_ORF2	1	1	19	19	TRUE	TRUE
GCTGTTATCGCTTGGT-1	OZ258728_1_ORF2	0	0	1	1	FALSE	FALSE
GCTGTTATCTATACCG-1	meGFP	0	0	1	1	FALSE	TRUE
GCTGTTATCTGTAATC-1	OZ258728_1_ORF2	0	0	1	1	FALSE	FALSE
GCTTAACGTACAGCCC-1	OP549859_1_ORF1	1	1	29	29	TRUE	TRUE
GCTTAACGTACCTAGT-1	OP549859_1_ORF1	1	1	20	20	TRUE	TRUE
GCTTAACGTAGCCATT-1	MZ286102_1_ORF1	0	0	1	1	FALSE	FALSE
GCTTAACGTATCTGGT-1	MZ286102_1_ORF2	1	0	6	6	TRUE	TRUE
GCTTAACGTCAGGAGT-1	MZ286102_1_ORF2	1	1	12	13	TRUE	TRUE
GCTTAACGTCGGGCTT-1	OP549859_1_ORF1	0	0	1	1	FALSE	FALSE
GCTTAACGTCTAGTGT-1	MZ286102_1_ORF2	0	0	2	3	FALSE	TRUE
GCTTAACGTGCAGCCT-1	OZ258728_1_ORF2	2	1	15	19	TRUE	TRUE
GCTTAACGTGCGCGAA-1	OP549859_1_ORF1	0	0	1	1	FALSE	FALSE
GCTTAACGTTAATTCG-1	MZ286258_1_ORF2	2	2	16	29	FALSE	TRUE
GCTTAACGTTAGAGAT-1	MZ286188_1_ORF2	1	0	7	7	TRUE	TRUE
GCTTAGGAGAGGAAGC-1	OZ258728_1_ORF2	1	0	8	10	TRUE	TRUE
GCTTAGGAGAGTTAGC-1	MZ286258_1_ORF1	0	0	1	1	FALSE	TRUE
GCTTAGGAGCAGCATG-1	meGFP	1	1	29	31	TRUE	TRUE
GCTTAGGAGCCTCACG-1	OP549859_1_ORF2	0	0	3	5	FALSE	TRUE
GCTTAGGAGCGCAGTA-1	OZ258728_1_ORF2	0	0	1	1	FALSE	FALSE
GCTTAGGAGCGTTCGT-1	OZ258728_1_ORF2	0	0	1	1	FALSE	FALSE
GCTTAGGAGGAGTGCC-1	OZ258728_1_ORF2	0	0	2	4	FALSE	TRUE
GCTTAGGAGGATCACG-1	OZ258728_1_ORF2	0	0	1	1	FALSE	FALSE
GCTTAGGAGGCCTAAG-1	OP549859_1_ORF1	1	0	6	6	TRUE	TRUE
GCTTCATCAAAGGGCA-1	OZ258728_1_ORF2	0	0	1	1	FALSE	FALSE
GCTTCATCAAGAGGTG-1	MZ286102_1_ORF1	1	0	8	8	TRUE	TRUE
GCTTCATCACGAATGC-1	MZ286197_1_ORF1	0	0	1	1	FALSE	FALSE
GCTTCATCACGGATCG-1	MZ286197_1_ORF1	1	1	15	15	TRUE	TRUE
GCTTCATCACGGATTA-1	OZ258728_1_ORF2	1	0	7	7	TRUE	FALSE
GCTTCATCAGATACAT-1	OZ258728_1_ORF2	0	0	1	1	FALSE	FALSE
GCTTCATCATATGCTC-1	MZ286188_1_ORF2	1	0	6	8	TRUE	TRUE
GCTTCATCATCACTGT-1	MZ286197_1_ORF1	0	0	1	1	FALSE	FALSE
GCTTCGCCAAACGTAT-1	OZ258728_1_ORF2	1	1	129	129	TRUE	TRUE
GCTTCGCCAACCTCGC-1	OP549859_1_ORF1	1	1	62	62	TRUE	TRUE
GCTTCGCCAACGTAAT-1	OZ258728_1_ORF2	0	0	1	1	FALSE	FALSE
GCTTCGCCACAACGGT-1	OP549859_1_ORF1	0	0	1	1	FALSE	FALSE
GCTTCGCCACAAGGGA-1	OP549859_1_ORF1	0	0	1	2	FALSE	TRUE
GCTTCGCCACATGCTT-1	OZ258728_1_ORF2	0	0	1	1	FALSE	TRUE
GCTTCGCCACCACAGG-1	MZ286188_1_ORF2	0	0	1	1	FALSE	FALSE
GCTTCGCCATATGCTC-1	meGFP	1	1	103	103	TRUE	TRUE
GCTTCGCCATTGGATG-1	OP549859_1_ORF2	0	0	1	1	FALSE	TRUE
GCTTCTAAGAATGCTA-1	OZ258728_1_ORF2	0	0	1	1	FALSE	FALSE
GCTTCTAAGAGTCATA-1	OZ258728_1_ORF1	0	0	1	1	FALSE	FALSE
GCTTCTAAGCAACGAT-1	meGFP	0	0	1	1	FALSE	FALSE
GCTTCTAAGCATCCGT-1	MZ286197_1_ORF2	0	0	1	1	FALSE	FALSE
GCTTCTAAGCCACTTA-1	OZ258728_1_ORF2	0	0	1	1	FALSE	FALSE
GCTTCTAAGCCTGGAA-1	MZ286258_1_ORF2	0	0	1	1	FALSE	TRUE
GCTTCTAAGCTCTCAA-1	MZ286197_1_ORF1	0	0	3	3	TRUE	TRUE
GCTTCTAAGGCGAACC-1	OP549859_1_ORF1	1	1	47	47	TRUE	TRUE
GCTTCTAAGGGGCCAT-1	OZ258728_1_ORF1	1	1	10	12	TRUE	TRUE
GCTTCTAAGGGGTTCA-1	OP549859_1_ORF2	0	0	1	2	FALSE	TRUE
GCTTCTAAGGGTTCGA-1	OP549859_1_ORF1	1	1	24	24	TRUE	TRUE
GCTTCTAAGTGCTGCT-1	MZ286258_1_ORF2	1	0	4	4	TRUE	TRUE
GCTTCTAAGTTGCGTC-1	MZ286258_1_ORF1	1	1	14	16	TRUE	TRUE
GCTTGAACAAACGTAT-1	meGFP	1	1	58	58	TRUE	TRUE
GCTTGAACAACTCTAC-1	OP549859_1_ORF1	0	0	2	3	FALSE	TRUE
GCTTGAACAATCCGGG-1	OZ258728_1_ORF2	1	1	79	79	TRUE	TRUE
GCTTGAACAATGTAGT-1	OP549859_1_ORF1	0	0	1	1	FALSE	TRUE
GCTTGAACACCATTAC-1	MZ286197_1_ORF1	0	0	1	1	FALSE	FALSE
GCTTGAACACCGTTCA-1	meGFP	0	0	1	1	FALSE	FALSE
GCTTGAACACGGATTA-1	MZ286188_1_ORF1	0	0	1	1	FALSE	TRUE
GCTTGAACACTTACCG-1	OZ258728_1_ORF1	1	0	7	8	TRUE	TRUE
GCTTGAACAGAATGGG-1	MZ286258_1_ORF2	1	1	14	14	TRUE	TRUE
GCTTGAACAGCCAACG-1	meGFP	0	0	1	1	FALSE	FALSE
GCTTGAACAGCTCAGG-1	OP549859_1_ORF2	1	0	4	5	TRUE	TRUE
GCTTGAACAGTTCGCC-1	MZ286188_1_ORF2	3	0	6	18	FALSE	TRUE
GCTTGAACATGGCCTC-1	MZ286102_1_ORF1	0	0	1	1	FALSE	FALSE
GCTTGCGTCAAGCCAG-1	OP549859_1_ORF1	0	0	1	1	FALSE	TRUE
GCTTGCGTCAATTACC-1	OZ258728_1_ORF2	0	0	1	1	FALSE	TRUE
GCTTGCGTCACGGTAG-1	OZ258728_1_ORF1	2	0	9	15	FALSE	TRUE
GCTTGCGTCACGGTCT-1	MZ286197_1_ORF1	0	0	2	2	TRUE	TRUE
GCTTGCGTCCAGAGAT-1	meGFP	0	0	1	1	FALSE	FALSE
GCTTGCGTCCCGATGT-1	meGFP	0	0	1	1	FALSE	TRUE
GCTTGCGTCCGGCTTG-1	MZ286197_1_ORF1	0	0	1	1	FALSE	FALSE
GCTTGCGTCCGTCGCA-1	MZ286102_1_ORF2	0	0	3	3	TRUE	TRUE
GCTTGCGTCCTCCTGC-1	MZ286197_1_ORF2	0	0	1	1	FALSE	FALSE
GCTTGCGTCGAGCGAC-1	MZ286102_1_ORF2	0	0	1	1	FALSE	TRUE
GCTTGCGTCTACGCCG-1	MZ286197_1_ORF2	1	0	7	7	TRUE	TRUE
GCTTGCGTCTGCCTGG-1	OZ258728_1_ORF2	0	0	1	1	FALSE	TRUE
GCTTGCGTCTGGGACA-1	MZ286197_1_ORF1	0	0	1	1	FALSE	FALSE
GCTTGCGTCTTGAGCC-1	OP549859_1_ORF2	0	0	3	3	TRUE	TRUE
GCTTGCGTCTTGCGAC-1	OZ258728_1_ORF1	0	0	1	1	FALSE	FALSE
GCTTTCGCAAAGGCGA-1	MZ286188_1_ORF2	0	0	1	1	FALSE	FALSE
GCTTTCGCAAATGACT-1	OZ258728_1_ORF2	0	0	1	1	FALSE	FALSE
GCTTTCGCAACCAGTA-1	OZ258728_1_ORF2	1	1	113	113	TRUE	TRUE
GCTTTCGCAAGCGTTA-1	OZ258728_1_ORF2	0	0	1	1	FALSE	FALSE
GCTTTCGCACAGTTAG-1	OZ258728_1_ORF2	1	1	26	26	TRUE	TRUE
GCTTTCGCACCATGCC-1	OZ258728_1_ORF1	0	0	1	1	FALSE	FALSE
GCTTTCGCACCGCAAG-1	MZ286258_1_ORF2	0	0	3	3	TRUE	TRUE
GCTTTCGCACCGGATG-1	MZ286188_1_ORF1	0	0	1	1	FALSE	FALSE
GCTTTCGCACGCACGA-1	OP549859_1_ORF2	0	0	2	2	TRUE	TRUE
GCTTTCGCAGCTTAGA-1	meGFP	3	2	62	80	TRUE	TRUE
GCTTTCGCAGGAAGCA-1	MZ286197_1_ORF2	1	0	5	5	TRUE	TRUE
GCTTTCGCAGGTCTCC-1	meGFP	0	0	1	1	FALSE	FALSE
GCTTTCGCAGTTCGTT-1	meGFP	2	2	44	59	FALSE	TRUE
GCTTTCGCATACCGGG-1	meGFP	0	0	1	1	FALSE	TRUE
GCTTTCGCATCAGGGT-1	OZ258728_1_ORF2	0	0	1	1	FALSE	FALSE
GCTTTCGCATGCTCGC-1	OZ258728_1_ORF2	1	1	73	74	TRUE	TRUE
GCTTTCGCATGCTGAA-1	OZ258728_1_ORF2	0	0	1	1	FALSE	FALSE
GCTTTGGGTAGTGGCG-1	OP549859_1_ORF1	0	0	1	1	FALSE	FALSE
GCTTTGGGTATCGCCA-1	OP549859_1_ORF2	1	0	5	5	TRUE	TRUE
GCTTTGGGTCTTGACG-1	OZ258728_1_ORF2	0	0	1	1	FALSE	FALSE
GCTTTGGGTGAGAGGA-1	MZ286258_1_ORF1	0	0	1	1	FALSE	FALSE
GCTTTGGGTGCTGACC-1	OZ258728_1_ORF2	0	0	2	3	FALSE	TRUE
GCTTTGGGTGGCCAGA-1	MZ286102_1_ORF1	1	0	5	5	TRUE	TRUE
GCTTTGGGTTATGCAC-1	meGFP	0	0	1	1	FALSE	TRUE
GCTTTGGGTTCGCAGC-1	meGFP	2	2	26	39	FALSE	TRUE
GCTTTGGGTTTACCAA-1	MZ286188_1_ORF2	0	0	1	1	FALSE	TRUE
GCTTTGGGTTTCATCT-1	OZ258728_1_ORF2	1	1	16	16	TRUE	TRUE
GCTTTGGGTTTGGGTT-1	MZ286258_1_ORF1	0	0	1	1	FALSE	TRUE
GGAAATTGTACCGACC-1	OZ258728_1_ORF1	0	0	1	1	FALSE	FALSE
GGAAATTGTACGAATG-1	MZ286102_1_ORF2	0	0	1	1	FALSE	FALSE
GGAAATTGTATCCTAA-1	MZ286102_1_ORF2	1	1	34	34	TRUE	TRUE
GGAAATTGTCGACTCA-1	MZ286102_1_ORF2	1	1	14	14	TRUE	TRUE
GGAAATTGTCTTGACG-1	MZ286197_1_ORF1	0	0	1	1	FALSE	TRUE
GGAAATTGTCTTGGGC-1	OZ258728_1_ORF1	1	1	20	20	TRUE	TRUE
GGAAATTGTGCGTAGG-1	OP549859_1_ORF1	1	1	10	10	TRUE	TRUE
GGAAATTGTGTGTGAA-1	meGFP	0	0	1	1	FALSE	TRUE
GGAAATTGTTGCAATC-1	OZ258728_1_ORF2	1	0	8	8	TRUE	TRUE
GGAAATTGTTGTAGCT-1	OZ258728_1_ORF1	0	0	1	1	FALSE	TRUE
GGAACCCAGAAGCATC-1	meGFP	0	0	1	1	FALSE	TRUE
GGAACCCAGACATCCC-1	MZ286258_1_ORF2	0	0	1	1	FALSE	TRUE
GGAACCCAGCCACACT-1	OP549859_1_ORF1	0	0	1	1	FALSE	FALSE
GGAACCCAGCTTGATT-1	MZ286102_1_ORF2	0	0	1	1	FALSE	FALSE
GGAACCCAGGCCTAAG-1	OP549859_1_ORF1	1	0	5	6	TRUE	TRUE
GGAACCCAGTCTCACA-1	MZ286258_1_ORF2	0	0	1	1	FALSE	FALSE
GGAAGCTGTACAGCCC-1	MZ286188_1_ORF2	1	0	7	9	TRUE	TRUE
GGAAGCTGTACCGATT-1	OZ258728_1_ORF2	0	0	1	1	FALSE	FALSE
GGAAGCTGTAGAGCCG-1	meGFP	0	0	1	1	FALSE	FALSE
GGAAGCTGTAGCAGGT-1	OP549859_1_ORF1	2	2	13	27	FALSE	TRUE
GGAAGCTGTCCACACA-1	MZ286102_1_ORF2	1	1	12	13	TRUE	TRUE
GGAAGCTGTCTGCACA-1	MZ286258_1_ORF2	1	0	8	8	TRUE	TRUE
GGAAGCTGTGAACCAA-1	MZ286258_1_ORF2	1	0	4	4	TRUE	TRUE
GGAAGCTGTGGAAGGA-1	meGFP	0	0	1	1	FALSE	TRUE
GGAAGCTGTGGCCATC-1	OZ258728_1_ORF2	0	0	1	1	FALSE	TRUE
GGAAGCTGTGTGATTC-1	meGFP	0	0	1	1	FALSE	FALSE
GGAAGCTGTTCCGCAA-1	meGFP	0	0	1	1	FALSE	TRUE
GGAAGCTGTTGGACCC-1	MZ286102_1_ORF2	1	0	5	6	TRUE	TRUE
GGAAGCTGTTTAATCG-1	MZ286258_1_ORF1	0	0	3	4	TRUE	TRUE
GGAAGTTTCAATGCAA-1	OZ258728_1_ORF2	0	0	2	4	FALSE	TRUE
GGAAGTTTCACGGTCT-1	MZ286102_1_ORF2	0	0	1	1	FALSE	FALSE
GGAAGTTTCATCCCTT-1	OZ258728_1_ORF2	0	0	1	1	FALSE	FALSE
GGAAGTTTCCCCAAGT-1	meGFP	0	0	1	1	FALSE	FALSE
GGAAGTTTCCCGATGT-1	OZ258728_1_ORF2	0	0	1	1	FALSE	FALSE
GGAAGTTTCCCGTGCA-1	MZ286188_1_ORF1	1	1	62	67	TRUE	TRUE
GGAAGTTTCCGCCTGA-1	MZ286197_1_ORF1	0	0	1	1	FALSE	FALSE
GGAAGTTTCGCACGAA-1	MZ286102_1_ORF1	1	0	6	6	TRUE	TRUE
GGAAGTTTCGCCTGTG-1	OZ258728_1_ORF2	2	1	19	28	FALSE	TRUE
GGAAGTTTCTAAGTGA-1	MZ286258_1_ORF1	1	0	4	4	TRUE	TRUE
GGAAGTTTCTCACGCG-1	OZ258728_1_ORF2	0	0	1	1	FALSE	FALSE
GGAAGTTTCTCGACCG-1	OZ258728_1_ORF2	0	0	1	1	FALSE	FALSE
GGAATATGTCATACTA-1	meGFP	1	1	26	26	TRUE	TRUE
GGAATATGTCCAACCA-1	OZ258728_1_ORF2	0	0	1	1	FALSE	TRUE
GGAATATGTCGCGAGA-1	OP549859_1_ORF1	0	0	2	5	FALSE	TRUE
GGAATATGTGCAATTC-1	OZ258728_1_ORF2	0	0	1	1	FALSE	FALSE
GGAATATGTGCGCGTT-1	MZ286102_1_ORF1	0	0	3	3	TRUE	FALSE
GGAATATGTGCGTACC-1	MZ286102_1_ORF2	1	1	10	10	TRUE	TRUE
GGAATATGTGGTTCAT-1	MZ286102_1_ORF2	0	0	1	1	FALSE	FALSE
GGAATATGTTGTGCGC-1	OZ258728_1_ORF1	1	1	78	81	TRUE	TRUE
GGAATCAGTACCCAAT-1	MZ286197_1_ORF1	0	0	1	1	FALSE	FALSE
GGAATCAGTCAATCTA-1	OP549859_1_ORF1	0	0	1	2	FALSE	TRUE
GGAATCAGTCCACGGT-1	meGFP	0	0	1	2	FALSE	TRUE
GGAATCAGTCGACCGT-1	MZ286258_1_ORF2	1	0	5	6	TRUE	TRUE
GGAATCAGTCGACTCA-1	MZ286188_1_ORF1	0	0	1	1	FALSE	FALSE
GGAATCAGTGAACGAC-1	OZ258728_1_ORF1	0	0	1	1	FALSE	FALSE
GGAATCAGTGCGCGAA-1	MZ286197_1_ORF2	0	0	1	1	FALSE	TRUE
GGAATCAGTTGCGGTC-1	OZ258728_1_ORF2	1	1	16	16	TRUE	TRUE
GGAATCAGTTTCATCT-1	OP549859_1_ORF1	0	0	1	1	FALSE	FALSE
GGAATCAGTTTGCGGC-1	MZ286102_1_ORF2	1	0	5	5	TRUE	TRUE
GGAATCAGTTTGGCGC-1	OZ258728_1_ORF2	0	0	1	1	FALSE	FALSE
GGAATCTAGAGAGGTA-1	MZ286102_1_ORF2	0	0	3	4	TRUE	TRUE
GGAATCTAGAGATTGC-1	OZ258728_1_ORF2	0	0	1	1	FALSE	FALSE
GGAATCTAGCACGTAG-1	MZ286102_1_ORF2	1	1	17	17	TRUE	TRUE
GGAATCTAGCCGTGAA-1	MZ286102_1_ORF2	0	0	1	1	FALSE	FALSE
GGAATCTAGCCTGTAC-1	MZ286258_1_ORF2	0	0	1	1	FALSE	TRUE
GGAATCTAGCGGAACC-1	meGFP	0	0	1	1	FALSE	FALSE
GGAATCTAGGCATGTG-1	meGFP	0	0	2	2	TRUE	TRUE
GGAATCTAGGGCAACC-1	MZ286188_1_ORF2	0	0	1	1	FALSE	FALSE
GGAATCTAGGGGACAG-1	OZ258728_1_ORF2	1	1	111	111	TRUE	TRUE
GGAATCTAGGGTATGT-1	OP549859_1_ORF1	0	0	1	2	FALSE	TRUE
GGAATCTAGGGTTGCA-1	OZ258728_1_ORF2	0	0	1	3	FALSE	TRUE
GGAATCTAGGTACGCA-1	MZ286102_1_ORF2	0	0	1	1	FALSE	TRUE
GGAATCTAGTCTAGGG-1	MZ286197_1_ORF1	0	0	1	1	FALSE	TRUE
GGAATGAAGCGGGACT-1	OZ258728_1_ORF2	1	1	103	103	TRUE	TRUE
GGAATGAAGCTCCGCA-1	meGFP	0	0	1	1	FALSE	TRUE
GGAATGAAGGCATGTG-1	MZ286258_1_ORF2	0	0	1	3	FALSE	TRUE
GGAATGAAGGCCTCAT-1	OP549859_1_ORF2	0	0	2	2	TRUE	TRUE
GGAATGAAGGTCGGTA-1	MZ286258_1_ORF2	0	0	1	1	FALSE	TRUE
GGAATGAAGGTTGCGA-1	MZ286258_1_ORF1	0	0	1	1	FALSE	TRUE
GGAATGAAGTAGTGTA-1	OP549859_1_ORF1	0	0	1	1	FALSE	FALSE
GGAATGAAGTGTAATG-1	MZ286258_1_ORF2	0	0	1	1	FALSE	TRUE
GGAATGCGTAATGAAC-1	MZ286188_1_ORF1	1	0	6	6	TRUE	TRUE
GGAATGCGTACAGGGT-1	MZ286188_1_ORF1	0	0	1	1	FALSE	TRUE
GGAATGCGTCAATCTA-1	OZ258728_1_ORF2	0	0	1	1	FALSE	TRUE
GGAATGCGTCATACTA-1	MZ286188_1_ORF2	1	0	6	8	TRUE	TRUE
GGAATGCGTGATCCTG-1	MZ286258_1_ORF2	0	0	1	1	FALSE	FALSE
GGAATGCGTGCGTACC-1	MZ286258_1_ORF2	1	1	15	17	TRUE	TRUE
GGAATGCGTGGTTAAG-1	MZ286197_1_ORF1	1	1	40	40	TRUE	TRUE
GGAATGCGTGTGATTC-1	MZ286102_1_ORF1	0	0	1	1	FALSE	FALSE
GGAATGCGTTATCTAG-1	MZ286258_1_ORF2	1	1	13	13	TRUE	TRUE
GGAATGGCAAACCATG-1	MZ286258_1_ORF2	0	0	1	1	FALSE	FALSE
GGAATGGCAACAGGCT-1	MZ286188_1_ORF2	0	0	3	4	TRUE	TRUE
GGAATGGCAAGCGAAG-1	OZ258728_1_ORF2	1	1	125	125	TRUE	TRUE
GGAATGGCAATCTCAC-1	MZ286188_1_ORF1	1	1	61	61	TRUE	TRUE
GGAATGGCACACTGGG-1	OZ258728_1_ORF2	0	0	1	1	FALSE	FALSE
GGAATGGCAGCTGCGA-1	meGFP	1	1	63	63	TRUE	TRUE
GGAATGGCAGGAAGTG-1	OZ258728_1_ORF2	0	0	1	1	FALSE	TRUE
GGAATGGCAGTCCCGT-1	MZ286188_1_ORF1	0	0	1	1	FALSE	TRUE
GGAATGGCAGTTGCTT-1	MZ286188_1_ORF1	0	0	1	1	FALSE	TRUE
GGACACCAGAATGCTA-1	MZ286258_1_ORF2	0	0	0	0	FALSE	TRUE
GGACACCAGATAGTCA-1	MZ286102_1_ORF2	0	0	1	1	FALSE	TRUE
GGACACCAGCAAGCTG-1	MZ286102_1_ORF2	0	0	1	1	FALSE	FALSE
GGACACCAGCATCACC-1	MZ286188_1_ORF1	0	0	1	1	FALSE	FALSE
GGACACCAGCATTGGG-1	MZ286188_1_ORF2	0	0	1	1	FALSE	FALSE
GGACACCAGCCAGGGT-1	meGFP	0	0	1	1	FALSE	TRUE
GGACACCAGTACTTCG-1	MZ286258_1_ORF2	0	0	1	1	FALSE	TRUE
GGACACCAGTCCTCAA-1	MZ286102_1_ORF2	0	0	1	1	FALSE	TRUE
GGACACCAGTTGACTT-1	OZ258728_1_ORF2	1	1	79	79	TRUE	TRUE
GGACAGCTCAGGATAC-1	OZ258728_1_ORF2	0	0	1	1	FALSE	FALSE
GGACAGCTCCCCGACA-1	OZ258728_1_ORF2	0	0	1	2	FALSE	FALSE
GGACAGCTCCGCCTGA-1	OZ258728_1_ORF2	1	1	74	74	TRUE	TRUE
GGACAGCTCCTAATGT-1	MZ286188_1_ORF2	1	0	4	4	TRUE	TRUE
GGACAGCTCCTCCTAT-1	OZ258728_1_ORF2	0	0	1	1	FALSE	FALSE
GGACAGCTCGCTAGAG-1	OZ258728_1_ORF2	1	1	117	118	TRUE	TRUE
GGACAGCTCGGCTCTG-1	meGFP	0	0	1	1	FALSE	FALSE
GGACAGCTCTACCAGC-1	OP549859_1_ORF1	1	1	35	36	TRUE	TRUE
GGACAGCTCTGGACGA-1	OP549859_1_ORF1	0	0	1	2	FALSE	TRUE
GGACCCTGTAACCCTG-1	meGFP	0	0	3	3	TRUE	TRUE
GGACCCTGTAACCGAA-1	OZ258728_1_ORF2	1	1	35	35	TRUE	TRUE
GGACCCTGTAACCGGG-1	meGFP	0	0	1	1	FALSE	FALSE
GGACCCTGTAGCATAG-1	OZ258728_1_ORF2	1	1	96	96	TRUE	TRUE
GGACCCTGTGCTTAGT-1	MZ286188_1_ORF1	0	0	1	1	FALSE	FALSE
GGACCCTGTTACACCG-1	OZ258728_1_ORF2	1	1	33	33	TRUE	TRUE
GGACCCTGTTATAGGG-1	OZ258728_1_ORF1	1	1	14	14	TRUE	TRUE
GGACCCTGTTGCCTAG-1	MZ286197_1_ORF1	0	0	2	5	FALSE	TRUE
GGACCCTGTTTGGATC-1	OP549859_1_ORF2	0	0	1	1	FALSE	FALSE
GGACCCTGTTTGGTAC-1	meGFP	0	0	1	1	FALSE	FALSE
GGACCTAAGACCAGCA-1	MZ286102_1_ORF1	1	0	8	8	TRUE	TRUE
GGACCTAAGACTTGCC-1	meGFP	0	0	1	1	FALSE	FALSE
GGACCTAAGCCTCTGG-1	OZ258728_1_ORF2	0	0	1	1	FALSE	FALSE
GGACCTAAGCCTTCAA-1	OZ258728_1_ORF2	1	1	28	28	TRUE	TRUE
GGACCTAAGCGCAAGC-1	meGFP	0	0	1	1	FALSE	FALSE
GGACCTAAGCGTGCAA-1	MZ286258_1_ORF1	1	0	5	5	TRUE	TRUE
GGACCTAAGGCTTCAC-1	OP549859_1_ORF2	1	0	5	5	TRUE	TRUE
GGACCTAAGGGACATT-1	meGFP	0	0	1	1	FALSE	FALSE
GGACCTAAGGGCCGAT-1	OZ258728_1_ORF2	0	0	1	1	FALSE	TRUE
GGACCTAAGTAACGCG-1	MZ286258_1_ORF2	1	0	4	6	TRUE	TRUE
GGACCTAAGTCCGCTG-1	MZ286258_1_ORF2	0	0	1	1	FALSE	TRUE
GGACCTTTCAGCCGAA-1	OP549859_1_ORF2	1	1	11	12	TRUE	TRUE
GGACCTTTCAGTATCT-1	MZ286258_1_ORF2	0	0	1	2	FALSE	TRUE
GGACCTTTCAGTCGTC-1	meGFP	0	0	1	1	FALSE	FALSE
GGACCTTTCATGATCT-1	MZ286188_1_ORF2	1	0	9	9	TRUE	TRUE
GGACCTTTCATGGAAC-1	meGFP	0	0	1	1	FALSE	FALSE
GGACCTTTCCATAGGG-1	MZ286188_1_ORF2	1	0	6	6	TRUE	TRUE
GGACCTTTCCATTCCT-1	MZ286258_1_ORF2	0	0	1	1	FALSE	TRUE
GGACCTTTCCCTCGCT-1	MZ286258_1_ORF2	1	0	7	8	TRUE	TRUE
GGACCTTTCCGGCTCA-1	MZ286197_1_ORF1	1	1	15	15	TRUE	TRUE
GGACCTTTCCTCCGTC-1	MZ286102_1_ORF2	0	0	1	1	FALSE	TRUE
GGACCTTTCCTGTCCC-1	OZ258728_1_ORF1	0	0	1	1	FALSE	FALSE
GGACCTTTCGCCCGTA-1	MZ286258_1_ORF1	0	0	1	1	FALSE	FALSE
GGACCTTTCGCTAGTC-1	MZ286258_1_ORF2	0	0	1	1	FALSE	FALSE
GGACCTTTCGGTAAGT-1	MZ286258_1_ORF1	2	2	22	40	FALSE	TRUE
GGACCTTTCGTGCTGT-1	MZ286102_1_ORF2	0	0	1	1	FALSE	FALSE
GGACCTTTCTCTCAAG-1	MZ286197_1_ORF1	1	0	6	6	TRUE	TRUE
GGACCTTTCTGCACTA-1	MZ286102_1_ORF1	0	0	2	2	TRUE	TRUE
GGACCTTTCTTGGTGC-1	OZ258728_1_ORF1	1	0	4	4	TRUE	TRUE
GGACGAACAACTGCCC-1	MZ286188_1_ORF2	1	1	15	16	TRUE	TRUE
GGACGAACAAGATGGG-1	MZ286258_1_ORF1	0	0	2	3	FALSE	TRUE
GGACGAACAATTCGGA-1	MZ286188_1_ORF1	0	0	1	1	FALSE	FALSE
GGACGAACACAGCCAG-1	MZ286258_1_ORF2	0	0	1	1	FALSE	FALSE
GGACGAACACCTCTCT-1	OZ258728_1_ORF2	0	0	1	1	FALSE	FALSE
GGACGAACACGGGTAT-1	MZ286102_1_ORF2	0	0	3	5	FALSE	TRUE
GGACGAACACTACTAC-1	MZ286102_1_ORF2	0	0	1	2	FALSE	TRUE
GGACGAACACTCCGTA-1	OZ258728_1_ORF1	1	0	6	6	TRUE	TRUE
GGACGAACAGAACCCG-1	MZ286258_1_ORF2	1	0	9	11	TRUE	TRUE
GGACGAACAGAACGCT-1	MZ286258_1_ORF1	0	0	1	1	FALSE	TRUE
GGACGAACAGATAGGG-1	MZ286188_1_ORF1	0	0	0	0	FALSE	FALSE
GGACGAACAGTCTCAT-1	MZ286197_1_ORF1	1	0	9	10	TRUE	TRUE
GGACGAACATACTGAG-1	MZ286197_1_ORF1	1	1	10	10	TRUE	TRUE
GGACGAACATCACTGT-1	MZ286258_1_ORF2	0	0	1	1	FALSE	TRUE
GGACGAACATCCACAT-1	OZ258728_1_ORF2	0	0	1	1	FALSE	FALSE
GGACGAACATGAGTAT-1	MZ286188_1_ORF1	1	1	22	22	TRUE	TRUE
GGACGACTCAGTGTGG-1	MZ286102_1_ORF2	1	0	6	6	TRUE	TRUE
GGACGACTCATTGCCA-1	OZ258728_1_ORF2	0	0	1	1	FALSE	FALSE
GGACGACTCCGGCTCA-1	meGFP	1	1	20	20	TRUE	TRUE
GGACGACTCGCGCCTA-1	OZ258728_1_ORF2	1	1	57	57	TRUE	TRUE
GGACGACTCGCTTGGT-1	MZ286102_1_ORF1	0	0	1	1	FALSE	FALSE
GGACGACTCGGATATA-1	OZ258728_1_ORF2	0	0	1	1	FALSE	FALSE
GGACGACTCGGGAACC-1	meGFP	0	0	1	1	FALSE	FALSE
GGACGACTCGGTCGAA-1	MZ286258_1_ORF1	0	0	1	2	FALSE	TRUE
GGACGACTCTCAGCAC-1	OZ258728_1_ORF1	0	0	1	1	FALSE	FALSE
GGACGATGTCACCAGC-1	MZ286188_1_ORF2	1	0	7	7	TRUE	TRUE
GGACGATGTCAGGGAT-1	OZ258728_1_ORF1	1	1	24	24	TRUE	TRUE
GGACGATGTGAGTTAG-1	MZ286197_1_ORF2	0	0	1	1	FALSE	FALSE
GGACGATGTGGCTTGC-1	MZ286258_1_ORF1	0	0	1	3	FALSE	FALSE
GGACGATGTGGGAATC-1	MZ286102_1_ORF2	1	0	6	6	TRUE	TRUE
GGACGATGTGTACCAT-1	meGFP	0	0	1	1	FALSE	TRUE
GGACGATGTTGTCCGA-1	MZ286197_1_ORF1	0	0	1	1	FALSE	TRUE
GGACGGTTCAACTATC-1	MZ286197_1_ORF2	0	0	1	2	FALSE	TRUE
GGACGGTTCAAGCTAA-1	MZ286188_1_ORF2	0	0	1	1	FALSE	TRUE
GGACGGTTCAAGCTCC-1	OZ258728_1_ORF2	0	0	1	1	FALSE	TRUE
GGACGGTTCAAGGGTT-1	MZ286197_1_ORF2	0	0	2	2	TRUE	TRUE
GGACGGTTCACCAGGA-1	meGFP	0	0	1	1	FALSE	TRUE
GGACGGTTCAGCTTCA-1	OP549859_1_ORF1	0	0	1	1	FALSE	FALSE
GGACGGTTCATCTAGT-1	MZ286258_1_ORF2	0	0	1	2	FALSE	TRUE
GGACGGTTCCCAACTA-1	MZ286102_1_ORF2	1	1	27	27	TRUE	TRUE
GGACGGTTCCCCAGAT-1	OP549859_1_ORF1	1	1	17	19	TRUE	TRUE
GGACGGTTCCCGCTGA-1	OZ258728_1_ORF1	1	0	5	7	TRUE	TRUE
GGACGGTTCGCTTGAC-1	OZ258728_1_ORF2	2	1	39	44	TRUE	TRUE
GGACGGTTCGGCGTAA-1	MZ286258_1_ORF1	0	0	1	1	FALSE	TRUE
GGACGGTTCGGGACTA-1	meGFP	0	0	1	1	FALSE	TRUE
GGACGGTTCTCAGCAC-1	meGFP	0	0	1	1	FALSE	TRUE
GGACGGTTCTCAGTGC-1	MZ286258_1_ORF1	0	0	3	3	TRUE	TRUE
GGACTACCAACAGACC-1	OZ258728_1_ORF1	1	0	9	9	TRUE	TRUE
GGACTACCAACAGGCT-1	OZ258728_1_ORF2	0	0	1	1	FALSE	FALSE
GGACTACCAAGGCAAG-1	OZ258728_1_ORF2	0	0	1	2	FALSE	TRUE
GGACTACCAAGTCAAT-1	OZ258728_1_ORF1	0	0	1	1	FALSE	TRUE
GGACTACCAATGGGTC-1	OP549859_1_ORF1	0	0	1	1	FALSE	TRUE
GGACTACCAATTGGTG-1	MZ286258_1_ORF2	0	0	1	1	FALSE	TRUE
GGACTACCACAACGGT-1	OZ258728_1_ORF2	0	0	1	1	FALSE	TRUE
GGACTACCACTGACTT-1	MZ286102_1_ORF1	0	0	1	1	FALSE	FALSE
GGACTACCACTTCAAC-1	OP549859_1_ORF1	0	0	1	1	FALSE	FALSE
GGACTACCAGCCAACG-1	meGFP	0	0	1	2	FALSE	TRUE
GGACTACCAGGGACTT-1	OP549859_1_ORF1	0	0	2	2	TRUE	TRUE
GGACTACCAGGGTCTG-1	meGFP	0	0	1	1	FALSE	TRUE
GGACTACCATGCTCGC-1	OZ258728_1_ORF2	0	0	1	1	FALSE	FALSE
GGACTACCATGGAGCT-1	OZ258728_1_ORF2	0	0	1	1	FALSE	FALSE
GGACTCGCAAATGACT-1	MZ286102_1_ORF2	0	0	1	1	FALSE	FALSE
GGACTCGCAACGGGTT-1	OP549859_1_ORF1	0	0	1	3	FALSE	TRUE
GGACTCGCACAAGGCT-1	OZ258728_1_ORF2	1	1	133	135	TRUE	TRUE
GGACTCGCACAGTTAG-1	OZ258728_1_ORF2	0	0	1	1	FALSE	TRUE
GGACTCGCACGAACCG-1	MZ286258_1_ORF2	0	0	2	2	TRUE	TRUE
GGACTCGCACGTTACT-1	OZ258728_1_ORF2	0	0	1	1	FALSE	FALSE
GGACTCGCAGCTGCGA-1	OZ258728_1_ORF1	0	0	1	2	FALSE	TRUE
GGACTCGCATTCATTG-1	OZ258728_1_ORF2	0	0	1	1	FALSE	FALSE
GGAGAACAGATACAGC-1	OZ258728_1_ORF2	1	1	27	27	TRUE	TRUE
GGAGAACAGCCGTGAA-1	meGFP	0	0	1	1	FALSE	FALSE
GGAGAACAGCGACGGT-1	MZ286258_1_ORF2	0	0	2	2	TRUE	TRUE
GGAGAACAGCGCAAGC-1	MZ286258_1_ORF1	0	0	1	2	FALSE	TRUE
GGAGAACAGGAGCATT-1	MZ286188_1_ORF1	0	0	1	1	FALSE	FALSE
GGAGAACAGGTCGTCT-1	meGFP	0	0	1	1	FALSE	FALSE
GGAGAACAGTAGCTCC-1	OZ258728_1_ORF2	0	0	1	1	FALSE	FALSE
GGAGAACAGTCCTCAA-1	OP549859_1_ORF1	0	0	1	1	FALSE	TRUE
GGAGAAGGTACCGATT-1	meGFP	0	0	1	1	FALSE	FALSE
GGAGAAGGTAGTGTCT-1	MZ286102_1_ORF1	0	0	1	1	FALSE	TRUE
GGAGAAGGTATCGCCA-1	OZ258728_1_ORF2	1	1	59	59	TRUE	TRUE
GGAGAAGGTGAGTTAG-1	OZ258728_1_ORF2	0	0	1	1	FALSE	TRUE
GGAGAAGGTGCGACAG-1	MZ286197_1_ORF2	1	0	6	6	TRUE	TRUE
GGAGAAGGTGGAAGGA-1	MZ286102_1_ORF2	1	0	4	4	TRUE	TRUE
GGAGAAGGTGGCCTAC-1	MZ286197_1_ORF1	1	1	14	15	TRUE	TRUE
GGAGAAGGTGGGACCA-1	MZ286102_1_ORF1	1	0	5	6	TRUE	TRUE
GGAGAAGGTGGGATTA-1	OZ258728_1_ORF2	0	0	1	1	FALSE	TRUE
GGAGAAGGTGGTTCGC-1	MZ286188_1_ORF2	0	0	1	3	FALSE	TRUE
GGAGAAGGTGTGGATA-1	meGFP	0	0	2	6	FALSE	TRUE
GGAGAAGGTTGTGTGT-1	MZ286258_1_ORF2	1	0	6	6	TRUE	TRUE
GGAGACGAGACATCAA-1	OP549859_1_ORF1	0	0	1	2	FALSE	TRUE
GGAGACGAGATCAGTA-1	MZ286197_1_ORF1	0	0	1	1	FALSE	TRUE
GGAGACGAGCCAGTTC-1	MZ286188_1_ORF1	0	0	1	2	FALSE	TRUE
GGAGACGAGCCTGCCA-1	OP549859_1_ORF1	0	0	2	2	TRUE	FALSE
GGAGACGAGGAGGAGT-1	OZ258728_1_ORF1	0	0	1	1	FALSE	FALSE
GGAGACGAGTCCGTTA-1	MZ286258_1_ORF2	0	0	1	1	FALSE	TRUE
GGAGACGAGTGGAGCC-1	MZ286188_1_ORF2	0	0	3	4	TRUE	TRUE
GGAGACTGTAAGTTGG-1	MZ286258_1_ORF2	0	0	1	1	FALSE	TRUE
GGAGACTGTCAGTCGC-1	MZ286197_1_ORF2	1	0	6	6	TRUE	TRUE
GGAGACTGTCGCAGGA-1	MZ286197_1_ORF1	0	0	1	1	FALSE	FALSE
GGAGACTGTCTTACCC-1	MZ286188_1_ORF2	0	0	1	1	FALSE	TRUE
GGAGACTGTGAACCAA-1	MZ286102_1_ORF2	0	0	1	1	FALSE	TRUE
GGAGACTGTGAATGTG-1	OZ258728_1_ORF2	2	2	15	29	FALSE	TRUE
GGAGACTGTGACCTCA-1	OP549859_1_ORF1	0	0	1	1	FALSE	TRUE
GGAGACTGTGAGATAT-1	OP549859_1_ORF1	0	0	1	1	FALSE	FALSE
GGAGACTGTGGATGAC-1	MZ286258_1_ORF2	0	0	1	1	FALSE	FALSE
GGAGCAACAAACGGCT-1	meGFP	0	0	1	1	FALSE	TRUE
GGAGCAACAACTGGCG-1	meGFP	0	0	1	2	FALSE	TRUE
GGAGCAACAATCGTTC-1	OP549859_1_ORF1	0	0	1	1	FALSE	TRUE
GGAGCAACAATTGGTG-1	MZ286197_1_ORF1	0	0	1	1	FALSE	TRUE
GGAGCAACACACTAAG-1	OZ258728_1_ORF1	1	1	11	13	TRUE	TRUE
GGAGCAACACTACCCA-1	OZ258728_1_ORF2	0	0	1	1	FALSE	TRUE
GGAGCAACAGAATGGG-1	OZ258728_1_ORF2	0	0	1	1	FALSE	FALSE
GGAGCAACAGATAGGG-1	MZ286188_1_ORF1	1	0	5	5	TRUE	TRUE
GGAGCAACATCCAGCC-1	MZ286197_1_ORF1	0	0	1	1	FALSE	TRUE
GGAGCAACATCCGCAC-1	MZ286258_1_ORF2	1	0	9	11	TRUE	TRUE
GGAGCAACATGGTGTA-1	MZ286197_1_ORF1	1	1	12	12	TRUE	TRUE
GGAGCATGTACCGACC-1	OZ258728_1_ORF1	0	0	1	1	FALSE	FALSE
GGAGCATGTCCCATCT-1	MZ286197_1_ORF1	0	0	1	1	FALSE	FALSE
GGAGCATGTCGAAGGT-1	OZ258728_1_ORF2	1	1	147	148	TRUE	TRUE
GGAGCATGTCTCCTTA-1	MZ286197_1_ORF1	0	0	1	1	FALSE	FALSE
GGAGCATGTGATCCCA-1	MZ286197_1_ORF1	0	0	1	3	FALSE	TRUE
GGAGCATGTGCATGAA-1	meGFP	0	0	1	1	FALSE	FALSE
GGAGCATGTGGCCAGA-1	OZ258728_1_ORF2	0	0	1	1	FALSE	TRUE
GGAGCATGTTACGCCA-1	MZ286258_1_ORF2	1	1	16	17	TRUE	TRUE
GGAGCATGTTTAGGAG-1	MZ286258_1_ORF2	1	1	17	18	TRUE	TRUE
GGAGCCAGTACCTAGT-1	meGFP	0	0	1	1	FALSE	TRUE
GGAGCCAGTCCCTTCG-1	OZ258728_1_ORF1	1	0	4	4	TRUE	TRUE
GGAGCCAGTCGAAGGT-1	MZ286188_1_ORF2	0	0	1	1	FALSE	FALSE
GGAGCCAGTGTCCGGT-1	OP549859_1_ORF2	0	0	1	1	FALSE	TRUE
GGAGCCAGTTGCGGAG-1	OZ258728_1_ORF2	1	0	5	5	TRUE	TRUE
GGAGCCAGTTGGTTAC-1	OZ258728_1_ORF2	0	0	1	1	FALSE	FALSE
GGAGCCAGTTTGAGTC-1	OZ258728_1_ORF2	0	0	1	1	FALSE	TRUE
GGAGCCTAGCCAGGGT-1	OP549859_1_ORF1	1	0	6	6	TRUE	TRUE
GGAGCCTAGCCTGTAC-1	OZ258728_1_ORF2	0	0	1	1	FALSE	FALSE
GGAGCCTAGCGTGCTT-1	OZ258728_1_ORF2	0	0	1	1	FALSE	FALSE
GGAGCCTAGCTTACGC-1	MZ286258_1_ORF2	2	2	15	25	FALSE	TRUE
GGAGCCTAGGACGTTG-1	OP549859_1_ORF2	0	0	1	1	FALSE	TRUE
GGAGCCTAGGCCTCAT-1	meGFP	0	0	1	1	FALSE	FALSE
GGAGCCTAGGGTATGT-1	OP549859_1_ORF1	1	1	22	22	TRUE	TRUE
GGAGCCTAGGTACGCA-1	MZ286102_1_ORF1	1	1	15	15	TRUE	TRUE
GGAGCCTAGGTGTGGC-1	MZ286102_1_ORF2	0	0	1	2	FALSE	TRUE
GGAGCCTAGTAATGTG-1	MZ286197_1_ORF2	0	0	1	1	FALSE	TRUE
GGAGCCTAGTGGATTA-1	OZ258728_1_ORF2	0	0	1	1	FALSE	TRUE
GGAGCCTAGTGTGTCC-1	OZ258728_1_ORF2	1	1	42	42	TRUE	TRUE
GGAGCCTAGTTGGCCT-1	OZ258728_1_ORF2	0	0	1	1	FALSE	FALSE
GGAGCTATCACTTGCA-1	OP549859_1_ORF1	0	0	1	1	FALSE	FALSE
GGAGCTATCCCGATAC-1	MZ286188_1_ORF2	1	0	6	6	TRUE	TRUE
GGAGCTATCCGGCTTG-1	OP549859_1_ORF1	0	0	1	1	FALSE	FALSE
GGAGCTATCCGTAGCT-1	OZ258728_1_ORF2	1	0	9	9	TRUE	TRUE
GGAGCTATCCTAATGT-1	meGFP	0	0	1	1	FALSE	FALSE
GGAGCTATCCTCCTGC-1	OZ258728_1_ORF1	1	1	26	26	TRUE	TRUE
GGAGCTATCCTCTACT-1	OZ258728_1_ORF1	0	0	1	1	FALSE	FALSE
GGAGCTATCGAATGAC-1	OZ258728_1_ORF1	1	1	41	43	TRUE	TRUE
GGAGCTATCGCATCGT-1	OZ258728_1_ORF2	0	0	1	1	FALSE	FALSE
GGAGCTATCGCTTAAT-1	meGFP	1	1	62	63	TRUE	TRUE
GGAGCTATCTCACGTA-1	MZ286197_1_ORF2	0	0	1	1	FALSE	TRUE
GGAGCTATCTCCATCT-1	MZ286188_1_ORF1	0	0	1	3	FALSE	TRUE
GGAGCTATCTTGAGCC-1	OZ258728_1_ORF2	0	0	1	2	FALSE	TRUE
GGAGCTATCTTGCATG-1	OP549859_1_ORF1	0	0	1	1	FALSE	FALSE
GGAGCTATCTTGCGGT-1	OP549859_1_ORF1	1	1	104	105	TRUE	TRUE
GGAGGCTTCAACTGAA-1	MZ286258_1_ORF1	0	0	1	1	FALSE	FALSE
GGAGGCTTCAAGCTCC-1	OZ258728_1_ORF1	0	0	1	1	FALSE	TRUE
GGAGGCTTCAAGGGTT-1	MZ286258_1_ORF2	0	0	1	1	FALSE	FALSE
GGAGGCTTCCAATCAT-1	MZ286258_1_ORF2	0	0	1	1	FALSE	TRUE
GGAGGCTTCCGTGGTT-1	meGFP	0	0	1	1	FALSE	FALSE
GGAGGCTTCGCTACTA-1	OP549859_1_ORF1	0	0	1	1	FALSE	TRUE
GGAGGCTTCGCTTGGT-1	MZ286258_1_ORF2	0	0	1	1	FALSE	FALSE
GGAGGCTTCGGACAGC-1	OZ258728_1_ORF2	0	0	1	1	FALSE	TRUE
GGAGGCTTCGGTAAGT-1	meGFP	1	1	27	27	TRUE	TRUE
GGAGGCTTCTCTATCC-1	MZ286188_1_ORF1	0	0	3	4	TRUE	TRUE
GGAGGCTTCTGGGTAG-1	MZ286258_1_ORF1	1	1	31	31	TRUE	TRUE
GGAGGCTTCTGTCGGT-1	MZ286258_1_ORF2	1	1	29	30	TRUE	TRUE
GGAGGTACAATGGTTG-1	MZ286258_1_ORF2	1	1	15	16	TRUE	TRUE
GGAGGTACACCAATCT-1	meGFP	0	0	1	1	FALSE	FALSE
GGAGGTACACGTGAAC-1	MZ286197_1_ORF1	0	0	1	2	FALSE	TRUE
GGAGGTACAGGCGCTA-1	OP549859_1_ORF2	1	1	13	14	TRUE	TRUE
GGAGGTACATCTATCA-1	OZ258728_1_ORF2	0	0	1	1	FALSE	TRUE
GGAGGTTGTATGGCCC-1	MZ286102_1_ORF2	1	1	11	11	TRUE	TRUE
GGAGGTTGTGAAGGCT-1	OP549859_1_ORF2	1	0	4	5	TRUE	TRUE
GGAGGTTGTGAATCTC-1	meGFP	0	0	1	1	FALSE	FALSE
GGAGGTTGTGATGTAG-1	MZ286102_1_ORF1	0	0	1	2	FALSE	TRUE
GGAGGTTGTGCATGAA-1	MZ286102_1_ORF1	0	0	1	1	FALSE	FALSE
GGAGGTTGTGCGCGAA-1	OP549859_1_ORF1	0	0	1	1	FALSE	FALSE
GGAGGTTGTGTTGCAT-1	MZ286188_1_ORF1	0	0	1	2	FALSE	TRUE
GGAGGTTGTTAATTCG-1	OP549859_1_ORF2	1	0	4	4	TRUE	TRUE
GGAGGTTGTTAGATGG-1	MZ286188_1_ORF1	0	0	1	1	FALSE	FALSE
GGAGGTTGTTGTGCGC-1	OP549859_1_ORF1	0	0	1	1	FALSE	TRUE
GGAGTAAAGAACCCAG-1	MZ286258_1_ORF2	1	0	9	9	TRUE	TRUE
GGAGTAAAGAACTGCG-1	OP549859_1_ORF2	1	0	7	9	TRUE	TRUE
GGAGTAAAGATAGTCA-1	MZ286102_1_ORF2	1	1	22	23	TRUE	TRUE
GGAGTAAAGCGAACTG-1	MZ286258_1_ORF1	0	0	3	3	TRUE	TRUE
GGAGTAAAGGACGTTG-1	MZ286258_1_ORF2	2	0	9	19	FALSE	TRUE
GGAGTAAAGGAGTGCC-1	MZ286102_1_ORF2	1	0	5	5	TRUE	TRUE
GGAGTAAAGGGGAACG-1	OZ258728_1_ORF2	1	1	50	51	TRUE	TRUE
GGAGTAAAGGTTGCGA-1	OZ258728_1_ORF2	1	0	7	8	TRUE	TRUE
GGAGTAAAGTCGCTCG-1	MZ286258_1_ORF2	1	0	4	4	TRUE	TRUE
GGAGTAAAGTTACACT-1	MZ286188_1_ORF1	0	0	1	1	FALSE	FALSE
GGAGTAAAGTTGCATT-1	MZ286188_1_ORF1	0	0	1	1	FALSE	FALSE
GGAGTAGCAAGGTGCT-1	OZ258728_1_ORF1	1	1	19	19	TRUE	TRUE
GGAGTAGCAATGGTTG-1	MZ286258_1_ORF2	1	0	6	6	TRUE	TRUE
GGAGTAGCACATACAG-1	MZ286188_1_ORF1	0	0	1	2	FALSE	TRUE
GGAGTAGCACCAATCT-1	MZ286102_1_ORF2	0	0	2	7	FALSE	TRUE
GGAGTAGCACCAGGCA-1	MZ286258_1_ORF1	0	0	1	1	FALSE	FALSE
GGAGTAGCACGTATAG-1	MZ286258_1_ORF2	1	1	17	17	TRUE	TRUE
GGAGTAGCACTGAGGT-1	OP549859_1_ORF2	0	0	1	1	FALSE	FALSE
GGAGTAGCACTTCGAT-1	MZ286102_1_ORF1	0	0	1	2	FALSE	TRUE
GGAGTAGCAGCCCTGT-1	OZ258728_1_ORF1	0	0	3	3	TRUE	TRUE
GGAGTAGCAGGCAACT-1	MZ286102_1_ORF2	0	0	1	1	FALSE	FALSE
GGAGTGACAATCCAAG-1	OP549859_1_ORF1	1	1	40	40	TRUE	TRUE
GGAGTGACACAAGGGA-1	OZ258728_1_ORF2	0	0	1	1	FALSE	FALSE
GGAGTGACACCCTATG-1	OZ258728_1_ORF2	0	0	1	3	FALSE	TRUE
GGAGTGACACCTCTAG-1	MZ286102_1_ORF2	0	0	1	1	FALSE	TRUE
GGAGTGACACGATCCC-1	OZ258728_1_ORF2	0	0	1	1	FALSE	FALSE
GGAGTGACACGGTTCC-1	OZ258728_1_ORF2	1	1	23	23	TRUE	TRUE
GGAGTGACAGCATCAA-1	OZ258728_1_ORF2	0	0	1	1	FALSE	FALSE
GGAGTGACAGGACGAA-1	OP549859_1_ORF1	0	0	1	1	FALSE	FALSE
GGAGTGACATGAGTAT-1	meGFP	0	0	1	1	FALSE	TRUE
GGAGTGACATTGCCCA-1	meGFP	0	0	1	1	FALSE	FALSE
GGATAACTCATGGAAC-1	MZ286188_1_ORF1	0	0	1	1	FALSE	FALSE
GGATAACTCATGGCAG-1	OP549859_1_ORF2	0	0	1	1	FALSE	TRUE
GGATAACTCATTAACC-1	meGFP	0	0	1	1	FALSE	FALSE
GGATAACTCCCCTTCA-1	MZ286258_1_ORF2	0	0	1	1	FALSE	TRUE
GGATAACTCCGTAATT-1	meGFP	0	0	1	1	FALSE	FALSE
GGATAACTCCTGCCTC-1	OP549859_1_ORF2	1	0	7	10	TRUE	TRUE
GGATAACTCGAAGCGC-1	meGFP	1	1	78	78	TRUE	TRUE
GGATAACTCGCGCCTA-1	meGFP	1	1	19	19	TRUE	TRUE
GGATAACTCGGGAACC-1	meGFP	0	0	1	1	FALSE	TRUE
GGATAACTCTAGCCCG-1	OP549859_1_ORF1	0	0	1	1	FALSE	TRUE
GGATAACTCTCCATCT-1	OP549859_1_ORF1	1	1	31	32	TRUE	TRUE
GGATAACTCTTCGTCT-1	OP549859_1_ORF1	0	0	1	1	FALSE	TRUE
GGATAATGTAACTGAG-1	OZ258728_1_ORF2	0	0	1	1	FALSE	FALSE
GGATAATGTACGCCTA-1	MZ286188_1_ORF1	1	0	9	9	TRUE	TRUE
GGATAATGTAGTGTCT-1	OP549859_1_ORF1	1	1	16	16	TRUE	TRUE
GGATAATGTATGGCCC-1	OP549859_1_ORF1	0	0	1	1	FALSE	FALSE
GGATAATGTCAAGTTC-1	meGFP	0	0	1	1	FALSE	FALSE
GGATAATGTCACTCCT-1	OZ258728_1_ORF2	0	0	1	1	FALSE	TRUE
GGATAATGTCATCGTG-1	MZ286188_1_ORF1	0	0	1	1	FALSE	TRUE
GGATAATGTCCATTAA-1	MZ286102_1_ORF1	0	0	1	1	FALSE	TRUE
GGATAATGTTTAGGAG-1	MZ286197_1_ORF2	0	0	1	1	FALSE	TRUE
GGATAATGTTTCATCT-1	OZ258728_1_ORF2	1	0	4	5	TRUE	TRUE
GGATACAGTAATGAAC-1	OP549859_1_ORF1	0	0	3	3	TRUE	TRUE
GGATACAGTAATGGAT-1	MZ286258_1_ORF2	0	0	1	1	FALSE	TRUE
GGATACAGTACGAATG-1	meGFP	0	0	1	1	FALSE	FALSE
GGATACAGTAGCACTT-1	meGFP	0	0	1	1	FALSE	TRUE
GGATACAGTAGCCATT-1	MZ286102_1_ORF1	0	0	1	1	FALSE	FALSE
GGATACAGTATTGGCT-1	OP549859_1_ORF2	1	1	13	15	TRUE	TRUE
GGATACAGTCCGGGTT-1	MZ286258_1_ORF2	0	0	1	1	FALSE	TRUE
GGATACAGTGACCTCA-1	MZ286188_1_ORF1	1	1	48	49	TRUE	TRUE
GGATACAGTGAGGAGA-1	MZ286197_1_ORF2	1	0	6	6	TRUE	TRUE
GGATACAGTGAGGTAC-1	OP549859_1_ORF1	0	0	1	1	FALSE	TRUE
GGATACAGTGCGCGAA-1	MZ286188_1_ORF1	0	0	1	1	FALSE	FALSE
GGATACAGTGGATGAC-1	MZ286258_1_ORF2	1	0	6	6	TRUE	TRUE
GGATCACCAACGAGCT-1	MZ286197_1_ORF2	0	0	1	1	FALSE	TRUE
GGATCACCACATTCGT-1	meGFP	1	1	16	17	TRUE	TRUE
GGATCACCACCAAGCG-1	MZ286197_1_ORF2	0	0	0	0	FALSE	FALSE
GGATCACCACCCTATG-1	meGFP	0	0	3	3	TRUE	TRUE
GGATCACCAGCGCTTC-1	MZ286197_1_ORF2	0	0	3	3	TRUE	TRUE
GGATCACCAGCTCAGG-1	OZ258728_1_ORF2	0	0	1	2	FALSE	TRUE
GGATCACCATCCACAT-1	OP549859_1_ORF2	1	1	11	13	TRUE	TRUE
GGATCACCATCCATAC-1	OP549859_1_ORF1	0	0	2	2	TRUE	TRUE
GGATCACCATCCCAAT-1	MZ286102_1_ORF1	0	0	1	1	FALSE	TRUE
GGATCACCATCCGCAC-1	MZ286258_1_ORF1	0	0	1	1	FALSE	TRUE
GGATCACCATGCTCGC-1	meGFP	0	0	1	1	FALSE	FALSE
GGATCACCATTCACAC-1	OZ258728_1_ORF2	0	0	1	1	FALSE	FALSE
GGATCAGTCAACTATC-1	MZ286188_1_ORF2	0	0	2	2	TRUE	TRUE
GGATCAGTCAATCGCC-1	MZ286102_1_ORF2	0	0	2	2	TRUE	TRUE
GGATCAGTCAATTCGT-1	OZ258728_1_ORF2	1	1	31	31	TRUE	TRUE
GGATCAGTCACTTGCA-1	OZ258728_1_ORF2	0	0	1	3	FALSE	TRUE
GGATCAGTCCTAATGT-1	OZ258728_1_ORF2	0	0	1	1	FALSE	TRUE
GGATCAGTCCTCATTC-1	MZ286102_1_ORF2	0	0	1	1	FALSE	TRUE
GGATCAGTCTAATGGA-1	MZ286258_1_ORF2	1	1	13	13	TRUE	TRUE
GGATCAGTCTAGGCTC-1	OP549859_1_ORF2	0	0	1	1	FALSE	TRUE
GGATCAGTCTGCCTGG-1	OZ258728_1_ORF2	1	0	9	9	TRUE	TRUE
GGATCAGTCTGGGTTC-1	OZ258728_1_ORF2	0	0	1	2	FALSE	TRUE
GGATCAGTCTGGTGTC-1	OZ258728_1_ORF2	0	0	1	1	FALSE	TRUE
GGATCAGTCTTAGTGT-1	MZ286197_1_ORF1	0	0	1	1	FALSE	FALSE
GGATCCTTCAGTATGA-1	OZ258728_1_ORF2	1	1	40	40	TRUE	TRUE
GGATCCTTCATGGAAC-1	MZ286188_1_ORF2	1	0	4	5	TRUE	TRUE
GGATCCTTCCGGCTTG-1	OZ258728_1_ORF2	0	0	1	1	FALSE	FALSE
GGATCCTTCCTGCCTC-1	MZ286102_1_ORF2	1	0	5	6	TRUE	TRUE
GGATCCTTCGCCCTGA-1	MZ286188_1_ORF1	0	0	1	1	FALSE	FALSE
GGATCCTTCGCCTATA-1	MZ286188_1_ORF1	1	1	15	15	TRUE	TRUE
GGATCCTTCGCTTAAT-1	OP549859_1_ORF2	1	0	8	8	TRUE	TRUE
GGATCCTTCGGTAGCA-1	meGFP	1	0	7	8	TRUE	TRUE
GGATCCTTCTAAGTCT-1	OZ258728_1_ORF2	1	1	12	13	TRUE	TRUE
GGATCCTTCTATAGGA-1	MZ286102_1_ORF2	0	0	2	2	TRUE	TRUE
GGATCCTTCTGAGTGG-1	MZ286102_1_ORF2	1	1	14	14	TRUE	TRUE
GGATCCTTCTGGTTGC-1	meGFP	2	1	14	23	FALSE	TRUE
GGATCCTTCTGTGCGT-1	OZ258728_1_ORF2	0	0	1	1	FALSE	FALSE
GGATCTTGTCCGAATT-1	OZ258728_1_ORF2	0	0	1	2	FALSE	TRUE
GGATCTTGTCCTGTGA-1	MZ286258_1_ORF1	0	0	1	1	FALSE	FALSE
GGATCTTGTCGTTGGC-1	meGFP	0	0	1	1	FALSE	FALSE
GGATCTTGTGCCTGGT-1	meGFP	0	0	1	2	FALSE	TRUE
GGATCTTGTGCTTAGT-1	MZ286258_1_ORF2	1	1	21	22	TRUE	TRUE
GGATCTTGTGGTGTGG-1	OZ258728_1_ORF2	0	0	1	1	FALSE	FALSE
GGATCTTGTGTACCGC-1	MZ286102_1_ORF1	0	0	2	3	FALSE	TRUE
GGATCTTGTGTCCAAT-1	MZ286197_1_ORF2	0	0	1	1	FALSE	FALSE
GGATCTTGTTAACGAG-1	MZ286258_1_ORF1	0	0	1	1	FALSE	FALSE
GGATCTTGTTCCACTC-1	MZ286102_1_ORF2	0	0	2	2	TRUE	TRUE
GGATCTTGTTCTGTCC-1	OZ258728_1_ORF2	1	1	41	41	TRUE	TRUE
GGATGAAAGACCTACC-1	meGFP	0	0	2	2	TRUE	TRUE
GGATGAAAGAGTCATA-1	meGFP	0	0	1	1	FALSE	FALSE
GGATGAAAGCCGAGTA-1	OZ258728_1_ORF1	0	0	1	1	FALSE	TRUE
GGATGAAAGGAGGAGT-1	OZ258728_1_ORF2	0	0	1	1	FALSE	FALSE
GGATGAAAGGCTTCAC-1	MZ286197_1_ORF1	1	0	6	6	TRUE	TRUE
GGATGAAAGGGCAATT-1	OZ258728_1_ORF2	0	0	1	1	FALSE	TRUE
GGATGAAAGGTTAATG-1	MZ286102_1_ORF2	1	0	7	7	TRUE	TRUE
GGATGAAAGTCTCACA-1	OZ258728_1_ORF2	0	0	3	3	TRUE	TRUE
GGATGAAAGTGGGTCA-1	MZ286197_1_ORF1	0	0	2	2	TRUE	TRUE
GGATGAAAGTTGCAGG-1	meGFP	0	0	1	1	FALSE	TRUE
GGATGAAAGTTGGCCT-1	MZ286102_1_ORF2	1	0	7	7	TRUE	TRUE
GGATGACGTAACTTGC-1	MZ286258_1_ORF2	1	0	6	7	TRUE	TRUE
GGATGACGTACGATAG-1	MZ286258_1_ORF2	0	0	2	2	TRUE	FALSE
GGATGACGTACGTTCG-1	OZ258728_1_ORF2	0	0	1	1	FALSE	FALSE
GGATGACGTAGTCGTT-1	meGFP	0	0	1	1	FALSE	FALSE
GGATGACGTCCAACTG-1	MZ286102_1_ORF1	1	1	44	44	TRUE	TRUE
GGATGACGTGAGGAGA-1	OZ258728_1_ORF2	1	1	48	50	TRUE	TRUE
GGATGACGTGATGTCT-1	OP549859_1_ORF1	1	1	110	111	TRUE	TRUE
GGATGACGTTCGTAAC-1	MZ286102_1_ORF1	0	0	1	1	FALSE	FALSE
GGATGACGTTGCAATC-1	OP549859_1_ORF1	1	1	21	21	TRUE	TRUE
GGATGACGTTTCCTAT-1	MZ286258_1_ORF2	0	0	1	1	FALSE	TRUE
GGATGACGTTTGGTAC-1	MZ286102_1_ORF2	1	0	7	7	TRUE	TRUE
GGATGATTCACGCTTA-1	OZ258728_1_ORF2	1	1	40	40	TRUE	TRUE
GGATGATTCATCTAGT-1	OZ258728_1_ORF2	0	0	1	1	FALSE	TRUE
GGATGATTCCCGTCGA-1	OZ258728_1_ORF1	1	1	27	29	TRUE	TRUE
GGATGATTCCCTTACT-1	OZ258728_1_ORF2	0	0	1	2	FALSE	TRUE
GGATGATTCCGAAGCA-1	OZ258728_1_ORF2	0	0	1	1	FALSE	FALSE
GGATGATTCCTCCTAT-1	OZ258728_1_ORF2	0	0	1	1	FALSE	TRUE
GGATGATTCGACGGGT-1	OP549859_1_ORF1	0	0	1	1	FALSE	TRUE
GGATGATTCGATACTT-1	OP549859_1_ORF1	1	1	29	29	TRUE	TRUE
GGATGATTCGCTTAAT-1	OZ258728_1_ORF2	0	0	1	1	FALSE	FALSE
GGATGATTCGTCAATT-1	MZ286258_1_ORF2	1	0	8	8	TRUE	TRUE
GGATGATTCTAGGCTC-1	OZ258728_1_ORF1	1	0	4	4	TRUE	TRUE
GGATGATTCTAGGTAA-1	meGFP	0	0	1	1	FALSE	FALSE
GGATGATTCTCGCTCC-1	OP549859_1_ORF1	0	0	1	1	FALSE	FALSE
GGATGATTCTCTGGCG-1	MZ286188_1_ORF2	1	0	5	5	TRUE	TRUE
GGATGCTCAATCTCAC-1	MZ286197_1_ORF2	0	0	2	2	TRUE	TRUE
GGATGCTCACCAATGA-1	MZ286102_1_ORF2	1	0	5	5	TRUE	TRUE
GGATGCTCACGGGTAT-1	MZ286258_1_ORF1	0	0	3	3	TRUE	TRUE
GGATGCTCACGGTTCC-1	OP549859_1_ORF1	0	0	1	2	FALSE	TRUE
GGATGCTCAGGTACAC-1	MZ286197_1_ORF2	0	0	2	3	FALSE	TRUE
GGATGCTCAGGTCTCC-1	meGFP	0	0	1	1	FALSE	FALSE
GGATGCTCATGCGTGG-1	OP549859_1_ORF1	1	0	5	5	TRUE	TRUE
GGATGCTCATTGACCT-1	OZ258728_1_ORF2	0	0	1	1	FALSE	FALSE
GGATGGCTCAATCCAT-1	meGFP	0	0	1	1	FALSE	FALSE
GGATGGCTCACCAATT-1	MZ286258_1_ORF1	0	0	1	1	FALSE	TRUE
GGATGGCTCCTATACG-1	meGFP	0	0	1	1	FALSE	FALSE
GGATGGCTCCTTCACT-1	MZ286102_1_ORF2	0	0	1	1	FALSE	TRUE
GGATGGCTCGAACCGA-1	MZ286102_1_ORF1	0	0	1	1	FALSE	FALSE
GGATGGCTCGACGGGT-1	OP549859_1_ORF1	1	1	26	26	TRUE	TRUE
GGATGGCTCGATCGCT-1	OP549859_1_ORF1	0	0	1	1	FALSE	FALSE
GGATGGCTCGCTACTA-1	OZ258728_1_ORF2	0	0	1	1	FALSE	TRUE
GGATGGCTCGGGATTG-1	OP549859_1_ORF1	0	0	1	1	FALSE	FALSE
GGATGGCTCGTACGTC-1	OZ258728_1_ORF1	1	1	17	17	TRUE	TRUE
GGATGGCTCTAATTGC-1	OZ258728_1_ORF1	0	0	1	1	FALSE	FALSE
GGATGGCTCTAGTCAT-1	meGFP	0	0	1	2	FALSE	TRUE
GGATGTTAGACCTACC-1	OZ258728_1_ORF2	0	0	1	1	FALSE	TRUE
GGATGTTAGCCACACT-1	MZ286188_1_ORF1	1	1	49	49	TRUE	TRUE
GGATGTTAGCTATGAA-1	OZ258728_1_ORF2	0	0	1	1	FALSE	TRUE
GGATGTTAGGATGGTT-1	MZ286102_1_ORF2	0	0	3	3	TRUE	TRUE
GGATGTTAGGGCACTA-1	OZ258728_1_ORF2	0	0	1	1	FALSE	TRUE
GGATGTTAGGGCAGGA-1	OZ258728_1_ORF2	1	1	17	17	TRUE	TRUE
GGATGTTAGGTAGACT-1	meGFP	0	0	1	1	FALSE	FALSE
GGATGTTAGTCGCTCG-1	MZ286258_1_ORF1	1	0	4	4	TRUE	TRUE
GGATGTTAGTTACCGC-1	MZ286102_1_ORF2	1	1	10	10	TRUE	TRUE
GGATTAGGTACAGAGC-1	OZ258728_1_ORF1	1	0	7	7	TRUE	TRUE
GGATTAGGTAGCCATT-1	MZ286188_1_ORF1	1	0	5	5	TRUE	TRUE
GGATTAGGTAGTCGTT-1	MZ286102_1_ORF2	0	0	1	1	FALSE	TRUE
GGATTAGGTCGGGCTT-1	OZ258728_1_ORF2	0	0	1	1	FALSE	FALSE
GGATTAGGTGAGTTAG-1	OP549859_1_ORF1	1	1	36	37	TRUE	TRUE
GGATTAGGTGCCCAAC-1	MZ286258_1_ORF2	1	0	8	8	TRUE	TRUE
GGATTAGGTGCGCGAA-1	MZ286188_1_ORF2	1	1	10	11	TRUE	TRUE
GGATTAGGTGCTGGCT-1	OZ258728_1_ORF2	0	0	1	1	FALSE	FALSE
GGATTAGGTGGCCAGA-1	OZ258728_1_ORF2	0	0	1	1	FALSE	TRUE
GGATTAGGTTAACGAG-1	MZ286197_1_ORF2	0	0	1	1	FALSE	FALSE
GGATTAGGTTCGCAGC-1	MZ286102_1_ORF2	2	0	6	12	FALSE	TRUE
GGATTAGGTTCGTAAC-1	MZ286258_1_ORF2	1	0	4	6	TRUE	TRUE
GGATTAGGTTGGACCC-1	OZ258728_1_ORF2	1	1	17	20	TRUE	TRUE
GGATTCTGTAACGGAC-1	OZ258728_1_ORF2	1	1	86	88	TRUE	TRUE
GGATTCTGTACAGAGC-1	MZ286197_1_ORF1	1	1	25	26	TRUE	TRUE
GGATTCTGTAGTGACA-1	OP549859_1_ORF2	1	1	13	14	TRUE	TRUE
GGATTCTGTCATGAGA-1	meGFP	0	0	1	1	FALSE	TRUE
GGATTCTGTCCCATCT-1	MZ286258_1_ORF2	0	0	1	4	FALSE	TRUE
GGATTCTGTCTATCCC-1	MZ286102_1_ORF2	1	1	10	10	TRUE	TRUE
GGATTCTGTGCTTAGT-1	MZ286102_1_ORF2	1	0	9	9	TRUE	TRUE
GGATTCTGTGTGATTC-1	OP549859_1_ORF1	0	0	2	4	FALSE	TRUE
GGATTCTGTTGGTGAA-1	meGFP	0	0	3	3	TRUE	TRUE
GGATTCTGTTTCAAGC-1	OP549859_1_ORF2	0	0	1	1	FALSE	FALSE
GGATTCTGTTTCCTGC-1	MZ286258_1_ORF2	0	0	1	1	FALSE	FALSE
GGATTGAGTAAGCTAG-1	MZ286102_1_ORF2	1	1	12	13	TRUE	TRUE
GGATTGAGTAATGGGC-1	OZ258728_1_ORF2	0	0	1	1	FALSE	FALSE
GGATTGAGTAGCCCTA-1	OZ258728_1_ORF1	0	0	1	1	FALSE	TRUE
GGATTGAGTATTGGCT-1	MZ286197_1_ORF1	1	1	48	48	TRUE	TRUE
GGATTGAGTCCCGAAC-1	OZ258728_1_ORF2	0	0	1	2	FALSE	TRUE
GGATTGAGTCGCGTGT-1	meGFP	0	0	1	1	FALSE	TRUE
GGATTGAGTCTTAATG-1	OZ258728_1_ORF2	0	0	1	1	FALSE	FALSE
GGATTGAGTGAGAGCT-1	MZ286197_1_ORF1	0	0	1	1	FALSE	FALSE
GGATTGAGTGAGGAGA-1	MZ286197_1_ORF1	1	0	8	10	TRUE	TRUE
GGATTGAGTGCAACCC-1	MZ286102_1_ORF1	0	0	1	1	FALSE	FALSE
GGATTGAGTGGCCTAC-1	OZ258728_1_ORF2	1	1	25	25	TRUE	TRUE
GGATTGAGTGTCGAGG-1	MZ286102_1_ORF2	2	0	8	12	FALSE	TRUE
GGATTGAGTTGCAGTT-1	MZ286102_1_ORF1	0	0	1	1	FALSE	FALSE
GGATTGCCAAACGGGA-1	meGFP	1	1	40	42	TRUE	TRUE
GGATTGCCAACCTTAC-1	OZ258728_1_ORF2	0	0	2	2	TRUE	TRUE
GGATTGCCAACGGGTT-1	meGFP	0	0	1	1	FALSE	FALSE
GGATTGCCAAGGTGCT-1	OZ258728_1_ORF2	0	0	1	1	FALSE	FALSE
GGATTGCCACAAGGCT-1	OZ258728_1_ORF2	0	0	1	1	FALSE	TRUE
GGATTGCCACTTACCG-1	meGFP	0	0	3	3	TRUE	TRUE
GGATTGCCAGAGCCTG-1	MZ286102_1_ORF2	1	1	49	51	TRUE	TRUE
GGATTGCCAGATTCGA-1	OZ258728_1_ORF2	0	0	1	1	FALSE	TRUE
GGATTGCCAGGATTGC-1	OZ258728_1_ORF2	0	0	1	1	FALSE	FALSE
GGATTGCCAGGGTTAC-1	OP549859_1_ORF1	0	0	1	1	FALSE	FALSE
GGATTGCCATAAGGTT-1	MZ286188_1_ORF2	1	0	7	7	TRUE	TRUE
GGATTGCCATCCTTCC-1	OZ258728_1_ORF2	1	1	69	69	TRUE	TRUE
GGATTGGTCAATTACC-1	MZ286102_1_ORF2	1	1	30	31	TRUE	TRUE
GGATTGGTCACTAATC-1	MZ286258_1_ORF1	0	0	2	2	TRUE	TRUE
GGATTGGTCATTCACG-1	MZ286197_1_ORF1	0	0	1	1	FALSE	FALSE
GGATTGGTCCGACAGA-1	OZ258728_1_ORF1	0	0	1	1	FALSE	FALSE
GGATTGGTCGTGCGAA-1	MZ286102_1_ORF1	0	0	2	2	TRUE	FALSE
GGATTTCGTACAGGGT-1	OZ258728_1_ORF2	0	0	1	1	FALSE	FALSE
GGATTTCGTACCCAAT-1	MZ286197_1_ORF1	0	0	1	1	FALSE	FALSE
GGATTTCGTACCGATT-1	MZ286188_1_ORF1	0	0	2	5	FALSE	TRUE
GGATTTCGTAGCCATT-1	OP549859_1_ORF1	1	1	75	76	TRUE	TRUE
GGATTTCGTCTAGTGT-1	MZ286102_1_ORF2	1	1	12	13	TRUE	TRUE
GGATTTCGTGCGTGCT-1	OP549859_1_ORF1	0	0	2	2	TRUE	TRUE
GGATTTCGTGCTTCCT-1	OP549859_1_ORF1	0	0	1	1	FALSE	FALSE
GGATTTCGTTGAAGTG-1	MZ286197_1_ORF1	0	0	3	4	TRUE	TRUE
GGATTTCGTTGCCTTC-1	MZ286102_1_ORF2	0	0	1	1	FALSE	FALSE
GGATTTCGTTTGGATC-1	MZ286258_1_ORF2	1	0	4	6	TRUE	TRUE
GGATTTGCAAGGTGCT-1	OP549859_1_ORF2	0	0	1	1	FALSE	FALSE
GGATTTGCACACTGGG-1	OZ258728_1_ORF2	0	0	1	1	FALSE	FALSE
GGATTTGCACAGGTGT-1	OP549859_1_ORF1	1	1	42	43	TRUE	TRUE
GGATTTGCACCGTTCA-1	OZ258728_1_ORF2	0	0	1	1	FALSE	TRUE
GGATTTGCACGCTACC-1	MZ286197_1_ORF2	0	0	1	1	FALSE	FALSE
GGATTTGCAGATTGGC-1	OP549859_1_ORF1	0	0	1	1	FALSE	TRUE
GGATTTGCATGAGTAT-1	MZ286258_1_ORF2	0	0	3	3	TRUE	TRUE
GGATTTGCATGGTGTA-1	MZ286102_1_ORF2	1	1	11	11	TRUE	TRUE
GGCAAGACAACAGGCT-1	OZ258728_1_ORF2	0	0	1	1	FALSE	FALSE
GGCAAGACAACCCGTC-1	MZ286197_1_ORF1	0	0	2	2	TRUE	TRUE
GGCAAGACACGGATTA-1	MZ286197_1_ORF2	0	0	1	1	FALSE	FALSE
GGCAAGACACTATCGT-1	MZ286258_1_ORF2	0	0	1	1	FALSE	FALSE
GGCAAGACAGACATTG-1	MZ286197_1_ORF1	1	1	19	20	TRUE	TRUE
GGCAAGACAGATTAGT-1	OZ258728_1_ORF2	1	0	5	7	TRUE	TRUE
GGCAATTAGAACCGTG-1	OZ258728_1_ORF2	1	1	33	33	TRUE	TRUE
GGCAATTAGAGGGACG-1	OZ258728_1_ORF1	0	0	1	2	FALSE	TRUE
GGCAATTAGATTAGGC-1	OZ258728_1_ORF1	0	0	1	1	FALSE	FALSE
GGCAATTAGCGATTAA-1	OP549859_1_ORF1	0	0	1	1	FALSE	FALSE
GGCAATTAGCTTAATC-1	OZ258728_1_ORF2	0	0	1	1	FALSE	TRUE
GGCAATTAGGAATCTA-1	MZ286197_1_ORF2	0	0	3	5	FALSE	TRUE
GGCAATTAGGACACCA-1	MZ286102_1_ORF1	2	1	13	22	FALSE	TRUE
GGCAATTAGGAGTATC-1	OP549859_1_ORF1	0	0	1	1	FALSE	TRUE
GGCAATTAGGCACATG-1	OP549859_1_ORF1	0	0	2	2	TRUE	TRUE
GGCAATTAGGGTTAGT-1	meGFP	0	0	1	1	FALSE	FALSE
GGCAATTAGTCAACTT-1	MZ286197_1_ORF2	0	0	1	1	FALSE	TRUE
GGCAATTAGTTACACT-1	MZ286197_1_ORF1	0	0	1	1	FALSE	FALSE
GGCAATTAGTTACGAA-1	OZ258728_1_ORF2	0	0	1	1	FALSE	FALSE
GGCAATTAGTTGAATG-1	OZ258728_1_ORF2	0	0	1	1	FALSE	FALSE
GGCACGTAGAATGGAG-1	OZ258728_1_ORF2	0	0	1	1	FALSE	TRUE
GGCACGTAGAGATAGG-1	OZ258728_1_ORF2	0	0	1	1	FALSE	TRUE
GGCACGTAGAGGCGAG-1	OZ258728_1_ORF2	0	0	1	2	FALSE	TRUE
GGCACGTAGCACGGAC-1	OZ258728_1_ORF2	0	0	1	2	FALSE	TRUE
GGCACGTAGCGCTAGA-1	OZ258728_1_ORF2	0	0	1	1	FALSE	FALSE
GGCACGTAGCTTAGTT-1	MZ286258_1_ORF1	1	1	16	18	TRUE	TRUE
GGCACGTAGGAATCTA-1	MZ286188_1_ORF1	0	0	1	1	FALSE	FALSE
GGCACGTAGGAGGAGT-1	OZ258728_1_ORF2	0	0	1	1	FALSE	FALSE
GGCACGTAGGCACTTC-1	MZ286197_1_ORF1	1	1	13	13	TRUE	TRUE
GGCACGTAGGCTGCAA-1	OZ258728_1_ORF2	0	0	1	1	FALSE	TRUE
GGCACGTAGTTGCGTC-1	MZ286197_1_ORF1	0	0	1	1	FALSE	FALSE
GGCACTAAGAATCCGG-1	MZ286197_1_ORF1	0	0	1	1	FALSE	TRUE
GGCACTAAGCACGTAG-1	OP549859_1_ORF2	0	0	1	1	FALSE	TRUE
GGCACTAAGCCACAGA-1	MZ286258_1_ORF2	0	0	1	1	FALSE	FALSE
GGCACTAAGCCTCACG-1	MZ286102_1_ORF2	1	1	32	33	TRUE	TRUE
GGCACTAAGCGCTAGA-1	meGFP	1	1	50	50	TRUE	TRUE
GGCACTAAGCTGAGAT-1	MZ286197_1_ORF1	2	0	5	11	FALSE	TRUE
GGCACTAAGGCTTAGG-1	OZ258728_1_ORF1	1	1	38	39	TRUE	TRUE
GGCACTAAGTGATAGC-1	OZ258728_1_ORF2	1	0	5	6	TRUE	TRUE
GGCACTAAGTTGAATG-1	MZ286258_1_ORF2	1	0	4	5	TRUE	TRUE
GGCACTAAGTTGCAGG-1	OP549859_1_ORF1	0	0	1	1	FALSE	FALSE
GGCACTTTCCCCAAGT-1	meGFP	0	0	2	2	TRUE	TRUE
GGCACTTTCCGCCACA-1	OP549859_1_ORF2	0	0	1	1	FALSE	FALSE
GGCACTTTCGAGGTCA-1	OP549859_1_ORF2	0	0	3	3	TRUE	TRUE
GGCACTTTCGTACGGA-1	OZ258728_1_ORF2	0	0	1	1	FALSE	FALSE
GGCACTTTCTAGGCTC-1	MZ286188_1_ORF1	0	0	1	1	FALSE	FALSE
GGCACTTTCTCTCAAG-1	OZ258728_1_ORF1	0	0	1	1	FALSE	FALSE
GGCACTTTCTCTGGCG-1	meGFP	0	0	1	2	FALSE	TRUE
GGCATCAAGACGCCTT-1	OZ258728_1_ORF2	1	1	92	95	TRUE	TRUE
GGCATCAAGAGGGACG-1	MZ286258_1_ORF2	0	0	1	1	FALSE	FALSE
GGCATCAAGATCAGTA-1	OZ258728_1_ORF2	0	0	1	1	FALSE	TRUE
GGCATCAAGCGTTCGT-1	meGFP	0	0	1	1	FALSE	FALSE
GGCATCAAGCTTGGTC-1	OZ258728_1_ORF2	0	0	1	2	FALSE	FALSE
GGCATCAAGGCGTAAT-1	MZ286197_1_ORF2	1	0	5	6	TRUE	TRUE
GGCATCAAGGGGTCTA-1	OZ258728_1_ORF2	0	0	1	1	FALSE	FALSE
GGCATCAAGGGTATGT-1	OZ258728_1_ORF1	1	1	30	30	TRUE	TRUE
GGCATCAAGGTAATTG-1	MZ286197_1_ORF2	1	0	6	6	TRUE	TRUE
GGCATCAAGTGCCTGT-1	OZ258728_1_ORF2	1	1	15	15	TRUE	TRUE
GGCATCTTCAATGCGG-1	MZ286197_1_ORF1	0	0	3	6	FALSE	TRUE
GGCATCTTCAGGATAC-1	MZ286258_1_ORF1	0	0	1	2	FALSE	TRUE
GGCATCTTCATGGCTC-1	MZ286102_1_ORF2	0	0	1	3	FALSE	TRUE
GGCATCTTCCGAAGCA-1	MZ286258_1_ORF2	0	0	2	2	TRUE	FALSE
GGCATCTTCCTCCGTC-1	OP549859_1_ORF2	1	0	4	7	TRUE	TRUE
GGCATCTTCGAGTGAT-1	MZ286258_1_ORF2	1	1	26	28	TRUE	TRUE
GGCATCTTCGCAGGGT-1	MZ286258_1_ORF2	1	1	10	11	TRUE	TRUE
GGCATCTTCGCTAGTC-1	MZ286258_1_ORF2	0	0	1	2	FALSE	TRUE
GGCATCTTCGTACCCG-1	MZ286258_1_ORF2	0	0	1	1	FALSE	TRUE
GGCATGCAGACATCAA-1	OZ258728_1_ORF1	0	0	1	1	FALSE	FALSE
GGCATGCAGACCAGCA-1	MZ286188_1_ORF1	1	1	31	32	TRUE	TRUE
GGCATGCAGCAGCCTT-1	MZ286188_1_ORF1	0	0	1	1	FALSE	FALSE
GGCATGCAGCAGGCAC-1	MZ286188_1_ORF1	0	0	1	1	FALSE	FALSE
GGCATGCAGCGGTAGC-1	OZ258728_1_ORF2	0	0	2	4	FALSE	TRUE
GGCATGCAGCTGGGTA-1	OZ258728_1_ORF2	0	0	1	2	FALSE	TRUE
GGCATGCAGGGATACT-1	OP549859_1_ORF2	0	0	3	3	TRUE	TRUE
GGCATGCAGGGATGGG-1	meGFP	1	0	6	6	TRUE	FALSE
GGCATGCAGTTACCAT-1	OZ258728_1_ORF2	1	1	15	16	TRUE	TRUE
GGCCAACAGAAGCAAG-1	OP549859_1_ORF1	1	1	23	23	TRUE	TRUE
GGCCAACAGAATGCTA-1	OZ258728_1_ORF2	1	1	25	26	TRUE	TRUE
GGCCAACAGATACAGC-1	MZ286188_1_ORF1	1	1	33	34	TRUE	TRUE
GGCCAACAGCCTTCCC-1	MZ286188_1_ORF1	0	0	1	1	FALSE	FALSE
GGCCAACAGCGCTAGA-1	MZ286258_1_ORF2	1	0	6	8	TRUE	TRUE
GGCCAACAGCGCTTAC-1	OP549859_1_ORF1	0	0	1	1	FALSE	FALSE
GGCCAACAGCTATACT-1	MZ286258_1_ORF2	1	0	6	6	TRUE	TRUE
GGCCAACAGGACACCA-1	OZ258728_1_ORF2	1	1	28	28	TRUE	TRUE
GGCCAACAGGCATCCT-1	MZ286197_1_ORF2	0	0	3	6	FALSE	TRUE
GGCCAACAGGGCTGGT-1	OZ258728_1_ORF2	0	0	1	1	FALSE	FALSE
GGCCAACAGGTTAATG-1	OZ258728_1_ORF2	0	0	1	1	FALSE	TRUE
GGCCAACAGTAGAGGA-1	MZ286258_1_ORF2	0	0	1	1	FALSE	FALSE
GGCCAACAGTAGTGTA-1	MZ286258_1_ORF1	0	0	1	2	FALSE	TRUE
GGCCAACAGTATACCT-1	MZ286102_1_ORF2	1	1	13	15	TRUE	TRUE
GGCCAACAGTCAACTT-1	MZ286188_1_ORF2	1	1	17	20	TRUE	TRUE
GGCCAACAGTTCGGCT-1	OZ258728_1_ORF2	0	0	1	2	FALSE	TRUE
GGCCACCTCACATATC-1	MZ286102_1_ORF1	0	0	1	1	FALSE	TRUE
GGCCACCTCCCCAGAT-1	OZ258728_1_ORF2	0	0	1	1	FALSE	FALSE
GGCCACCTCCGTGGAA-1	MZ286258_1_ORF2	0	0	1	1	FALSE	FALSE
GGCCACCTCGAACGTG-1	MZ286258_1_ORF2	0	0	1	1	FALSE	TRUE
GGCCACCTCTCGACCG-1	MZ286102_1_ORF2	0	0	1	1	FALSE	FALSE
GGCCACCTCTCGAGCT-1	meGFP	0	0	1	1	FALSE	FALSE
GGCCACCTCTGCACTA-1	MZ286102_1_ORF2	0	0	3	3	TRUE	TRUE
GGCCATTTCAACCGGA-1	OP549859_1_ORF2	1	0	8	8	TRUE	TRUE
GGCCATTTCAATTCGT-1	OZ258728_1_ORF2	2	2	20	34	FALSE	TRUE
GGCCATTTCCACCTGG-1	OZ258728_1_ORF1	0	0	1	1	FALSE	TRUE
GGCCATTTCCCGATAC-1	OZ258728_1_ORF2	1	1	25	25	TRUE	TRUE
GGCCATTTCCCTGCGA-1	OZ258728_1_ORF2	0	0	1	1	FALSE	TRUE
GGCCATTTCCGTCGCA-1	OP549859_1_ORF1	0	0	1	1	FALSE	TRUE
GGCCATTTCCTATACG-1	OZ258728_1_ORF2	0	0	1	1	FALSE	FALSE
GGCCATTTCGACTCCG-1	OZ258728_1_ORF2	1	0	4	7	TRUE	TRUE
GGCCATTTCGCGCTCA-1	OP549859_1_ORF1	0	0	1	1	FALSE	FALSE
GGCCATTTCGGCTCTG-1	meGFP	0	0	1	1	FALSE	TRUE
GGCCATTTCTGTGCGT-1	MZ286258_1_ORF2	0	0	1	1	FALSE	FALSE
GGCCCTGGTACAGAGC-1	meGFP	0	0	2	2	TRUE	TRUE
GGCCCTGGTACTTACA-1	OZ258728_1_ORF2	0	0	1	1	FALSE	TRUE
GGCCCTGGTAGGATAT-1	MZ286197_1_ORF1	0	0	1	1	FALSE	TRUE
GGCCCTGGTATACGTC-1	OZ258728_1_ORF1	0	0	1	2	FALSE	TRUE
GGCCCTGGTCAAGCCC-1	MZ286188_1_ORF1	2	2	36	66	FALSE	TRUE
GGCCCTGGTCAGCCAC-1	MZ286188_1_ORF1	0	0	1	1	FALSE	FALSE
GGCCCTGGTCCTGACA-1	MZ286258_1_ORF1	0	0	1	1	FALSE	FALSE
GGCCCTGGTCGATGAA-1	meGFP	1	1	58	59	TRUE	TRUE
GGCCCTGGTGACCTCA-1	OP549859_1_ORF1	0	0	1	2	FALSE	TRUE
GGCCCTGGTGCGCGAA-1	OZ258728_1_ORF2	1	1	21	24	TRUE	TRUE
GGCCCTGGTGGCCAGA-1	OZ258728_1_ORF1	0	0	2	2	TRUE	TRUE
GGCCCTGGTGTTGAGA-1	OP549859_1_ORF1	0	0	1	1	FALSE	TRUE
GGCCCTGGTTTAATCG-1	OP549859_1_ORF2	0	0	1	1	FALSE	TRUE
GGCCGAAGTAACTGAG-1	MZ286258_1_ORF2	0	0	1	2	FALSE	TRUE
GGCCGAAGTAAGCCAA-1	MZ286102_1_ORF2	1	0	7	7	TRUE	TRUE
GGCCGAAGTAGCACTT-1	meGFP	1	1	35	36	TRUE	TRUE
GGCCGAAGTATTGGCT-1	OP549859_1_ORF1	1	1	55	56	TRUE	TRUE
GGCCGAAGTCGCGTGT-1	OP549859_1_ORF1	2	1	16	20	TRUE	TRUE
GGCCGAAGTCTAAGCT-1	meGFP	0	0	1	1	FALSE	TRUE
GGCCGAAGTGGGTAGT-1	OP549859_1_ORF1	1	1	16	17	TRUE	TRUE
GGCCGAAGTTAACGAG-1	MZ286188_1_ORF1	0	0	1	1	FALSE	FALSE
GGCCGAAGTTCGGTTG-1	MZ286258_1_ORF2	0	0	1	1	FALSE	FALSE
GGCCGAAGTTGGACTT-1	OP549859_1_ORF1	0	0	1	1	FALSE	FALSE
GGCCGAAGTTTACGGT-1	meGFP	1	0	8	8	TRUE	TRUE
GGCCGAAGTTTGCGGC-1	OP549859_1_ORF1	0	0	1	2	FALSE	TRUE
GGCCGAAGTTTGGCGC-1	MZ286188_1_ORF2	1	0	5	5	TRUE	TRUE
GGCCTAAAGAAGGATG-1	MZ286197_1_ORF1	0	0	1	1	FALSE	FALSE
GGCCTAAAGAATGCTA-1	MZ286197_1_ORF1	1	1	25	25	TRUE	TRUE
GGCCTAAAGCTGAGAT-1	MZ286188_1_ORF2	0	0	3	3	TRUE	TRUE
GGCCTAAAGGAATCTA-1	MZ286197_1_ORF1	1	0	6	6	TRUE	TRUE
GGCCTAAAGGACTAAC-1	OZ258728_1_ORF1	1	1	15	16	TRUE	TRUE
GGCCTACGTAAGGTAT-1	OZ258728_1_ORF2	0	0	1	1	FALSE	FALSE
GGCCTACGTCATTCCC-1	OZ258728_1_ORF2	0	0	1	1	FALSE	TRUE
GGCCTACGTTACCGTG-1	OZ258728_1_ORF2	0	0	2	2	TRUE	TRUE
GGCCTACGTTAGCTTA-1	OZ258728_1_ORF2	1	1	34	37	TRUE	TRUE
GGCCTACGTTCTCATT-1	OP549859_1_ORF2	1	0	5	6	TRUE	TRUE
GGCCTACGTTTAGGAG-1	MZ286102_1_ORF1	0	0	1	1	FALSE	FALSE
GGCCTCATCACGTTCA-1	MZ286197_1_ORF1	0	0	1	1	FALSE	TRUE
GGCCTCATCAGCTTCA-1	OP549859_1_ORF1	0	0	1	1	FALSE	FALSE
GGCCTCATCCTCCGTC-1	OP549859_1_ORF1	0	0	1	1	FALSE	FALSE
GGCCTCATCCTCTCCA-1	MZ286102_1_ORF1	0	0	1	1	FALSE	FALSE
GGCCTCATCGATGTCC-1	MZ286258_1_ORF2	1	0	7	7	TRUE	TRUE
GGCCTCATCGCCTGCA-1	MZ286188_1_ORF1	0	0	2	2	TRUE	TRUE
GGCCTCATCTACCAGC-1	OZ258728_1_ORF2	0	0	1	2	FALSE	TRUE
GGCCTCATCTTGCGGT-1	OP549859_1_ORF1	0	0	1	1	FALSE	TRUE
GGCCTCTCAAGCCACG-1	MZ286258_1_ORF2	2	1	10	14	FALSE	TRUE
GGCCTCTCAGAATGAA-1	MZ286258_1_ORF2	0	0	1	1	FALSE	FALSE
GGCCTCTCAGCATCAA-1	MZ286102_1_ORF1	0	0	2	2	TRUE	TRUE
GGCCTCTCATCGTAAG-1	MZ286258_1_ORF2	0	0	1	2	FALSE	TRUE
GGCCTGCTCCCACAGT-1	OP549859_1_ORF2	0	0	3	3	TRUE	TRUE
GGCCTGCTCCCGTCGA-1	MZ286258_1_ORF2	0	0	2	2	TRUE	TRUE
GGCCTGCTCCTCATTC-1	MZ286188_1_ORF2	0	0	1	2	FALSE	TRUE
GGCCTGCTCGACTCCG-1	MZ286102_1_ORF2	0	0	1	1	FALSE	FALSE
GGCCTGCTCGAGCGGT-1	MZ286197_1_ORF1	1	1	20	23	TRUE	TRUE
GGCCTGCTCGATGGGC-1	MZ286102_1_ORF2	1	0	8	8	TRUE	TRUE
GGCCTGCTCGCGAGGT-1	OZ258728_1_ORF2	0	0	1	1	FALSE	TRUE
GGCCTGCTCGGCCATT-1	MZ286102_1_ORF2	1	1	29	30	TRUE	TRUE
GGCCTGCTCGGTCGAA-1	OP549859_1_ORF2	0	0	1	1	FALSE	FALSE
GGCCTGCTCGTACGTC-1	MZ286188_1_ORF1	1	1	39	39	TRUE	TRUE
GGCCTGCTCTGGATGG-1	MZ286102_1_ORF1	0	0	2	5	FALSE	TRUE
GGCCTGCTCTTCGCAA-1	OP549859_1_ORF1	0	0	1	1	FALSE	TRUE
GGCCTGTGTACCGACC-1	OZ258728_1_ORF1	0	0	1	1	FALSE	FALSE
GGCCTGTGTAGGCTCC-1	MZ286258_1_ORF1	0	0	2	2	TRUE	FALSE
GGCCTGTGTATCCCGA-1	MZ286197_1_ORF1	0	0	1	1	FALSE	FALSE
GGCCTGTGTATCGCCA-1	MZ286188_1_ORF2	1	0	5	10	TRUE	TRUE
GGCCTGTGTCGCAGGA-1	OP549859_1_ORF2	1	1	15	16	TRUE	TRUE
GGCCTGTGTCGTCACA-1	OP549859_1_ORF1	0	0	1	1	FALSE	TRUE
GGCCTGTGTGAGTTAG-1	OP549859_1_ORF1	0	0	1	1	FALSE	TRUE
GGCCTGTGTTAGGCAA-1	OZ258728_1_ORF2	1	1	27	27	TRUE	TRUE
GGCCTGTGTTCACGAT-1	meGFP	1	1	36	37	TRUE	TRUE
GGCCTGTGTTCTATCT-1	OP549859_1_ORF2	0	0	2	3	FALSE	TRUE
GGCGGTGTCAAGCTCC-1	OZ258728_1_ORF1	0	0	1	1	FALSE	FALSE
GGCGGTGTCACCAGGA-1	meGFP	0	0	1	1	FALSE	TRUE
GGCGGTGTCATCGTTG-1	MZ286188_1_ORF1	0	0	1	1	FALSE	FALSE
GGCGGTGTCCCCAAGT-1	MZ286197_1_ORF1	1	1	34	34	TRUE	TRUE
GGCGGTGTCCGGGTAA-1	MZ286258_1_ORF2	0	0	1	2	FALSE	TRUE
GGCGGTGTCTGAGTGG-1	MZ286188_1_ORF1	2	2	49	69	FALSE	TRUE
GGCGGTGTCTTGCCTT-1	OZ258728_1_ORF2	0	0	1	1	FALSE	FALSE
GGCTATCTCAAGCTCC-1	OP549859_1_ORF2	0	0	2	2	TRUE	TRUE
GGCTATCTCCCGTTGG-1	MZ286258_1_ORF2	0	0	1	1	FALSE	FALSE
GGCTATCTCCCTCGCT-1	MZ286197_1_ORF2	1	0	4	5	TRUE	TRUE
GGCTATCTCGCCTCTC-1	MZ286102_1_ORF2	1	0	9	9	TRUE	TRUE
GGCTATCTCGGTCGAA-1	meGFP	1	1	10	11	TRUE	TRUE
GGCTATCTCGTCAATT-1	MZ286258_1_ORF2	1	0	5	5	TRUE	TRUE
GGCTATCTCGTGCTAC-1	OP549859_1_ORF1	1	1	58	58	TRUE	TRUE
GGCTATCTCTGGGTTC-1	OP549859_1_ORF1	2	2	126	186	FALSE	TRUE
GGCTATCTCTGTATGT-1	MZ286102_1_ORF2	0	0	1	1	FALSE	FALSE
GGCTATCTCTTCGCAA-1	meGFP	1	1	14	14	TRUE	TRUE
GGCTATTGTACAGCAA-1	MZ286188_1_ORF2	1	1	18	18	TRUE	TRUE
GGCTATTGTAGTATCC-1	OP549859_1_ORF1	0	0	1	2	FALSE	TRUE
GGCTATTGTCATCGTG-1	MZ286102_1_ORF2	1	0	8	9	TRUE	TRUE
GGCTATTGTCTGGCGT-1	MZ286197_1_ORF2	1	0	6	7	TRUE	TRUE
GGCTATTGTGATGTAG-1	OZ258728_1_ORF2	0	0	1	3	FALSE	TRUE
GGCTATTGTGGCCGTT-1	meGFP	0	0	1	1	FALSE	TRUE
GGCTATTGTTATGCAC-1	MZ286102_1_ORF2	0	0	1	2	FALSE	TRUE
GGCTATTGTTGAAGCA-1	OP549859_1_ORF1	0	0	1	1	FALSE	FALSE
GGCTATTGTTGGAGCG-1	MZ286258_1_ORF2	1	1	18	19	TRUE	TRUE
GGCTATTGTTTAGGAG-1	MZ286102_1_ORF2	1	0	7	8	TRUE	TRUE
GGCTATTGTTTCCGTC-1	MZ286188_1_ORF2	0	0	2	3	FALSE	TRUE
GGCTCAAAGAGGTCTG-1	meGFP	0	0	1	1	FALSE	FALSE
GGCTCAAAGATCCTGC-1	MZ286102_1_ORF1	0	0	1	1	FALSE	TRUE
GGCTCAAAGATTGGTA-1	MZ286188_1_ORF2	1	0	7	9	TRUE	TRUE
GGCTCAAAGCACCATC-1	OZ258728_1_ORF2	0	0	1	1	FALSE	TRUE
GGCTCAAAGCATCACC-1	OP549859_1_ORF1	0	0	1	1	FALSE	FALSE
GGCTCAAAGCTATACT-1	OZ258728_1_ORF2	0	0	1	1	FALSE	FALSE
GGCTCAAAGGACTCTC-1	meGFP	1	1	119	120	TRUE	TRUE
GGCTCAAAGGAGGAGT-1	OZ258728_1_ORF2	1	1	38	38	TRUE	TRUE
GGCTCAAAGGATCACG-1	OZ258728_1_ORF2	1	1	12	13	TRUE	TRUE
GGCTCAAAGTAATGTG-1	OP549859_1_ORF2	0	0	3	3	TRUE	TRUE
GGCTCTGTCACAGATA-1	OZ258728_1_ORF2	0	0	1	1	FALSE	FALSE
GGCTCTGTCCAATCAT-1	MZ286258_1_ORF2	1	1	10	10	TRUE	TRUE
GGCTCTGTCCGTGGAA-1	MZ286197_1_ORF1	0	0	1	1	FALSE	FALSE
GGCTCTGTCCTACTTC-1	MZ286258_1_ORF2	0	0	1	1	FALSE	FALSE
GGCTCTGTCGTTACTG-1	MZ286188_1_ORF2	0	0	1	1	FALSE	TRUE
GGCTCTGTCTCAGTGC-1	meGFP	0	0	1	2	FALSE	TRUE
GGCTCTGTCTCGATCA-1	OZ258728_1_ORF2	1	1	118	118	TRUE	TRUE
GGCTCTGTCTCGATTG-1	MZ286258_1_ORF2	0	0	1	1	FALSE	FALSE
GGCTCTGTCTGCACTA-1	MZ286258_1_ORF2	0	0	1	1	FALSE	TRUE
GGCTCTGTCTGGCTTA-1	OZ258728_1_ORF1	0	0	1	1	FALSE	FALSE
GGCTCTGTCTTGCGAC-1	OP549859_1_ORF1	0	0	1	1	FALSE	FALSE
GGCTGGGTCAATCGCC-1	MZ286258_1_ORF2	0	0	1	1	FALSE	TRUE
GGCTGGGTCGCGCATT-1	OZ258728_1_ORF2	0	0	1	2	FALSE	TRUE
GGCTGGGTCTCACGCG-1	MZ286197_1_ORF1	0	0	2	2	TRUE	TRUE
GGCTGGGTCTGTGGCT-1	MZ286258_1_ORF2	0	0	3	4	TRUE	TRUE
GGCTGGTAGAAGCATC-1	OP549859_1_ORF1	2	0	9	14	FALSE	TRUE
GGCTGGTAGAAGCCTG-1	meGFP	0	0	1	1	FALSE	FALSE
GGCTGGTAGACTCGCT-1	OZ258728_1_ORF2	0	0	1	1	FALSE	TRUE
GGCTGGTAGCATTGGG-1	MZ286197_1_ORF2	1	0	5	5	TRUE	TRUE
GGCTGGTAGCCATGAG-1	OZ258728_1_ORF2	0	0	1	1	FALSE	TRUE
GGCTGGTAGCCTTCAA-1	MZ286258_1_ORF2	0	0	1	1	FALSE	FALSE
GGCTGGTAGCGGGCAT-1	meGFP	1	1	31	31	TRUE	TRUE
GGCTGGTAGGCGAACC-1	MZ286188_1_ORF2	0	0	1	1	FALSE	TRUE
GGCTGGTAGGGTTGCA-1	MZ286258_1_ORF1	1	1	17	17	TRUE	TRUE
GGCTGGTAGGTGGCTA-1	MZ286197_1_ORF2	0	0	1	2	FALSE	TRUE
GGCTGGTAGTAACCAA-1	MZ286102_1_ORF1	0	0	1	1	FALSE	TRUE
GGCTGGTAGTAATCCT-1	OZ258728_1_ORF1	0	0	1	2	FALSE	TRUE
GGCTGGTAGTGATAGC-1	meGFP	0	0	1	1	FALSE	TRUE
GGCTGGTAGTGCAACG-1	MZ286102_1_ORF2	0	0	1	1	FALSE	FALSE
GGCTTATGTACTTACA-1	meGFP	0	0	1	1	FALSE	FALSE
GGCTTATGTCACTCCT-1	MZ286102_1_ORF2	1	1	11	11	TRUE	TRUE
GGCTTATGTCGAGAGT-1	OZ258728_1_ORF1	1	0	6	7	TRUE	TRUE
GGCTTATGTCTTGCAG-1	MZ286188_1_ORF1	0	0	1	1	FALSE	FALSE
GGCTTATGTCTTGGGC-1	OZ258728_1_ORF1	0	0	1	1	FALSE	FALSE
GGCTTATGTGAACCAA-1	OP549859_1_ORF1	0	0	1	1	FALSE	FALSE
GGCTTATGTGCGGTGA-1	meGFP	0	0	1	2	FALSE	FALSE
GGCTTATGTGGGAATC-1	OP549859_1_ORF2	2	0	6	10	FALSE	TRUE
GGCTTATGTGTCTGTG-1	MZ286258_1_ORF2	0	0	1	1	FALSE	TRUE
GGCTTATGTGTTGCGC-1	MZ286258_1_ORF2	1	1	20	20	TRUE	TRUE
GGCTTATGTTACGGAA-1	MZ286102_1_ORF2	1	1	13	17	TRUE	TRUE
GGCTTATGTTAGTTGC-1	meGFP	0	0	1	1	FALSE	FALSE
GGCTTATGTTGAAGTG-1	OP549859_1_ORF1	0	0	1	3	FALSE	TRUE
GGCTTATGTTGGACTT-1	OP549859_1_ORF1	0	0	1	1	FALSE	FALSE
GGCTTCAGTAAGCCAA-1	OZ258728_1_ORF1	1	1	25	25	TRUE	TRUE
GGCTTCAGTACCGACC-1	OZ258728_1_ORF1	0	0	1	1	FALSE	FALSE
GGCTTCAGTGAACGGT-1	OZ258728_1_ORF2	1	0	5	6	TRUE	TRUE
GGCTTCAGTGATCGTT-1	meGFP	0	0	2	2	TRUE	TRUE
GGCTTCAGTGTACCGC-1	MZ286102_1_ORF2	1	0	4	5	TRUE	TRUE
GGCTTCAGTGTGTCGC-1	MZ286102_1_ORF2	1	0	5	5	TRUE	TRUE
GGCTTCAGTTGTAGCT-1	OZ258728_1_ORF2	0	0	3	5	FALSE	TRUE
GGCTTCAGTTGTCTAA-1	OZ258728_1_ORF1	1	1	17	17	TRUE	TRUE
GGCTTCAGTTTACCAA-1	OP549859_1_ORF1	1	1	28	28	TRUE	TRUE
GGGAACACAAAGCGGA-1	MZ286188_1_ORF1	0	0	1	1	FALSE	FALSE
GGGAACACAACCCGTC-1	OZ258728_1_ORF2	0	0	1	1	FALSE	FALSE
GGGAACACACGTATAG-1	MZ286102_1_ORF1	0	0	1	3	FALSE	TRUE
GGGAACACAGAGAGAT-1	MZ286188_1_ORF2	0	0	3	3	TRUE	TRUE
GGGAACACAGCGCACA-1	OP549859_1_ORF2	0	0	1	1	FALSE	FALSE
GGGAACACAGCTGCGA-1	OP549859_1_ORF2	1	0	8	12	TRUE	TRUE
GGGAACACAGTTCGTT-1	MZ286188_1_ORF1	0	0	1	1	FALSE	FALSE
GGGAACACATCAGTCT-1	OZ258728_1_ORF2	0	0	1	1	FALSE	FALSE
GGGAACCTCAAGCGTG-1	OZ258728_1_ORF2	0	0	1	2	FALSE	TRUE
GGGAACCTCCAATGAA-1	MZ286197_1_ORF2	0	0	3	3	TRUE	TRUE
GGGAACCTCCCTGGTG-1	MZ286102_1_ORF2	1	0	5	5	TRUE	TRUE
GGGAACCTCCGACAGA-1	MZ286197_1_ORF2	0	0	1	1	FALSE	FALSE
GGGAACCTCGACCCAT-1	MZ286258_1_ORF1	0	0	1	1	FALSE	TRUE
GGGAACCTCGCCCTGA-1	MZ286197_1_ORF2	0	0	2	3	FALSE	TRUE
GGGAACCTCGCTATGC-1	OZ258728_1_ORF1	0	0	1	1	FALSE	FALSE
GGGAACCTCGTGCTAC-1	OZ258728_1_ORF1	0	0	3	5	FALSE	TRUE
GGGAACCTCTAGATGA-1	MZ286258_1_ORF1	0	0	1	1	FALSE	TRUE
GGGACGAAGACATCAA-1	MZ286258_1_ORF1	1	0	6	6	TRUE	TRUE
GGGACGAAGACGCCTT-1	OZ258728_1_ORF1	0	0	1	1	FALSE	TRUE
GGGACGAAGAGGCGAG-1	MZ286188_1_ORF2	0	0	1	1	FALSE	TRUE
GGGACGAAGATTCCGC-1	OZ258728_1_ORF2	0	0	1	1	FALSE	FALSE
GGGACGAAGCACCAGA-1	MZ286197_1_ORF2	1	0	4	4	TRUE	TRUE
GGGACGAAGCCTACTA-1	MZ286197_1_ORF1	0	0	1	3	FALSE	TRUE
GGGACGAAGCGATTAA-1	OP549859_1_ORF2	1	1	18	19	TRUE	TRUE
GGGACGAAGCTCCGCA-1	OZ258728_1_ORF2	0	0	1	1	FALSE	FALSE
GGGACGAAGGAGGAGT-1	meGFP	0	0	1	1	FALSE	TRUE
GGGACGAAGGCATCCT-1	MZ286188_1_ORF1	0	0	1	1	FALSE	FALSE
GGGACGAAGGTAGACT-1	MZ286197_1_ORF1	0	0	1	2	FALSE	TRUE
GGGACGAAGGTTCGGA-1	MZ286197_1_ORF1	0	0	1	1	FALSE	TRUE
GGGACGAAGTGAGAGA-1	OP549859_1_ORF1	2	1	22	32	FALSE	TRUE
GGGAGCAAGAAGGACA-1	meGFP	1	1	123	124	TRUE	TRUE
GGGAGCAAGACCAGTG-1	meGFP	0	0	1	1	FALSE	FALSE
GGGAGCAAGAGGTCTG-1	MZ286197_1_ORF1	0	0	3	3	TRUE	TRUE
GGGAGCAAGCCAACCT-1	MZ286102_1_ORF2	0	0	1	1	FALSE	TRUE
GGGAGCAAGCTACTTG-1	MZ286188_1_ORF1	0	0	1	1	FALSE	FALSE
GGGAGCAAGCTCATAT-1	OP549859_1_ORF1	0	0	1	1	FALSE	FALSE
GGGAGCAAGGCTTGCT-1	MZ286102_1_ORF2	0	0	1	1	FALSE	TRUE
GGGAGCAAGTAAGCAC-1	OZ258728_1_ORF2	0	0	1	1	FALSE	FALSE
GGGAGCAAGTTACACT-1	MZ286188_1_ORF2	1	0	6	6	TRUE	TRUE
GGGAGCAAGTTGCATT-1	MZ286102_1_ORF2	1	0	6	6	TRUE	TRUE
GGGAGTGAGACATCAA-1	OP549859_1_ORF2	0	0	3	3	TRUE	TRUE
GGGAGTGAGACTCATT-1	meGFP	0	0	1	1	FALSE	TRUE
GGGAGTGAGAGAGCTT-1	OZ258728_1_ORF2	0	0	1	1	FALSE	FALSE
GGGAGTGAGATGAGGA-1	OZ258728_1_ORF2	1	1	17	20	TRUE	TRUE
GGGAGTGAGCTCATAT-1	MZ286197_1_ORF2	0	0	1	1	FALSE	TRUE
GGGAGTGAGCTTAATC-1	OP549859_1_ORF1	1	1	171	171	TRUE	TRUE
GGGAGTGAGGATCGCA-1	MZ286102_1_ORF2	1	0	6	6	TRUE	TRUE
GGGAGTGAGGCATGTG-1	OZ258728_1_ORF2	0	0	1	1	FALSE	TRUE
GGGAGTGAGGTCTACC-1	MZ286102_1_ORF2	1	0	8	8	TRUE	TRUE
GGGAGTGAGTAACGCG-1	MZ286102_1_ORF1	0	0	1	2	FALSE	TRUE
GGGATCCAGACATCCC-1	MZ286102_1_ORF1	1	1	20	20	TRUE	TRUE
GGGATCCAGATGCGGC-1	OZ258728_1_ORF2	1	1	81	81	TRUE	TRUE
GGGATCCAGCAACTAA-1	MZ286188_1_ORF2	0	0	1	1	FALSE	TRUE
GGGATCCAGCAAGTAC-1	meGFP	1	0	9	9	TRUE	TRUE
GGGATCCAGCCTTGCG-1	OZ258728_1_ORF2	2	0	5	16	FALSE	TRUE
GGGATCCAGCGACGGT-1	MZ286258_1_ORF2	0	0	1	1	FALSE	TRUE
GGGATCCAGCGGGCAT-1	OZ258728_1_ORF2	0	0	1	1	FALSE	FALSE
GGGATCCAGCTACTTG-1	MZ286258_1_ORF2	0	0	1	1	FALSE	FALSE
GGGATCCAGGACACCA-1	OZ258728_1_ORF1	1	0	7	7	TRUE	TRUE
GGGATCCAGGAGACCC-1	OZ258728_1_ORF2	0	0	1	1	FALSE	FALSE
GGGATCCAGGGATGAA-1	OP549859_1_ORF1	1	1	14	14	TRUE	TRUE
GGGATCCAGTACCTGC-1	meGFP	0	0	1	1	FALSE	TRUE
GGGATGGAGAAGCAAG-1	meGFP	1	1	115	115	TRUE	TRUE
GGGATGGAGACTTGAA-1	MZ286258_1_ORF1	1	0	5	6	TRUE	TRUE
GGGATGGAGAGCTAGT-1	meGFP	0	0	1	1	FALSE	FALSE
GGGATGGAGCAAGCTG-1	meGFP	0	0	1	1	FALSE	FALSE
GGGATGGAGCAGCCTT-1	meGFP	0	0	1	1	FALSE	FALSE
GGGATGGAGCCTACTA-1	OZ258728_1_ORF1	1	1	84	85	TRUE	TRUE
GGGATGGAGCCTGGAA-1	OP549859_1_ORF2	0	0	2	6	FALSE	TRUE
GGGATGGAGCCTGTAC-1	OZ258728_1_ORF2	0	0	1	1	FALSE	FALSE
GGGATGGAGCGGATTG-1	OZ258728_1_ORF2	0	0	1	1	FALSE	FALSE
GGGATGGAGCGGTAGC-1	meGFP	0	0	1	1	FALSE	FALSE
GGGATGGAGGCACATG-1	OZ258728_1_ORF1	1	1	10	11	TRUE	TRUE
GGGATGGAGGGGTTCA-1	meGFP	0	0	1	1	FALSE	FALSE
GGGATGGAGTATACCT-1	meGFP	0	0	1	1	FALSE	FALSE
GGGATGGAGTCCTCAA-1	OZ258728_1_ORF2	1	1	45	45	TRUE	TRUE
GGGATGGAGTGGGTTG-1	meGFP	0	0	1	1	FALSE	FALSE
GGGCAACTCACCAATT-1	OZ258728_1_ORF2	0	0	1	1	FALSE	FALSE
GGGCAACTCAGGCAAT-1	MZ286197_1_ORF1	1	0	4	5	TRUE	TRUE
GGGCAACTCATCTAGT-1	meGFP	0	0	1	1	FALSE	FALSE
GGGCAACTCCAACCTA-1	OP549859_1_ORF1	0	0	2	2	TRUE	TRUE
GGGCAACTCCGTAGAG-1	MZ286258_1_ORF1	0	0	1	1	FALSE	FALSE
GGGCAACTCCGTGGTT-1	MZ286258_1_ORF2	0	0	1	1	FALSE	FALSE
GGGCAACTCGATTCAT-1	OZ258728_1_ORF2	0	0	2	2	TRUE	TRUE
GGGCAACTCGGGAAGG-1	OZ258728_1_ORF2	0	0	1	1	FALSE	FALSE
GGGCAACTCGTTACCA-1	MZ286197_1_ORF1	1	0	4	4	TRUE	TRUE
GGGCAACTCTGGACCT-1	OP549859_1_ORF1	0	0	1	1	FALSE	FALSE
GGGCAACTCTTAAGCT-1	OZ258728_1_ORF2	1	1	44	44	TRUE	TRUE
GGGCAACTCTTGCGAC-1	MZ286102_1_ORF2	0	0	2	3	FALSE	TRUE
GGGCAGTTCACACACC-1	MZ286188_1_ORF1	0	0	1	1	FALSE	TRUE
GGGCAGTTCCATTCCT-1	OP549859_1_ORF2	1	0	4	4	TRUE	TRUE
GGGCAGTTCCCATTGA-1	MZ286102_1_ORF2	0	0	1	1	FALSE	FALSE
GGGCAGTTCCGCTCGA-1	OP549859_1_ORF1	0	0	1	1	FALSE	FALSE
GGGCAGTTCCGTGATC-1	MZ286197_1_ORF1	0	0	1	1	FALSE	TRUE
GGGCAGTTCGCGTTAC-1	MZ286102_1_ORF1	0	0	2	2	TRUE	TRUE
GGGCAGTTCGGATGCA-1	OP549859_1_ORF1	0	0	2	6	FALSE	TRUE
GGGCAGTTCTCTGGTA-1	MZ286258_1_ORF2	1	0	9	9	TRUE	TRUE
GGGCAGTTCTGCCTGG-1	OP549859_1_ORF1	0	0	1	1	FALSE	FALSE
GGGCATGGTGAGTAAT-1	meGFP	0	0	1	1	FALSE	FALSE
GGGCATGGTGCGCGAA-1	OZ258728_1_ORF2	0	0	1	1	FALSE	FALSE
GGGCATGGTGTAACTC-1	OP549859_1_ORF2	0	0	2	5	FALSE	TRUE
GGGCATGGTTACCTAA-1	MZ286258_1_ORF2	1	0	6	6	TRUE	TRUE
GGGCATGGTTCGTCTC-1	MZ286188_1_ORF2	0	0	2	3	FALSE	TRUE
GGGCCCTTCCAACCTA-1	MZ286197_1_ORF2	0	0	2	2	TRUE	TRUE
GGGCCCTTCCCAGTGT-1	OZ258728_1_ORF2	0	0	2	2	TRUE	TRUE
GGGCCCTTCCCGCTGA-1	MZ286102_1_ORF2	1	0	4	4	TRUE	TRUE
GGGCCCTTCCCTCTAT-1	MZ286258_1_ORF2	2	1	36	40	TRUE	TRUE
GGGCCCTTCGCTAGTC-1	meGFP	0	0	1	1	FALSE	TRUE
GGGCCCTTCGGGAAGG-1	MZ286188_1_ORF2	0	0	1	2	FALSE	TRUE
GGGCCCTTCTTCGTAG-1	OZ258728_1_ORF2	0	0	1	1	FALSE	FALSE
GGGCCTGAGACATCAA-1	MZ286197_1_ORF1	0	0	1	1	FALSE	FALSE
GGGCCTGAGACCTACC-1	OZ258728_1_ORF1	0	0	1	1	FALSE	TRUE
GGGCCTGAGACTTACT-1	MZ286188_1_ORF1	0	0	1	1	FALSE	FALSE
GGGCCTGAGATTAGGC-1	MZ286258_1_ORF2	1	1	20	20	TRUE	TRUE
GGGCCTGAGATTCGTT-1	OZ258728_1_ORF2	0	0	1	1	FALSE	FALSE
GGGCCTGAGCGGGCAT-1	OZ258728_1_ORF2	1	1	35	35	TRUE	TRUE
GGGCCTGAGGCCTAAG-1	MZ286197_1_ORF1	1	1	14	14	TRUE	TRUE
GGGCCTGAGTATAGGC-1	MZ286258_1_ORF2	0	0	1	1	FALSE	FALSE
GGGCCTGAGTCATTAC-1	meGFP	0	0	1	1	FALSE	FALSE
GGGCCTGAGTCCGCTG-1	meGFP	0	0	1	1	FALSE	FALSE
GGGCCTGAGTGATAGC-1	OZ258728_1_ORF2	0	0	2	3	FALSE	TRUE
GGGCGCATCAATCCAT-1	MZ286188_1_ORF2	0	0	2	2	TRUE	TRUE
GGGCGCATCACAGATA-1	OP549859_1_ORF2	0	0	1	2	FALSE	TRUE
GGGCGCATCACTAATC-1	OZ258728_1_ORF1	1	0	4	5	TRUE	TRUE
GGGCGCATCCCACAGT-1	OP549859_1_ORF1	0	0	3	3	TRUE	TRUE
GGGCGCATCCGTGGAA-1	OP549859_1_ORF2	0	0	1	1	FALSE	FALSE
GGGCGCATCGCAGGGT-1	MZ286258_1_ORF2	0	0	1	1	FALSE	FALSE
GGGCGCATCGCCCGTA-1	MZ286258_1_ORF2	1	1	17	17	TRUE	TRUE
GGGCGCATCGCCTGCA-1	MZ286258_1_ORF2	0	0	1	1	FALSE	TRUE
GGGCGCATCGCGCATT-1	MZ286258_1_ORF1	1	0	9	11	TRUE	TRUE
GGGCGCATCGCTGGAA-1	MZ286258_1_ORF2	1	1	20	20	TRUE	TRUE
GGGCGCATCGTACGGA-1	MZ286188_1_ORF1	0	0	2	3	FALSE	TRUE
GGGCGCATCGTCCATA-1	OP549859_1_ORF1	0	0	1	3	FALSE	TRUE
GGGCGCATCTAGATTC-1	OP549859_1_ORF1	0	0	1	1	FALSE	FALSE
GGGCTACAGAGAGCTT-1	MZ286102_1_ORF2	0	0	1	1	FALSE	FALSE
GGGCTACAGAGGTCTG-1	OP549859_1_ORF1	0	0	1	1	FALSE	TRUE
GGGCTACAGATGGTGT-1	MZ286197_1_ORF1	1	1	20	20	TRUE	TRUE
GGGCTACAGCAGGCAC-1	MZ286102_1_ORF2	1	0	8	8	TRUE	TRUE
GGGCTACAGCAGGGCT-1	meGFP	0	0	1	1	FALSE	TRUE
GGGCTACAGCGCAAGC-1	OZ258728_1_ORF1	0	0	2	3	FALSE	TRUE
GGGCTACAGGACTAAC-1	MZ286188_1_ORF2	0	0	3	3	TRUE	TRUE
GGGCTACAGGGACATT-1	OZ258728_1_ORF1	1	1	11	11	TRUE	TRUE
GGGCTACAGGTAGGCC-1	MZ286102_1_ORF1	1	1	51	51	TRUE	TRUE
GGGCTACAGGTGGACC-1	MZ286197_1_ORF2	0	0	3	3	TRUE	TRUE
GGGCTATCAACAGATT-1	OP549859_1_ORF1	0	0	1	3	FALSE	TRUE
GGGCTATCAACCCTGC-1	meGFP	0	0	1	1	FALSE	TRUE
GGGCTATCAACCGTGG-1	meGFP	1	1	50	51	TRUE	TRUE
GGGCTATCAATCACGA-1	MZ286188_1_ORF2	0	0	2	2	TRUE	TRUE
GGGCTATCACAACGGT-1	MZ286188_1_ORF2	0	0	3	3	TRUE	TRUE
GGGCTATCACACCGCT-1	MZ286258_1_ORF2	1	0	6	10	TRUE	TRUE
GGGCTATCACCATGCC-1	OZ258728_1_ORF2	0	0	1	1	FALSE	FALSE
GGGCTATCAGTACCAA-1	OP549859_1_ORF2	1	0	6	7	TRUE	TRUE
GGGCTATCAGTAGGAG-1	OZ258728_1_ORF2	1	1	88	88	TRUE	TRUE
GGGCTATCATCAGCAA-1	OZ258728_1_ORF2	0	0	1	1	FALSE	TRUE
GGGCTATCATCCGCAC-1	OP549859_1_ORF1	0	0	1	1	FALSE	FALSE
GGGCTATCATGACGAC-1	OZ258728_1_ORF2	0	0	1	1	FALSE	TRUE
GGGGATTGTAAGTCTC-1	OZ258728_1_ORF2	0	0	1	1	FALSE	TRUE
GGGGATTGTATACGTC-1	meGFP	0	0	1	1	FALSE	TRUE
GGGGATTGTCAGCATT-1	MZ286102_1_ORF2	0	0	1	1	FALSE	FALSE
GGGGATTGTCCTGTGA-1	meGFP	1	1	42	42	TRUE	TRUE
GGGGATTGTGATTGCT-1	meGFP	0	0	1	1	FALSE	FALSE
GGGGATTGTGCGCGAA-1	MZ286258_1_ORF1	1	0	7	12	TRUE	TRUE
GGGGATTGTGCTGGCT-1	MZ286258_1_ORF2	0	0	1	1	FALSE	FALSE
GGGGATTGTTTGCGGC-1	MZ286188_1_ORF2	1	0	6	7	TRUE	TRUE
GGGGCAAAGCACCAGA-1	meGFP	0	0	1	2	FALSE	TRUE
GGGGCAAAGGCTTCAC-1	MZ286258_1_ORF1	0	0	1	2	FALSE	TRUE
GGGGCAAAGGGCACTA-1	OP549859_1_ORF2	0	0	1	1	FALSE	TRUE
GGGGCAAAGTACCCGT-1	MZ286102_1_ORF2	0	0	3	3	TRUE	TRUE
GGGGCAAAGTGTGATA-1	OP549859_1_ORF1	0	0	2	3	FALSE	TRUE
GGGGCAAAGTTGACTT-1	meGFP	1	1	37	37	TRUE	TRUE
GGGGCTTAGACGACTG-1	OP549859_1_ORF1	0	0	1	1	FALSE	FALSE
GGGGCTTAGACGCGAC-1	OP549859_1_ORF1	0	0	1	1	FALSE	TRUE
GGGGCTTAGCAATGAC-1	MZ286102_1_ORF2	0	0	1	1	FALSE	FALSE
GGGGCTTAGCCTAATT-1	MZ286197_1_ORF2	0	0	1	1	FALSE	TRUE
GGGGCTTAGCTAACCC-1	OP549859_1_ORF1	1	0	4	4	TRUE	TRUE
GGGGCTTAGGAATGAG-1	MZ286258_1_ORF1	0	0	1	3	FALSE	TRUE
GGGGCTTAGTACTTCG-1	MZ286197_1_ORF1	0	0	3	5	FALSE	TRUE
GGGGCTTAGTGCCTGT-1	MZ286102_1_ORF2	1	0	4	4	TRUE	TRUE
GGGGTCTAGAGATAGG-1	MZ286102_1_ORF1	1	1	10	13	TRUE	TRUE
GGGGTCTAGATACAGC-1	MZ286197_1_ORF2	1	0	5	5	TRUE	TRUE
GGGGTCTAGCCACTTA-1	OP549859_1_ORF2	0	0	2	2	TRUE	FALSE
GGGGTCTAGCGATTAA-1	meGFP	0	0	1	1	FALSE	FALSE
GGGGTCTAGCGGGTTA-1	meGFP	1	0	6	6	TRUE	TRUE
GGGGTCTAGTGATAGC-1	MZ286102_1_ORF2	0	0	1	2	FALSE	TRUE
GGGGTTATCAACTGAA-1	meGFP	0	0	1	1	FALSE	FALSE
GGGGTTATCAGCCGAA-1	MZ286102_1_ORF2	0	0	1	1	FALSE	TRUE
GGGGTTATCATTCACG-1	MZ286258_1_ORF2	1	1	14	14	TRUE	TRUE
GGGGTTATCCCATCAA-1	MZ286197_1_ORF1	1	1	25	26	TRUE	TRUE
GGGGTTATCGCTATGC-1	OP549859_1_ORF1	0	0	1	1	FALSE	FALSE
GGGGTTATCTCTAACG-1	MZ286258_1_ORF2	0	0	1	1	FALSE	TRUE
GGGGTTATCTGGGACA-1	meGFP	1	1	10	11	TRUE	TRUE
GGGGTTATCTTAAGCT-1	MZ286258_1_ORF2	0	0	1	1	FALSE	TRUE
GGGGTTGGTACCGGAG-1	MZ286258_1_ORF1	0	0	1	3	FALSE	TRUE
GGGGTTGGTAGACATG-1	MZ286197_1_ORF1	2	1	28	35	TRUE	TRUE
GGGGTTGGTAGCTCGC-1	MZ286197_1_ORF2	0	0	2	2	TRUE	TRUE
GGGGTTGGTGAGGAGA-1	OP549859_1_ORF1	1	1	30	30	TRUE	TRUE
GGGGTTGGTGAGGTGT-1	MZ286258_1_ORF1	1	0	5	5	TRUE	TRUE
GGGGTTGGTGATAGTG-1	MZ286258_1_ORF1	0	0	2	2	TRUE	TRUE
GGGGTTGGTGATCAAG-1	MZ286258_1_ORF2	2	1	11	22	FALSE	TRUE
GGGGTTGGTGATCGTT-1	OP549859_1_ORF1	1	1	115	115	TRUE	TRUE
GGGGTTGGTGGAAGGA-1	OP549859_1_ORF1	0	0	1	1	FALSE	FALSE
GGGGTTGGTGGCCGTT-1	meGFP	1	0	4	5	TRUE	TRUE
GGGGTTGGTGGGTTCC-1	OP549859_1_ORF1	0	0	1	1	FALSE	FALSE
GGGGTTGGTGTACCAT-1	MZ286197_1_ORF1	1	1	18	18	TRUE	TRUE
GGGGTTGGTGTCCAAT-1	MZ286197_1_ORF2	0	0	1	1	FALSE	FALSE
GGGGTTGGTTGAAGTG-1	OZ258728_1_ORF2	0	0	1	1	FALSE	FALSE
GGGGTTGGTTGGACTT-1	OP549859_1_ORF2	1	1	15	15	TRUE	TRUE
GGGGTTGGTTTGCCCT-1	meGFP	0	0	1	1	FALSE	FALSE
GGGTAGACAAATCCGA-1	MZ286188_1_ORF1	0	0	1	1	FALSE	FALSE
GGGTAGACAACAGATT-1	MZ286188_1_ORF1	0	0	1	1	FALSE	FALSE
GGGTAGACAACCAGTA-1	MZ286188_1_ORF1	1	0	7	8	TRUE	TRUE
GGGTAGACAAGTCAAT-1	MZ286258_1_ORF2	0	0	1	5	FALSE	TRUE
GGGTAGACAATTGCCT-1	MZ286258_1_ORF2	1	1	14	14	TRUE	TRUE
GGGTAGACACAAGGGA-1	MZ286258_1_ORF2	0	0	1	1	FALSE	FALSE
GGGTAGACACAGATCA-1	OZ258728_1_ORF2	0	0	1	2	FALSE	TRUE
GGGTAGACACGCACGA-1	OP549859_1_ORF1	0	0	2	2	TRUE	TRUE
GGGTAGACAGGATTGC-1	OP549859_1_ORF2	1	0	5	7	TRUE	TRUE
GGGTAGACATACTTCA-1	MZ286197_1_ORF2	0	0	1	1	FALSE	TRUE
GGGTAGACATGTGATG-1	meGFP	0	0	1	1	FALSE	FALSE
GGGTAGACATTCGCTG-1	OZ258728_1_ORF1	0	0	1	1	FALSE	TRUE
GGGTAGACATTGGATG-1	MZ286188_1_ORF1	0	0	2	2	TRUE	TRUE
GGGTCAATCAACTATC-1	MZ286102_1_ORF2	0	0	2	2	TRUE	TRUE
GGGTCAATCAGTATCT-1	MZ286102_1_ORF2	0	0	1	2	FALSE	TRUE
GGGTCAATCATGGAAC-1	OP549859_1_ORF1	0	0	3	3	TRUE	FALSE
GGGTCAATCCGAAGCA-1	meGFP	1	1	16	16	TRUE	TRUE
GGGTCAATCCGCATGT-1	OZ258728_1_ORF2	1	1	36	36	TRUE	TRUE
GGGTCAATCCGGCTTG-1	OZ258728_1_ORF2	0	0	1	1	FALSE	FALSE
GGGTCAATCGACACAG-1	MZ286197_1_ORF1	0	0	1	1	FALSE	FALSE
GGGTCAATCGAGGCGT-1	OP549859_1_ORF2	1	0	8	8	TRUE	TRUE
GGGTCAATCGCACCAT-1	MZ286258_1_ORF1	0	0	1	1	FALSE	TRUE
GGGTCAATCTGCATCA-1	MZ286197_1_ORF2	0	0	1	1	FALSE	TRUE
GGGTCACAGAACCCAG-1	MZ286102_1_ORF1	0	0	1	2	FALSE	TRUE
GGGTCACAGATTCGGG-1	OZ258728_1_ORF2	0	0	1	1	FALSE	TRUE
GGGTCACAGCACGTAG-1	MZ286258_1_ORF2	0	0	3	3	TRUE	TRUE
GGGTCACAGCAGGGCT-1	meGFP	1	1	30	30	TRUE	TRUE
GGGTCACAGCCTCACG-1	MZ286258_1_ORF2	0	0	1	1	FALSE	FALSE
GGGTCACAGCCTTGCG-1	MZ286102_1_ORF2	1	0	7	8	TRUE	TRUE
GGGTCACAGGCGGTGT-1	OZ258728_1_ORF1	0	0	1	2	FALSE	TRUE
GGGTCACAGGCTACAG-1	meGFP	1	1	40	43	TRUE	TRUE
GGGTCACAGGCTTCAC-1	meGFP	1	1	19	19	TRUE	TRUE
GGGTCACAGGTACGCA-1	OZ258728_1_ORF2	0	0	2	2	TRUE	TRUE
GGGTCACAGGTTCCCG-1	meGFP	0	0	1	1	FALSE	FALSE
GGGTCACAGTACTAAG-1	MZ286102_1_ORF1	0	0	1	1	FALSE	FALSE
GGGTCACAGTGCGGAC-1	OZ258728_1_ORF2	0	0	1	1	FALSE	FALSE
GGGTCACAGTGGGTTG-1	MZ286197_1_ORF2	0	0	1	1	FALSE	TRUE
GGGTCCACAAATCCGA-1	OZ258728_1_ORF1	0	0	1	1	FALSE	TRUE
GGGTCCACAACCAGTA-1	OP549859_1_ORF2	0	0	1	1	FALSE	TRUE
GGGTCCACACACAGCG-1	MZ286102_1_ORF1	1	1	20	20	TRUE	TRUE
GGGTCCACACATGCGG-1	MZ286197_1_ORF2	0	0	3	3	TRUE	TRUE
GGGTCCACACCACAGG-1	OZ258728_1_ORF1	1	1	27	27	TRUE	TRUE
GGGTCCACAGAGAGAT-1	MZ286102_1_ORF1	1	1	12	12	TRUE	TRUE
GGGTCCACAGGTACGT-1	MZ286188_1_ORF1	1	1	12	13	TRUE	TRUE
GGGTCCACAGGTCTCC-1	MZ286197_1_ORF2	0	0	3	6	FALSE	TRUE
GGGTCCACAGTCTCAT-1	OP549859_1_ORF2	0	0	1	1	FALSE	TRUE
GGGTCCACAGTGTGAC-1	OZ258728_1_ORF1	1	0	5	5	TRUE	TRUE
GGGTCCACATAACGAT-1	OZ258728_1_ORF2	0	0	2	2	TRUE	FALSE
GGGTCCACATAGTAGT-1	MZ286188_1_ORF2	0	0	1	1	FALSE	TRUE
GGGTCCACATCAAGTG-1	OZ258728_1_ORF2	0	0	2	3	FALSE	TRUE
GGGTTAAGTAATCCGT-1	MZ286188_1_ORF1	0	0	1	1	FALSE	FALSE
GGGTTAAGTAGCCATT-1	MZ286188_1_ORF2	1	0	9	11	TRUE	TRUE
GGGTTAAGTATTGCGT-1	MZ286258_1_ORF1	0	0	1	1	FALSE	TRUE
GGGTTAAGTCTATCGG-1	OP549859_1_ORF2	1	0	9	10	TRUE	TRUE
GGGTTAAGTCTCCTCG-1	OZ258728_1_ORF1	0	0	1	1	FALSE	FALSE
GGGTTAAGTGTAACTC-1	MZ286258_1_ORF2	0	0	1	1	FALSE	FALSE
GGGTTAAGTTAACTGC-1	MZ286258_1_ORF2	1	0	9	9	TRUE	TRUE
GGGTTCCGTAATGCAG-1	MZ286102_1_ORF2	0	0	1	1	FALSE	FALSE
GGGTTCCGTACGATAG-1	MZ286258_1_ORF2	1	0	6	9	TRUE	TRUE
GGGTTCCGTCCTGTGA-1	MZ286188_1_ORF2	0	0	3	3	TRUE	TRUE
GGGTTCCGTCGCTGGT-1	MZ286102_1_ORF2	1	1	15	16	TRUE	TRUE
GGGTTCCGTCTGTAAC-1	OZ258728_1_ORF2	2	1	43	48	TRUE	TRUE
GGGTTCCGTGCTTCCT-1	MZ286197_1_ORF1	0	0	1	1	FALSE	FALSE
GGGTTCCGTGCTTCGA-1	OZ258728_1_ORF2	0	0	1	1	FALSE	FALSE
GGGTTCCGTTAACCAC-1	OZ258728_1_ORF2	0	0	1	2	FALSE	FALSE
GGGTTCCGTTAGGCAA-1	MZ286197_1_ORF2	1	0	7	7	TRUE	TRUE
GGGTTCCGTTCCACTC-1	MZ286102_1_ORF1	0	0	1	1	FALSE	FALSE
GGGTTCCGTTGCGGTC-1	MZ286102_1_ORF1	0	0	1	1	FALSE	TRUE
GGTAAACTCCCAGTAC-1	MZ286197_1_ORF1	0	0	1	1	FALSE	FALSE
GGTAAACTCCCCAGAT-1	meGFP	0	0	1	1	FALSE	TRUE
GGTAAACTCCGCATGT-1	meGFP	1	1	88	88	TRUE	TRUE
GGTAAACTCCGTGGAA-1	MZ286102_1_ORF1	0	0	1	1	FALSE	FALSE
GGTAAACTCCGTTGCG-1	OZ258728_1_ORF1	1	1	19	19	TRUE	TRUE
GGTAAACTCCTGTCAA-1	MZ286102_1_ORF2	1	1	17	18	TRUE	TRUE
GGTAAACTCGAGTGAT-1	meGFP	0	0	1	1	FALSE	FALSE
GGTAAACTCGCACTTA-1	MZ286102_1_ORF2	0	0	1	1	FALSE	TRUE
GGTAAACTCGCATCGT-1	OP549859_1_ORF1	0	0	1	1	FALSE	FALSE
GGTAAACTCGCCAGTT-1	OZ258728_1_ORF2	0	0	1	2	FALSE	TRUE
GGTAAACTCGCCTATA-1	MZ286197_1_ORF2	0	0	1	1	FALSE	TRUE
GGTAAACTCTTGCCTT-1	OZ258728_1_ORF2	1	1	105	105	TRUE	TRUE
GGTAAATGTAGCACTT-1	MZ286102_1_ORF1	0	0	1	1	FALSE	FALSE
GGTAAATGTAGCTCGC-1	MZ286102_1_ORF1	1	1	12	12	TRUE	TRUE
GGTAAATGTCAGCCAC-1	MZ286258_1_ORF1	0	0	1	1	FALSE	TRUE
GGTAAATGTCAGTCGC-1	MZ286197_1_ORF1	1	0	7	7	TRUE	TRUE
GGTAAATGTCGATGAA-1	meGFP	0	0	1	2	FALSE	TRUE
GGTAAATGTCTGTAAC-1	OZ258728_1_ORF2	1	0	4	4	TRUE	TRUE
GGTAAATGTGCCTGGT-1	OZ258728_1_ORF1	0	0	3	3	TRUE	TRUE
GGTAAATGTGGGTAGT-1	OZ258728_1_ORF1	1	0	5	5	TRUE	TRUE
GGTAAATGTGTACCAT-1	MZ286197_1_ORF1	1	0	5	5	TRUE	TRUE
GGTAAATGTTCGCAGC-1	MZ286258_1_ORF1	1	1	10	10	TRUE	TRUE
GGTAAATGTTGGTTAC-1	OP549859_1_ORF1	0	0	1	1	FALSE	FALSE
GGTAAATGTTGTCTGG-1	MZ286258_1_ORF2	0	0	1	1	FALSE	FALSE
GGTAAATGTTGTGCGC-1	OZ258728_1_ORF2	1	1	48	48	TRUE	TRUE
GGTAAATGTTTAATCG-1	meGFP	0	0	1	1	FALSE	TRUE
GGTAAATGTTTCCAGG-1	meGFP	0	0	1	1	FALSE	TRUE
GGTAACAGTAATCACC-1	MZ286188_1_ORF1	1	0	5	5	TRUE	TRUE
GGTAACAGTAGGTAGC-1	MZ286102_1_ORF2	1	1	11	12	TRUE	TRUE
GGTAACAGTCTAGTGT-1	OZ258728_1_ORF2	1	1	64	66	TRUE	TRUE
GGTAACAGTGAACGAC-1	MZ286102_1_ORF2	1	1	16	17	TRUE	TRUE
GGTAACAGTGTACCGC-1	OZ258728_1_ORF2	0	0	1	1	FALSE	FALSE
GGTAACAGTTTCGATA-1	OZ258728_1_ORF1	1	0	9	11	TRUE	TRUE
GGTAACGTCCACGCAT-1	OP549859_1_ORF1	1	1	31	31	TRUE	TRUE
GGTAACGTCCGACAGA-1	MZ286258_1_ORF1	0	0	1	1	FALSE	TRUE
GGTAACGTCGACACAG-1	OZ258728_1_ORF2	1	1	102	102	TRUE	TRUE
GGTAACGTCGGCCATT-1	MZ286188_1_ORF2	0	0	1	1	FALSE	TRUE
GGTAACGTCTGATTAC-1	MZ286258_1_ORF1	1	0	6	6	TRUE	TRUE
GGTAACGTCTGCACCG-1	OP549859_1_ORF1	0	0	1	1	FALSE	TRUE
GGTAACTAGCATTGGG-1	MZ286188_1_ORF2	0	0	1	1	FALSE	FALSE
GGTAACTAGCGCCTAT-1	meGFP	0	0	1	1	FALSE	FALSE
GGTAACTAGGCCATTC-1	MZ286258_1_ORF2	1	1	11	11	TRUE	TRUE
GGTAACTAGGGATGAA-1	OZ258728_1_ORF2	0	0	1	1	FALSE	FALSE
GGTAACTAGGGGTCTA-1	OZ258728_1_ORF1	0	0	1	1	FALSE	FALSE
GGTAACTAGTGCCCAT-1	MZ286258_1_ORF2	1	1	27	27	TRUE	TRUE
GGTAATATCAAGCTAA-1	MZ286197_1_ORF1	0	0	1	1	FALSE	TRUE
GGTAATATCCAAGTCC-1	OP549859_1_ORF2	1	0	7	7	TRUE	TRUE
GGTAATATCCCTTCCA-1	OZ258728_1_ORF2	0	0	2	3	FALSE	TRUE
GGTAATATCGCGCATT-1	meGFP	0	0	1	1	FALSE	FALSE
GGTAATATCGCTTGGT-1	OP549859_1_ORF2	0	0	1	1	FALSE	FALSE
GGTAATATCGTACGTC-1	OZ258728_1_ORF2	0	0	1	1	FALSE	TRUE
GGTAATATCTACTCCT-1	OZ258728_1_ORF2	1	1	27	27	TRUE	TRUE
GGTAATATCTGCACTA-1	OP549859_1_ORF2	0	0	3	6	FALSE	TRUE
GGTAATATCTTAGTGT-1	MZ286197_1_ORF1	1	1	19	19	TRUE	TRUE
GGTAATATCTTCATCC-1	OP549859_1_ORF1	0	0	3	3	TRUE	TRUE
GGTAATTCACGGCTCT-1	OP549859_1_ORF1	0	0	1	1	FALSE	FALSE
GGTAATTCACTTCCAG-1	meGFP	0	0	1	1	FALSE	FALSE
GGTAATTCAGAGCCTG-1	OZ258728_1_ORF2	0	0	1	1	FALSE	TRUE
GGTAATTCAGGAAGCA-1	OZ258728_1_ORF1	1	1	33	33	TRUE	TRUE
GGTAATTCAGGAAGTG-1	OZ258728_1_ORF2	0	0	1	1	FALSE	FALSE
GGTAATTCATAGGCAC-1	OP549859_1_ORF1	1	1	159	161	TRUE	TRUE
GGTAATTCATAGTAGT-1	MZ286258_1_ORF1	0	0	2	2	TRUE	TRUE
GGTAATTCATGAATCG-1	MZ286197_1_ORF2	0	0	2	2	TRUE	TRUE
GGTAATTCATGAGGAG-1	OP549859_1_ORF1	0	0	1	1	FALSE	FALSE
GGTAATTCATGGAGCT-1	OZ258728_1_ORF1	0	0	1	1	FALSE	FALSE
GGTAATTCATTACTCA-1	MZ286258_1_ORF2	1	0	7	8	TRUE	TRUE
GGTAATTCATTCATTG-1	MZ286197_1_ORF1	0	0	2	3	FALSE	TRUE
GGTACACCAAACGTAT-1	OZ258728_1_ORF2	0	0	1	2	FALSE	TRUE
GGTACACCAAAGTCAT-1	OP549859_1_ORF2	0	0	3	3	TRUE	TRUE
GGTACACCAAGCCATA-1	MZ286258_1_ORF1	0	0	1	1	FALSE	FALSE
GGTACACCAAGTCAAT-1	OP549859_1_ORF2	0	0	1	1	FALSE	FALSE
GGTACACCAATAGAGA-1	OZ258728_1_ORF1	0	0	1	1	FALSE	FALSE
GGTACACCACAAGCCG-1	OZ258728_1_ORF2	0	0	1	2	FALSE	TRUE
GGTACACCACGATTGA-1	meGFP	0	0	1	1	FALSE	FALSE
GGTACACCACTACCCA-1	MZ286197_1_ORF2	0	0	1	1	FALSE	TRUE
GGTACACCAGAACGGA-1	MZ286102_1_ORF1	1	1	11	11	TRUE	TRUE
GGTACACCAGACACAC-1	MZ286258_1_ORF1	1	1	60	61	TRUE	TRUE
GGTACACCAGATATAC-1	MZ286258_1_ORF1	1	1	14	14	TRUE	TRUE
GGTACACCAGTCCAGG-1	MZ286102_1_ORF2	1	1	10	10	TRUE	TRUE
GGTACACCAGTGTCCC-1	MZ286102_1_ORF1	0	0	1	1	FALSE	FALSE
GGTACACCATGGACGT-1	meGFP	0	0	1	2	FALSE	FALSE
GGTACACCATTGGATG-1	OZ258728_1_ORF2	0	0	1	1	FALSE	TRUE
GGTACCTTCAGGACGC-1	meGFP	0	0	1	1	FALSE	FALSE
GGTACCTTCCACCAAC-1	MZ286102_1_ORF1	0	0	1	1	FALSE	TRUE
GGTACCTTCGACACCT-1	MZ286197_1_ORF1	1	0	4	5	TRUE	TRUE
GGTACCTTCGCAACTC-1	MZ286197_1_ORF1	1	1	17	17	TRUE	TRUE
GGTACCTTCGCCCTGA-1	MZ286258_1_ORF2	1	0	8	8	TRUE	TRUE
GGTACCTTCGCTTAAT-1	OZ258728_1_ORF2	0	0	1	1	FALSE	TRUE
GGTACCTTCTACCGAC-1	MZ286102_1_ORF2	1	0	4	4	TRUE	TRUE
GGTACCTTCTACTCCT-1	MZ286102_1_ORF2	0	0	1	3	FALSE	FALSE
GGTACCTTCTAGATGA-1	MZ286188_1_ORF1	1	1	115	117	TRUE	TRUE
GGTACCTTCTAGCCCG-1	meGFP	0	0	1	1	FALSE	TRUE
GGTACGATCAATCGAA-1	OZ258728_1_ORF1	1	1	18	18	TRUE	TRUE
GGTACGATCATTAACC-1	MZ286102_1_ORF2	1	1	26	26	TRUE	TRUE
GGTACGATCCCGTTGG-1	meGFP	1	0	4	6	TRUE	TRUE
GGTACGATCGAGCAGC-1	MZ286188_1_ORF1	0	0	1	1	FALSE	FALSE
GGTACGATCGCGTTAC-1	MZ286197_1_ORF1	0	0	1	1	FALSE	TRUE
GGTACGATCGGGAAGG-1	MZ286188_1_ORF2	0	0	2	2	TRUE	TRUE
GGTACGATCGTGAAGT-1	OZ258728_1_ORF2	0	0	1	1	FALSE	TRUE
GGTACTGAGAATCAGC-1	OP549859_1_ORF1	0	0	1	1	FALSE	FALSE
GGTACTGAGAGGCGAG-1	MZ286258_1_ORF2	1	1	18	18	TRUE	TRUE
GGTACTGAGATTCGGG-1	OZ258728_1_ORF2	0	0	1	1	FALSE	FALSE
GGTACTGAGCAGGGCT-1	MZ286258_1_ORF2	0	0	1	1	FALSE	FALSE
GGTACTGAGCCTAATT-1	OZ258728_1_ORF2	1	1	20	20	TRUE	TRUE
GGTACTGAGCTTACGC-1	OP549859_1_ORF2	0	0	2	3	FALSE	TRUE
GGTACTGAGGATAGAG-1	OZ258728_1_ORF2	0	0	0	0	FALSE	TRUE
GGTACTGAGGGCATCA-1	OP549859_1_ORF1	0	0	1	1	FALSE	FALSE
GGTACTGAGGTGGCTA-1	MZ286102_1_ORF2	0	0	1	1	FALSE	FALSE
GGTAGCATCAAGCTCC-1	MZ286102_1_ORF1	1	1	14	14	TRUE	TRUE
GGTAGCATCACATGAA-1	OZ258728_1_ORF2	0	0	1	3	FALSE	TRUE
GGTAGCATCATCAATC-1	MZ286188_1_ORF1	0	0	2	3	FALSE	TRUE
GGTAGCATCCATTAGT-1	OZ258728_1_ORF2	0	0	1	1	FALSE	FALSE
GGTAGCATCCGCCTGA-1	OZ258728_1_ORF2	0	0	1	2	FALSE	TRUE
GGTAGCATCCGCTCGA-1	MZ286102_1_ORF2	1	1	11	13	TRUE	TRUE
GGTAGCATCCTTCACT-1	MZ286258_1_ORF2	0	0	1	1	FALSE	FALSE
GGTAGCATCGAGGTCA-1	OP549859_1_ORF1	0	0	1	2	FALSE	TRUE
GGTAGCATCGATCGCT-1	meGFP	0	0	1	1	FALSE	FALSE
GGTAGCATCGCTATGC-1	MZ286102_1_ORF2	0	0	1	1	FALSE	FALSE
GGTAGCCAGCAGCCTT-1	MZ286102_1_ORF2	1	1	13	13	TRUE	TRUE
GGTAGCCAGCCTGCCA-1	MZ286197_1_ORF1	0	0	2	2	TRUE	TRUE
GGTAGCCAGCTCGTTA-1	OZ258728_1_ORF2	0	0	1	1	FALSE	FALSE
GGTAGCCAGCTTGATT-1	OP549859_1_ORF1	0	0	1	1	FALSE	FALSE
GGTAGCCAGGCATGTG-1	MZ286102_1_ORF1	1	0	8	9	TRUE	TRUE
GGTAGTCCAAAGTGCC-1	OP549859_1_ORF1	1	1	42	42	TRUE	TRUE
GGTAGTCCAACCAGTA-1	MZ286197_1_ORF1	0	0	1	1	FALSE	FALSE
GGTAGTCCAATAGCAT-1	OZ258728_1_ORF2	1	1	77	77	TRUE	TRUE
GGTAGTCCAATCCGGG-1	OP549859_1_ORF2	0	0	3	3	TRUE	TRUE
GGTAGTCCACGTGAGT-1	MZ286258_1_ORF2	1	0	8	10	TRUE	TRUE
GGTAGTCCACGTTACT-1	OZ258728_1_ORF2	0	0	1	1	FALSE	FALSE
GGTAGTCCACTTCCAG-1	OZ258728_1_ORF2	0	0	1	1	FALSE	TRUE
GGTAGTCCATAAGTCG-1	MZ286197_1_ORF1	0	0	1	1	FALSE	TRUE
GGTAGTCCATTGAGGC-1	meGFP	1	0	7	8	TRUE	TRUE
GGTAGTGTCGACCTTA-1	OP549859_1_ORF1	1	0	6	6	TRUE	TRUE
GGTAGTGTCGCCTCTC-1	OP549859_1_ORF1	0	0	1	1	FALSE	FALSE
GGTAGTGTCTGATAGA-1	OZ258728_1_ORF2	0	0	1	1	FALSE	TRUE
GGTAGTGTCTGCCATA-1	meGFP	0	0	1	1	FALSE	FALSE
GGTATGAGTAAGTAAC-1	MZ286188_1_ORF2	0	0	1	1	FALSE	FALSE
GGTATGAGTACAGCCC-1	OZ258728_1_ORF2	1	0	8	10	TRUE	TRUE
GGTATGAGTCAGCCAC-1	OP549859_1_ORF1	0	0	3	4	TRUE	TRUE
GGTATGAGTCCACATG-1	OZ258728_1_ORF2	3	1	52	65	TRUE	TRUE
GGTATGAGTGACCTTG-1	OZ258728_1_ORF2	0	0	2	2	TRUE	TRUE
GGTATGAGTGGGTCGA-1	MZ286197_1_ORF2	0	0	2	4	FALSE	TRUE
GGTATGAGTTACACCG-1	OZ258728_1_ORF2	1	1	10	10	TRUE	TRUE
GGTATGAGTTTAATCG-1	MZ286102_1_ORF2	0	0	1	1	FALSE	TRUE
GGTATGTAGAACTGCG-1	MZ286188_1_ORF1	0	0	1	2	FALSE	TRUE
GGTATGTAGAGGCGAG-1	MZ286258_1_ORF1	0	0	3	3	TRUE	TRUE
GGTATGTAGATAGTCA-1	meGFP	1	1	51	51	TRUE	TRUE
GGTATGTAGCTCATGC-1	OP549859_1_ORF1	0	0	1	1	FALSE	FALSE
GGTATGTAGGCGTGAC-1	MZ286188_1_ORF1	1	1	40	41	TRUE	TRUE
GGTATGTAGTGGCTTC-1	OZ258728_1_ORF1	0	0	1	1	FALSE	TRUE
GGTATTGCACACTAAG-1	OP549859_1_ORF1	1	1	29	29	TRUE	TRUE
GGTATTGCACCAATCT-1	meGFP	0	0	1	1	FALSE	TRUE
GGTATTGCACTACTAC-1	MZ286102_1_ORF1	0	0	1	1	FALSE	FALSE
GGTATTGCAGTTCGCC-1	OZ258728_1_ORF2	0	0	1	1	FALSE	TRUE
GGTATTGCATGAGCCG-1	OZ258728_1_ORF2	1	1	20	20	TRUE	FALSE
GGTCAAAGTAGTCCTG-1	OP549859_1_ORF2	1	1	12	15	TRUE	TRUE
GGTCAAAGTCGTTAGT-1	OZ258728_1_ORF2	0	0	1	1	FALSE	TRUE
GGTCAAAGTGATTGCT-1	OZ258728_1_ORF2	0	0	1	1	FALSE	TRUE
GGTCAAAGTGCGCGAA-1	OP549859_1_ORF2	0	0	3	3	TRUE	TRUE
GGTCAAAGTGCTTCGA-1	OZ258728_1_ORF2	0	0	1	1	FALSE	FALSE
GGTCAAAGTGGAACCG-1	MZ286102_1_ORF2	1	0	6	6	TRUE	TRUE
GGTCAAAGTTACGGAA-1	OZ258728_1_ORF2	0	0	1	1	FALSE	TRUE
GGTCAAAGTTCGCTGA-1	OZ258728_1_ORF1	1	0	6	6	TRUE	TRUE
GGTCAAAGTTGTGCGC-1	MZ286197_1_ORF1	0	0	2	3	FALSE	TRUE
GGTCAAAGTTTACGGT-1	OZ258728_1_ORF2	1	1	35	35	TRUE	TRUE
GGTCAAAGTTTCCAGG-1	MZ286102_1_ORF2	1	1	14	14	TRUE	TRUE
GGTCAACCAACCTTAC-1	MZ286188_1_ORF1	0	0	1	1	FALSE	TRUE
GGTCAACCACAACTAG-1	MZ286258_1_ORF2	0	0	1	1	FALSE	TRUE
GGTCAACCACACACTT-1	OZ258728_1_ORF1	0	0	1	1	FALSE	FALSE
GGTCAACCACCCTATG-1	OP549859_1_ORF1	1	1	32	32	TRUE	TRUE
GGTCAACCACGTTGGG-1	MZ286102_1_ORF2	1	0	4	5	TRUE	TRUE
GGTCAACCACTCACGC-1	MZ286102_1_ORF2	0	0	1	1	FALSE	FALSE
GGTCAACCACTGAAGC-1	meGFP	0	0	1	1	FALSE	FALSE
GGTCAACCAGCCGATG-1	OZ258728_1_ORF2	0	0	1	1	FALSE	FALSE
GGTCAACCAGCTTGCC-1	OZ258728_1_ORF2	1	1	41	41	TRUE	TRUE
GGTCAACCAGGGTCCA-1	MZ286197_1_ORF1	0	0	1	1	FALSE	TRUE
GGTCAACCAGGTACAC-1	meGFP	0	0	1	1	FALSE	TRUE
GGTCAACCAGTCGAGT-1	OP549859_1_ORF1	1	1	63	64	TRUE	TRUE
GGTCAACCATGCTCGC-1	meGFP	0	0	1	1	FALSE	FALSE
GGTCAGGGTACAGAGC-1	MZ286258_1_ORF2	0	0	2	4	FALSE	TRUE
GGTCAGGGTAGGTCAA-1	OZ258728_1_ORF1	1	1	21	21	TRUE	TRUE
GGTCAGGGTGCAGGCA-1	OZ258728_1_ORF2	1	1	118	118	TRUE	TRUE
GGTCAGGGTGGACACG-1	OZ258728_1_ORF1	0	0	1	1	FALSE	FALSE
GGTCAGGGTTAACGAG-1	MZ286258_1_ORF2	1	0	4	4	TRUE	TRUE
GGTCAGGGTTCCGCAA-1	OP549859_1_ORF1	0	0	1	1	FALSE	FALSE
GGTCAGGGTTCGCTGA-1	OP549859_1_ORF1	0	0	1	1	FALSE	TRUE
GGTCAGGGTTTGATGC-1	meGFP	0	0	1	1	FALSE	FALSE
GGTCATACAAACGGGA-1	MZ286102_1_ORF2	1	0	4	5	TRUE	TRUE
GGTCATACACGTTGGG-1	OP549859_1_ORF1	0	0	1	1	FALSE	FALSE
GGTCATACAGGTCGAT-1	MZ286188_1_ORF2	0	0	3	4	TRUE	TRUE
GGTCATACATACCGTT-1	OZ258728_1_ORF1	1	0	4	4	TRUE	TRUE
GGTCATACATAGTAGT-1	OZ258728_1_ORF2	1	0	9	9	TRUE	TRUE
GGTCCCCAGAAGCCTG-1	OP549859_1_ORF1	0	0	1	1	FALSE	TRUE
GGTCCCCAGACCGATG-1	MZ286102_1_ORF1	1	1	10	10	TRUE	TRUE
GGTCCCCAGACTCGCT-1	OZ258728_1_ORF1	0	0	1	1	FALSE	FALSE
GGTCCCCAGCTGGACA-1	MZ286258_1_ORF1	1	0	6	7	TRUE	TRUE
GGTCCCCAGGGCTGGT-1	MZ286258_1_ORF2	1	0	5	6	TRUE	TRUE
GGTCCCCAGGTAGGTT-1	MZ286102_1_ORF2	0	0	3	3	TRUE	TRUE
GGTCCCCAGGTCCACT-1	MZ286188_1_ORF1	0	0	1	5	FALSE	TRUE
GGTCCCCAGGTCTACC-1	meGFP	0	0	1	2	FALSE	TRUE
GGTCCCCAGTATGTCT-1	MZ286197_1_ORF1	1	1	17	17	TRUE	TRUE
GGTCCCTCAAAGTAAG-1	MZ286188_1_ORF2	0	0	1	1	FALSE	TRUE
GGTCCCTCAAGCGAAG-1	meGFP	1	1	138	138	TRUE	TRUE
GGTCCCTCACGTGAAC-1	MZ286188_1_ORF1	0	0	1	1	FALSE	FALSE
GGTCCCTCACTGACTT-1	meGFP	0	0	1	1	FALSE	TRUE
GGTCCCTCAGATATAC-1	OP549859_1_ORF2	0	0	3	4	TRUE	TRUE
GGTCCCTCAGGACGAA-1	MZ286197_1_ORF2	0	0	1	1	FALSE	FALSE
GGTCCCTCATGTCCAT-1	OZ258728_1_ORF2	1	1	16	16	TRUE	TRUE
GGTCCCTCATTACAGG-1	MZ286197_1_ORF2	0	0	3	3	TRUE	TRUE
GGTCCGTGTAGGCAGT-1	MZ286102_1_ORF2	0	0	1	1	FALSE	FALSE
GGTCCGTGTAGTATCC-1	MZ286102_1_ORF2	0	0	1	1	FALSE	TRUE
GGTCCGTGTAGTCCCA-1	OZ258728_1_ORF2	1	0	9	9	TRUE	TRUE
GGTCCGTGTAGTCGGG-1	MZ286102_1_ORF2	0	0	2	2	TRUE	FALSE
GGTCCGTGTATGGTTC-1	OZ258728_1_ORF2	1	0	6	6	TRUE	TRUE
GGTCCGTGTCTTAATG-1	MZ286188_1_ORF2	0	0	1	1	FALSE	FALSE
GGTCCGTGTTACCGTG-1	MZ286197_1_ORF1	0	0	1	1	FALSE	TRUE
GGTCCGTGTTGTCTGG-1	OZ258728_1_ORF2	1	1	87	87	TRUE	TRUE
GGTCTTGGTAACCGAA-1	meGFP	0	0	1	1	FALSE	FALSE
GGTCTTGGTAACCTAC-1	meGFP	0	0	1	1	FALSE	FALSE
GGTCTTGGTATCGAGA-1	meGFP	0	0	1	1	FALSE	FALSE
GGTCTTGGTCCTCACT-1	meGFP	0	0	1	1	FALSE	TRUE
GGTCTTGGTCGCGAGA-1	OP549859_1_ORF2	0	0	1	1	FALSE	TRUE
GGTCTTGGTGATGTAG-1	MZ286258_1_ORF2	0	0	1	1	FALSE	TRUE
GGTCTTGGTGCAATTC-1	meGFP	0	0	1	1	FALSE	TRUE
GGTCTTGGTGCGCGAA-1	OP549859_1_ORF1	0	0	1	1	FALSE	FALSE
GGTCTTGGTGGTGATA-1	MZ286188_1_ORF1	1	0	6	6	TRUE	TRUE
GGTGAAGCAAACTGTG-1	MZ286258_1_ORF2	1	0	7	10	TRUE	TRUE
GGTGAAGCAAAGCCCG-1	OP549859_1_ORF1	0	0	2	2	TRUE	TRUE
GGTGAAGCAAAGGTCC-1	MZ286102_1_ORF2	0	0	3	3	TRUE	TRUE
GGTGAAGCAACCCGTC-1	OZ258728_1_ORF2	1	1	27	27	TRUE	TRUE
GGTGAAGCAACCTTAC-1	meGFP	1	1	33	34	TRUE	TRUE
GGTGAAGCAAGAGGTG-1	meGFP	0	0	1	1	FALSE	FALSE
GGTGAAGCACAATCCT-1	meGFP	0	0	1	1	FALSE	FALSE
GGTGAAGCACCGGATG-1	MZ286102_1_ORF1	0	0	3	3	TRUE	TRUE
GGTGAAGCACCGTACC-1	MZ286188_1_ORF1	1	0	8	10	TRUE	TRUE
GGTGAAGCACCTCGAC-1	MZ286197_1_ORF1	0	0	1	1	FALSE	FALSE
GGTGAAGCACGCCTGT-1	MZ286188_1_ORF1	0	0	1	2	FALSE	TRUE
GGTGAAGCACTGAAGC-1	MZ286188_1_ORF2	0	0	1	1	FALSE	FALSE
GGTGAAGCAGAGAGGC-1	MZ286102_1_ORF2	0	0	3	3	TRUE	TRUE
GGTGAAGCAGCAGGAA-1	meGFP	0	0	2	3	FALSE	TRUE
GGTGAAGCAGCTGATA-1	MZ286188_1_ORF1	1	0	4	5	TRUE	TRUE
GGTGAAGCAGGATTGC-1	MZ286102_1_ORF2	0	0	1	1	FALSE	FALSE
GGTGAAGCATAGGATT-1	meGFP	0	0	1	1	FALSE	FALSE
GGTGAAGCATGTCGAA-1	OP549859_1_ORF2	0	0	2	3	FALSE	TRUE
GGTGGAACAAGGGTAG-1	MZ286102_1_ORF2	1	0	5	8	TRUE	TRUE
GGTGGAACACACCGCT-1	OP549859_1_ORF1	0	0	1	1	FALSE	TRUE
GGTGGAACACCTCGAC-1	MZ286258_1_ORF2	0	0	0	0	FALSE	TRUE
GGTGGAACAGCAGGAA-1	meGFP	0	0	1	1	FALSE	TRUE
GGTGGAACAGCCCTGT-1	OZ258728_1_ORF2	1	1	22	22	TRUE	TRUE
GGTGGAACAGTAAGGG-1	OP549859_1_ORF1	0	0	1	1	FALSE	TRUE
GGTGGAACATCCGCAC-1	OP549859_1_ORF2	0	0	1	1	FALSE	FALSE
GGTGGAACATCGGGCA-1	OP549859_1_ORF1	1	1	62	62	TRUE	TRUE
GGTGGAACATCTATCA-1	MZ286102_1_ORF1	0	0	2	3	FALSE	TRUE
GGTGGAACATGCAGAC-1	meGFP	0	0	1	1	FALSE	FALSE
GGTGGAGAGAGAGGTA-1	OZ258728_1_ORF2	1	1	23	24	TRUE	TRUE
GGTGGAGAGATCAAGC-1	MZ286197_1_ORF2	0	0	1	2	FALSE	TRUE
GGTGGAGAGATGCGGC-1	MZ286102_1_ORF2	0	0	1	1	FALSE	FALSE
GGTGGAGAGCCACAGA-1	MZ286102_1_ORF1	0	0	1	1	FALSE	FALSE
GGTGGAGAGCGGAACC-1	OZ258728_1_ORF2	0	0	1	1	FALSE	FALSE
GGTGGAGAGCGGGTTA-1	meGFP	1	1	20	21	TRUE	TRUE
GGTGGAGAGCGGTAAT-1	OZ258728_1_ORF2	0	0	1	1	FALSE	FALSE
GGTGGAGAGGCATCCT-1	meGFP	1	1	18	18	TRUE	TRUE
GGTGGAGAGGCGGTGT-1	MZ286102_1_ORF2	1	1	14	14	TRUE	TRUE
GGTGGATGTAACGATG-1	meGFP	0	0	1	1	FALSE	FALSE
GGTGGATGTAACTTGC-1	MZ286102_1_ORF1	1	1	12	12	TRUE	TRUE
GGTGGATGTACAGGGT-1	OZ258728_1_ORF2	0	0	1	1	FALSE	FALSE
GGTGGATGTACGTTCG-1	OZ258728_1_ORF2	0	0	1	1	FALSE	FALSE
GGTGGATGTATACTGC-1	meGFP	1	1	97	98	TRUE	TRUE
GGTGGATGTCCAACTG-1	MZ286188_1_ORF2	0	0	1	1	FALSE	FALSE
GGTGGATGTCCTCACT-1	OZ258728_1_ORF2	2	1	44	49	TRUE	TRUE
GGTGGATGTCGTTGGC-1	MZ286188_1_ORF1	1	1	40	40	TRUE	TRUE
GGTGGATGTCTGCACA-1	OZ258728_1_ORF2	0	0	1	1	FALSE	FALSE
GGTGGATGTCTTAATG-1	MZ286258_1_ORF1	1	1	14	16	TRUE	TRUE
GGTGGATGTGAGGTGT-1	MZ286188_1_ORF1	0	0	2	3	FALSE	TRUE
GGTGGATGTGCTTAGT-1	MZ286188_1_ORF1	0	0	1	1	FALSE	FALSE
GGTGGCAGTACACTAC-1	MZ286258_1_ORF2	1	0	6	6	TRUE	TRUE
GGTGGCAGTACAGGGT-1	OZ258728_1_ORF2	0	0	1	1	FALSE	FALSE
GGTGGCAGTAGCAGGT-1	OZ258728_1_ORF2	0	0	1	1	FALSE	FALSE
GGTGGCAGTCAATCTA-1	meGFP	0	0	1	1	FALSE	FALSE
GGTGGCAGTCGACTCA-1	meGFP	0	0	1	1	FALSE	FALSE
GGTGGCAGTGGAGAGA-1	OP549859_1_ORF2	1	0	5	5	TRUE	TRUE
GGTGGCAGTGTCTATA-1	OZ258728_1_ORF1	0	0	1	2	FALSE	TRUE
GGTGGCAGTTCATCGG-1	MZ286102_1_ORF1	0	0	1	1	FALSE	FALSE
GGTGGCAGTTCGCAGC-1	OZ258728_1_ORF1	1	0	8	8	TRUE	TRUE
GGTGGCAGTTTACGAC-1	MZ286258_1_ORF2	2	0	8	14	FALSE	TRUE
GGTGTGGGTACAGGGT-1	OZ258728_1_ORF2	0	0	2	2	TRUE	FALSE
GGTGTGGGTACCGATT-1	MZ286258_1_ORF1	1	0	5	6	TRUE	TRUE
GGTGTGGGTCATTCGG-1	OP549859_1_ORF2	1	0	7	9	TRUE	TRUE
GGTGTGGGTCTATCGG-1	MZ286188_1_ORF2	0	0	3	6	FALSE	TRUE
GGTGTGGGTGCGACAG-1	OZ258728_1_ORF2	0	0	1	1	FALSE	FALSE
GGTGTGGGTGTACCAT-1	MZ286102_1_ORF1	1	1	13	15	TRUE	TRUE
GGTGTGGGTGTCTATA-1	MZ286258_1_ORF2	0	0	1	1	FALSE	FALSE
GGTGTGGGTGTGGACG-1	MZ286102_1_ORF2	0	0	1	1	FALSE	FALSE
GGTGTGGGTTCGATTA-1	MZ286102_1_ORF2	0	0	1	1	FALSE	TRUE
GGTGTGGGTTCGCTTC-1	MZ286188_1_ORF1	1	1	55	56	TRUE	TRUE
GGTGTGGGTTGCCACA-1	OZ258728_1_ORF2	1	1	29	29	TRUE	TRUE
GGTGTGTCAAACTAAC-1	OP549859_1_ORF2	0	0	1	1	FALSE	FALSE
GGTGTGTCAACCAGTA-1	MZ286102_1_ORF2	0	0	3	4	TRUE	TRUE
GGTGTGTCACAATCCT-1	OZ258728_1_ORF2	0	0	1	2	FALSE	TRUE
GGTGTGTCACAGTATG-1	MZ286197_1_ORF2	1	0	7	7	TRUE	TRUE
GGTGTGTCACCTGCAC-1	OP549859_1_ORF1	0	0	1	1	FALSE	TRUE
GGTGTGTCACGGGTAT-1	OZ258728_1_ORF1	1	0	9	9	TRUE	TRUE
GGTGTGTCACGGTAAC-1	MZ286258_1_ORF2	1	0	4	5	TRUE	TRUE
GGTGTGTCACGTGCCT-1	OZ258728_1_ORF2	0	0	1	1	FALSE	TRUE
GGTGTGTCAGAACTAT-1	meGFP	1	1	10	11	TRUE	TRUE
GGTGTGTCAGGATTGC-1	meGFP	0	0	1	1	FALSE	FALSE
GGTGTGTCAGGCAACT-1	MZ286188_1_ORF1	1	0	7	8	TRUE	TRUE
GGTGTGTCAGGTAGCT-1	OZ258728_1_ORF1	0	0	1	1	FALSE	FALSE
GGTGTGTCAGTTCGTT-1	MZ286258_1_ORF2	1	0	6	6	TRUE	TRUE
GGTGTGTCAGTTGCTT-1	OZ258728_1_ORF1	0	0	1	1	FALSE	TRUE
GGTGTGTCATATCGAG-1	OP549859_1_ORF1	0	0	1	1	FALSE	TRUE
GGTGTGTCATCAGAGC-1	OZ258728_1_ORF1	1	1	14	16	TRUE	TRUE
GGTGTGTCATTACCCG-1	MZ286258_1_ORF2	1	0	5	5	TRUE	TRUE
GGTGTTGAGAACTGCG-1	MZ286188_1_ORF2	0	0	1	1	FALSE	TRUE
GGTGTTGAGAAGCGCC-1	MZ286102_1_ORF2	1	0	9	13	TRUE	TRUE
GGTGTTGAGAATCAGC-1	MZ286197_1_ORF1	1	1	43	43	TRUE	TRUE
GGTGTTGAGACATTAG-1	OP549859_1_ORF1	0	0	1	1	FALSE	TRUE
GGTGTTGAGAGCTGGC-1	OP549859_1_ORF1	0	0	1	1	FALSE	FALSE
GGTGTTGAGCAAGCTG-1	OZ258728_1_ORF2	0	0	1	1	FALSE	TRUE
GGTGTTGAGCACGTAG-1	MZ286258_1_ORF2	0	0	1	1	FALSE	TRUE
GGTGTTGAGCCTAGTC-1	MZ286258_1_ORF1	0	0	1	2	FALSE	TRUE
GGTGTTGAGGCGTAAT-1	OP549859_1_ORF1	0	0	1	2	FALSE	TRUE
GGTGTTGAGGGATGGG-1	OP549859_1_ORF2	0	0	1	1	FALSE	TRUE
GGTGTTGAGTAATCCT-1	MZ286197_1_ORF2	0	0	1	1	FALSE	TRUE
GGTGTTGAGTAGAGGA-1	MZ286197_1_ORF1	0	0	1	1	FALSE	FALSE
GGTGTTGAGTCCGTTA-1	MZ286102_1_ORF2	0	0	1	1	FALSE	TRUE
GGTTAAATCCCAACCG-1	MZ286188_1_ORF2	0	0	1	1	FALSE	TRUE
GGTTAAATCCCATCCC-1	MZ286197_1_ORF1	0	0	1	2	FALSE	TRUE
GGTTAAATCCGTTGCG-1	MZ286258_1_ORF2	0	0	1	1	FALSE	FALSE
GGTTAAATCGAGTTGG-1	MZ286188_1_ORF1	0	0	2	3	FALSE	TRUE
GGTTAAATCGGTTAGG-1	MZ286258_1_ORF2	1	1	17	17	TRUE	TRUE
GGTTAAATCGTTACCA-1	MZ286102_1_ORF2	1	1	10	12	TRUE	TRUE
GGTTAAATCTAACTGT-1	OP549859_1_ORF1	1	1	16	17	TRUE	TRUE
GGTTAAATCTGAGTCC-1	MZ286258_1_ORF2	0	0	1	1	FALSE	FALSE
GGTTAAATCTGATAGA-1	OZ258728_1_ORF2	0	0	1	1	FALSE	TRUE
GGTTAAATCTTGAGTT-1	meGFP	0	0	1	1	FALSE	FALSE
GGTTAGGTCATGATCT-1	MZ286197_1_ORF1	0	0	1	1	FALSE	FALSE
GGTTAGGTCCATTAGT-1	OZ258728_1_ORF1	1	1	11	11	TRUE	TRUE
GGTTAGGTCCCATCCC-1	OP549859_1_ORF1	0	0	2	2	TRUE	FALSE
GGTTAGGTCGGCTCTG-1	OZ258728_1_ORF1	0	0	1	3	FALSE	TRUE
GGTTAGGTCTAGCTTG-1	MZ286102_1_ORF2	2	2	10	21	FALSE	TRUE
GGTTAGGTCTGTAATC-1	MZ286102_1_ORF1	2	1	14	21	FALSE	TRUE
GGTTCATGTAAGTTGG-1	OZ258728_1_ORF2	1	1	67	67	TRUE	TRUE
GGTTCATGTACCTCGA-1	OZ258728_1_ORF2	0	0	1	1	FALSE	FALSE
GGTTCATGTACGTTCG-1	MZ286258_1_ORF1	0	0	1	2	FALSE	TRUE
GGTTCATGTAGTCGTT-1	OP549859_1_ORF2	0	0	1	1	FALSE	TRUE
GGTTCATGTCCCGAAC-1	meGFP	1	1	117	117	TRUE	TRUE
GGTTCATGTCGGGACA-1	OZ258728_1_ORF1	1	1	24	24	TRUE	TRUE
GGTTCATGTGTCAGTT-1	meGFP	1	0	6	6	TRUE	TRUE
GGTTCATGTGTGTCAT-1	OZ258728_1_ORF2	1	0	6	7	TRUE	TRUE
GGTTCATGTTAACGAG-1	MZ286258_1_ORF1	1	1	10	10	TRUE	TRUE
GGTTCATGTTGTAAGG-1	OP549859_1_ORF2	0	0	1	1	FALSE	FALSE
GGTTCATGTTTGAGTC-1	MZ286188_1_ORF2	1	0	4	6	TRUE	TRUE
GGTTCCCCAAGCCACG-1	OZ258728_1_ORF2	0	0	1	1	FALSE	FALSE
GGTTCCCCAAGGTGCT-1	meGFP	0	0	1	1	FALSE	FALSE
GGTTCCCCAATTGGTG-1	MZ286197_1_ORF1	1	0	7	7	TRUE	TRUE
GGTTCCCCACCAAGCG-1	OZ258728_1_ORF2	0	0	1	1	FALSE	TRUE
GGTTCCCCAGCATCAA-1	meGFP	1	1	44	44	TRUE	TRUE
GGTTCCCCAGGGTCCA-1	MZ286102_1_ORF2	1	0	4	5	TRUE	TRUE
GGTTCCCCATGTGCAA-1	OZ258728_1_ORF1	1	1	17	17	TRUE	TRUE
GGTTGAGTCAACTGAA-1	meGFP	0	0	2	2	TRUE	FALSE
GGTTGAGTCAAGCGTG-1	MZ286197_1_ORF1	0	0	1	3	FALSE	TRUE
GGTTGAGTCAAGCTAA-1	OZ258728_1_ORF2	0	0	1	1	FALSE	TRUE
GGTTGAGTCACCACGT-1	OP549859_1_ORF1	1	1	134	134	TRUE	TRUE
GGTTGAGTCCCGTAGT-1	OP549859_1_ORF1	1	0	4	6	TRUE	TRUE
GGTTGAGTCCCGTTGG-1	OP549859_1_ORF1	0	0	1	1	FALSE	FALSE
GGTTGAGTCGGCTCCA-1	OP549859_1_ORF1	0	0	1	2	FALSE	TRUE
GGTTGAGTCGGGAAGG-1	MZ286102_1_ORF2	0	0	3	3	TRUE	TRUE
GGTTGAGTCGTAGACG-1	MZ286102_1_ORF2	0	0	1	1	FALSE	TRUE
GGTTGAGTCTAACCAT-1	MZ286258_1_ORF2	1	1	26	26	TRUE	TRUE
GGTTGAGTCTAGCCCG-1	meGFP	0	0	1	1	FALSE	FALSE
GGTTGAGTCTCTATGG-1	MZ286188_1_ORF1	0	0	0	0	FALSE	TRUE
GGTTGAGTCTGGACCT-1	OP549859_1_ORF1	0	0	1	1	FALSE	FALSE
GGTTGAGTCTGGTTGC-1	OP549859_1_ORF1	0	0	1	1	FALSE	FALSE
GGTTGAGTCTTGCATG-1	MZ286188_1_ORF1	0	0	2	2	TRUE	FALSE
GGTTGCTTCAACTGAA-1	MZ286102_1_ORF1	1	0	8	11	TRUE	TRUE
GGTTGCTTCCAAGTAA-1	OZ258728_1_ORF2	0	0	1	1	FALSE	FALSE
GGTTGCTTCCCATCAA-1	OP549859_1_ORF2	0	0	3	4	TRUE	TRUE
GGTTGCTTCCCCAAGT-1	MZ286258_1_ORF2	0	0	1	1	FALSE	FALSE
GGTTGCTTCGAGCAGC-1	meGFP	1	1	80	81	TRUE	TRUE
GGTTGCTTCGCTTGAC-1	OP549859_1_ORF1	0	0	1	1	FALSE	TRUE
GGTTGCTTCTGGTTGC-1	meGFP	0	0	1	1	FALSE	FALSE
GGTTGGATCACACACC-1	MZ286197_1_ORF1	0	0	1	1	FALSE	TRUE
GGTTGGATCATCCGGT-1	OP549859_1_ORF1	0	0	1	1	FALSE	FALSE
GGTTGGATCGCGGAGT-1	MZ286188_1_ORF2	0	0	1	2	FALSE	TRUE
GGTTGGATCGGATATA-1	OP549859_1_ORF2	1	0	4	4	TRUE	TRUE
GGTTGGATCTGAGTGG-1	OZ258728_1_ORF1	1	1	14	14	TRUE	TRUE
GGTTGGGGTAACCTAC-1	meGFP	0	0	1	1	FALSE	FALSE
GGTTGGGGTAAGGTAT-1	MZ286188_1_ORF1	0	0	1	2	FALSE	TRUE
GGTTGGGGTAATGCAG-1	MZ286102_1_ORF1	0	0	1	2	FALSE	TRUE
GGTTGGGGTACTGTCG-1	meGFP	0	0	1	1	FALSE	TRUE
GGTTGGGGTAGGCAGT-1	OZ258728_1_ORF2	0	0	1	1	FALSE	FALSE
GGTTGGGGTATCTCAA-1	MZ286102_1_ORF2	0	0	1	1	FALSE	TRUE
GGTTGGGGTCAAGTTC-1	MZ286197_1_ORF1	0	0	1	3	FALSE	TRUE
GGTTGGGGTTAACTGC-1	OP549859_1_ORF2	0	0	1	1	FALSE	FALSE
GGTTGGGGTTGTGTGT-1	MZ286102_1_ORF2	1	0	4	5	TRUE	TRUE
GGTTGTGAGCCTACTA-1	OZ258728_1_ORF2	0	0	1	1	FALSE	TRUE
GGTTGTGAGCCTGCCA-1	OZ258728_1_ORF1	1	0	5	5	TRUE	TRUE
GGTTGTGAGCGCAGTA-1	MZ286102_1_ORF2	1	0	4	5	TRUE	TRUE
GGTTGTGAGGACACCA-1	OZ258728_1_ORF2	0	0	1	1	FALSE	TRUE
GGTTGTGAGGGACATT-1	meGFP	0	0	1	1	FALSE	FALSE
GGTTGTGAGTAGTGTA-1	MZ286102_1_ORF2	1	0	4	6	TRUE	TRUE
GGTTTACGTAACTGAG-1	MZ286258_1_ORF2	1	0	5	8	TRUE	TRUE
GGTTTACGTAAGTTGG-1	meGFP	0	0	1	1	FALSE	TRUE
GGTTTACGTATGTGGA-1	MZ286197_1_ORF2	0	0	1	3	FALSE	TRUE
GGTTTACGTGGAAGGA-1	OP549859_1_ORF1	0	0	1	1	FALSE	FALSE
GGTTTACGTTGCCTTC-1	MZ286197_1_ORF1	0	0	1	1	FALSE	FALSE
GGTTTACGTTGTCCGA-1	OP549859_1_ORF1	1	1	42	42	TRUE	TRUE
GGTTTCATCAGTATCT-1	OZ258728_1_ORF2	0	0	1	2	FALSE	TRUE
GGTTTCATCATCCGGT-1	OZ258728_1_ORF2	1	1	58	60	TRUE	TRUE
GGTTTCATCCGGTTAC-1	OZ258728_1_ORF2	0	0	1	1	FALSE	FALSE
GGTTTCATCGAGTGAT-1	meGFP	1	1	26	27	TRUE	TRUE
GGTTTCATCGATGGGC-1	OP549859_1_ORF1	2	0	6	14	FALSE	TRUE
GGTTTCATCTCACGTA-1	meGFP	2	1	33	39	TRUE	TRUE
GGTTTCATCTCCTTCG-1	OP549859_1_ORF1	0	0	1	1	FALSE	FALSE
GGTTTCATCTTAGGCC-1	OZ258728_1_ORF2	0	0	1	1	FALSE	FALSE
GGTTTCCAGAACCTAA-1	OZ258728_1_ORF2	1	1	29	30	TRUE	TRUE
GGTTTCCAGACATCAA-1	MZ286102_1_ORF1	1	1	15	15	TRUE	TRUE
GGTTTCCAGAGAGCTT-1	MZ286197_1_ORF2	0	0	2	4	FALSE	TRUE
GGTTTCCAGCCTGGAA-1	MZ286188_1_ORF1	0	0	3	3	TRUE	TRUE
GGTTTCCAGCGATTCC-1	OZ258728_1_ORF1	0	0	1	1	FALSE	FALSE
GGTTTCCAGCGGATTG-1	OZ258728_1_ORF2	0	0	1	1	FALSE	FALSE
GGTTTCCAGTACTTCG-1	OZ258728_1_ORF2	0	0	1	1	FALSE	FALSE
GGTTTGACACAGATCA-1	meGFP	0	0	1	1	FALSE	FALSE
GGTTTGACACAGTATG-1	MZ286197_1_ORF1	0	0	1	1	FALSE	FALSE
GGTTTGACAGAGAGAT-1	MZ286102_1_ORF2	1	1	15	17	TRUE	TRUE
GGTTTGACAGTACCAA-1	OZ258728_1_ORF2	2	2	77	101	TRUE	TRUE
GGTTTGACATCCAGCC-1	OP549859_1_ORF1	1	1	12	13	TRUE	TRUE
GGTTTGGAGCACGTAG-1	OZ258728_1_ORF2	0	0	1	1	FALSE	TRUE
GGTTTGGAGCCACTCG-1	MZ286258_1_ORF2	0	0	2	2	TRUE	TRUE
GGTTTGGAGCGGTAGC-1	OP549859_1_ORF1	0	0	1	1	FALSE	FALSE
GGTTTGGAGGGAGACG-1	OP549859_1_ORF1	0	0	1	1	FALSE	FALSE
GGTTTGGAGTGCTGCT-1	OP549859_1_ORF1	2	2	89	109	TRUE	TRUE
GGTTTGGAGTTCGGCT-1	MZ286102_1_ORF1	1	1	13	13	TRUE	TRUE
GTAAACCAGAAGGATG-1	MZ286188_1_ORF1	1	1	22	22	TRUE	TRUE
GTAAACCAGACATCCC-1	MZ286197_1_ORF1	0	0	1	2	FALSE	TRUE
GTAAACCAGATCCTGC-1	meGFP	0	0	2	2	TRUE	TRUE
GTAAACCAGCACGGAC-1	meGFP	1	1	45	45	TRUE	TRUE
GTAAACCAGCATTGGG-1	MZ286188_1_ORF2	0	0	1	1	FALSE	FALSE
GTAAACCAGCCTGCCA-1	meGFP	0	0	1	1	FALSE	FALSE
GTAAACCAGCGACGGT-1	meGFP	1	1	28	28	TRUE	TRUE
GTAAACCAGCGAGAGG-1	meGFP	0	0	1	1	FALSE	TRUE
GTAAACCAGGCTGCAA-1	OP549859_1_ORF1	0	0	1	1	FALSE	FALSE
GTAAACCAGGGACTCA-1	meGFP	1	0	5	5	TRUE	TRUE
GTAAACCAGGGCCGAT-1	MZ286258_1_ORF1	0	0	1	1	FALSE	TRUE
GTAAACCAGTAGACAC-1	MZ286102_1_ORF2	0	0	1	1	FALSE	TRUE
GTAAACCAGTATACCT-1	MZ286102_1_ORF2	1	0	8	8	TRUE	TRUE
GTAAACCAGTTGGAAC-1	meGFP	0	0	1	1	FALSE	FALSE
GTAAACGGTCCGTCAA-1	MZ286197_1_ORF1	0	0	3	3	TRUE	FALSE
GTAAACGGTGAATGTG-1	MZ286102_1_ORF2	0	0	1	1	FALSE	TRUE
GTAAACGGTGCGACAG-1	MZ286102_1_ORF2	1	0	6	7	TRUE	TRUE
GTAAACGGTGGCTTGC-1	MZ286102_1_ORF2	0	0	1	1	FALSE	FALSE
GTAAACGGTTCCGCAA-1	MZ286197_1_ORF2	0	0	1	1	FALSE	FALSE
GTAAACGGTTTGAACC-1	MZ286102_1_ORF2	1	0	4	5	TRUE	TRUE
GTAAATCCAAATCCGA-1	OZ258728_1_ORF2	0	0	1	1	FALSE	FALSE
GTAAATCCAACACCGG-1	OZ258728_1_ORF1	1	1	33	33	TRUE	TRUE
GTAAATCCAACAGGCT-1	MZ286102_1_ORF1	0	0	1	1	FALSE	TRUE
GTAAATCCACATAGTG-1	meGFP	0	0	1	1	FALSE	TRUE
GTAAATCCACGCCTGT-1	MZ286197_1_ORF1	1	1	37	37	TRUE	TRUE
GTAAATCCACGTGAAC-1	MZ286102_1_ORF2	1	1	17	20	TRUE	TRUE
GTAAATCCAGCTTGGG-1	MZ286102_1_ORF2	0	0	1	1	FALSE	FALSE
GTAAATCCATGAACCA-1	meGFP	1	1	19	20	TRUE	TRUE
GTAACGCCAAACGGGA-1	MZ286258_1_ORF2	1	0	5	6	TRUE	TRUE
GTAACGCCAAACTAAC-1	MZ286197_1_ORF1	0	0	1	1	FALSE	FALSE
GTAACGCCAAAGGGCA-1	meGFP	0	0	1	1	FALSE	TRUE
GTAACGCCAAGCGCCA-1	OP549859_1_ORF1	0	0	1	1	FALSE	FALSE
GTAACGCCACAGATCA-1	MZ286188_1_ORF1	0	0	1	1	FALSE	TRUE
GTAACGCCACCATGCC-1	MZ286258_1_ORF1	0	0	1	2	FALSE	TRUE
GTAACGCCACGCGAAT-1	MZ286258_1_ORF2	1	1	19	20	TRUE	TRUE
GTAACGCCACTAGACA-1	OZ258728_1_ORF1	1	0	5	5	TRUE	TRUE
GTAACGCCACTCGTCA-1	MZ286102_1_ORF2	1	0	7	8	TRUE	TRUE
GTAACGCCAGAACTAT-1	MZ286197_1_ORF1	1	1	40	40	TRUE	TRUE
GTAACGCCAGGATTGC-1	MZ286102_1_ORF2	3	0	6	14	FALSE	TRUE
GTAACGCCAGGCATTA-1	MZ286258_1_ORF2	1	0	7	7	TRUE	TRUE
GTAACGCCAGGCTATA-1	OZ258728_1_ORF2	0	0	2	2	TRUE	TRUE
GTAACGCCAGGTAGAG-1	meGFP	0	0	2	2	TRUE	TRUE
GTAACGCCAGTAAGGG-1	OZ258728_1_ORF2	0	0	1	2	FALSE	TRUE
GTAACTGCAAAGTAAG-1	OZ258728_1_ORF2	0	0	1	1	FALSE	TRUE
GTAACTGCAAGATCCA-1	MZ286102_1_ORF2	0	0	2	2	TRUE	TRUE
GTAACTGCAATGTAGT-1	meGFP	1	1	23	23	TRUE	FALSE
GTAACTGCACGCGAAT-1	MZ286258_1_ORF2	1	1	13	15	TRUE	TRUE
GTAACTGCACGTATAG-1	MZ286197_1_ORF2	0	0	2	2	TRUE	TRUE
GTAACTGCACTACTAC-1	MZ286258_1_ORF2	0	0	1	1	FALSE	FALSE
GTAACTGCAGATACAT-1	OP549859_1_ORF2	0	0	1	1	FALSE	TRUE
GTAACTGCAGCCAACG-1	OZ258728_1_ORF2	0	0	1	1	FALSE	FALSE
GTAACTGCATATCGAG-1	OP549859_1_ORF1	0	0	1	1	FALSE	FALSE
GTAACTTTCAACCTTG-1	OZ258728_1_ORF2	0	0	1	1	FALSE	FALSE
GTAACTTTCAATTACC-1	MZ286102_1_ORF2	1	1	13	13	TRUE	TRUE
GTAACTTTCATCCGAC-1	OZ258728_1_ORF2	0	0	1	1	FALSE	TRUE
GTAACTTTCCCCGGTA-1	MZ286102_1_ORF2	1	1	15	16	TRUE	TRUE
GTAACTTTCCGGCTCA-1	OP549859_1_ORF2	1	0	6	8	TRUE	TRUE
GTAACTTTCCGGGTAA-1	MZ286102_1_ORF1	1	0	7	8	TRUE	TRUE
GTAACTTTCCGTACCG-1	MZ286197_1_ORF1	0	0	1	2	FALSE	FALSE
GTAACTTTCGACGGGT-1	MZ286197_1_ORF2	1	0	4	5	TRUE	TRUE
GTAACTTTCGAGCGGT-1	MZ286197_1_ORF2	0	0	3	3	TRUE	TRUE
GTAACTTTCGGATATA-1	meGFP	0	0	1	1	FALSE	TRUE
GTAACTTTCGTGCGAA-1	OZ258728_1_ORF2	1	1	45	45	TRUE	TRUE
GTAACTTTCTAAGCGG-1	MZ286102_1_ORF2	0	0	1	1	FALSE	TRUE
GTAACTTTCTCAGCAC-1	OZ258728_1_ORF2	1	1	17	18	TRUE	TRUE
GTACAACAGAACCGTG-1	MZ286197_1_ORF1	0	0	1	1	FALSE	FALSE
GTACAACAGATCAAGC-1	OP549859_1_ORF2	0	0	2	2	TRUE	TRUE
GTACAACAGCGGTAGC-1	OZ258728_1_ORF2	0	0	1	1	FALSE	FALSE
GTACAACAGGATCACG-1	meGFP	0	0	1	1	FALSE	TRUE
GTACAACAGGCCTAAG-1	MZ286188_1_ORF1	0	0	1	1	FALSE	TRUE
GTACAACAGTATCGGG-1	MZ286258_1_ORF2	0	0	1	1	FALSE	TRUE
GTACAACAGTTACCAT-1	OZ258728_1_ORF2	1	1	20	26	TRUE	TRUE
GTACAAGGTAAGGTAT-1	OP549859_1_ORF1	0	0	1	3	FALSE	FALSE
GTACAAGGTAATGGAT-1	MZ286197_1_ORF2	0	0	3	3	TRUE	TRUE
GTACAAGGTAGCTCGC-1	MZ286197_1_ORF2	0	0	2	2	TRUE	TRUE
GTACAAGGTCCGTCAA-1	OZ258728_1_ORF2	1	1	71	71	TRUE	TRUE
GTACAAGGTCTGTAAC-1	meGFP	0	0	1	1	FALSE	FALSE
GTACAAGGTGAGTAAT-1	MZ286258_1_ORF2	0	0	3	3	TRUE	TRUE
GTACAAGGTGCACTCA-1	MZ286258_1_ORF2	0	0	1	1	FALSE	TRUE
GTACAAGGTGGTTAAG-1	MZ286102_1_ORF2	0	0	3	3	TRUE	TRUE
GTACAAGGTTAGAGAT-1	MZ286258_1_ORF2	1	1	16	17	TRUE	TRUE
GTACAAGGTTAGCTTA-1	OZ258728_1_ORF1	1	1	18	18	TRUE	TRUE
GTACAAGGTTCGATTA-1	OP549859_1_ORF2	0	0	1	1	FALSE	FALSE
GTACAAGGTTCGTGCA-1	OZ258728_1_ORF2	1	1	56	56	TRUE	TRUE
GTACAATCAACAGAGG-1	OZ258728_1_ORF2	0	0	1	2	FALSE	TRUE
GTACAATCAAGGGTAG-1	MZ286258_1_ORF1	1	1	36	38	TRUE	TRUE
GTACAATCACACACTT-1	meGFP	0	0	1	1	FALSE	FALSE
GTACAATCACAGGTGT-1	OP549859_1_ORF1	1	0	5	5	TRUE	FALSE
GTACAATCACTCATAC-1	MZ286188_1_ORF2	1	1	25	25	TRUE	TRUE
GTACAATCAGAATGAA-1	MZ286258_1_ORF2	1	1	26	26	TRUE	TRUE
GTACAATCAGCTCAGG-1	meGFP	1	1	10	10	TRUE	TRUE
GTACAATCAGCTTAGA-1	OZ258728_1_ORF2	0	0	1	1	FALSE	TRUE
GTACAATCAGCTTGGG-1	meGFP	1	0	4	4	TRUE	TRUE
GTACAATCAGGGTAAG-1	OZ258728_1_ORF2	0	0	1	1	FALSE	FALSE
GTACAATCAGTAAGGG-1	OP549859_1_ORF1	0	0	2	7	FALSE	TRUE
GTACAATCATAAGTCG-1	OP549859_1_ORF1	0	0	1	1	FALSE	FALSE
GTACAATCATCCAGCC-1	OZ258728_1_ORF2	0	0	1	1	FALSE	FALSE
GTACTGTGTAACTTGC-1	OZ258728_1_ORF2	1	1	106	106	TRUE	TRUE
GTACTGTGTAAGCGGT-1	OZ258728_1_ORF1	0	0	1	1	FALSE	TRUE
GTACTGTGTACCGACC-1	OZ258728_1_ORF1	0	0	1	1	FALSE	FALSE
GTACTGTGTCCACACA-1	OP549859_1_ORF1	0	0	1	1	FALSE	FALSE
GTACTGTGTCCCGAAC-1	MZ286258_1_ORF1	0	0	2	2	TRUE	TRUE
GTACTGTGTGCTGGCT-1	meGFP	0	0	1	1	FALSE	FALSE
GTACTGTGTGCTTAAC-1	OZ258728_1_ORF2	0	0	1	1	FALSE	TRUE
GTACTGTGTTATGGAG-1	OZ258728_1_ORF2	0	0	1	1	FALSE	FALSE
GTACTGTGTTCCACTC-1	MZ286258_1_ORF2	0	0	2	3	FALSE	TRUE
GTACTGTGTTCCGCAA-1	OP549859_1_ORF1	0	0	1	2	FALSE	TRUE
GTACTGTGTTGCAATC-1	OZ258728_1_ORF2	0	0	1	2	FALSE	TRUE
GTACTGTGTTTCCAGG-1	meGFP	0	0	1	1	FALSE	TRUE
GTAGACCCAAACCATG-1	MZ286258_1_ORF2	1	0	5	7	TRUE	TRUE
GTAGACCCAAGCCACG-1	OZ258728_1_ORF2	0	0	1	1	FALSE	FALSE
GTAGACCCAATCCGGG-1	OP549859_1_ORF2	0	0	1	1	FALSE	FALSE
GTAGACCCACAAGCCG-1	MZ286102_1_ORF2	0	0	1	1	FALSE	TRUE
GTAGACCCACCAGGCA-1	meGFP	0	0	1	3	FALSE	TRUE
GTAGACCCACGAATGC-1	MZ286102_1_ORF2	0	0	3	3	TRUE	TRUE
GTAGACCCAGAATGGG-1	MZ286197_1_ORF2	0	0	3	5	FALSE	TRUE
GTAGACCCAGCTTGGG-1	MZ286188_1_ORF2	0	0	2	2	TRUE	TRUE
GTAGACCCATAACGAT-1	MZ286258_1_ORF2	1	1	16	16	TRUE	TRUE
GTAGACCCATATCGAG-1	MZ286197_1_ORF2	0	0	2	2	TRUE	TRUE
GTAGACCCATGAGGAG-1	MZ286102_1_ORF2	0	0	2	2	TRUE	TRUE
GTAGACCCATTGGATG-1	MZ286188_1_ORF1	0	0	1	1	FALSE	TRUE
GTAGAGGCAAGTCAAT-1	OP549859_1_ORF1	0	0	1	1	FALSE	FALSE
GTAGAGGCACAGGTGT-1	MZ286188_1_ORF2	0	0	1	1	FALSE	FALSE
GTAGAGGCACCCAGCT-1	MZ286258_1_ORF2	1	0	9	9	TRUE	TRUE
GTAGAGGCAGGCGCTA-1	OZ258728_1_ORF2	0	0	1	1	FALSE	TRUE
GTAGAGGCAGTCGAGT-1	OP549859_1_ORF1	1	0	6	6	TRUE	TRUE
GTAGAGGCATATCACC-1	meGFP	0	0	1	1	FALSE	FALSE
GTAGAGGCATCAGAGC-1	MZ286258_1_ORF2	1	0	5	5	TRUE	TRUE
GTAGAGGCATGTGGCG-1	MZ286102_1_ORF1	0	0	1	1	FALSE	FALSE
GTAGCATAGACCAGTG-1	MZ286188_1_ORF1	1	0	4	4	TRUE	TRUE
GTAGCATAGATACAGC-1	MZ286258_1_ORF1	1	0	7	7	TRUE	TRUE
GTAGCATAGATATCCT-1	OZ258728_1_ORF2	0	0	3	6	FALSE	TRUE
GTAGCATAGCGGGTTA-1	OZ258728_1_ORF2	2	2	64	107	FALSE	TRUE
GTAGGAGCAACGAGCT-1	MZ286197_1_ORF2	0	0	2	3	FALSE	TRUE
GTAGGAGCACCGGATG-1	MZ286102_1_ORF2	1	1	13	14	TRUE	TRUE
GTAGGAGCACGATCCC-1	MZ286102_1_ORF2	0	0	1	2	FALSE	TRUE
GTAGGAGCACGATGTA-1	MZ286258_1_ORF2	0	0	1	1	FALSE	FALSE
GTAGGAGCACTCCGTA-1	OZ258728_1_ORF2	0	0	1	1	FALSE	FALSE
GTAGGAGCAGCGCTTC-1	OZ258728_1_ORF2	1	1	23	23	TRUE	TRUE
GTAGGAGCAGCTCTAT-1	OP549859_1_ORF2	0	0	1	1	FALSE	TRUE
GTAGGAGCATCAGTCT-1	meGFP	0	0	1	2	FALSE	TRUE
GTAGGCTCAAACCACA-1	OZ258728_1_ORF2	0	0	1	1	FALSE	FALSE
GTAGGCTCAAACGTAT-1	MZ286102_1_ORF2	0	0	1	1	FALSE	TRUE
GTAGGCTCAAAGTAAG-1	MZ286258_1_ORF2	0	0	1	1	FALSE	TRUE
GTAGGCTCAAAGTCAT-1	MZ286197_1_ORF1	0	0	1	2	FALSE	TRUE
GTAGGCTCAACCCGTC-1	MZ286258_1_ORF1	1	0	5	6	TRUE	TRUE
GTAGGCTCAAGACCGT-1	OZ258728_1_ORF2	0	0	2	7	FALSE	TRUE
GTAGGCTCAGAACGGA-1	MZ286258_1_ORF2	0	0	1	1	FALSE	TRUE
GTAGGCTCAGGGTCTG-1	OP549859_1_ORF1	0	0	1	2	FALSE	TRUE
GTAGGCTCATTACCCG-1	MZ286258_1_ORF2	0	0	1	1	FALSE	TRUE
GTAGGTAGTACTTACA-1	MZ286102_1_ORF2	0	0	3	3	TRUE	TRUE
GTAGGTAGTATCCTAA-1	OZ258728_1_ORF2	1	1	105	105	TRUE	TRUE
GTAGGTAGTCATTCCC-1	OZ258728_1_ORF2	1	1	50	50	TRUE	TRUE
GTAGGTAGTGCGTACC-1	MZ286102_1_ORF2	1	1	11	11	TRUE	TRUE
GTAGGTAGTGGCGCAA-1	MZ286258_1_ORF2	1	1	32	32	TRUE	TRUE
GTAGGTAGTGTAAGTG-1	OP549859_1_ORF1	0	0	1	1	FALSE	FALSE
GTAGGTAGTTGTCTAA-1	OZ258728_1_ORF1	0	0	3	4	TRUE	TRUE
GTAGGTTAGAGTCATA-1	OZ258728_1_ORF1	1	1	19	20	TRUE	TRUE
GTAGGTTAGCCATGAG-1	OZ258728_1_ORF1	0	0	1	1	FALSE	FALSE
GTAGGTTAGCCTCACG-1	MZ286102_1_ORF1	0	0	1	1	FALSE	FALSE
GTAGGTTAGGAGACCC-1	OZ258728_1_ORF2	1	1	48	48	TRUE	TRUE
GTAGGTTAGGCTTAGG-1	OZ258728_1_ORF1	0	0	1	1	FALSE	FALSE
GTAGGTTAGGTTCGGA-1	MZ286197_1_ORF2	0	0	3	4	TRUE	TRUE
GTAGTAATCAATGTGA-1	meGFP	0	0	1	1	FALSE	FALSE
GTAGTAATCACACTTG-1	meGFP	0	0	1	1	FALSE	TRUE
GTAGTAATCAGTATCT-1	OP549859_1_ORF1	0	0	1	2	FALSE	TRUE
GTAGTAATCCAATCAT-1	OP549859_1_ORF2	0	0	1	2	FALSE	TRUE
GTAGTAATCCATTCCT-1	OZ258728_1_ORF1	1	1	10	10	TRUE	TRUE
GTAGTAATCCCTGGTG-1	MZ286197_1_ORF1	1	1	27	27	TRUE	TRUE
GTAGTAATCCTCATTC-1	meGFP	0	0	2	2	TRUE	TRUE
GTAGTAATCGGGAACC-1	OP549859_1_ORF1	0	0	1	1	FALSE	FALSE
GTAGTAATCGTACCCG-1	OZ258728_1_ORF2	1	1	35	35	TRUE	TRUE
GTAGTAATCGTTACTG-1	OZ258728_1_ORF2	0	0	1	1	FALSE	FALSE
GTAGTAATCTGGTTGC-1	MZ286197_1_ORF1	0	0	1	1	FALSE	FALSE
GTAGTAATCTTGGATT-1	meGFP	0	0	1	1	FALSE	FALSE
GTATACTTCCGCATGT-1	MZ286102_1_ORF2	0	0	1	1	FALSE	TRUE
GTATACTTCGTACCCG-1	meGFP	0	0	1	1	FALSE	TRUE
GTATCCCAGAAGCAAG-1	meGFP	0	0	1	1	FALSE	FALSE
GTATCCCAGAAGCCTG-1	MZ286197_1_ORF1	0	0	1	2	FALSE	TRUE
GTATCCCAGACGCAAT-1	MZ286258_1_ORF2	0	0	1	1	FALSE	TRUE
GTATCCCAGATACTGA-1	MZ286102_1_ORF2	1	0	4	4	TRUE	TRUE
GTATCCCAGGTCGGTA-1	MZ286102_1_ORF1	0	0	1	2	FALSE	TRUE
GTATCCCAGTTGGAAC-1	MZ286188_1_ORF1	0	0	3	4	TRUE	TRUE
GTATTGAAGACTCCGT-1	OZ258728_1_ORF2	1	1	16	16	TRUE	TRUE
GTATTGAAGCAATGAC-1	OZ258728_1_ORF1	0	0	1	3	FALSE	TRUE
GTATTGAAGCACCAGA-1	OZ258728_1_ORF2	0	0	1	1	FALSE	FALSE
GTATTGAAGCACGTTC-1	MZ286258_1_ORF2	1	1	22	23	TRUE	TRUE
GTATTGAAGCCAGTTC-1	OZ258728_1_ORF2	1	1	26	26	TRUE	TRUE
GTATTGAAGCCCGTCA-1	MZ286102_1_ORF1	0	0	1	2	FALSE	TRUE
GTATTGAAGCTACTTG-1	OZ258728_1_ORF2	0	0	1	1	FALSE	FALSE
GTATTGAAGGAGTCTG-1	OZ258728_1_ORF2	1	1	119	119	TRUE	TRUE
GTATTGAAGGGTCAGC-1	OZ258728_1_ORF2	0	0	1	1	FALSE	FALSE
GTATTGAAGGTAGGTT-1	meGFP	0	0	1	1	FALSE	TRUE
GTCAAGGTCAGTATGA-1	OZ258728_1_ORF2	1	0	5	15	TRUE	TRUE
GTCAAGGTCCTCTGGG-1	meGFP	0	0	1	2	FALSE	TRUE
GTCAAGGTCGCAAGGC-1	MZ286102_1_ORF1	0	0	1	1	FALSE	FALSE
GTCAAGGTCGCACGAA-1	MZ286258_1_ORF2	0	0	1	1	FALSE	TRUE
GTCAAGGTCGGCTGAA-1	MZ286197_1_ORF1	0	0	2	4	FALSE	TRUE
GTCAAGGTCTGTGCGT-1	MZ286258_1_ORF2	0	0	1	1	FALSE	TRUE
GTCAAGGTCTGTGGAG-1	MZ286197_1_ORF2	0	0	1	2	FALSE	TRUE
GTCAATTTCAAGCCAG-1	meGFP	0	0	1	1	FALSE	FALSE
GTCAATTTCAAGCTAA-1	MZ286197_1_ORF1	2	2	13	25	FALSE	TRUE
GTCAATTTCAAGCTCC-1	MZ286188_1_ORF2	1	0	9	9	TRUE	TRUE
GTCAATTTCAGTAGTA-1	OZ258728_1_ORF2	2	1	52	61	TRUE	TRUE
GTCAATTTCCACCAAC-1	OZ258728_1_ORF1	0	0	1	1	FALSE	TRUE
GTCAATTTCCTCTCCA-1	MZ286258_1_ORF2	0	0	1	1	FALSE	FALSE
GTCAATTTCGAGCAGC-1	meGFP	0	0	1	1	FALSE	FALSE
GTCAATTTCGCATCGT-1	OZ258728_1_ORF2	0	0	1	1	FALSE	TRUE
GTCAATTTCGTCAATT-1	OZ258728_1_ORF2	1	1	11	13	TRUE	TRUE
GTCAATTTCTACCGAC-1	MZ286197_1_ORF1	0	0	2	2	TRUE	TRUE
GTCACGCGTAGGATAT-1	meGFP	0	0	1	1	FALSE	FALSE
GTCACGCGTAGGCTCC-1	OZ258728_1_ORF2	1	1	37	37	TRUE	TRUE
GTCACGCGTCAGTCGC-1	MZ286188_1_ORF2	1	1	14	18	TRUE	TRUE
GTCACGCGTCGAAGGT-1	MZ286258_1_ORF1	0	0	2	4	FALSE	TRUE
GTCACGCGTCGTCACA-1	meGFP	0	0	1	1	FALSE	FALSE
GTCACGCGTGGCCTAC-1	MZ286197_1_ORF1	0	0	1	1	FALSE	FALSE
GTCACGCGTGGTGCGA-1	OP549859_1_ORF2	1	0	5	7	TRUE	TRUE
GTCACGCGTTACGGAA-1	OP549859_1_ORF1	0	0	1	1	FALSE	FALSE
GTCACGCGTTACTTGA-1	meGFP	0	0	1	1	FALSE	TRUE
GTCACGTTCATCGTTG-1	OZ258728_1_ORF2	0	0	1	1	FALSE	TRUE
GTCACGTTCATCTAGT-1	OZ258728_1_ORF2	0	0	1	2	FALSE	TRUE
GTCACGTTCCACAGGA-1	OZ258728_1_ORF2	0	0	1	1	FALSE	FALSE
GTCACGTTCCATCACA-1	OZ258728_1_ORF2	1	1	51	51	TRUE	TRUE
GTCACGTTCCCCAGAT-1	meGFP	0	0	1	1	FALSE	TRUE
GTCACGTTCCCGTAAC-1	meGFP	0	0	1	1	FALSE	TRUE
GTCACGTTCCGTTGCG-1	MZ286197_1_ORF1	1	1	16	16	TRUE	TRUE
GTCACGTTCGGGATTG-1	OZ258728_1_ORF2	0	0	1	2	FALSE	TRUE
GTCACGTTCGTACCCG-1	MZ286102_1_ORF2	0	0	1	3	FALSE	TRUE
GTCATCGGTAACCATC-1	MZ286258_1_ORF2	1	0	6	6	TRUE	TRUE
GTCATCGGTCTAGTGT-1	MZ286188_1_ORF1	0	0	1	1	FALSE	FALSE
GTCATCGGTGACCTTG-1	OZ258728_1_ORF2	0	0	1	1	FALSE	FALSE
GTCATCGGTGGTTAAG-1	MZ286258_1_ORF1	1	1	17	17	TRUE	TRUE
GTCATCGGTGTTGCAT-1	MZ286258_1_ORF2	1	0	7	7	TRUE	TRUE
GTCATCGGTTGCGGTC-1	MZ286258_1_ORF2	0	0	1	1	FALSE	FALSE
GTCATCGGTTTGAACC-1	OZ258728_1_ORF2	0	0	1	1	FALSE	FALSE
GTCATCGGTTTGGCGC-1	OZ258728_1_ORF1	0	0	1	1	FALSE	TRUE
GTCATTTAGCCTAATT-1	meGFP	1	1	23	23	TRUE	TRUE
GTCATTTAGCGAGAGG-1	OP549859_1_ORF1	0	0	1	1	FALSE	TRUE
GTCATTTAGGCATCCT-1	OZ258728_1_ORF2	1	1	27	27	TRUE	TRUE
GTCATTTAGGCCTCAT-1	MZ286258_1_ORF2	0	0	1	1	FALSE	TRUE
GTCATTTAGGGGTCTA-1	OP549859_1_ORF1	1	1	23	23	TRUE	TRUE
GTCATTTAGTGGAGCC-1	meGFP	0	0	1	1	FALSE	TRUE
GTCCAACTCATCTAGT-1	MZ286258_1_ORF1	0	0	1	1	FALSE	FALSE
GTCCAACTCCAATGAA-1	MZ286102_1_ORF1	1	1	23	24	TRUE	TRUE
GTCCAACTCCAGACTC-1	meGFP	0	0	3	4	TRUE	TRUE
GTCCAACTCCATTCCT-1	OZ258728_1_ORF2	0	0	1	1	FALSE	TRUE
GTCCAACTCCGGCTTG-1	OZ258728_1_ORF2	0	0	1	1	FALSE	FALSE
GTCCAACTCCTCATTC-1	MZ286197_1_ORF1	1	1	10	10	TRUE	TRUE
GTCCAACTCGACACAG-1	MZ286102_1_ORF1	0	0	1	1	FALSE	FALSE
GTCCAACTCGCTAGTC-1	MZ286258_1_ORF2	0	0	3	5	FALSE	TRUE
GTCCAACTCGTGAGGC-1	OP549859_1_ORF2	0	0	1	1	FALSE	TRUE
GTCCAACTCTAATGGA-1	OZ258728_1_ORF2	3	2	50	73	FALSE	TRUE
GTCCAACTCTAGGCAG-1	OP549859_1_ORF1	2	0	6	12	FALSE	TRUE
GTCCAACTCTCTCACT-1	meGFP	0	0	1	2	FALSE	TRUE
GTCCAACTCTGGACCT-1	OP549859_1_ORF1	0	0	1	1	FALSE	FALSE
GTCCAACTCTTCGTAG-1	OZ258728_1_ORF1	0	0	1	1	FALSE	TRUE
GTCCACTAGAATCAGC-1	OP549859_1_ORF2	0	0	1	1	FALSE	FALSE
GTCCACTAGACCGATG-1	MZ286102_1_ORF2	1	0	6	6	TRUE	TRUE
GTCCACTAGATTCACT-1	OP549859_1_ORF1	0	0	1	2	FALSE	TRUE
GTCCACTAGCAGGGCT-1	OZ258728_1_ORF2	1	1	17	17	TRUE	TRUE
GTCCACTAGGAATGAG-1	OP549859_1_ORF2	1	1	26	28	TRUE	TRUE
GTCCACTAGGATGGCC-1	meGFP	0	0	1	1	FALSE	TRUE
GTCCACTAGGCGTGAC-1	OZ258728_1_ORF2	0	0	1	1	FALSE	TRUE
GTCCACTAGGGCGTAC-1	OZ258728_1_ORF2	0	0	1	1	FALSE	TRUE
GTCCACTAGGTGTGGC-1	OZ258728_1_ORF2	0	0	1	2	FALSE	FALSE
GTCCACTAGTGCAACG-1	OZ258728_1_ORF2	0	0	1	2	FALSE	TRUE
GTCCACTAGTGGGTTG-1	meGFP	0	0	1	1	FALSE	TRUE
GTCCATGGTAACCGAA-1	OZ258728_1_ORF2	2	1	62	68	TRUE	TRUE
GTCCATGGTAACGATG-1	OZ258728_1_ORF2	0	0	1	1	FALSE	FALSE
GTCCATGGTACGAATG-1	OP549859_1_ORF2	0	0	2	3	FALSE	TRUE
GTCCATGGTCATGAGA-1	MZ286102_1_ORF2	1	0	4	4	TRUE	TRUE
GTCCATGGTCGCTGGT-1	MZ286197_1_ORF1	0	0	1	1	FALSE	TRUE
GTCCATGGTGATCCTG-1	OP549859_1_ORF1	0	0	1	1	FALSE	FALSE
GTCCATGGTGCCCGAT-1	MZ286197_1_ORF1	0	0	1	1	FALSE	TRUE
GTCCATGGTGCGCGAA-1	MZ286102_1_ORF1	0	0	1	1	FALSE	FALSE
GTCCATGGTGCGTGCT-1	OZ258728_1_ORF1	0	0	1	1	FALSE	TRUE
GTCCATGGTGCTTAAC-1	meGFP	0	0	1	1	FALSE	FALSE
GTCCCTCTCAGCGGAC-1	OP549859_1_ORF2	0	0	2	4	FALSE	TRUE
GTCCCTCTCATCATAC-1	meGFP	1	1	24	24	TRUE	TRUE
GTCCCTCTCATGATCT-1	OZ258728_1_ORF2	0	0	1	1	FALSE	FALSE
GTCCCTCTCATTCACG-1	MZ286258_1_ORF1	0	0	1	1	FALSE	FALSE
GTCCCTCTCCAACCTA-1	MZ286258_1_ORF1	0	0	1	1	FALSE	FALSE
GTCCCTCTCGAACGTG-1	MZ286102_1_ORF2	1	1	20	23	TRUE	TRUE
GTCCCTCTCGATCCCG-1	MZ286258_1_ORF1	0	0	1	1	FALSE	FALSE
GTCCCTCTCGCCTCTC-1	MZ286197_1_ORF1	1	1	40	43	TRUE	TRUE
GTCCCTCTCTAATGGA-1	MZ286188_1_ORF1	0	0	2	3	FALSE	TRUE
GTCCCTCTCTAGAGGT-1	OZ258728_1_ORF2	0	0	1	1	FALSE	TRUE
GTCCCTCTCTAGCCCG-1	OZ258728_1_ORF2	1	0	7	7	TRUE	TRUE
GTCCCTCTCTCACGCG-1	meGFP	0	0	1	1	FALSE	FALSE
GTCCCTGAGACTTACT-1	OZ258728_1_ORF1	0	0	1	1	FALSE	FALSE
GTCCCTGAGATGACAC-1	MZ286258_1_ORF1	1	1	26	28	TRUE	TRUE
GTCCCTGAGCATCACC-1	meGFP	0	0	1	1	FALSE	TRUE
GTCCCTGAGCCACTTA-1	MZ286188_1_ORF1	0	0	1	3	FALSE	TRUE
GTCCCTGAGCCTGTAC-1	OP549859_1_ORF1	0	0	1	2	FALSE	TRUE
GTCCCTGAGCTCTCAA-1	MZ286102_1_ORF2	1	0	9	9	TRUE	TRUE
GTCCCTGAGGACATAC-1	OZ258728_1_ORF2	0	0	1	1	FALSE	TRUE
GTCCCTGAGTTAACCT-1	MZ286197_1_ORF2	1	1	15	16	TRUE	TRUE
GTCCCTTGTAGCGTGG-1	OP549859_1_ORF1	1	1	38	39	TRUE	TRUE
GTCCCTTGTAGGTCAA-1	OZ258728_1_ORF2	0	0	1	2	FALSE	TRUE
GTCCCTTGTGCGCATC-1	MZ286188_1_ORF1	1	0	5	6	TRUE	TRUE
GTCCCTTGTGCTTAAC-1	OZ258728_1_ORF2	0	0	1	1	FALSE	TRUE
GTCCCTTGTGGAGAGA-1	meGFP	0	0	2	3	FALSE	TRUE
GTCCCTTGTGGGATTA-1	MZ286258_1_ORF2	1	1	18	22	TRUE	TRUE
GTCCCTTGTGTGTCAT-1	meGFP	1	1	22	22	TRUE	TRUE
GTCCCTTGTTTCCTGC-1	MZ286102_1_ORF1	0	0	1	1	FALSE	TRUE
GTCCGAAAGACTTGAA-1	OZ258728_1_ORF1	1	0	6	6	TRUE	TRUE
GTCCGAAAGCCCGTCA-1	MZ286258_1_ORF2	0	0	1	2	FALSE	TRUE
GTCCGAAAGCGGATCA-1	OZ258728_1_ORF2	0	0	1	1	FALSE	FALSE
GTCCGAAAGCTGGGTA-1	OZ258728_1_ORF2	0	0	1	1	FALSE	FALSE
GTCCGAAAGGCAGGCT-1	OP549859_1_ORF1	0	0	1	1	FALSE	TRUE
GTCCGAAAGGGCAGGA-1	OP549859_1_ORF2	1	0	8	8	TRUE	TRUE
GTCCGAAAGGTCCACT-1	MZ286258_1_ORF2	0	0	1	1	FALSE	TRUE
GTCCGAAAGTCTAGTT-1	MZ286188_1_ORF1	0	0	1	2	FALSE	FALSE
GTCCGGCTCGAGTGAT-1	meGFP	0	0	1	1	FALSE	FALSE
GTCCGGCTCTCTAACG-1	OZ258728_1_ORF2	1	0	5	5	TRUE	TRUE
GTCCGGCTCTTGGATT-1	OZ258728_1_ORF2	0	0	1	1	FALSE	FALSE
GTCCGTCCAAATCAGT-1	MZ286188_1_ORF2	0	0	1	1	FALSE	TRUE
GTCCGTCCAAGTGACC-1	MZ286258_1_ORF2	1	0	4	5	TRUE	TRUE
GTCCGTCCACTACGGG-1	MZ286197_1_ORF1	0	0	1	1	FALSE	FALSE
GTCCGTCCAGAGAGGC-1	OZ258728_1_ORF2	0	0	1	1	FALSE	FALSE
GTCCGTCCATCCATAC-1	MZ286258_1_ORF2	0	0	3	5	FALSE	TRUE
GTCCGTCCATCGTAAG-1	MZ286102_1_ORF2	0	0	1	1	FALSE	FALSE
GTCCGTCCATTGAGGC-1	OP549859_1_ORF1	0	0	2	5	FALSE	TRUE
GTCCGTTAGCACGTTC-1	MZ286258_1_ORF2	1	0	9	9	TRUE	TRUE
GTCCGTTAGGAGGAGT-1	OP549859_1_ORF2	0	0	2	3	FALSE	TRUE
GTCCGTTAGGCCAGGT-1	MZ286258_1_ORF1	3	2	22	51	FALSE	TRUE
GTCCGTTAGGCCTCAT-1	meGFP	0	0	1	1	FALSE	TRUE
GTCCGTTAGGGCGTAC-1	MZ286197_1_ORF2	1	0	6	7	TRUE	TRUE
GTCCGTTAGGTTAATG-1	MZ286258_1_ORF2	1	0	6	8	TRUE	TRUE
GTCCGTTAGTAACCAA-1	meGFP	0	0	1	1	FALSE	TRUE
GTCCGTTAGTCCGTTA-1	MZ286258_1_ORF2	0	0	3	4	TRUE	TRUE
GTCCGTTAGTGGCTTC-1	MZ286197_1_ORF2	0	0	3	3	TRUE	TRUE
GTCCGTTAGTTACCAT-1	meGFP	0	0	1	1	FALSE	TRUE
GTCCTCCTCAACTGAA-1	MZ286258_1_ORF1	0	0	1	1	FALSE	TRUE
GTCCTCCTCACACTTG-1	MZ286188_1_ORF1	0	0	1	1	FALSE	FALSE
GTCCTCCTCACTAATC-1	MZ286197_1_ORF1	1	1	13	13	TRUE	TRUE
GTCCTCCTCAGGACGC-1	MZ286197_1_ORF1	0	0	1	2	FALSE	TRUE
GTCCTCCTCAGTAGTA-1	OZ258728_1_ORF2	1	0	8	9	TRUE	TRUE
GTCCTCCTCATCCCTT-1	OZ258728_1_ORF1	1	1	38	38	TRUE	TRUE
GTCCTCCTCCTCCTAT-1	OZ258728_1_ORF2	0	0	1	2	FALSE	TRUE
GTCCTCCTCCTGAGAG-1	OZ258728_1_ORF2	0	0	1	1	FALSE	FALSE
GTCCTCCTCGACGGGT-1	MZ286258_1_ORF2	1	0	8	8	TRUE	TRUE
GTCCTCCTCGGATGCA-1	OZ258728_1_ORF2	0	0	1	1	FALSE	FALSE
GTCCTCGAGAACCTAA-1	OZ258728_1_ORF1	1	0	6	6	TRUE	TRUE
GTCCTCGAGAGAGGTA-1	MZ286258_1_ORF2	0	0	3	4	TRUE	FALSE
GTCCTCGAGAGGAAGC-1	OP549859_1_ORF1	0	0	3	3	TRUE	TRUE
GTCCTCGAGATGGCGC-1	OZ258728_1_ORF2	0	0	1	1	FALSE	TRUE
GTCCTCGAGCCGTGAA-1	MZ286258_1_ORF2	0	0	1	1	FALSE	TRUE
GTCCTCGAGCCTAATT-1	OP549859_1_ORF2	0	0	1	1	FALSE	TRUE
GTCCTCGAGCTAGAGT-1	OZ258728_1_ORF2	0	0	1	1	FALSE	TRUE
GTCCTCGAGGCCTAAG-1	OP549859_1_ORF1	1	0	9	13	TRUE	TRUE
GTCCTCGAGGCTTAGG-1	MZ286188_1_ORF2	0	0	1	1	FALSE	TRUE
GTCCTCGAGGGCAACC-1	meGFP	1	1	12	12	TRUE	TRUE
GTCCTCGAGGGTGATT-1	MZ286102_1_ORF2	1	1	20	20	TRUE	TRUE
GTCCTCGAGTAGTGTA-1	MZ286258_1_ORF1	0	0	1	1	FALSE	FALSE
GTCCTCGAGTGTCCGT-1	MZ286102_1_ORF2	1	1	17	18	TRUE	TRUE
GTCCTGAGTAAGCCAA-1	meGFP	0	0	1	1	FALSE	FALSE
GTCCTGAGTAATGTCC-1	meGFP	0	0	1	1	FALSE	TRUE
GTCCTGAGTCCTGTGA-1	OP549859_1_ORF1	1	0	5	7	TRUE	TRUE
GTCCTGAGTGCCTGGT-1	MZ286102_1_ORF2	0	0	1	1	FALSE	FALSE
GTCCTGAGTGCGTGCT-1	OZ258728_1_ORF2	0	0	1	1	FALSE	TRUE
GTCCTGCCAACGTGCG-1	OP549859_1_ORF1	0	0	2	2	TRUE	TRUE
GTCCTGCCAACTATGG-1	OZ258728_1_ORF1	1	1	12	12	TRUE	TRUE
GTCCTGCCAAGAGGTG-1	OZ258728_1_ORF2	0	0	1	1	FALSE	TRUE
GTCCTGCCAAGGTGCT-1	MZ286197_1_ORF1	0	0	2	3	FALSE	TRUE
GTCCTGCCAAGTGACC-1	meGFP	0	0	1	1	FALSE	FALSE
GTCCTGCCAAGTGAGG-1	OZ258728_1_ORF1	0	0	1	1	FALSE	FALSE
GTCCTGCCACCCTGAC-1	MZ286258_1_ORF2	0	0	3	3	TRUE	TRUE
GTCCTGCCAGGTACAC-1	MZ286258_1_ORF2	1	0	6	6	TRUE	TRUE
GTCCTGCCATACCGGG-1	OP549859_1_ORF1	1	1	81	81	TRUE	TRUE
GTCCTGCCATCAGTCT-1	MZ286102_1_ORF2	0	0	1	2	FALSE	TRUE
GTCCTGCCATGCATCT-1	OP549859_1_ORF2	1	1	12	12	TRUE	TRUE
GTCCTGCCATGTCCAT-1	MZ286258_1_ORF2	1	0	4	5	TRUE	TRUE
GTCGAATAGAACCGTG-1	OZ258728_1_ORF2	0	0	3	3	TRUE	TRUE
GTCGAATAGAGATTGC-1	MZ286102_1_ORF2	1	1	13	13	TRUE	TRUE
GTCGAATAGATTGGTA-1	MZ286258_1_ORF2	1	1	12	12	TRUE	TRUE
GTCGAATAGCCAACCT-1	MZ286197_1_ORF1	1	0	9	10	TRUE	TRUE
GTCGAATAGGACACCA-1	OZ258728_1_ORF2	2	1	18	23	TRUE	TRUE
GTCGAATAGGAGTCTG-1	MZ286102_1_ORF2	0	0	1	1	FALSE	TRUE
GTCGAATAGGATCGCA-1	OP549859_1_ORF1	0	0	1	1	FALSE	FALSE
GTCGAATAGGCATCCT-1	MZ286197_1_ORF1	0	0	1	1	FALSE	FALSE
GTCGAATAGGGAGACG-1	OP549859_1_ORF2	0	0	2	3	FALSE	TRUE
GTCGAATAGGGAGTAA-1	meGFP	1	0	5	6	TRUE	TRUE
GTCGAATAGGGTGATT-1	MZ286188_1_ORF1	1	0	6	6	TRUE	TRUE
GTCGAATAGTAATCCT-1	OZ258728_1_ORF2	0	0	2	4	FALSE	TRUE
GTCGAATAGTCTAGTT-1	MZ286197_1_ORF1	0	0	1	1	FALSE	FALSE
GTCGAATAGTGTGATA-1	MZ286197_1_ORF1	0	0	2	2	TRUE	TRUE
GTCGAATAGTTAACCT-1	meGFP	1	1	14	14	TRUE	TRUE
GTCGAATAGTTACACT-1	OZ258728_1_ORF2	0	0	1	1	FALSE	FALSE
GTCGACTTCACTCGCG-1	OZ258728_1_ORF2	1	1	107	107	TRUE	TRUE
GTCGACTTCAGTAGTA-1	OZ258728_1_ORF2	1	1	47	47	TRUE	TRUE
GTCGACTTCCGTGGAA-1	OZ258728_1_ORF2	0	0	1	1	FALSE	FALSE
GTCGACTTCGATGGAT-1	MZ286188_1_ORF2	0	0	1	1	FALSE	TRUE
GTCGACTTCGCGCCTA-1	OZ258728_1_ORF2	0	0	1	2	FALSE	TRUE
GTCGACTTCTAATTGC-1	OZ258728_1_ORF2	0	0	1	1	FALSE	FALSE
GTCGACTTCTAGTCAT-1	MZ286258_1_ORF2	1	1	20	22	TRUE	TRUE
GTCGCAAAGAGTTAGC-1	meGFP	0	0	1	1	FALSE	TRUE
GTCGCAAAGCCTTCCC-1	OZ258728_1_ORF2	1	1	13	13	TRUE	TRUE
GTCGCAAAGCGGATCA-1	MZ286258_1_ORF2	0	0	1	1	FALSE	TRUE
GTCGCAAAGCGTTCGT-1	OZ258728_1_ORF2	0	0	1	3	FALSE	TRUE
GTCGCAAAGCTGGGTA-1	MZ286258_1_ORF2	1	0	9	9	TRUE	TRUE
GTCGCAAAGGAATGAG-1	MZ286102_1_ORF2	1	1	14	14	TRUE	TRUE
GTCGCAAAGGAGTCTG-1	OP549859_1_ORF1	0	0	1	2	FALSE	TRUE
GTCGCAAAGGATCGTG-1	MZ286102_1_ORF2	0	0	1	2	FALSE	TRUE
GTCGCAAAGGGCACTA-1	MZ286197_1_ORF1	1	1	19	20	TRUE	TRUE
GTCGCAAAGGGCTGGT-1	OP549859_1_ORF1	1	1	44	44	TRUE	TRUE
GTCGCAAAGGTTGGGC-1	meGFP	2	1	56	60	TRUE	TRUE
GTCGCAAAGTAAGGTC-1	MZ286102_1_ORF2	1	0	6	7	TRUE	TRUE
GTCGCAAAGTGGAGCC-1	meGFP	1	1	53	53	TRUE	TRUE
GTCGCACGTAGTCCTG-1	MZ286197_1_ORF1	0	0	1	1	FALSE	FALSE
GTCGCACGTCCTCACT-1	MZ286258_1_ORF2	1	1	12	14	TRUE	TRUE
GTCGCACGTCGCGAGA-1	OZ258728_1_ORF2	0	0	1	1	FALSE	FALSE
GTCGCACGTCGTTGGC-1	meGFP	1	0	6	6	TRUE	TRUE
GTCGCACGTGGCCGTT-1	OZ258728_1_ORF2	0	0	1	1	FALSE	TRUE
GTCGCACGTGTTGCAT-1	MZ286258_1_ORF2	1	0	4	6	TRUE	TRUE
GTCGCACGTTCAAGTC-1	meGFP	0	0	1	1	FALSE	TRUE
GTCGCACGTTCACGAT-1	OP549859_1_ORF2	0	0	1	1	FALSE	FALSE
GTCGCACGTTGCGGTC-1	OZ258728_1_ORF2	1	0	9	13	TRUE	TRUE
GTCGCACGTTGGACTT-1	OP549859_1_ORF2	0	0	1	1	FALSE	FALSE
GTCGCACGTTGTCTAA-1	MZ286258_1_ORF2	1	1	10	12	TRUE	TRUE
GTCGCACGTTTAATCG-1	OZ258728_1_ORF1	1	0	7	7	TRUE	TRUE
GTCGCACGTTTAGGCT-1	meGFP	1	0	6	6	TRUE	TRUE
GTCGCATTCCCATTGA-1	MZ286258_1_ORF2	1	1	10	11	TRUE	TRUE
GTCGCATTCGACCCAT-1	OZ258728_1_ORF2	0	0	1	3	FALSE	TRUE
GTCGCATTCGCACTTA-1	MZ286102_1_ORF2	0	0	3	4	TRUE	TRUE
GTCGCATTCGTCATGC-1	MZ286258_1_ORF2	0	0	1	1	FALSE	FALSE
GTCGCATTCTCGCTCC-1	OZ258728_1_ORF2	0	0	1	1	FALSE	FALSE
GTCGCGCTCATGGAAC-1	OZ258728_1_ORF2	1	1	64	69	TRUE	TRUE
GTCGCGCTCCAGACTC-1	OZ258728_1_ORF2	0	0	1	1	FALSE	FALSE
GTCGCGCTCGGGAACC-1	OZ258728_1_ORF2	0	0	1	1	FALSE	FALSE
GTCGCGCTCTCACGTA-1	meGFP	1	1	23	23	TRUE	TRUE
GTCGCGCTCTGGTTGC-1	OZ258728_1_ORF2	0	0	1	1	FALSE	FALSE
GTCGCGCTCTGTGGAG-1	OZ258728_1_ORF2	0	0	2	2	TRUE	FALSE
GTCGCTAGTACCGACC-1	OZ258728_1_ORF1	0	0	1	1	FALSE	FALSE
GTCGCTAGTACGTTCG-1	OZ258728_1_ORF2	0	0	1	1	FALSE	FALSE
GTCGCTAGTACTGCCA-1	OZ258728_1_ORF1	0	0	1	1	FALSE	FALSE
GTCGCTAGTAGTCCTG-1	OZ258728_1_ORF1	0	0	1	1	FALSE	TRUE
GTCGCTAGTATAGACG-1	meGFP	1	1	44	44	TRUE	TRUE
GTCGCTAGTATGTGGA-1	OZ258728_1_ORF1	1	1	21	21	TRUE	TRUE
GTCGCTAGTCTTGCTC-1	MZ286188_1_ORF1	1	1	52	52	TRUE	TRUE
GTCGCTAGTGCAAGCG-1	MZ286258_1_ORF2	1	1	21	21	TRUE	TRUE
GTCGCTAGTGTCAGTT-1	MZ286258_1_ORF2	0	0	1	1	FALSE	TRUE
GTCGCTAGTTAACGAG-1	MZ286197_1_ORF1	0	0	1	1	FALSE	TRUE
GTCGCTAGTTAGATGG-1	MZ286188_1_ORF1	0	0	2	4	FALSE	TRUE
GTCGCTAGTTTCAAGC-1	MZ286188_1_ORF2	0	0	1	1	FALSE	FALSE
GTCGCTAGTTTGGGTT-1	OP549859_1_ORF1	0	0	1	1	FALSE	FALSE
GTCGCTCCAAACCACA-1	MZ286258_1_ORF2	0	0	1	1	FALSE	TRUE
GTCGCTCCAAGGTGCT-1	OP549859_1_ORF2	1	1	22	25	TRUE	TRUE
GTCGCTCCAATGTAAC-1	OP549859_1_ORF1	1	1	35	35	TRUE	TRUE
GTCGCTCCAGCATCAA-1	meGFP	1	1	87	87	TRUE	TRUE
GTCGCTCCATATCGAG-1	MZ286258_1_ORF2	0	0	1	1	FALSE	FALSE
GTCGCTCCATGGAGCT-1	MZ286258_1_ORF1	1	0	4	4	TRUE	TRUE
GTCGGGGTCATCCCTT-1	meGFP	0	0	1	1	FALSE	FALSE
GTCGGGGTCATGGCTC-1	MZ286102_1_ORF2	1	0	9	9	TRUE	TRUE
GTCGGGGTCCACCAAC-1	MZ286258_1_ORF2	0	0	1	1	FALSE	FALSE
GTCGGGGTCCCAGTGT-1	OZ258728_1_ORF2	0	0	1	1	FALSE	FALSE
GTCGGGGTCCCATCGG-1	OP549859_1_ORF1	0	0	1	1	FALSE	TRUE
GTCGGGGTCGGTCGAA-1	meGFP	0	0	1	1	FALSE	FALSE
GTCGGGGTCGTCATGC-1	MZ286102_1_ORF2	1	0	8	8	TRUE	TRUE
GTCGGGGTCGTGCTAC-1	OZ258728_1_ORF2	1	1	44	44	TRUE	TRUE
GTCGGGGTCTAATGGA-1	MZ286102_1_ORF2	1	1	10	10	TRUE	TRUE
GTCGGGGTCTCGAAGG-1	OP549859_1_ORF1	0	0	1	1	FALSE	TRUE
GTCGGGGTCTCGCTCC-1	MZ286188_1_ORF1	0	0	2	2	TRUE	TRUE
GTCGGTAAGAACGGCC-1	OZ258728_1_ORF1	0	0	1	1	FALSE	FALSE
GTCGGTAAGACGATAC-1	OP549859_1_ORF1	0	0	1	1	FALSE	FALSE
GTCGGTAAGAGCTGGC-1	OZ258728_1_ORF1	0	0	1	1	FALSE	FALSE
GTCGGTAAGAGGTTAC-1	OP549859_1_ORF1	0	0	1	1	FALSE	FALSE
GTCGGTAAGCTCGAAG-1	MZ286188_1_ORF1	1	1	13	14	TRUE	TRUE
GTCGGTAAGGATGGTT-1	OZ258728_1_ORF2	0	0	1	1	FALSE	FALSE
GTCGGTAAGGCTACAG-1	MZ286258_1_ORF2	0	0	1	1	FALSE	TRUE
GTCGGTAAGGGCTGGT-1	MZ286188_1_ORF1	0	0	1	1	FALSE	TRUE
GTCGGTAAGGGGTTCA-1	OP549859_1_ORF2	0	0	2	2	TRUE	TRUE
GTCGGTAAGTGCTGCT-1	OZ258728_1_ORF2	0	0	1	1	FALSE	FALSE
GTCGGTAAGTTAGGTA-1	MZ286258_1_ORF1	0	0	1	2	FALSE	TRUE
GTCGTAACAAACTAAC-1	MZ286197_1_ORF1	1	0	4	4	TRUE	TRUE
GTCGTAACAACAGGCT-1	OZ258728_1_ORF2	0	0	1	1	FALSE	FALSE
GTCGTAACAACCGTGG-1	OP549859_1_ORF2	1	1	21	22	TRUE	TRUE
GTCGTAACAACTTCGT-1	OZ258728_1_ORF2	0	0	2	2	TRUE	TRUE
GTCGTAACAATGTCCT-1	MZ286197_1_ORF1	0	0	1	1	FALSE	FALSE
GTCGTAACACAAGGGA-1	OZ258728_1_ORF1	1	1	25	26	TRUE	TRUE
GTCGTAACACCAATGA-1	MZ286102_1_ORF2	1	1	11	11	TRUE	TRUE
GTCGTAACACGTGAGT-1	MZ286188_1_ORF1	1	1	10	12	TRUE	TRUE
GTCGTAACACTACGGG-1	OZ258728_1_ORF1	0	0	1	1	FALSE	TRUE
GTCGTAACAGGTACAC-1	OZ258728_1_ORF1	0	0	1	1	FALSE	TRUE
GTCGTCCCAAGATGAA-1	MZ286197_1_ORF1	1	0	8	10	TRUE	TRUE
GTCGTCCCACAAGGCT-1	OP549859_1_ORF1	0	0	1	2	FALSE	TRUE
GTCGTCCCACTTCAAC-1	OZ258728_1_ORF2	0	0	1	1	FALSE	TRUE
GTCGTCCCAGAACTAT-1	MZ286258_1_ORF1	0	0	1	1	FALSE	FALSE
GTCGTCCCAGATATAC-1	MZ286258_1_ORF1	1	1	29	30	TRUE	TRUE
GTCGTCCCAGCCAACG-1	MZ286102_1_ORF2	0	0	1	1	FALSE	TRUE
GTCGTCCCAGCTTAGA-1	MZ286258_1_ORF2	0	0	1	1	FALSE	TRUE
GTCGTCCCAGGTACAC-1	MZ286102_1_ORF2	1	0	7	7	TRUE	TRUE
GTCGTCCCATCCCAAT-1	MZ286102_1_ORF2	0	0	1	1	FALSE	FALSE
GTCGTCCCATCCGCAC-1	MZ286102_1_ORF2	1	0	6	6	TRUE	TRUE
GTCGTCCCATGAACCA-1	MZ286102_1_ORF2	0	0	2	2	TRUE	TRUE
GTCGTCCCATGGTAAT-1	MZ286258_1_ORF2	0	0	1	1	FALSE	FALSE
GTCGTCCCATGGTCCC-1	MZ286188_1_ORF2	0	0	1	1	FALSE	FALSE
GTCGTCCCATTAGGGC-1	MZ286102_1_ORF2	0	0	1	1	FALSE	TRUE
GTCTAAGCAAACGGCT-1	meGFP	1	0	8	8	TRUE	TRUE
GTCTAAGCAACCGTGG-1	MZ286258_1_ORF2	0	0	1	1	FALSE	TRUE
GTCTAAGCACCTCTCT-1	OZ258728_1_ORF2	1	1	77	78	TRUE	TRUE
GTCTAAGCACGCTACC-1	OZ258728_1_ORF2	0	0	1	1	FALSE	FALSE
GTCTAAGCAGATTAGT-1	meGFP	1	1	17	17	TRUE	TRUE
GTCTAAGCAGTGAATT-1	OP549859_1_ORF2	1	0	5	8	TRUE	TRUE
GTCTAAGCATAGGCAC-1	meGFP	1	1	10	10	TRUE	TRUE
GTCTAAGCATCGCTCA-1	MZ286102_1_ORF2	0	0	1	1	FALSE	FALSE
GTCTATCCAAACGGCT-1	MZ286258_1_ORF2	1	0	7	7	TRUE	TRUE
GTCTATCCAACCCAGG-1	OZ258728_1_ORF2	0	0	2	2	TRUE	TRUE
GTCTATCCACACACTT-1	MZ286102_1_ORF2	0	0	2	2	TRUE	TRUE
GTCTATCCACCACAGG-1	meGFP	0	0	2	2	TRUE	TRUE
GTCTATCCACCGGTAG-1	MZ286197_1_ORF2	0	0	1	1	FALSE	TRUE
GTCTATCCACTCGTCA-1	meGFP	2	1	27	32	TRUE	TRUE
GTCTATCCAGACATTG-1	MZ286188_1_ORF2	0	0	2	3	FALSE	TRUE
GTCTATCCAGATACAT-1	MZ286188_1_ORF2	0	0	1	2	FALSE	TRUE
GTCTATCCAGATAGGG-1	MZ286258_1_ORF1	1	0	5	5	TRUE	TRUE
GTCTATCCAGGTACGT-1	meGFP	1	1	54	54	TRUE	TRUE
GTCTATCCATATGAAC-1	MZ286197_1_ORF1	1	0	4	4	TRUE	TRUE
GTCTATCCATCCTTCC-1	OZ258728_1_ORF2	0	0	1	1	FALSE	FALSE
GTCTATCCATGCAGAC-1	meGFP	0	0	3	9	FALSE	TRUE
GTCTATCCATGCCCTA-1	MZ286197_1_ORF2	0	0	2	2	TRUE	TRUE
GTCTATCCATGTCTGT-1	OZ258728_1_ORF2	1	1	47	47	TRUE	TRUE
GTCTCCTGTAACCTAC-1	OZ258728_1_ORF2	0	0	1	1	FALSE	FALSE
GTCTCCTGTCCATCCT-1	MZ286102_1_ORF2	1	1	19	20	TRUE	TRUE
GTCTCCTGTCTCCTTA-1	MZ286197_1_ORF1	0	0	1	1	FALSE	FALSE
GTCTCCTGTGAGAGGA-1	MZ286102_1_ORF1	0	0	1	1	FALSE	FALSE
GTCTCCTGTGCGCATC-1	MZ286197_1_ORF2	0	0	1	1	FALSE	FALSE
GTCTCCTGTGGGTAAC-1	OZ258728_1_ORF2	0	0	1	1	FALSE	FALSE
GTCTCCTGTGTCGAGG-1	MZ286258_1_ORF1	1	0	7	7	TRUE	TRUE
GTCTCCTGTTACGGAA-1	OZ258728_1_ORF2	0	0	1	1	FALSE	FALSE
GTCTCCTGTTATGCAC-1	meGFP	0	0	1	1	FALSE	TRUE
GTCTCCTGTTCGCTTC-1	MZ286197_1_ORF2	0	0	3	4	TRUE	TRUE
GTCTGTATCCAAGTAA-1	OZ258728_1_ORF2	0	0	1	1	FALSE	FALSE
GTCTGTATCCATCGCG-1	OZ258728_1_ORF1	1	1	12	12	TRUE	TRUE
GTCTGTATCCCGATAC-1	OP549859_1_ORF1	0	0	1	1	FALSE	FALSE
GTCTGTATCCTGCCTC-1	MZ286197_1_ORF1	1	0	9	9	TRUE	TRUE
GTCTGTATCGCCAGTT-1	MZ286188_1_ORF1	1	1	20	20	TRUE	TRUE
GTCTGTATCTCACGCG-1	OZ258728_1_ORF2	0	0	1	1	FALSE	FALSE
GTCTGTATCTCAGCAC-1	meGFP	0	0	2	5	FALSE	FALSE
GTCTGTATCTCTGTGA-1	MZ286197_1_ORF2	1	0	4	5	TRUE	TRUE
GTCTGTATCTGTGGCT-1	meGFP	1	1	94	94	TRUE	TRUE
GTCTTACCAACACCAA-1	MZ286258_1_ORF2	1	1	15	17	TRUE	TRUE
GTCTTACCAACAGAGG-1	OZ258728_1_ORF2	0	0	1	1	FALSE	FALSE
GTCTTACCAAGCGTTA-1	MZ286102_1_ORF2	0	0	1	1	FALSE	FALSE
GTCTTACCAATCTCAC-1	MZ286102_1_ORF2	1	0	9	12	TRUE	TRUE
GTCTTACCACCACAGG-1	MZ286102_1_ORF2	1	0	8	8	TRUE	TRUE
GTCTTACCACCATGCC-1	MZ286102_1_ORF2	1	0	4	4	TRUE	TRUE
GTCTTACCACCGGTAG-1	OP549859_1_ORF2	0	0	1	1	FALSE	FALSE
GTCTTACCACTCATAC-1	OZ258728_1_ORF2	0	0	1	1	FALSE	TRUE
GTCTTACCACTTGGAA-1	MZ286102_1_ORF2	1	1	15	16	TRUE	TRUE
GTCTTACCAGACACAC-1	MZ286258_1_ORF1	0	0	1	1	FALSE	FALSE
GTCTTACCAGCCAACG-1	OZ258728_1_ORF2	1	1	119	119	TRUE	TRUE
GTCTTACCAGGAAGCA-1	OZ258728_1_ORF2	0	0	1	1	FALSE	FALSE
GTCTTACCAGTAGGAG-1	MZ286197_1_ORF1	0	0	1	2	FALSE	TRUE
GTCTTACCATACCGTT-1	MZ286188_1_ORF1	0	0	1	1	FALSE	TRUE
GTCTTACCATCCATAC-1	MZ286188_1_ORF1	1	0	8	8	TRUE	TRUE
GTCTTACCATGGTGTA-1	OZ258728_1_ORF2	0	0	1	3	FALSE	TRUE
GTCTTGATCAAGCTCC-1	MZ286102_1_ORF2	0	0	1	1	FALSE	TRUE
GTCTTGATCCCTCTAT-1	OZ258728_1_ORF2	0	0	1	1	FALSE	FALSE
GTCTTGATCGAATGAC-1	MZ286197_1_ORF2	0	0	1	1	FALSE	TRUE
GTCTTGATCTCGAAGG-1	MZ286197_1_ORF1	0	0	1	1	FALSE	FALSE
GTCTTGATCTTCGGCG-1	OZ258728_1_ORF2	1	1	52	52	TRUE	TRUE
GTGAAGCGTAGCGTGG-1	OP549859_1_ORF2	1	1	12	12	TRUE	TRUE
GTGAAGCGTATTGGCT-1	OZ258728_1_ORF2	0	0	1	1	FALSE	TRUE
GTGAAGCGTCAAGTTC-1	OP549859_1_ORF1	0	0	2	3	FALSE	TRUE
GTGAAGCGTCTGCACA-1	MZ286102_1_ORF2	1	0	5	6	TRUE	TRUE
GTGAAGCGTGCCCAAC-1	MZ286188_1_ORF1	0	0	1	1	FALSE	FALSE
GTGAAGCGTGTCAGTT-1	MZ286258_1_ORF1	0	0	1	1	FALSE	TRUE
GTGAAGCGTGTGTCAT-1	MZ286258_1_ORF2	1	0	8	8	TRUE	TRUE
GTGAAGCGTTACGCCA-1	OZ258728_1_ORF1	0	0	1	2	FALSE	FALSE
GTGAAGCGTTCTGTCC-1	MZ286258_1_ORF2	0	0	1	3	FALSE	TRUE
GTGAATGGTAAGCATG-1	meGFP	0	0	3	3	TRUE	TRUE
GTGAATGGTATCCCGA-1	OZ258728_1_ORF2	0	0	2	3	FALSE	TRUE
GTGAATGGTCGGGCTT-1	MZ286258_1_ORF1	0	0	1	1	FALSE	FALSE
GTGAATGGTGCAGCCT-1	MZ286102_1_ORF2	0	0	1	1	FALSE	FALSE
GTGAATGGTGGAAGCT-1	OP549859_1_ORF1	1	0	8	9	TRUE	TRUE
GTGAATGGTTATCCGG-1	OZ258728_1_ORF1	0	0	1	2	FALSE	TRUE
GTGAATGGTTCCAACG-1	meGFP	1	0	4	4	TRUE	TRUE
GTGAATGGTTGACCGC-1	OZ258728_1_ORF2	0	0	1	1	FALSE	TRUE
GTGAATGGTTGGTTAC-1	MZ286258_1_ORF2	1	1	14	14	TRUE	TRUE
GTGACCGCAAACGGGA-1	OP549859_1_ORF2	0	0	1	1	FALSE	TRUE
GTGACCGCAAACTAAC-1	meGFP	0	0	1	1	FALSE	TRUE
GTGACCGCAAAGTGCC-1	MZ286258_1_ORF1	0	0	1	1	FALSE	FALSE
GTGACCGCAACGAGCT-1	OZ258728_1_ORF2	0	0	1	1	FALSE	FALSE
GTGACCGCAATAGAGA-1	OP549859_1_ORF1	1	1	263	266	TRUE	TRUE
GTGACCGCAATAGCAT-1	OZ258728_1_ORF1	1	1	17	18	TRUE	TRUE
GTGACCGCAATGTCCT-1	MZ286258_1_ORF2	0	0	1	1	FALSE	FALSE
GTGACCGCACGGCTCT-1	meGFP	0	0	1	1	FALSE	TRUE
GTGACCGCACGTTACT-1	OP549859_1_ORF1	0	0	1	1	FALSE	FALSE
GTGACCGCAGAACCCG-1	MZ286258_1_ORF1	1	1	43	43	TRUE	TRUE
GTGACCGCAGAGAGAT-1	OP549859_1_ORF1	0	0	1	1	FALSE	FALSE
GTGACCGCAGCAGGAA-1	OZ258728_1_ORF2	0	0	1	1	FALSE	FALSE
GTGACCGCAGTAGGAG-1	OZ258728_1_ORF2	0	0	1	1	FALSE	FALSE
GTGACCGCATGCTCGC-1	MZ286188_1_ORF1	1	1	42	43	TRUE	TRUE
GTGAGATTCAAGCTAA-1	MZ286188_1_ORF1	1	1	23	23	TRUE	TRUE
GTGAGATTCAAGCTCC-1	MZ286102_1_ORF2	0	0	2	2	TRUE	TRUE
GTGAGATTCACCCTGG-1	OZ258728_1_ORF2	2	1	17	26	FALSE	TRUE
GTGAGATTCCGTGGTT-1	MZ286188_1_ORF1	0	0	1	1	FALSE	FALSE
GTGAGATTCCTCATAG-1	OZ258728_1_ORF2	1	1	59	60	TRUE	TRUE
GTGAGATTCCTCCTGC-1	OZ258728_1_ORF2	0	0	1	1	FALSE	TRUE
GTGAGATTCGACTCTA-1	MZ286102_1_ORF2	1	0	7	7	TRUE	TRUE
GTGAGATTCGGCCATT-1	meGFP	1	1	28	28	TRUE	TRUE
GTGAGATTCGTGAGGC-1	OZ258728_1_ORF2	0	0	1	1	FALSE	TRUE
GTGAGATTCTTCGCAA-1	MZ286258_1_ORF1	0	0	2	2	TRUE	TRUE
GTGAGGACAAAGGTCC-1	OZ258728_1_ORF2	0	0	1	1	FALSE	FALSE
GTGAGGACAAAGTCAT-1	meGFP	0	0	1	1	FALSE	TRUE
GTGAGGACAACAGGCT-1	OZ258728_1_ORF2	0	0	1	1	FALSE	FALSE
GTGAGGACAATTGCCT-1	OP549859_1_ORF2	0	0	3	3	TRUE	TRUE
GTGAGGACACCCAACC-1	MZ286102_1_ORF2	1	1	19	20	TRUE	TRUE
GTGAGGACACTTCGAT-1	MZ286258_1_ORF2	2	0	6	12	FALSE	TRUE
GTGAGGACAGAGCTTA-1	OP549859_1_ORF2	0	0	1	4	FALSE	TRUE
GTGAGGACAGGTAGCT-1	MZ286258_1_ORF1	0	0	1	1	FALSE	TRUE
GTGAGGACATGCAGAC-1	OP549859_1_ORF1	1	1	33	33	TRUE	TRUE
GTGAGGGAGCTATGAA-1	OZ258728_1_ORF1	0	0	1	1	FALSE	FALSE
GTGAGGGAGGACACCA-1	OP549859_1_ORF1	0	0	1	1	FALSE	TRUE
GTGAGGGAGGGCAATT-1	OP549859_1_ORF1	0	0	1	1	FALSE	FALSE
GTGAGGGAGTCAACTT-1	OZ258728_1_ORF1	0	0	2	2	TRUE	FALSE
GTGAGGGAGTCATTAC-1	MZ286258_1_ORF2	1	0	9	9	TRUE	TRUE
GTGAGGGAGTGCCCAT-1	OP549859_1_ORF1	0	0	1	1	FALSE	FALSE
GTGAGTAGTACAGGGT-1	MZ286258_1_ORF2	0	0	1	1	FALSE	FALSE
GTGAGTAGTAGACATG-1	MZ286188_1_ORF1	0	0	1	1	FALSE	TRUE
GTGAGTAGTAGCGTGG-1	MZ286197_1_ORF1	1	1	22	22	TRUE	TRUE
GTGAGTAGTAGCTGAA-1	MZ286197_1_ORF2	0	0	2	2	TRUE	TRUE
GTGAGTAGTATGGTTC-1	OZ258728_1_ORF2	0	0	1	1	FALSE	FALSE
GTGAGTAGTCGAGAGT-1	MZ286258_1_ORF2	0	0	1	2	FALSE	TRUE
GTGAGTAGTCGCATAT-1	MZ286197_1_ORF1	0	0	1	1	FALSE	FALSE
GTGAGTAGTGAGAGGA-1	MZ286258_1_ORF2	0	0	1	1	FALSE	FALSE
GTGAGTAGTGGCCAGA-1	OP549859_1_ORF1	0	0	1	1	FALSE	TRUE
GTGAGTAGTGTCAGTT-1	OZ258728_1_ORF2	0	0	1	1	FALSE	FALSE
GTGAGTAGTGTCTGTG-1	MZ286102_1_ORF1	1	1	12	12	TRUE	TRUE
GTGAGTAGTTACCGTG-1	OZ258728_1_ORF1	1	1	25	25	TRUE	TRUE
GTGAGTAGTTATAGGG-1	OP549859_1_ORF1	0	0	1	6	FALSE	TRUE
GTGAGTAGTTATCTCT-1	OP549859_1_ORF2	0	0	1	1	FALSE	TRUE
GTGAGTAGTTTGAACC-1	OP549859_1_ORF1	0	0	1	1	FALSE	TRUE
GTGAGTAGTTTGGATC-1	OZ258728_1_ORF2	0	0	1	1	FALSE	TRUE
GTGAGTTAGAATCGTA-1	MZ286188_1_ORF2	1	0	5	5	TRUE	TRUE
GTGAGTTAGACTTGGG-1	OZ258728_1_ORF2	0	0	1	1	FALSE	TRUE
GTGAGTTAGATCAAGC-1	OZ258728_1_ORF2	1	0	4	6	TRUE	TRUE
GTGAGTTAGATTCGGG-1	OZ258728_1_ORF2	0	0	1	1	FALSE	FALSE
GTGAGTTAGCCTGGAA-1	MZ286197_1_ORF2	0	0	1	1	FALSE	TRUE
GTGAGTTAGCGGTAAT-1	OP549859_1_ORF1	0	0	3	3	TRUE	TRUE
GTGAGTTAGGCACGGT-1	OP549859_1_ORF1	1	1	16	16	TRUE	TRUE
GTGAGTTAGGCACTTC-1	OZ258728_1_ORF2	0	0	1	1	FALSE	TRUE
GTGAGTTAGGCCATTC-1	meGFP	1	1	31	31	TRUE	TRUE
GTGAGTTAGGTCCACT-1	OZ258728_1_ORF2	0	0	1	2	FALSE	TRUE
GTGAGTTAGGTGGCTA-1	MZ286188_1_ORF1	1	1	13	13	TRUE	TRUE
GTGAGTTAGTATGGTA-1	MZ286188_1_ORF2	0	0	1	1	FALSE	TRUE
GTGAGTTAGTCAGCAG-1	OP549859_1_ORF1	0	0	2	2	TRUE	TRUE
GTGAGTTAGTGTCCGT-1	MZ286197_1_ORF1	0	0	1	1	FALSE	FALSE
GTGATGGTCACCCTGG-1	OZ258728_1_ORF2	0	0	1	1	FALSE	FALSE
GTGATGGTCAGGACGC-1	OP549859_1_ORF1	0	0	1	1	FALSE	FALSE
GTGATGGTCCACAGGA-1	MZ286102_1_ORF2	1	0	7	10	TRUE	TRUE
GTGATGGTCCATAGCC-1	MZ286258_1_ORF2	0	0	2	4	FALSE	FALSE
GTGATGGTCCCCTTCA-1	OZ258728_1_ORF2	0	0	1	1	FALSE	FALSE
GTGATGGTCGAACTAA-1	OP549859_1_ORF1	0	0	2	2	TRUE	FALSE
GTGATGGTCGCCTCTC-1	meGFP	0	0	1	1	FALSE	FALSE
GTGATGGTCGCCTGTG-1	meGFP	0	0	1	1	FALSE	FALSE
GTGATGGTCGCGAGGT-1	MZ286197_1_ORF2	1	0	8	9	TRUE	TRUE
GTGATGGTCGGGAAGG-1	meGFP	0	0	1	1	FALSE	FALSE
GTGATGGTCGTTCCGG-1	meGFP	1	1	75	75	TRUE	TRUE
GTGATGGTCTGGTTGC-1	MZ286258_1_ORF2	0	0	1	1	FALSE	FALSE
GTGATGGTCTGTATGT-1	OP549859_1_ORF2	1	1	11	11	TRUE	TRUE
GTGATTAAGAACCCAG-1	OP549859_1_ORF1	0	0	1	1	FALSE	TRUE
GTGATTAAGAGGGACG-1	MZ286102_1_ORF2	1	1	19	21	TRUE	TRUE
GTGATTAAGCGTGCAA-1	MZ286197_1_ORF1	0	0	1	1	FALSE	TRUE
GTGATTAAGGATGGCC-1	meGFP	0	0	1	1	FALSE	FALSE
GTGATTAAGGTAGGCC-1	OP549859_1_ORF1	0	0	1	1	FALSE	TRUE
GTGATTAAGTAACCAA-1	OZ258728_1_ORF1	1	1	13	13	TRUE	TRUE
GTGATTAAGTATCGAA-1	meGFP	0	0	1	1	FALSE	TRUE
GTGATTAAGTGCTGCT-1	meGFP	0	0	1	1	FALSE	FALSE
GTGATTAAGTTAAGTG-1	OZ258728_1_ORF1	0	0	1	1	FALSE	FALSE
GTGCAATAGAGTCGCA-1	OZ258728_1_ORF2	0	0	1	1	FALSE	TRUE
GTGCAATAGATGCCTC-1	meGFP	0	0	2	3	FALSE	TRUE
GTGCAATAGCACGTTC-1	MZ286258_1_ORF2	0	0	3	5	FALSE	TRUE
GTGCAATAGCAGCATG-1	MZ286197_1_ORF1	0	0	1	2	FALSE	TRUE
GTGCAATAGGACATAC-1	OP549859_1_ORF1	1	0	8	8	TRUE	TRUE
GTGCAATAGTGTGTCC-1	OZ258728_1_ORF2	1	1	10	11	TRUE	TRUE
GTGCAATAGTTGCACC-1	OZ258728_1_ORF2	0	0	1	1	FALSE	FALSE
GTGCACGCAAATCAGT-1	OP549859_1_ORF2	0	0	1	1	FALSE	FALSE
GTGCACGCAACAGGCT-1	OZ258728_1_ORF2	0	0	1	1	FALSE	FALSE
GTGCACGCAACCTCAT-1	OZ258728_1_ORF2	0	0	1	1	FALSE	TRUE
GTGCACGCAACGTGCG-1	MZ286258_1_ORF2	1	0	4	4	TRUE	TRUE
GTGCACGCAAGGTGCT-1	MZ286102_1_ORF1	0	0	1	1	FALSE	TRUE
GTGCACGCAATTGAAC-1	MZ286102_1_ORF1	0	0	1	2	FALSE	TRUE
GTGCACGCAGATTAGT-1	MZ286258_1_ORF1	1	0	5	5	TRUE	TRUE
GTGCACGCAGGCATTA-1	OP549859_1_ORF1	1	1	15	15	TRUE	TRUE
GTGCACGCATACCGGG-1	OZ258728_1_ORF2	2	1	126	131	TRUE	TRUE
GTGCACGCATCAGGGT-1	MZ286188_1_ORF2	1	0	4	7	TRUE	TRUE
GTGCACGCATCCATAC-1	OP549859_1_ORF1	0	0	1	1	FALSE	FALSE
GTGCACGCATGCAGGT-1	OP549859_1_ORF1	0	0	1	1	FALSE	FALSE
GTGCACGCATGCGTGG-1	MZ286197_1_ORF2	0	0	1	1	FALSE	TRUE
GTGCATTGTAAGCTAG-1	OP549859_1_ORF2	0	0	1	1	FALSE	TRUE
GTGCATTGTACGTTCG-1	MZ286258_1_ORF2	0	0	1	3	FALSE	TRUE
GTGCATTGTAGGATAT-1	MZ286258_1_ORF2	0	0	1	1	FALSE	TRUE
GTGCATTGTAGGTCAA-1	OZ258728_1_ORF2	0	0	1	1	FALSE	TRUE
GTGCATTGTCACACCA-1	meGFP	0	0	1	1	FALSE	FALSE
GTGCATTGTCAGGAGT-1	meGFP	0	0	1	1	FALSE	TRUE
GTGCATTGTCTGGTCA-1	meGFP	0	0	1	1	FALSE	FALSE
GTGCATTGTCTTGCTC-1	MZ286258_1_ORF1	1	0	7	8	TRUE	TRUE
GTGCATTGTGCGTACC-1	OP549859_1_ORF1	0	0	1	1	FALSE	TRUE
GTGCATTGTGCTTAAC-1	MZ286258_1_ORF1	1	0	5	5	TRUE	TRUE
GTGCATTGTGCTTCCT-1	MZ286188_1_ORF1	0	0	3	4	TRUE	TRUE
GTGCATTGTGGCGTGA-1	meGFP	0	0	1	1	FALSE	FALSE
GTGCATTGTTGGTTAC-1	OP549859_1_ORF1	0	0	1	1	FALSE	FALSE
GTGCATTGTTTCCAGG-1	OP549859_1_ORF1	0	0	1	1	FALSE	FALSE
GTGCATTGTTTGAACC-1	meGFP	0	0	1	1	FALSE	FALSE
GTGCCCATCAACCGGA-1	OP549859_1_ORF1	1	0	6	6	TRUE	TRUE
GTGCCCATCAATCACT-1	OZ258728_1_ORF2	0	0	1	1	FALSE	FALSE
GTGCCCATCAATGTGA-1	OP549859_1_ORF1	1	0	6	7	TRUE	TRUE
GTGCCCATCACCACGT-1	MZ286258_1_ORF2	0	0	1	1	FALSE	FALSE
GTGCCCATCAGTAGTA-1	OP549859_1_ORF1	0	0	3	3	TRUE	FALSE
GTGCCCATCCACCAGT-1	OZ258728_1_ORF2	0	0	1	3	FALSE	TRUE
GTGCCCATCCATAGGG-1	OZ258728_1_ORF2	1	1	61	62	TRUE	TRUE
GTGCCCATCCCCTTCA-1	MZ286188_1_ORF2	0	0	2	2	TRUE	TRUE
GTGCCCATCGACGGGT-1	MZ286258_1_ORF2	1	1	17	17	TRUE	TRUE
GTGCCCATCGATGTCC-1	MZ286102_1_ORF1	0	0	1	1	FALSE	TRUE
GTGCCCATCGCGAGGT-1	MZ286258_1_ORF2	0	0	1	1	FALSE	FALSE
GTGCCCATCGCGCCTA-1	MZ286188_1_ORF1	1	1	43	44	TRUE	TRUE
GTGCCCATCGGGAACC-1	MZ286197_1_ORF1	0	0	1	1	FALSE	TRUE
GTGCCCATCGGGATTG-1	OZ258728_1_ORF2	0	0	1	1	FALSE	FALSE
GTGCCCATCGGTTAGG-1	OP549859_1_ORF2	1	1	18	20	TRUE	TRUE
GTGCCCATCGTCACCG-1	MZ286188_1_ORF2	0	0	1	1	FALSE	TRUE
GTGCCCATCTCGAAGG-1	OZ258728_1_ORF1	1	1	31	31	TRUE	TRUE
GTGCCCATCTCTGTGA-1	OZ258728_1_ORF2	0	0	2	2	TRUE	TRUE
GTGCCCATCTGCAATT-1	OP549859_1_ORF1	0	0	1	2	FALSE	TRUE
GTGCCCATCTGCCTGG-1	OZ258728_1_ORF2	0	0	1	1	FALSE	FALSE
GTGCCCATCTGGATGG-1	OZ258728_1_ORF1	0	0	3	3	TRUE	TRUE
GTGCGCCTCACGTGCT-1	OZ258728_1_ORF2	2	1	56	64	TRUE	TRUE
GTGCGCCTCCGGATGA-1	OZ258728_1_ORF1	0	0	1	1	FALSE	FALSE
GTGCGCCTCTTAGTGT-1	OP549859_1_ORF2	0	0	1	1	FALSE	FALSE
GTGCGGAGTACAGGGT-1	MZ286188_1_ORF1	0	0	2	4	FALSE	TRUE
GTGCGGAGTACCGACC-1	OZ258728_1_ORF1	0	0	1	1	FALSE	FALSE
GTGCGGAGTAGTCCTG-1	OZ258728_1_ORF2	1	1	28	28	TRUE	TRUE
GTGCGGAGTAGTCGGG-1	MZ286258_1_ORF2	0	0	3	3	TRUE	TRUE
GTGCGGAGTCCGGGTT-1	MZ286258_1_ORF2	1	1	12	13	TRUE	TRUE
GTGCGGAGTCGGGCTT-1	MZ286258_1_ORF2	0	0	1	1	FALSE	FALSE
GTGCGGAGTCTCCTTA-1	meGFP	0	0	1	1	FALSE	FALSE
GTGCGGAGTGGCCATC-1	MZ286188_1_ORF2	0	0	2	2	TRUE	TRUE
GTGCGGAGTGGTGATA-1	meGFP	0	0	1	1	FALSE	FALSE
GTGCGGAGTTACTTGA-1	OZ258728_1_ORF2	0	0	1	1	FALSE	FALSE
GTGCGGAGTTCGATTA-1	meGFP	1	1	59	59	TRUE	TRUE
GTGCGGAGTTGTCCTC-1	meGFP	0	0	1	3	FALSE	TRUE
GTGCGGAGTTTAATCG-1	meGFP	0	0	2	2	TRUE	TRUE
GTGCGGGTCACGGTAG-1	OZ258728_1_ORF2	0	0	1	1	FALSE	TRUE
GTGCGGGTCATACAGA-1	OZ258728_1_ORF2	0	0	1	1	FALSE	FALSE
GTGCGGGTCCATGACC-1	OZ258728_1_ORF2	0	0	1	1	FALSE	TRUE
GTGCGGGTCCTCGACG-1	MZ286197_1_ORF1	0	0	3	3	TRUE	FALSE
GTGCGGGTCTCTCGCC-1	OZ258728_1_ORF1	0	0	1	2	FALSE	TRUE
GTGCGGGTCTGCAATT-1	OZ258728_1_ORF2	0	0	1	1	FALSE	TRUE
GTGCGGGTCTGCCACG-1	OZ258728_1_ORF1	0	0	1	1	FALSE	TRUE
GTGCGGGTCTTCGCAA-1	MZ286102_1_ORF2	1	0	4	4	TRUE	TRUE
GTGCTACTCACGAAGT-1	MZ286188_1_ORF1	0	0	1	2	FALSE	FALSE
GTGCTACTCAGTGTGG-1	OZ258728_1_ORF2	1	1	145	145	TRUE	TRUE
GTGCTACTCATAGAGC-1	MZ286197_1_ORF1	0	0	1	1	FALSE	TRUE
GTGCTACTCCCGCTGA-1	OZ258728_1_ORF2	0	0	1	1	FALSE	TRUE
GTGCTACTCCGACATC-1	OZ258728_1_ORF1	1	1	33	33	TRUE	TRUE
GTGCTACTCGCACCAT-1	meGFP	0	0	1	1	FALSE	TRUE
GTGCTACTCGTGAAGT-1	OZ258728_1_ORF1	1	0	6	6	TRUE	FALSE
GTGCTACTCGTGCTGT-1	OZ258728_1_ORF2	0	0	1	1	FALSE	FALSE
GTGCTTCAGAACCCAG-1	OP549859_1_ORF1	1	1	25	25	TRUE	TRUE
GTGCTTCAGCGCAAGC-1	OP549859_1_ORF2	1	0	5	6	TRUE	TRUE
GTGCTTCAGGCATCCT-1	OZ258728_1_ORF2	0	0	1	1	FALSE	FALSE
GTGCTTCAGGGCGTAC-1	MZ286102_1_ORF2	1	1	14	15	TRUE	TRUE
GTGCTTCAGTCCACGT-1	OZ258728_1_ORF2	0	0	1	1	FALSE	FALSE
GTGCTTCAGTTGAATG-1	MZ286102_1_ORF2	1	1	12	13	TRUE	TRUE
GTGCTTTCAACTGCCC-1	MZ286102_1_ORF1	0	0	1	2	FALSE	TRUE
GTGCTTTCAACTTCGT-1	meGFP	1	1	13	14	TRUE	TRUE
GTGCTTTCACAAGGCT-1	MZ286102_1_ORF2	1	0	6	6	TRUE	TRUE
GTGCTTTCACATAGTG-1	OZ258728_1_ORF2	0	0	1	1	FALSE	FALSE
GTGCTTTCACGATCCC-1	OZ258728_1_ORF2	0	0	1	1	FALSE	FALSE
GTGCTTTCACGATGTA-1	OZ258728_1_ORF2	1	1	136	136	TRUE	TRUE
GTGCTTTCAGATTAGT-1	OZ258728_1_ORF2	0	0	1	1	FALSE	FALSE
GTGCTTTCAGATTGGC-1	OZ258728_1_ORF2	1	1	105	105	TRUE	TRUE
GTGCTTTCAGTGTGAC-1	MZ286102_1_ORF1	1	1	12	18	TRUE	TRUE
GTGCTTTCATCCATAC-1	MZ286258_1_ORF2	1	0	8	8	TRUE	TRUE
GTGCTTTCATGCGTGG-1	OP549859_1_ORF1	0	0	1	1	FALSE	FALSE
GTGCTTTCATGCTGAA-1	OP549859_1_ORF1	0	0	1	1	FALSE	FALSE
GTGGACATCACACACC-1	meGFP	1	0	7	7	TRUE	TRUE
GTGGACATCACTAGGG-1	OZ258728_1_ORF1	0	0	1	1	FALSE	TRUE
GTGGACATCCCTCTAT-1	MZ286258_1_ORF1	0	0	2	2	TRUE	TRUE
GTGGACATCCTACGGT-1	OP549859_1_ORF2	1	0	4	4	TRUE	TRUE
GTGGACATCCTGGGAA-1	OZ258728_1_ORF2	0	0	1	2	FALSE	TRUE
GTGGACATCGACACAG-1	OZ258728_1_ORF2	0	0	2	2	TRUE	TRUE
GTGGACATCTAATGGA-1	OP549859_1_ORF1	1	1	59	60	TRUE	TRUE
GTGGACATCTTCATCC-1	OP549859_1_ORF1	0	0	1	1	FALSE	FALSE
GTGGCCCTCAATGTGA-1	meGFP	0	0	1	1	FALSE	TRUE
GTGGCCCTCACGGTAG-1	MZ286258_1_ORF2	2	1	13	20	FALSE	TRUE
GTGGCCCTCCCCTTCA-1	OP549859_1_ORF1	0	0	1	1	FALSE	FALSE
GTGGCCCTCCGAACGA-1	MZ286197_1_ORF1	0	0	1	1	FALSE	FALSE
GTGGCCCTCCGGATGA-1	OP549859_1_ORF2	0	0	3	3	TRUE	TRUE
GTGGCCCTCCGTTGCG-1	meGFP	1	0	4	4	TRUE	TRUE
GTGGCCCTCCTAATGT-1	OZ258728_1_ORF2	0	0	1	1	FALSE	TRUE
GTGGCCCTCGCAGGGT-1	meGFP	0	0	1	1	FALSE	FALSE
GTGGCCCTCGCCTGCA-1	OZ258728_1_ORF2	0	0	1	1	FALSE	FALSE
GTGGCCCTCTGGAAGT-1	MZ286102_1_ORF2	1	0	8	9	TRUE	TRUE
GTGGCCCTCTTGAGCC-1	OZ258728_1_ORF2	1	1	12	12	TRUE	TRUE
GTGGGTCAGATGCCTC-1	OZ258728_1_ORF2	0	0	1	1	FALSE	FALSE
GTGGGTCAGATTCCGC-1	OP549859_1_ORF1	0	0	1	1	FALSE	TRUE
GTGGGTCAGCCTACTA-1	MZ286197_1_ORF1	0	0	1	1	FALSE	TRUE
GTGGGTCAGGGCGTGT-1	OP549859_1_ORF2	0	0	1	1	FALSE	FALSE
GTGGGTCAGTACTGGG-1	meGFP	0	0	1	1	FALSE	FALSE
GTGGGTCAGTATCGTT-1	OP549859_1_ORF1	0	0	1	1	FALSE	FALSE
GTGGGTTCAATCTGTC-1	MZ286258_1_ORF2	0	0	1	1	FALSE	FALSE
GTGGGTTCACATGCTT-1	MZ286197_1_ORF1	1	1	40	41	TRUE	TRUE
GTGGGTTCACCAATCT-1	MZ286102_1_ORF2	0	0	1	1	FALSE	FALSE
GTGGGTTCACCCAACC-1	OZ258728_1_ORF2	1	0	5	11	TRUE	TRUE
GTGGGTTCACCTCAAT-1	MZ286102_1_ORF1	0	0	1	1	FALSE	FALSE
GTGGGTTCAGCAGGAA-1	MZ286197_1_ORF1	0	0	1	1	FALSE	FALSE
GTGGGTTCAGCCTCGT-1	OZ258728_1_ORF2	1	0	4	4	TRUE	TRUE
GTGGGTTCAGGAAGTG-1	MZ286258_1_ORF1	0	0	1	3	FALSE	TRUE
GTGGGTTCATAGACCA-1	MZ286258_1_ORF1	1	1	15	16	TRUE	TRUE
GTGGGTTCATAGGATT-1	OZ258728_1_ORF2	0	0	1	1	FALSE	FALSE
GTGGGTTCATGAGCCG-1	MZ286258_1_ORF2	1	1	31	31	TRUE	TRUE
GTGGGTTCATGCTCGC-1	OP549859_1_ORF1	0	0	2	5	FALSE	TRUE
GTGGGTTCATTCCGTG-1	OP549859_1_ORF2	1	0	8	8	TRUE	TRUE
GTGGTGATCAATCCAT-1	MZ286188_1_ORF2	0	0	1	1	FALSE	TRUE
GTGGTGATCACCCTAA-1	OP549859_1_ORF1	0	0	1	1	FALSE	TRUE
GTGGTGATCGCTTGAC-1	OZ258728_1_ORF2	2	2	19	34	FALSE	TRUE
GTGGTGATCGTGAAGT-1	MZ286102_1_ORF2	1	0	6	8	TRUE	TRUE
GTGGTGATCTAATTGC-1	MZ286188_1_ORF2	0	0	1	1	FALSE	TRUE
GTGGTTCTCACGTTCA-1	meGFP	0	0	1	1	FALSE	TRUE
GTGGTTCTCAGTAGTA-1	MZ286197_1_ORF2	0	0	1	1	FALSE	FALSE
GTGGTTCTCATCCCTT-1	OZ258728_1_ORF2	1	0	4	10	TRUE	TRUE
GTGGTTCTCCCCAGAT-1	OP549859_1_ORF1	0	0	1	1	FALSE	TRUE
GTGGTTCTCCCTGGTG-1	OZ258728_1_ORF1	1	1	30	31	TRUE	TRUE
GTGGTTCTCCTCTCCA-1	MZ286258_1_ORF1	0	0	2	2	TRUE	TRUE
GTGGTTCTCGAATGAC-1	MZ286258_1_ORF2	0	0	3	3	TRUE	TRUE
GTGGTTCTCGCTTGGT-1	OZ258728_1_ORF2	0	0	1	1	FALSE	TRUE
GTGGTTCTCTAATGGA-1	meGFP	0	0	1	2	FALSE	TRUE
GTGGTTCTCTCTGTGA-1	MZ286258_1_ORF2	0	0	1	1	FALSE	TRUE
GTGTAAGGTAACGGAC-1	MZ286188_1_ORF1	0	0	1	1	FALSE	FALSE
GTGTAAGGTAAGCATG-1	OZ258728_1_ORF2	0	0	1	1	FALSE	FALSE
GTGTAAGGTACAGGGT-1	MZ286258_1_ORF1	0	0	1	1	FALSE	FALSE
GTGTAAGGTACGTTCG-1	OZ258728_1_ORF2	0	0	1	1	FALSE	FALSE
GTGTAAGGTAGGCTCC-1	OP549859_1_ORF1	0	0	1	1	FALSE	FALSE
GTGTAAGGTCAAGCCC-1	OZ258728_1_ORF2	0	0	1	1	FALSE	FALSE
GTGTAAGGTCCCTTCG-1	meGFP	0	0	1	1	FALSE	FALSE
GTGTAAGGTCTTGCAG-1	MZ286188_1_ORF2	0	0	3	3	TRUE	TRUE
GTGTAAGGTGAATCTC-1	meGFP	0	0	1	1	FALSE	FALSE
GTGTAAGGTGACCCTA-1	meGFP	0	0	1	1	FALSE	TRUE
GTGTAAGGTGCAAGCG-1	OZ258728_1_ORF2	0	0	1	1	FALSE	FALSE
GTGTAAGGTGGAGAGA-1	MZ286258_1_ORF1	0	0	1	2	FALSE	TRUE
GTGTAAGGTGGGTCGA-1	MZ286102_1_ORF1	1	1	28	28	TRUE	TRUE
GTGTAAGGTTAGAGAT-1	OZ258728_1_ORF1	0	0	1	1	FALSE	FALSE
GTGTAAGGTTCCGTTC-1	OZ258728_1_ORF2	0	0	1	1	FALSE	FALSE
GTGTAAGGTTCGCTTC-1	MZ286188_1_ORF2	1	1	14	15	TRUE	TRUE
GTGTAAGGTTTCAAGC-1	OZ258728_1_ORF2	1	1	56	56	TRUE	TRUE
GTGTAATCACCAAGCG-1	OP549859_1_ORF1	1	1	61	61	TRUE	TRUE
GTGTAATCACCCAGCT-1	OZ258728_1_ORF2	0	0	1	1	FALSE	FALSE
GTGTAATCACCGTTCA-1	MZ286102_1_ORF1	1	1	14	15	TRUE	TRUE
GTGTAATCACGGCTCT-1	OZ258728_1_ORF2	0	0	1	1	FALSE	TRUE
GTGTAATCACGTTACT-1	MZ286102_1_ORF1	0	0	1	1	FALSE	FALSE
GTGTAATCAGAACTAT-1	MZ286102_1_ORF2	0	0	1	1	FALSE	FALSE
GTGTAATCATCCGCAC-1	OP549859_1_ORF1	0	0	1	1	FALSE	FALSE
GTGTAATCATTGCGAA-1	OZ258728_1_ORF1	1	1	49	49	TRUE	TRUE
GTGTCAACAACCTCGC-1	meGFP	0	0	1	1	FALSE	TRUE
GTGTCAACACCAAGCG-1	OP549859_1_ORF2	0	0	1	1	FALSE	FALSE
GTGTCAACACCACAGG-1	MZ286188_1_ORF1	1	1	16	16	TRUE	TRUE
GTGTCAACACCTCGAC-1	MZ286258_1_ORF1	0	0	2	2	TRUE	TRUE
GTGTCAACAGACATTG-1	MZ286258_1_ORF2	3	2	26	54	FALSE	TRUE
GTGTCAACAGGTACGT-1	OP549859_1_ORF1	0	0	1	1	FALSE	TRUE
GTGTCAACATATGCTC-1	meGFP	0	0	1	1	FALSE	FALSE
GTGTCAACATGCGTGG-1	OZ258728_1_ORF1	0	0	1	1	FALSE	TRUE
GTGTCGAAGATCCTGC-1	MZ286197_1_ORF1	0	0	1	1	FALSE	FALSE
GTGTCGAAGCACCAGA-1	meGFP	0	0	1	1	FALSE	FALSE
GTGTCGAAGCCTAGTC-1	meGFP	0	0	1	1	FALSE	FALSE
GTGTCGAAGCGCAGTA-1	MZ286258_1_ORF2	1	0	4	7	TRUE	TRUE
GTGTCGAAGCGGAACC-1	OZ258728_1_ORF1	0	0	1	1	FALSE	FALSE
GTGTCGAAGCGGGAAG-1	meGFP	0	0	1	1	FALSE	FALSE
GTGTCGAAGCGTAAGT-1	meGFP	1	1	69	70	TRUE	TRUE
GTGTCGAAGGCAGGGA-1	meGFP	0	0	2	4	FALSE	TRUE
GTGTCGAAGGCGAACC-1	meGFP	1	1	35	35	TRUE	TRUE
GTGTCGAAGGCTCTGT-1	OZ258728_1_ORF2	0	0	1	1	FALSE	FALSE
GTGTCGAAGGGGCTTA-1	MZ286258_1_ORF2	0	0	2	2	TRUE	TRUE
GTGTCGAAGTCCGCTG-1	MZ286197_1_ORF1	0	0	1	1	FALSE	TRUE
GTGTCGAAGTGTAATG-1	meGFP	0	0	1	1	FALSE	FALSE
GTGTCGCGTAAGTTGG-1	meGFP	0	0	1	1	FALSE	FALSE
GTGTCGCGTACCTAGT-1	OZ258728_1_ORF2	0	0	1	1	FALSE	TRUE
GTGTCGCGTCAAGTAG-1	MZ286102_1_ORF2	0	0	1	1	FALSE	FALSE
GTGTCGCGTCACACCA-1	MZ286258_1_ORF1	1	1	16	16	TRUE	TRUE
GTGTCGCGTCACCAGC-1	OP549859_1_ORF1	0	0	1	1	FALSE	TRUE
GTGTCGCGTCCACGGT-1	OZ258728_1_ORF2	0	0	1	1	FALSE	FALSE
GTGTCGCGTGACCCTA-1	MZ286102_1_ORF1	0	0	1	1	FALSE	TRUE
GTGTCGCGTGCTGACC-1	MZ286102_1_ORF1	0	0	1	1	FALSE	FALSE
GTGTCGCGTGGACACG-1	MZ286258_1_ORF2	1	1	13	13	TRUE	TRUE
GTGTCGCGTTGCAATC-1	meGFP	0	0	1	1	FALSE	FALSE
GTGTCGTTCACCCTGG-1	OZ258728_1_ORF2	0	0	1	1	FALSE	FALSE
GTGTCGTTCATTCGAT-1	OZ258728_1_ORF1	0	0	1	2	FALSE	TRUE
GTGTCGTTCATTGCCA-1	MZ286188_1_ORF2	1	0	5	6	TRUE	TRUE
GTGTCGTTCCGTGATC-1	OZ258728_1_ORF2	1	1	36	36	TRUE	TRUE
GTGTCGTTCGGGACTA-1	MZ286197_1_ORF2	0	0	1	1	FALSE	TRUE
GTGTCGTTCTGGACCT-1	MZ286197_1_ORF2	0	0	1	1	FALSE	FALSE
GTGTCGTTCTGGTTGC-1	MZ286258_1_ORF2	1	1	25	27	TRUE	TRUE
GTGTCGTTCTTGGTGC-1	OZ258728_1_ORF2	1	1	13	13	TRUE	TRUE
GTGTGACCAACGGACT-1	MZ286258_1_ORF2	1	0	5	5	TRUE	TRUE
GTGTGACCAATCACGA-1	meGFP	1	1	32	32	TRUE	TRUE
GTGTGACCACATTCGT-1	meGFP	0	0	1	1	FALSE	FALSE
GTGTGACCACCGTTCA-1	MZ286102_1_ORF2	0	0	1	1	FALSE	TRUE
GTGTGACCACCTCTCT-1	MZ286188_1_ORF1	1	1	28	28	TRUE	TRUE
GTGTGACCACGTGAGT-1	MZ286188_1_ORF2	1	0	6	7	TRUE	TRUE
GTGTGACCAGAACGCT-1	MZ286102_1_ORF1	0	0	1	1	FALSE	FALSE
GTGTGACCATCCCAAT-1	OZ258728_1_ORF2	0	0	1	1	FALSE	FALSE
GTGTGACCATCGCATT-1	MZ286197_1_ORF2	1	1	11	12	TRUE	TRUE
GTGTGACCATGCAATG-1	OP549859_1_ORF2	1	0	4	6	TRUE	TRUE
GTGTGACCATGTCGGG-1	MZ286102_1_ORF1	1	1	31	32	TRUE	TRUE
GTGTTCTCAACAGAGG-1	MZ286102_1_ORF2	1	1	36	37	TRUE	TRUE
GTGTTCTCACGGTCAG-1	MZ286197_1_ORF1	0	0	1	1	FALSE	TRUE
GTGTTCTCACTGACTT-1	OZ258728_1_ORF2	1	1	17	17	TRUE	TRUE
GTGTTCTCAGCCTCGT-1	OP549859_1_ORF1	1	1	74	74	TRUE	TRUE
GTGTTCTCAGCTTGCC-1	OZ258728_1_ORF1	0	0	1	1	FALSE	FALSE
GTGTTCTCAGTGAATT-1	OZ258728_1_ORF2	0	0	1	1	FALSE	TRUE
GTGTTCTCATAACTGG-1	OP549859_1_ORF2	0	0	1	1	FALSE	FALSE
GTGTTCTCATCCTTCC-1	OP549859_1_ORF2	1	1	16	16	TRUE	TRUE
GTGTTCTCATTACCCG-1	MZ286258_1_ORF2	1	1	10	10	TRUE	TRUE
GTTAATGAGAACTGCG-1	meGFP	0	0	1	2	FALSE	TRUE
GTTAATGAGACATCAA-1	MZ286197_1_ORF2	0	0	3	3	TRUE	TRUE
GTTAATGAGATTCCGC-1	OZ258728_1_ORF2	1	1	138	139	TRUE	TRUE
GTTAATGAGATTCGTT-1	OZ258728_1_ORF2	0	0	1	1	FALSE	FALSE
GTTAATGAGCAACTAA-1	OZ258728_1_ORF2	0	0	1	1	FALSE	TRUE
GTTAATGAGCACCATC-1	MZ286188_1_ORF2	2	2	12	24	FALSE	TRUE
GTTAATGAGCGCCTAT-1	OZ258728_1_ORF2	1	0	6	6	TRUE	TRUE
GTTAATGAGGGCAATT-1	MZ286188_1_ORF1	0	0	1	1	FALSE	FALSE
GTTACCATCAGGCAAT-1	OP549859_1_ORF1	0	0	1	1	FALSE	FALSE
GTTACCATCATCCGGT-1	OZ258728_1_ORF2	0	0	1	1	FALSE	TRUE
GTTACCATCCCCGTGA-1	MZ286188_1_ORF1	0	0	1	1	FALSE	TRUE
GTTACCATCCCTCTAT-1	MZ286102_1_ORF2	1	1	26	26	TRUE	TRUE
GTTACCATCGGGAACC-1	MZ286258_1_ORF2	0	0	1	1	FALSE	TRUE
GTTACCATCTACGCCG-1	MZ286258_1_ORF1	1	1	13	13	TRUE	TRUE
GTTACCATCTCTCGCC-1	OP549859_1_ORF1	3	1	83	97	TRUE	TRUE
GTTACCATCTGTAATC-1	MZ286258_1_ORF2	0	0	3	3	TRUE	TRUE
GTTACCATCTTGGTGC-1	MZ286102_1_ORF2	2	1	15	19	TRUE	TRUE
GTTACCCAGAGGGACG-1	OP549859_1_ORF1	0	0	1	1	FALSE	TRUE
GTTACCCAGCAATCCC-1	meGFP	0	0	1	2	FALSE	TRUE
GTTACCCAGCCACAGA-1	OP549859_1_ORF1	0	0	1	2	FALSE	TRUE
GTTACCCAGCCCGTCA-1	OP549859_1_ORF1	0	0	1	1	FALSE	FALSE
GTTACCCAGCCTGGAA-1	meGFP	0	0	1	1	FALSE	FALSE
GTTACCCAGGATCCCT-1	OZ258728_1_ORF2	0	0	1	1	FALSE	FALSE
GTTACCCAGGCTTCAC-1	OP549859_1_ORF2	0	0	1	1	FALSE	TRUE
GTTACCCAGGTTAATG-1	MZ286188_1_ORF2	1	0	9	9	TRUE	TRUE
GTTACCCAGTACCAGG-1	OZ258728_1_ORF1	0	0	1	1	FALSE	TRUE
GTTACCCAGTAGACAC-1	meGFP	1	1	15	17	TRUE	TRUE
GTTACCCAGTCTAGTT-1	MZ286188_1_ORF1	1	1	54	54	TRUE	TRUE
GTTACCTCAAATCAGT-1	MZ286258_1_ORF2	1	1	25	25	TRUE	TRUE
GTTACCTCAACTATGG-1	meGFP	1	1	72	72	TRUE	TRUE
GTTACCTCAACTGGCG-1	MZ286258_1_ORF2	1	1	31	31	TRUE	TRUE
GTTACCTCACCAAGTA-1	OP549859_1_ORF2	1	0	8	10	TRUE	TRUE
GTTACCTCACCGCAAG-1	MZ286102_1_ORF2	0	0	1	1	FALSE	TRUE
GTTACCTCACGTGGAT-1	OP549859_1_ORF1	1	1	23	23	TRUE	TRUE
GTTACCTCACTAGTCT-1	OZ258728_1_ORF1	0	0	3	3	TRUE	TRUE
GTTACCTCACTCACGC-1	meGFP	1	1	79	80	TRUE	TRUE
GTTACCTCACTGATGA-1	OP549859_1_ORF1	1	0	4	6	TRUE	TRUE
GTTACCTCACTTCAAC-1	MZ286188_1_ORF2	0	0	2	2	TRUE	TRUE
GTTACCTCATAAGGTT-1	OZ258728_1_ORF2	0	0	1	1	FALSE	FALSE
GTTACCTCATAGGATT-1	MZ286258_1_ORF1	0	0	1	1	FALSE	TRUE
GTTACGGAGCAGGGCT-1	OZ258728_1_ORF2	0	0	1	1	FALSE	TRUE
GTTACGGAGCCACTTA-1	MZ286197_1_ORF1	0	0	1	1	FALSE	TRUE
GTTACGGAGCGTTCGT-1	MZ286188_1_ORF1	0	0	1	2	FALSE	TRUE
GTTACGGAGGGGCCAT-1	OZ258728_1_ORF2	0	0	1	1	FALSE	FALSE
GTTACGGAGGTTGGGC-1	OP549859_1_ORF2	0	0	1	1	FALSE	FALSE
GTTACGGAGTAATCCT-1	OZ258728_1_ORF2	1	1	100	101	TRUE	TRUE
GTTACTAGTACCTCTC-1	OZ258728_1_ORF2	0	0	1	1	FALSE	TRUE
GTTACTAGTAGACCAA-1	MZ286188_1_ORF1	0	0	1	1	FALSE	FALSE
GTTACTAGTCCAACTG-1	OZ258728_1_ORF1	1	1	20	20	TRUE	TRUE
GTTACTAGTGAGATAT-1	MZ286188_1_ORF2	1	0	9	11	TRUE	TRUE
GTTACTAGTGATCAAG-1	OZ258728_1_ORF2	3	2	36	57	FALSE	TRUE
GTTACTAGTGCCTAAT-1	OP549859_1_ORF2	0	0	1	2	FALSE	TRUE
GTTACTAGTGTGATTC-1	meGFP	0	0	1	1	FALSE	FALSE
GTTACTAGTGTGGATA-1	meGFP	1	1	109	111	TRUE	TRUE
GTTACTAGTGTGTGAA-1	OZ258728_1_ORF2	0	0	1	1	FALSE	FALSE
GTTACTAGTTTCAAGC-1	OZ258728_1_ORF2	0	0	1	1	FALSE	FALSE
GTTACTAGTTTCCTAT-1	OP549859_1_ORF1	0	0	1	1	FALSE	TRUE
GTTACTTAGATTCACT-1	OZ258728_1_ORF2	0	0	1	1	FALSE	FALSE
GTTACTTAGCTTGACC-1	MZ286188_1_ORF1	1	0	5	5	TRUE	TRUE
GTTACTTAGGGGACAG-1	MZ286258_1_ORF2	1	1	26	27	TRUE	TRUE
GTTACTTAGTTAAGTG-1	MZ286197_1_ORF1	0	0	1	1	FALSE	TRUE
GTTAGAGGTAATGTCC-1	OZ258728_1_ORF2	0	0	1	1	FALSE	TRUE
GTTAGAGGTACTGTCG-1	OZ258728_1_ORF2	1	1	41	41	TRUE	TRUE
GTTAGAGGTAGCCCTA-1	meGFP	0	0	1	1	FALSE	FALSE
GTTAGAGGTAGTCCCA-1	OP549859_1_ORF2	0	0	1	1	FALSE	TRUE
GTTAGAGGTGACCTTG-1	OZ258728_1_ORF2	0	0	1	1	FALSE	FALSE
GTTAGAGGTGCTTAGT-1	MZ286188_1_ORF1	0	0	1	1	FALSE	FALSE
GTTAGAGGTGGAGAGA-1	meGFP	1	1	117	117	TRUE	TRUE
GTTAGAGGTTACCTAA-1	OP549859_1_ORF1	0	0	2	8	FALSE	TRUE
GTTAGAGGTTATCCAA-1	OP549859_1_ORF1	0	0	1	1	FALSE	FALSE
GTTAGGAGTACCTAGT-1	OP549859_1_ORF2	1	0	5	6	TRUE	TRUE
GTTAGGAGTATTGCGT-1	OZ258728_1_ORF1	0	0	1	1	FALSE	FALSE
GTTAGGAGTCACTCCT-1	MZ286258_1_ORF2	1	0	6	9	TRUE	TRUE
GTTAGGAGTCCCTTCG-1	MZ286197_1_ORF1	1	0	6	6	TRUE	TRUE
GTTAGGAGTCTCCTTA-1	MZ286102_1_ORF1	0	0	1	1	FALSE	FALSE
GTTAGGAGTGAGATAT-1	MZ286197_1_ORF2	0	0	1	1	FALSE	FALSE
GTTAGGAGTGGCCAGA-1	OP549859_1_ORF1	0	0	1	1	FALSE	FALSE
GTTAGGAGTGTGTCAT-1	MZ286258_1_ORF1	1	0	9	9	TRUE	TRUE
GTTAGGAGTTAACGTC-1	MZ286188_1_ORF2	1	1	12	12	TRUE	TRUE
GTTAGGAGTTCAAGTC-1	MZ286258_1_ORF2	0	0	2	2	TRUE	TRUE
GTTAGGAGTTGCAATC-1	MZ286258_1_ORF2	0	0	1	1	FALSE	FALSE
GTTAGGAGTTGCCTTC-1	OZ258728_1_ORF2	0	0	1	1	FALSE	TRUE
GTTAGGAGTTGTGTGT-1	MZ286102_1_ORF2	1	1	14	14	TRUE	TRUE
GTTAGGCCACATGCGG-1	OZ258728_1_ORF2	0	0	1	1	FALSE	FALSE
GTTAGGCCACATGCTT-1	MZ286188_1_ORF1	0	0	1	1	FALSE	TRUE
GTTAGGCCAGCGCTTC-1	MZ286197_1_ORF1	1	1	16	16	TRUE	TRUE
GTTAGGCCATAGTAGT-1	OZ258728_1_ORF2	0	0	1	1	FALSE	TRUE
GTTAGGCCATCCATAC-1	meGFP	2	1	22	29	TRUE	TRUE
GTTAGGCCATCCTTCC-1	OZ258728_1_ORF1	0	0	1	1	FALSE	TRUE
GTTAGGCCATGCATCT-1	OZ258728_1_ORF2	0	0	1	1	FALSE	TRUE
GTTAGGCCATGGAGAG-1	meGFP	0	0	1	1	FALSE	FALSE
GTTAGGCCATTAACGG-1	MZ286102_1_ORF2	0	0	1	1	FALSE	FALSE
GTTAGGCCATTGAAGT-1	MZ286188_1_ORF2	0	0	3	3	TRUE	TRUE
GTTAGGTAGAAGTGAG-1	meGFP	0	0	2	4	FALSE	TRUE
GTTAGGTAGATACTGA-1	MZ286197_1_ORF1	0	0	1	2	FALSE	TRUE
GTTAGGTAGATGCGGC-1	MZ286258_1_ORF2	2	1	15	22	FALSE	TRUE
GTTAGGTAGCATATCT-1	meGFP	1	1	15	15	TRUE	TRUE
GTTAGGTAGGACTAAC-1	MZ286102_1_ORF2	1	0	6	6	TRUE	TRUE
GTTAGGTAGGATAGAG-1	meGFP	1	1	27	27	TRUE	TRUE
GTTAGGTAGGTTCCCG-1	MZ286258_1_ORF2	0	0	1	1	FALSE	FALSE
GTTAGGTAGTCATTAC-1	MZ286197_1_ORF1	1	1	37	37	TRUE	TRUE
GTTAGTCGTAAGGTGC-1	MZ286188_1_ORF1	1	0	9	14	TRUE	TRUE
GTTAGTCGTAATCGCT-1	OZ258728_1_ORF2	0	0	1	1	FALSE	FALSE
GTTAGTCGTAGTATCC-1	OZ258728_1_ORF2	0	0	1	1	FALSE	FALSE
GTTAGTCGTCAATCTA-1	MZ286102_1_ORF2	0	0	1	1	FALSE	FALSE
GTTAGTCGTCGCATAT-1	MZ286258_1_ORF2	0	0	1	2	FALSE	TRUE
GTTAGTCGTGATCCTG-1	OP549859_1_ORF2	0	0	1	1	FALSE	TRUE
GTTAGTCGTGCCCAAC-1	MZ286258_1_ORF2	0	0	3	7	FALSE	TRUE
GTTAGTCGTGCTTAGT-1	MZ286188_1_ORF1	0	0	1	1	FALSE	FALSE
GTTAGTCGTGGCCGTT-1	MZ286188_1_ORF2	0	0	3	4	TRUE	TRUE
GTTAGTCGTGTAACTC-1	OP549859_1_ORF2	0	0	1	1	FALSE	TRUE
GTTAGTCGTGTGGACG-1	meGFP	0	0	1	2	FALSE	TRUE
GTTAGTCGTGTGGATA-1	OZ258728_1_ORF2	0	0	1	1	FALSE	FALSE
GTTAGTCGTTATGCAC-1	meGFP	0	0	2	3	FALSE	TRUE
GTTAGTCGTTCGCTTC-1	OZ258728_1_ORF2	1	0	7	7	TRUE	TRUE
GTTATCAGTACGTTCG-1	meGFP	1	1	158	158	TRUE	TRUE
GTTATCAGTAGCCCTA-1	MZ286197_1_ORF2	1	0	5	5	TRUE	TRUE
GTTATCAGTATCTGGT-1	OP549859_1_ORF1	0	0	1	1	FALSE	FALSE
GTTATCAGTCCTCACT-1	OZ258728_1_ORF2	0	0	1	1	FALSE	FALSE
GTTATCAGTCTATCGG-1	meGFP	0	0	1	1	FALSE	FALSE
GTTATCAGTCTTAATG-1	OZ258728_1_ORF2	0	0	1	1	FALSE	FALSE
GTTATCAGTGAGGAGA-1	OZ258728_1_ORF2	0	0	1	1	FALSE	FALSE
GTTATCAGTGCGCGAA-1	MZ286102_1_ORF1	0	0	1	1	FALSE	TRUE
GTTATCAGTTAACGAG-1	MZ286188_1_ORF1	1	1	22	22	TRUE	TRUE
GTTATCAGTTGTGTGT-1	meGFP	0	0	1	1	FALSE	FALSE
GTTATCCCAAACTAAC-1	OP549859_1_ORF2	1	0	6	9	TRUE	TRUE
GTTATCCCAACGGGTT-1	MZ286258_1_ORF1	0	0	3	3	TRUE	TRUE
GTTATCCCACACACTT-1	MZ286188_1_ORF2	1	1	18	18	TRUE	TRUE
GTTATCCCACAGGTGT-1	MZ286197_1_ORF1	0	0	1	1	FALSE	FALSE
GTTATCCCAGGCGCTA-1	MZ286102_1_ORF2	0	0	1	1	FALSE	FALSE
GTTATCCCATTACTTG-1	OZ258728_1_ORF1	0	0	1	1	FALSE	FALSE
GTTATGAAGATTCACT-1	meGFP	1	1	61	61	TRUE	TRUE
GTTATGAAGCACCAGA-1	OP549859_1_ORF1	1	0	4	4	TRUE	TRUE
GTTATGAAGCCTTCCC-1	MZ286197_1_ORF2	1	0	4	5	TRUE	TRUE
GTTATGAAGCTAACGG-1	OZ258728_1_ORF2	0	0	1	1	FALSE	FALSE
GTTATGAAGGAGCCTA-1	MZ286102_1_ORF2	0	0	3	3	TRUE	TRUE
GTTATGAAGGATCGTG-1	MZ286258_1_ORF1	1	0	7	7	TRUE	TRUE
GTTATGAAGGGGCCAT-1	OP549859_1_ORF1	0	0	1	1	FALSE	FALSE
GTTATGAAGGGTATGT-1	meGFP	0	0	1	1	FALSE	FALSE
GTTATGAAGGTTCCCG-1	MZ286258_1_ORF1	1	1	30	32	TRUE	TRUE
GTTATGAAGTCAGCAG-1	MZ286258_1_ORF1	1	0	6	6	TRUE	TRUE
GTTATGAAGTGCAACG-1	meGFP	1	1	17	17	TRUE	TRUE
GTTATGAAGTGTCGCT-1	OP549859_1_ORF1	0	0	1	1	FALSE	FALSE
GTTATGCGTAAGGTAT-1	OP549859_1_ORF2	0	0	1	1	FALSE	FALSE
GTTATGCGTCCCGAAC-1	OZ258728_1_ORF2	0	0	1	1	FALSE	TRUE
GTTATGCGTCGACATT-1	MZ286197_1_ORF2	0	0	1	1	FALSE	FALSE
GTTATGCGTCTTACCC-1	OZ258728_1_ORF2	1	0	5	5	TRUE	TRUE
GTTATGCGTGTGATTC-1	meGFP	0	0	1	1	FALSE	TRUE
GTTATGCGTTGTCCGA-1	MZ286197_1_ORF1	0	0	1	1	FALSE	TRUE
GTTATGCGTTGTCTAA-1	MZ286197_1_ORF1	2	2	53	93	FALSE	TRUE
GTTATGTTCAAGCGTG-1	MZ286102_1_ORF2	1	0	4	5	TRUE	TRUE
GTTATGTTCAAGGCGC-1	OZ258728_1_ORF1	0	0	1	1	FALSE	FALSE
GTTATGTTCACTCGCG-1	OZ258728_1_ORF2	1	0	7	7	TRUE	TRUE
GTTATGTTCGCAGGGT-1	OZ258728_1_ORF1	0	0	1	2	FALSE	TRUE
GTTATGTTCGGCTTCG-1	meGFP	0	0	1	1	FALSE	FALSE
GTTATGTTCGGGATTG-1	MZ286197_1_ORF1	1	1	38	39	TRUE	TRUE
GTTATGTTCGTACGGA-1	meGFP	1	1	31	31	TRUE	TRUE
GTTATGTTCTAGGCAG-1	MZ286258_1_ORF2	0	0	1	1	FALSE	TRUE
GTTATGTTCTGTGGAG-1	MZ286102_1_ORF1	0	0	1	1	FALSE	TRUE
GTTATGTTCTTAGGCC-1	MZ286197_1_ORF2	1	0	5	5	TRUE	TRUE
GTTCACGGTAATGGGC-1	MZ286197_1_ORF1	1	1	14	14	TRUE	FALSE
GTTCACGGTACAGGGT-1	OP549859_1_ORF1	1	1	11	11	TRUE	TRUE
GTTCACGGTAGCTGAA-1	MZ286102_1_ORF2	0	0	1	1	FALSE	TRUE
GTTCACGGTATTGACC-1	meGFP	0	0	2	2	TRUE	TRUE
GTTCACGGTTACACCG-1	MZ286102_1_ORF1	0	0	2	3	FALSE	TRUE
GTTCACGGTTTGAGTC-1	MZ286258_1_ORF2	0	0	1	1	FALSE	FALSE
GTTCACTCACCGTTCA-1	MZ286197_1_ORF2	0	0	1	1	FALSE	TRUE
GTTCACTCACGCTACC-1	OZ258728_1_ORF2	0	0	1	1	FALSE	FALSE
GTTCACTCACGTGGAT-1	OP549859_1_ORF1	0	0	1	1	FALSE	FALSE
GTTCACTCATAGCGCG-1	MZ286102_1_ORF2	0	0	1	1	FALSE	TRUE
GTTCACTCATGTCCAT-1	meGFP	1	1	75	76	TRUE	TRUE
GTTCATCCAAATGCGC-1	OZ258728_1_ORF1	1	1	11	13	TRUE	TRUE
GTTCATCCAACCAGCG-1	OP549859_1_ORF1	0	0	1	1	FALSE	TRUE
GTTCATCCAATTGCCT-1	MZ286258_1_ORF2	0	0	1	1	FALSE	FALSE
GTTCATCCACGCCTGT-1	MZ286102_1_ORF2	0	0	1	1	FALSE	TRUE
GTTCATCCACGGTAAC-1	OP549859_1_ORF1	1	1	13	13	TRUE	TRUE
GTTCATCCACGTATAG-1	OZ258728_1_ORF2	0	0	1	1	FALSE	FALSE
GTTCATCCACTAGACA-1	OZ258728_1_ORF1	0	0	2	2	TRUE	TRUE
GTTCATCCACTCGTCA-1	MZ286258_1_ORF1	0	0	1	1	FALSE	TRUE
GTTCATCCACTTACCG-1	OZ258728_1_ORF2	0	0	2	2	TRUE	TRUE
GTTCATCCAGTACCAA-1	MZ286197_1_ORF1	0	0	1	1	FALSE	TRUE
GTTCATCCAGTCCAGG-1	OZ258728_1_ORF2	1	1	57	57	TRUE	TRUE
GTTCATCCATCCAGCC-1	OZ258728_1_ORF2	0	0	1	1	FALSE	FALSE
GTTCATCCATGGCCTC-1	OZ258728_1_ORF1	0	0	1	1	FALSE	TRUE
GTTCATTAGAGAGGTA-1	MZ286102_1_ORF2	0	0	3	4	TRUE	TRUE
GTTCATTAGCCACTCG-1	MZ286197_1_ORF2	1	0	8	8	TRUE	TRUE
GTTCATTAGCCAGGGT-1	MZ286197_1_ORF2	1	0	5	5	TRUE	TRUE
GTTCATTAGGAGCATT-1	OZ258728_1_ORF1	0	0	2	2	TRUE	TRUE
GTTCATTAGGCGTAAT-1	MZ286188_1_ORF2	1	0	6	6	TRUE	TRUE
GTTCATTAGGCGTGAC-1	OP549859_1_ORF2	0	0	1	1	FALSE	TRUE
GTTCATTAGGGCGTGT-1	OZ258728_1_ORF2	1	1	35	36	TRUE	TRUE
GTTCATTAGGTGTGGC-1	MZ286188_1_ORF1	0	0	1	1	FALSE	FALSE
GTTCATTAGTGCCTGT-1	OZ258728_1_ORF2	1	1	84	85	TRUE	TRUE
GTTCATTAGTGTCGCT-1	MZ286188_1_ORF1	0	0	1	1	FALSE	FALSE
GTTCCAGGTAAGCTAG-1	MZ286102_1_ORF2	0	0	1	1	FALSE	FALSE
GTTCCAGGTAGGCAGT-1	meGFP	0	0	1	1	FALSE	FALSE
GTTCCAGGTAGTCGTT-1	MZ286188_1_ORF1	0	0	1	1	FALSE	FALSE
GTTCCAGGTCACACCA-1	meGFP	0	0	1	1	FALSE	FALSE
GTTCCAGGTCTCCTCG-1	meGFP	1	1	25	25	TRUE	TRUE
GTTCCAGGTGCCTGGT-1	OZ258728_1_ORF2	0	0	1	1	FALSE	FALSE
GTTCCAGGTGGTGCGA-1	meGFP	1	1	44	45	TRUE	TRUE
GTTCCAGGTTTCATCT-1	meGFP	0	0	1	1	FALSE	FALSE
GTTCCATCAAACCATG-1	meGFP	1	1	14	14	TRUE	TRUE
GTTCCATCAAACGGGA-1	OZ258728_1_ORF2	0	0	1	1	FALSE	FALSE
GTTCCATCAAGGGTAG-1	MZ286197_1_ORF1	0	0	2	3	FALSE	TRUE
GTTCCATCACATACAG-1	OP549859_1_ORF2	0	0	1	2	FALSE	TRUE
GTTCCATCACCTCAAT-1	MZ286102_1_ORF2	0	0	1	1	FALSE	FALSE
GTTCCATCAGACATTG-1	OZ258728_1_ORF2	0	0	1	2	FALSE	TRUE
GTTCCATCATTACCCG-1	OZ258728_1_ORF2	0	0	2	2	TRUE	FALSE
GTTCGCGTCAAGGGTT-1	MZ286258_1_ORF2	1	1	20	22	TRUE	TRUE
GTTCGCGTCATCGTTG-1	meGFP	0	0	1	1	FALSE	FALSE
GTTCGCGTCATGGCAG-1	OZ258728_1_ORF1	1	0	4	4	TRUE	TRUE
GTTCGCGTCCGTGATC-1	MZ286258_1_ORF1	1	1	21	24	TRUE	TRUE
GTTCGCGTCCGTGGAA-1	MZ286197_1_ORF1	1	0	4	6	TRUE	TRUE
GTTCGCGTCGCAACTC-1	meGFP	1	1	42	42	TRUE	TRUE
GTTCGCGTCGCGCATT-1	OZ258728_1_ORF1	0	0	1	1	FALSE	FALSE
GTTCGCGTCGGACCAA-1	OP549859_1_ORF1	1	1	34	34	TRUE	TRUE
GTTCGCGTCTAAGTCT-1	MZ286188_1_ORF2	0	0	1	1	FALSE	TRUE
GTTCGCGTCTACCGAC-1	OZ258728_1_ORF1	2	2	37	54	FALSE	TRUE
GTTCGCGTCTCACGCG-1	OP549859_1_ORF1	1	1	53	54	TRUE	TRUE
GTTCGCGTCTCCTTCG-1	MZ286258_1_ORF1	0	0	1	1	FALSE	FALSE
GTTCGCGTCTGGCTTA-1	OZ258728_1_ORF2	0	0	1	1	FALSE	FALSE
GTTCGCTAGAATGGTC-1	OP549859_1_ORF2	0	0	3	3	TRUE	TRUE
GTTCGCTAGCAGGGCT-1	OZ258728_1_ORF2	0	0	1	1	FALSE	FALSE
GTTCGCTAGCCGGATA-1	MZ286188_1_ORF2	1	0	8	8	TRUE	TRUE
GTTCGCTAGCCTCACG-1	MZ286258_1_ORF2	0	0	1	1	FALSE	FALSE
GTTCGCTAGCCTGCCA-1	MZ286258_1_ORF2	1	1	14	15	TRUE	TRUE
GTTCGCTAGGAGCATT-1	MZ286102_1_ORF1	1	1	11	11	TRUE	TRUE
GTTCGCTAGGGATGAA-1	OZ258728_1_ORF1	1	1	15	15	TRUE	TRUE
GTTCGCTAGGGCGTAC-1	MZ286102_1_ORF1	0	0	2	2	TRUE	FALSE
GTTCGCTAGGTAGGTT-1	meGFP	0	0	2	2	TRUE	FALSE
GTTCGGCGTACCCAAT-1	MZ286197_1_ORF1	0	0	1	1	FALSE	FALSE
GTTCGGCGTAGGCAGT-1	MZ286197_1_ORF2	0	0	3	3	TRUE	TRUE
GTTCGGCGTAGTCCCA-1	OZ258728_1_ORF2	1	0	7	8	TRUE	TRUE
GTTCGGCGTATGGTTC-1	OZ258728_1_ORF2	0	0	1	1	FALSE	FALSE
GTTCGGCGTCATACTA-1	OP549859_1_ORF1	0	0	1	1	FALSE	TRUE
GTTCGGCGTGACCTTG-1	meGFP	0	0	1	1	FALSE	FALSE
GTTCGGCGTGCAACCC-1	OZ258728_1_ORF1	1	1	24	24	TRUE	TRUE
GTTCGGCGTGGCGTGA-1	MZ286188_1_ORF1	0	0	1	1	FALSE	FALSE
GTTCGGCGTGTCTATA-1	OP549859_1_ORF1	1	1	18	18	TRUE	TRUE
GTTCGGCGTTGCCTTC-1	MZ286102_1_ORF1	0	0	1	1	FALSE	TRUE
GTTCGGCGTTTAATCG-1	MZ286188_1_ORF1	1	0	7	8	TRUE	TRUE
GTTCGGCGTTTGATGC-1	OP549859_1_ORF1	1	1	12	13	TRUE	TRUE
GTTCGGCGTTTGGATC-1	OZ258728_1_ORF2	0	0	1	1	FALSE	FALSE
GTTCGGCGTTTGGCGC-1	MZ286258_1_ORF1	1	1	14	14	TRUE	TRUE
GTTCGGGCAACGAGCT-1	MZ286258_1_ORF2	0	0	2	3	FALSE	TRUE
GTTCGGGCAATCCAAG-1	OZ258728_1_ORF2	0	0	1	2	FALSE	TRUE
GTTCGGGCAATTAGAC-1	OZ258728_1_ORF2	1	1	63	63	TRUE	TRUE
GTTCGGGCACGGATCG-1	OZ258728_1_ORF2	0	0	1	1	FALSE	TRUE
GTTCGGGCACGGTAAC-1	meGFP	1	1	10	10	TRUE	TRUE
GTTCGGGCACTAATGG-1	OZ258728_1_ORF1	0	0	3	3	TRUE	FALSE
GTTCGGGCAGACCGCA-1	MZ286188_1_ORF2	0	0	2	2	TRUE	TRUE
GTTCGGGCAGAGAGGC-1	OP549859_1_ORF2	0	0	2	2	TRUE	TRUE
GTTCGGGCATCCATAC-1	MZ286188_1_ORF1	0	0	1	1	FALSE	TRUE
GTTCGGGCATTCACAC-1	OP549859_1_ORF2	1	0	6	6	TRUE	TRUE
GTTCGTTCAAACCATG-1	MZ286188_1_ORF1	1	0	8	9	TRUE	TRUE
GTTCGTTCAACAGGCT-1	MZ286102_1_ORF2	0	0	1	1	FALSE	TRUE
GTTCGTTCAATTGCCT-1	MZ286188_1_ORF2	0	0	1	1	FALSE	FALSE
GTTCGTTCAGCCTCGT-1	MZ286258_1_ORF2	1	0	7	7	TRUE	TRUE
GTTCGTTCAGCTCAGG-1	OZ258728_1_ORF2	0	0	1	1	FALSE	TRUE
GTTCGTTCATAAGCCA-1	OZ258728_1_ORF2	0	0	1	1	FALSE	TRUE
GTTCGTTCATAAGGTT-1	OZ258728_1_ORF2	1	1	28	28	TRUE	TRUE
GTTCGTTCATATGAAC-1	MZ286102_1_ORF2	0	0	1	1	FALSE	TRUE
GTTCGTTCATCGTAAG-1	MZ286102_1_ORF2	1	0	4	4	TRUE	TRUE
GTTCGTTCATGTGGCG-1	OZ258728_1_ORF2	0	0	1	1	FALSE	FALSE
GTTCTAAGTACGTAAG-1	OZ258728_1_ORF2	0	0	1	1	FALSE	FALSE
GTTCTAAGTAGAGCCG-1	OP549859_1_ORF1	0	0	2	2	TRUE	TRUE
GTTCTAAGTCTTGACG-1	MZ286197_1_ORF1	0	0	1	1	FALSE	TRUE
GTTCTAAGTGATAGTG-1	MZ286197_1_ORF2	0	0	1	1	FALSE	FALSE
GTTCTAAGTGTGTCAT-1	OZ258728_1_ORF1	0	0	1	1	FALSE	FALSE
GTTCTAAGTTACGGAA-1	OZ258728_1_ORF2	1	1	85	85	TRUE	TRUE
GTTCTAAGTTATCCAA-1	MZ286102_1_ORF1	0	0	1	1	FALSE	FALSE
GTTCTAAGTTATGGAG-1	MZ286188_1_ORF1	0	0	1	1	FALSE	FALSE
GTTCTAAGTTCGGTTG-1	OP549859_1_ORF1	1	1	61	63	TRUE	TRUE
GTTCTAAGTTGGAGCG-1	MZ286188_1_ORF2	0	0	1	1	FALSE	FALSE
GTTCTAGTCATGGCAG-1	OP549859_1_ORF2	0	0	1	1	FALSE	TRUE
GTTCTAGTCCGACAGA-1	MZ286197_1_ORF2	1	1	12	12	TRUE	TRUE
GTTCTAGTCCGGATGA-1	OZ258728_1_ORF1	1	1	29	30	TRUE	TRUE
GTTCTAGTCGATGGGC-1	MZ286102_1_ORF2	1	0	4	4	TRUE	TRUE
GTTCTAGTCGGTAAGT-1	MZ286258_1_ORF2	0	0	3	3	TRUE	TRUE
GTTCTAGTCGGTAGCA-1	MZ286197_1_ORF2	0	0	1	1	FALSE	FALSE
GTTCTAGTCTGGGTAG-1	MZ286102_1_ORF2	1	1	22	23	TRUE	TRUE
GTTGACACAAATCAGT-1	OZ258728_1_ORF2	0	0	1	1	FALSE	FALSE
GTTGACACAACGAGCT-1	OZ258728_1_ORF2	1	1	21	21	TRUE	TRUE
GTTGACACACCTGCAC-1	MZ286197_1_ORF2	0	0	1	1	FALSE	TRUE
GTTGACACACCTGTAT-1	MZ286197_1_ORF1	1	1	22	26	TRUE	TRUE
GTTGACACAGAGCTTA-1	MZ286258_1_ORF2	0	0	1	1	FALSE	TRUE
GTTGACACAGCACTCC-1	MZ286197_1_ORF1	0	0	1	1	FALSE	TRUE
GTTGACACAGCTGGCA-1	MZ286102_1_ORF1	1	0	5	8	TRUE	TRUE
GTTGACACATACCGTT-1	MZ286197_1_ORF1	0	0	2	3	FALSE	TRUE
GTTGACACATAGACCA-1	OZ258728_1_ORF1	0	0	3	3	TRUE	TRUE
GTTGACACATGAGTAT-1	MZ286102_1_ORF1	0	0	1	1	FALSE	TRUE
GTTGACGAGAAGGATG-1	OZ258728_1_ORF2	1	1	15	16	TRUE	TRUE
GTTGACGAGAATCGTA-1	OZ258728_1_ORF2	0	0	1	1	FALSE	TRUE
GTTGACGAGACATCCC-1	MZ286197_1_ORF1	0	0	1	1	FALSE	FALSE
GTTGACGAGAGGCCAC-1	MZ286102_1_ORF1	0	0	1	1	FALSE	FALSE
GTTGACGAGATTCACT-1	meGFP	1	1	10	10	TRUE	TRUE
GTTGACGAGCGGGCAT-1	MZ286197_1_ORF2	1	0	4	4	TRUE	TRUE
GTTGACGAGCTGGACA-1	OP549859_1_ORF1	0	0	1	1	FALSE	FALSE
GTTGACGAGGCAGGCT-1	OZ258728_1_ORF2	0	0	1	1	FALSE	TRUE
GTTGACGAGTAACCAA-1	MZ286258_1_ORF2	0	0	3	4	TRUE	TRUE
GTTGACGAGTCCGCTG-1	MZ286188_1_ORF1	0	0	1	1	FALSE	FALSE
GTTGACGAGTTGGCGA-1	OP549859_1_ORF2	1	0	4	6	TRUE	TRUE
GTTGAGCCAAGTGACC-1	MZ286258_1_ORF2	0	0	2	2	TRUE	TRUE
GTTGAGCCACAGTTAG-1	MZ286197_1_ORF2	0	0	1	2	FALSE	TRUE
GTTGAGCCACATGCGG-1	OZ258728_1_ORF2	0	0	3	3	TRUE	TRUE
GTTGAGCCAGACCGCA-1	MZ286258_1_ORF1	1	0	8	8	TRUE	TRUE
GTTGAGCCAGAGCCTG-1	MZ286258_1_ORF1	0	0	1	1	FALSE	TRUE
GTTGAGCCAGGACGAA-1	OZ258728_1_ORF1	0	0	1	1	FALSE	TRUE
GTTGAGCCAGGGTAAG-1	meGFP	0	0	1	1	FALSE	TRUE
GTTGAGTAGACCCAAG-1	meGFP	1	0	4	4	TRUE	TRUE
GTTGAGTAGAGCTGGC-1	MZ286258_1_ORF2	1	0	6	7	TRUE	TRUE
GTTGAGTAGATATGCA-1	OZ258728_1_ORF2	2	0	5	9	FALSE	TRUE
GTTGAGTAGCATATCT-1	MZ286197_1_ORF1	0	0	1	1	FALSE	TRUE
GTTGAGTAGCCATGAG-1	MZ286197_1_ORF2	0	0	2	2	TRUE	TRUE
GTTGAGTAGCCGTGAA-1	meGFP	0	0	1	1	FALSE	FALSE
GTTGAGTAGCCTGTAC-1	OZ258728_1_ORF2	0	0	3	7	FALSE	TRUE
GTTGAGTAGCGGTAGC-1	MZ286197_1_ORF2	1	0	4	5	TRUE	TRUE
GTTGAGTAGCTTGGTC-1	meGFP	0	0	1	1	FALSE	TRUE
GTTGAGTAGGACATAC-1	MZ286197_1_ORF1	0	0	1	1	FALSE	FALSE
GTTGAGTAGGACTAAC-1	MZ286102_1_ORF2	0	0	1	1	FALSE	FALSE
GTTGAGTAGGAGTGAA-1	MZ286188_1_ORF2	0	0	3	5	FALSE	TRUE
GTTGAGTAGGCTTCGT-1	MZ286258_1_ORF2	1	0	4	4	TRUE	TRUE
GTTGAGTAGGTAGACT-1	MZ286258_1_ORF2	0	0	1	1	FALSE	FALSE
GTTGAGTAGTGAGAGA-1	MZ286258_1_ORF1	0	0	2	2	TRUE	TRUE
GTTGAGTAGTTACCGC-1	meGFP	0	0	1	1	FALSE	FALSE
GTTGCACTCAACCGGA-1	OP549859_1_ORF1	0	0	1	1	FALSE	TRUE
GTTGCACTCCCTTACT-1	MZ286102_1_ORF2	0	0	1	1	FALSE	TRUE
GTTGCACTCCCTTCCA-1	OZ258728_1_ORF1	0	0	1	1	FALSE	FALSE
GTTGCACTCCGGTTAC-1	MZ286258_1_ORF2	2	1	25	33	TRUE	TRUE
GTTGCACTCCGTGGTT-1	meGFP	0	0	1	1	FALSE	TRUE
GTTGCACTCCTGTCCC-1	OP549859_1_ORF1	1	1	14	14	TRUE	TRUE
GTTGCACTCGCGGAGT-1	MZ286258_1_ORF2	0	0	1	1	FALSE	TRUE
GTTGCACTCGGACCAA-1	MZ286258_1_ORF2	0	0	1	1	FALSE	FALSE
GTTGCACTCGGCTGAA-1	MZ286258_1_ORF2	1	0	5	7	TRUE	TRUE
GTTGCACTCTAACTAC-1	MZ286188_1_ORF1	0	0	1	1	FALSE	TRUE
GTTGCACTCTCAGCAC-1	MZ286102_1_ORF2	1	0	6	9	TRUE	TRUE
GTTGCACTCTTCGCAA-1	OP549859_1_ORF1	0	0	1	1	FALSE	TRUE
GTTGCGAAGAACCGTG-1	meGFP	1	1	59	59	TRUE	TRUE
GTTGCGAAGCAGGGCT-1	meGFP	1	1	21	21	TRUE	TRUE
GTTGCGAAGGACGTTG-1	OZ258728_1_ORF2	0	0	1	1	FALSE	FALSE
GTTGCGAAGGAGTGAA-1	OZ258728_1_ORF1	0	0	1	1	FALSE	TRUE
GTTGCGAAGGCCATTC-1	OZ258728_1_ORF2	0	0	1	1	FALSE	TRUE
GTTGCGAAGGGAGTAA-1	MZ286188_1_ORF1	0	0	1	1	FALSE	FALSE
GTTGCGAAGTATACCT-1	MZ286258_1_ORF1	0	0	1	2	FALSE	TRUE
GTTGCGAAGTCCGCTG-1	OZ258728_1_ORF2	1	1	121	121	TRUE	TRUE
GTTGCGAAGTGTGTCC-1	OZ258728_1_ORF2	1	1	12	12	TRUE	TRUE
GTTGCGCGTACAGAGC-1	OZ258728_1_ORF2	0	0	1	1	FALSE	FALSE
GTTGCGCGTAGTCGGG-1	MZ286102_1_ORF2	0	0	1	1	FALSE	TRUE
GTTGCGCGTATGAGTG-1	OP549859_1_ORF1	1	1	30	30	TRUE	TRUE
GTTGCGCGTCAGCCGT-1	MZ286197_1_ORF1	0	0	1	1	FALSE	TRUE
GTTGCGCGTCTGCACA-1	MZ286102_1_ORF2	0	0	1	1	FALSE	TRUE
GTTGCGCGTGGCTTGC-1	MZ286102_1_ORF2	0	0	1	1	FALSE	FALSE
GTTGCGCGTGGGTTCC-1	MZ286102_1_ORF2	0	0	3	3	TRUE	TRUE
GTTGCGCGTTGGAGCG-1	meGFP	2	1	37	46	TRUE	TRUE
GTTGCGCGTTTACCAA-1	meGFP	0	0	1	1	FALSE	TRUE
GTTGCTCAGAATCCGG-1	OP549859_1_ORF2	0	0	2	2	TRUE	TRUE
GTTGCTCAGAGGCATT-1	meGFP	0	0	2	2	TRUE	FALSE
GTTGCTCAGAGGGACG-1	meGFP	1	0	9	11	TRUE	TRUE
GTTGCTCAGATAGTCA-1	OP549859_1_ORF2	1	0	7	8	TRUE	TRUE
GTTGCTCAGCCCTGCA-1	OZ258728_1_ORF2	1	0	5	5	TRUE	TRUE
GTTGCTCAGCCTTCAA-1	MZ286102_1_ORF2	1	0	9	9	TRUE	TRUE
GTTGCTCAGCGGTAGC-1	meGFP	0	0	1	1	FALSE	FALSE
GTTGCTCAGCGTACCT-1	OZ258728_1_ORF2	0	0	1	1	FALSE	FALSE
GTTGCTCAGCGTGCTT-1	MZ286197_1_ORF1	0	0	1	2	FALSE	FALSE
GTTGCTCAGCTTGACC-1	MZ286258_1_ORF2	0	0	1	1	FALSE	FALSE
GTTGCTCAGGCTTCGT-1	meGFP	1	1	21	23	TRUE	TRUE
GTTGCTCAGGGCTTGA-1	OZ258728_1_ORF1	1	0	7	7	TRUE	TRUE
GTTGCTCAGGTTCATT-1	MZ286102_1_ORF2	1	1	19	21	TRUE	TRUE
GTTGCTCAGTACCTGC-1	OZ258728_1_ORF2	0	0	1	1	FALSE	TRUE
GTTGCTCAGTCGCTCG-1	OP549859_1_ORF2	1	0	4	4	TRUE	TRUE
GTTGCTCAGTGAGAGA-1	OZ258728_1_ORF2	1	1	44	45	TRUE	TRUE
GTTGCTGGTAATGTCC-1	OZ258728_1_ORF1	0	0	1	1	FALSE	FALSE
GTTGCTGGTAGCCATT-1	OZ258728_1_ORF2	0	0	1	5	FALSE	TRUE
GTTGCTGGTAGTCGGG-1	OP549859_1_ORF2	0	0	1	3	FALSE	TRUE
GTTGCTGGTAGTGTCT-1	OZ258728_1_ORF1	0	0	1	1	FALSE	FALSE
GTTGCTGGTCTATCGG-1	MZ286102_1_ORF2	1	0	7	7	TRUE	TRUE
GTTGCTGGTGAGGAGA-1	OZ258728_1_ORF2	0	0	1	1	FALSE	TRUE
GTTGCTGGTGCCCAAC-1	MZ286102_1_ORF2	0	0	1	1	FALSE	FALSE
GTTGCTGGTGCCCGAT-1	OP549859_1_ORF1	0	0	1	1	FALSE	TRUE
GTTGCTGGTGGACATA-1	MZ286102_1_ORF1	0	0	2	2	TRUE	FALSE
GTTGCTGGTGGCAACG-1	OZ258728_1_ORF1	1	1	27	27	TRUE	TRUE
GTTGCTGGTGGGTTCC-1	OZ258728_1_ORF2	0	0	1	2	FALSE	TRUE
GTTGCTGGTTGGACTT-1	OZ258728_1_ORF2	0	0	1	1	FALSE	TRUE
GTTGCTGGTTTGGATC-1	OZ258728_1_ORF2	1	1	31	35	TRUE	TRUE
GTTGGATAGACGCGAC-1	OP549859_1_ORF1	0	0	1	1	FALSE	TRUE
GTTGGATAGCCACACT-1	MZ286102_1_ORF2	0	0	2	2	TRUE	TRUE
GTTGGATAGCTTGGTC-1	OZ258728_1_ORF2	0	0	1	1	FALSE	TRUE
GTTGGATAGGATAGAG-1	meGFP	0	0	3	3	TRUE	TRUE
GTTGGATAGGGGTAGG-1	meGFP	0	0	1	1	FALSE	FALSE
GTTGGATAGGGTATGT-1	meGFP	1	1	40	41	TRUE	TRUE
GTTGGATAGGTTGGGC-1	OP549859_1_ORF1	0	0	1	1	FALSE	TRUE
GTTGGCCGTACGATAG-1	meGFP	1	0	7	7	TRUE	TRUE
GTTGGCCGTCCGGGTT-1	MZ286258_1_ORF2	0	0	3	3	TRUE	TRUE
GTTGGCCGTTAGAGAT-1	OZ258728_1_ORF2	2	0	9	16	FALSE	TRUE
GTTGGCGCAAGAGGTG-1	OP549859_1_ORF2	1	1	10	11	TRUE	TRUE
GTTGGCGCAAGTGAGG-1	MZ286197_1_ORF1	0	0	1	1	FALSE	TRUE
GTTGGCGCAATGGCTA-1	OZ258728_1_ORF2	0	0	2	2	TRUE	FALSE
GTTGGCGCACGATGTA-1	MZ286102_1_ORF2	0	0	1	1	FALSE	FALSE
GTTGGCGCAGAACCCG-1	MZ286188_1_ORF1	1	0	4	4	TRUE	TRUE
GTTGGCGCAGAACTAT-1	MZ286197_1_ORF2	0	0	3	3	TRUE	TRUE
GTTGGCGCAGACCGCA-1	OZ258728_1_ORF1	0	0	1	1	FALSE	FALSE
GTTGGCGCATATGCAG-1	MZ286102_1_ORF2	0	0	1	1	FALSE	TRUE
GTTGGCGCATCAGCAA-1	OZ258728_1_ORF2	1	1	21	22	TRUE	TRUE
GTTGGCGCATGTGGCG-1	meGFP	0	0	1	1	FALSE	FALSE
GTTGGGCAGAAGCAAG-1	OZ258728_1_ORF2	1	0	5	5	TRUE	FALSE
GTTGGGCAGACATCCC-1	OP549859_1_ORF1	0	0	1	1	FALSE	FALSE
GTTGGGCAGATCAAGC-1	OZ258728_1_ORF2	0	0	1	1	FALSE	FALSE
GTTGGGCAGATGGCGC-1	OZ258728_1_ORF2	1	1	27	27	TRUE	TRUE
GTTGGGCAGCAATCCC-1	MZ286258_1_ORF2	1	0	6	8	TRUE	TRUE
GTTGGGCAGCGCAAGC-1	MZ286197_1_ORF2	0	0	1	1	FALSE	TRUE
GTTGGGCAGCGGATTG-1	OZ258728_1_ORF2	0	0	1	1	FALSE	FALSE
GTTGGGCAGCGGGAAG-1	OZ258728_1_ORF2	0	0	1	1	FALSE	FALSE
GTTGGGCAGCTTAATC-1	OZ258728_1_ORF2	0	0	2	2	TRUE	TRUE
GTTGGGCAGGATGGCC-1	MZ286197_1_ORF1	0	0	1	1	FALSE	TRUE
GTTGGGCAGGTAGGCC-1	MZ286102_1_ORF2	1	1	10	12	TRUE	TRUE
GTTGGGCAGGTGGCTA-1	OZ258728_1_ORF2	1	1	50	51	TRUE	TRUE
GTTGGGCAGGTTCGGA-1	OZ258728_1_ORF2	0	0	1	1	FALSE	TRUE
GTTGGGCAGTAGCTCC-1	OP549859_1_ORF1	1	1	14	14	TRUE	TRUE
GTTGGGCAGTCAACTT-1	OZ258728_1_ORF2	0	0	1	1	FALSE	TRUE
GTTGGGCAGTGTGATA-1	OZ258728_1_ORF1	1	1	31	32	TRUE	TRUE
GTTGGTACACCATGCC-1	MZ286102_1_ORF1	1	0	4	8	TRUE	TRUE
GTTGGTACACCTCTCT-1	MZ286102_1_ORF1	1	1	29	29	TRUE	TRUE
GTTGGTACACTTCCTC-1	MZ286258_1_ORF2	0	0	1	1	FALSE	FALSE
GTTGGTACAGGAAGCA-1	meGFP	0	0	1	1	FALSE	FALSE
GTTGGTACATAAGGTT-1	OZ258728_1_ORF1	0	0	1	1	FALSE	FALSE
GTTGGTACATAGCGCG-1	MZ286258_1_ORF2	0	0	1	1	FALSE	FALSE
GTTGGTACATATGAAC-1	MZ286188_1_ORF1	1	1	10	12	TRUE	TRUE
GTTGGTACATCCCGGT-1	OZ258728_1_ORF1	1	1	16	17	TRUE	TRUE
GTTGGTACATCCGCAC-1	meGFP	0	0	1	1	FALSE	TRUE
GTTGGTACATTACTTG-1	OP549859_1_ORF1	0	0	1	1	FALSE	FALSE
GTTGTCGGTAATGTCC-1	OZ258728_1_ORF1	1	0	8	8	TRUE	TRUE
GTTGTCGGTATCTCAA-1	OZ258728_1_ORF2	0	0	1	1	FALSE	FALSE
GTTGTCGGTCAAGTAG-1	MZ286102_1_ORF1	1	1	22	23	TRUE	TRUE
GTTGTCGGTCAAGTTC-1	meGFP	0	0	1	1	FALSE	FALSE
GTTGTCGGTGAAGCCG-1	MZ286258_1_ORF1	0	0	1	1	FALSE	TRUE
GTTGTCGGTGAGAGCT-1	MZ286188_1_ORF1	1	1	107	107	TRUE	TRUE
GTTGTCGGTGATAGTG-1	meGFP	0	0	1	1	FALSE	TRUE
GTTGTCGGTGCATGAA-1	MZ286258_1_ORF2	1	0	7	7	TRUE	TRUE
GTTGTCGGTGCGACAG-1	OP549859_1_ORF1	0	0	1	1	FALSE	TRUE
GTTGTCGGTTATGCAC-1	MZ286258_1_ORF2	0	0	2	2	TRUE	TRUE
TAAACCCGTACAGGGT-1	OZ258728_1_ORF2	0	0	1	1	FALSE	FALSE
TAAACCCGTAGCGAGT-1	MZ286258_1_ORF2	0	0	1	1	FALSE	TRUE
TAAACCCGTCATCGTG-1	MZ286258_1_ORF1	0	0	2	2	TRUE	TRUE
TAAACCCGTGAGAGCT-1	meGFP	0	0	1	1	FALSE	TRUE
TAAACCCGTGGATGAC-1	OP549859_1_ORF2	1	0	7	7	TRUE	TRUE
TAAACCCGTTTCATCT-1	MZ286102_1_ORF2	0	0	1	1	FALSE	FALSE
TAAACGTCAACAGATT-1	MZ286102_1_ORF1	1	1	42	42	TRUE	TRUE
TAAACGTCAACGTGCG-1	OP549859_1_ORF2	1	1	18	21	TRUE	TRUE
TAAACGTCACAGTTAG-1	meGFP	0	0	1	1	FALSE	FALSE
TAAACGTCACTGACTT-1	meGFP	0	0	1	1	FALSE	FALSE
TAAACGTCATCGTAAG-1	OZ258728_1_ORF2	0	0	1	2	FALSE	FALSE
TAAACGTCATTCCGTG-1	OZ258728_1_ORF1	0	0	1	1	FALSE	TRUE
TAAACTGAGACATCGG-1	OZ258728_1_ORF1	0	0	1	2	FALSE	TRUE
TAAACTGAGACCCTGT-1	MZ286102_1_ORF1	0	0	1	1	FALSE	FALSE
TAAACTGAGATAGACC-1	MZ286258_1_ORF2	0	0	1	1	FALSE	TRUE
TAAACTGAGCGGTAAT-1	OP549859_1_ORF1	1	1	13	13	TRUE	TRUE
TAAACTGAGCTCATAT-1	meGFP	0	0	2	4	FALSE	FALSE
TAAACTGAGGACTCTC-1	OZ258728_1_ORF2	2	2	13	26	FALSE	TRUE
TAAACTGAGGCTACAG-1	OZ258728_1_ORF1	1	0	5	5	TRUE	TRUE
TAAACTGAGTGCAACG-1	meGFP	0	0	2	4	FALSE	TRUE
TAAACTGAGTGTGATA-1	OZ258728_1_ORF1	1	1	34	37	TRUE	TRUE
TAAACTTGTAACCATC-1	OZ258728_1_ORF2	1	0	9	9	TRUE	TRUE
TAAACTTGTAGGCTCC-1	MZ286188_1_ORF1	1	0	7	10	TRUE	TRUE
TAAACTTGTATCTCAA-1	OZ258728_1_ORF2	0	0	1	1	FALSE	TRUE
TAAACTTGTCCGGGTT-1	OP549859_1_ORF2	0	0	3	4	TRUE	TRUE
TAAACTTGTGGCGTCT-1	MZ286188_1_ORF1	0	0	1	1	FALSE	FALSE
TAAACTTGTTACCTAA-1	OP549859_1_ORF1	0	0	1	2	FALSE	TRUE
TAAACTTGTTTGGTAC-1	meGFP	1	0	6	6	TRUE	TRUE
TAAATCTGTACAGAGC-1	meGFP	0	0	1	1	FALSE	TRUE
TAAATCTGTACGCCTA-1	meGFP	0	0	1	1	FALSE	FALSE
TAAATCTGTCGTCACA-1	meGFP	0	0	1	2	FALSE	TRUE
TAAATCTGTGAGTTAG-1	MZ286197_1_ORF2	1	0	6	6	TRUE	TRUE
TAAATCTGTGCTTCCT-1	MZ286197_1_ORF1	1	1	39	39	TRUE	TRUE
TAAATCTGTGGAACCG-1	OZ258728_1_ORF2	0	0	1	1	FALSE	TRUE
TAAATCTGTGGCAACG-1	OP549859_1_ORF2	1	0	9	9	TRUE	TRUE
TAAATCTGTTACTTGA-1	OZ258728_1_ORF2	0	0	1	1	FALSE	FALSE
TAAATCTGTTCCAACG-1	MZ286102_1_ORF1	0	0	1	1	FALSE	FALSE
TAAATCTGTTCGCAGC-1	MZ286258_1_ORF2	0	0	1	1	FALSE	TRUE
TAAATCTGTTTCGATA-1	OP549859_1_ORF2	1	1	11	12	TRUE	TRUE
TAAATTCGTAAGCATG-1	MZ286197_1_ORF2	0	0	2	3	FALSE	TRUE
TAAATTCGTACCCAAT-1	MZ286197_1_ORF1	0	0	1	1	FALSE	FALSE
TAAATTCGTAGGTCAA-1	OZ258728_1_ORF1	0	0	1	1	FALSE	FALSE
TAAATTCGTCCACATG-1	OP549859_1_ORF1	0	0	1	1	FALSE	TRUE
TAAATTCGTCCGTCAA-1	MZ286258_1_ORF2	1	1	11	11	TRUE	TRUE
TAAATTCGTGAATCTC-1	MZ286102_1_ORF2	0	0	1	1	FALSE	TRUE
TAAATTCGTGGCAACG-1	OZ258728_1_ORF2	0	0	1	1	FALSE	TRUE
TAAATTCGTGGTGTGG-1	MZ286102_1_ORF2	1	0	8	9	TRUE	TRUE
TAAATTCGTTAATTCG-1	MZ286258_1_ORF2	0	0	1	1	FALSE	FALSE
TAAATTCGTTGTAGCT-1	MZ286258_1_ORF2	2	2	31	44	FALSE	TRUE
TAAATTCGTTTACGGT-1	OZ258728_1_ORF1	0	0	1	2	FALSE	FALSE
TAAATTCGTTTAGGCT-1	MZ286102_1_ORF1	0	0	2	2	TRUE	TRUE
TAAATTGCAAACGACC-1	MZ286258_1_ORF2	0	0	1	1	FALSE	FALSE
TAAATTGCAAATGCGC-1	OZ258728_1_ORF1	0	0	1	1	FALSE	FALSE
TAAATTGCAACGTAAT-1	OP549859_1_ORF1	1	0	5	5	TRUE	FALSE
TAAATTGCACGATGTA-1	meGFP	0	0	1	1	FALSE	FALSE
TAAATTGCACTCACAT-1	meGFP	0	0	1	1	FALSE	TRUE
TAAATTGCAGAGAGAT-1	MZ286102_1_ORF2	0	0	2	2	TRUE	TRUE
TAAATTGCAGATTAGT-1	OZ258728_1_ORF2	0	0	1	1	FALSE	FALSE
TAAATTGCAGTAGGAG-1	MZ286102_1_ORF2	1	0	8	8	TRUE	TRUE
TAAATTGCATAGCGCG-1	OP549859_1_ORF2	1	0	5	5	TRUE	TRUE
TAAATTGCATCCCAAT-1	MZ286258_1_ORF2	1	1	10	10	TRUE	TRUE
TAAATTGCATCGTAAG-1	MZ286102_1_ORF2	1	1	10	12	TRUE	TRUE
TAAATTGCATTGGTTC-1	MZ286102_1_ORF1	0	0	1	1	FALSE	FALSE
TAACACTTCCCGTGCA-1	MZ286188_1_ORF2	0	0	1	2	FALSE	TRUE
TAACACTTCCGTAATT-1	OZ258728_1_ORF2	0	0	1	1	FALSE	TRUE
TAACACTTCCGTAGAG-1	MZ286197_1_ORF2	1	0	4	4	TRUE	TRUE
TAACACTTCCGTGGTT-1	MZ286102_1_ORF1	1	1	12	12	TRUE	TRUE
TAACACTTCCTCTACT-1	MZ286258_1_ORF1	0	0	1	1	FALSE	TRUE
TAACACTTCGACTCCG-1	MZ286197_1_ORF1	0	0	1	1	FALSE	FALSE
TAACACTTCGCCTCTC-1	MZ286258_1_ORF2	1	0	5	5	TRUE	TRUE
TAACACTTCGGGACTA-1	OZ258728_1_ORF2	1	1	94	94	TRUE	TRUE
TAACACTTCGTCCATA-1	MZ286188_1_ORF2	0	0	1	1	FALSE	TRUE
TAACACTTCTCTGGCG-1	meGFP	0	0	1	1	FALSE	TRUE
TAACACTTCTGGCTTA-1	OP549859_1_ORF1	0	0	1	1	FALSE	FALSE
TAACGACAGATTGGTA-1	MZ286197_1_ORF2	0	0	1	1	FALSE	FALSE
TAACGACAGCCACTCG-1	OP549859_1_ORF1	0	0	1	1	FALSE	TRUE
TAACGACAGCTTAGTT-1	OZ258728_1_ORF2	0	0	1	2	FALSE	TRUE
TAACGACAGGCGTGAC-1	OP549859_1_ORF1	0	0	1	1	FALSE	FALSE
TAACGACAGGCTCTGT-1	OZ258728_1_ORF1	0	0	1	1	FALSE	FALSE
TAACGACAGTAAGGTC-1	OZ258728_1_ORF1	0	0	1	1	FALSE	TRUE
TAACGACAGTCCACGT-1	meGFP	0	0	1	1	FALSE	TRUE
TAACGGAGTAACCGGG-1	OZ258728_1_ORF2	0	0	1	1	FALSE	FALSE
TAACGGAGTACGAATG-1	MZ286102_1_ORF1	0	0	1	1	FALSE	TRUE
TAACGGAGTCCACACA-1	OZ258728_1_ORF2	0	0	1	1	FALSE	FALSE
TAACGGAGTCGGGCTT-1	MZ286188_1_ORF1	0	0	3	6	FALSE	TRUE
TAACGGAGTGAATGTG-1	OP549859_1_ORF1	1	0	7	7	TRUE	TRUE
TAACGGAGTGGGATTA-1	MZ286258_1_ORF2	1	1	41	41	TRUE	TRUE
TAACGGAGTGGTGCGA-1	OZ258728_1_ORF2	0	0	1	1	FALSE	FALSE
TAACGGAGTGTGTCGC-1	OZ258728_1_ORF2	1	1	43	45	TRUE	TRUE
TAACGGAGTGTTGCAT-1	MZ286258_1_ORF1	1	0	8	9	TRUE	TRUE
TAACGGAGTTAGAGAT-1	MZ286197_1_ORF1	1	0	8	9	TRUE	TRUE
TAACGGAGTTGTCTAA-1	meGFP	0	0	1	1	FALSE	FALSE
TAACGGAGTTTGCGGC-1	OZ258728_1_ORF2	0	0	1	1	FALSE	FALSE
TAACGGGTCACACTTG-1	OZ258728_1_ORF2	0	0	1	1	FALSE	TRUE
TAACGGGTCCAGACTC-1	OZ258728_1_ORF2	2	2	38	69	FALSE	TRUE
TAACGGGTCCCGATAC-1	OZ258728_1_ORF2	0	0	1	1	FALSE	TRUE
TAACGGGTCGGATGCA-1	MZ286197_1_ORF2	0	0	1	1	FALSE	FALSE
TAACGGGTCGGTCGAA-1	MZ286258_1_ORF1	1	1	12	12	TRUE	TRUE
TAACGGGTCGTACGGA-1	OP549859_1_ORF1	0	0	1	1	FALSE	TRUE
TAACGGGTCGTTACTG-1	OZ258728_1_ORF1	0	0	1	2	FALSE	TRUE
TAACGGGTCTAGATTC-1	MZ286197_1_ORF2	0	0	1	1	FALSE	FALSE
TAACGGGTCTTGAGCC-1	MZ286102_1_ORF1	1	1	10	10	TRUE	TRUE
TAACGGTAGACCCATC-1	OZ258728_1_ORF2	0	0	1	1	FALSE	TRUE
TAACGGTAGACTCATT-1	MZ286102_1_ORF2	0	0	1	1	FALSE	TRUE
TAACGGTAGCGGGAAG-1	MZ286197_1_ORF2	0	0	1	1	FALSE	FALSE
TAACGGTAGCGGGACT-1	MZ286197_1_ORF2	0	0	2	2	TRUE	TRUE
TAACGGTAGGATCGTG-1	MZ286197_1_ORF2	1	0	5	8	TRUE	TRUE
TAACGGTAGGCACTTC-1	MZ286102_1_ORF2	0	0	3	3	TRUE	TRUE
TAACGGTAGGTACCCT-1	OP549859_1_ORF1	0	0	1	2	FALSE	TRUE
TAACGGTAGGTCGAAT-1	MZ286197_1_ORF1	1	0	9	10	TRUE	TRUE
TAACGGTAGGTTCATT-1	MZ286258_1_ORF2	0	0	1	1	FALSE	TRUE
TAACGGTAGTTACCAT-1	OZ258728_1_ORF2	1	1	23	23	TRUE	TRUE
TAAGCCCTCCCGTCGA-1	MZ286102_1_ORF2	0	0	1	1	FALSE	TRUE
TAAGCCCTCCGAAGCA-1	OZ258728_1_ORF1	0	0	1	1	FALSE	TRUE
TAAGCCCTCCGTAATT-1	OP549859_1_ORF1	0	0	1	2	FALSE	TRUE
TAAGCCCTCCGTAGAG-1	MZ286102_1_ORF2	0	0	2	2	TRUE	TRUE
TAAGCCCTCGTGCGAA-1	MZ286258_1_ORF1	0	0	1	1	FALSE	TRUE
TAAGCCCTCGTTCCGG-1	OP549859_1_ORF2	1	0	4	4	TRUE	TRUE
TAAGCCCTCTATACCG-1	MZ286258_1_ORF1	0	0	2	3	FALSE	TRUE
TAAGCCCTCTCGCTCC-1	MZ286258_1_ORF2	1	1	23	23	TRUE	TRUE
TAAGCCCTCTGATTAC-1	MZ286197_1_ORF2	0	0	1	1	FALSE	TRUE
TAAGCCCTCTGCCACG-1	OZ258728_1_ORF2	1	1	73	73	TRUE	TRUE
TAAGCCTGTACTGTCG-1	MZ286258_1_ORF1	0	0	1	1	FALSE	TRUE
TAAGCCTGTAGAGGCT-1	MZ286102_1_ORF2	1	0	5	5	TRUE	TRUE
TAAGCCTGTAGGATAT-1	MZ286102_1_ORF2	1	0	6	6	TRUE	TRUE
TAAGCCTGTATTGGCT-1	OP549859_1_ORF1	1	1	60	61	TRUE	TRUE
TAAGCCTGTCCCGAAC-1	OZ258728_1_ORF1	0	0	1	1	FALSE	FALSE
TAAGCCTGTCGTCACA-1	OP549859_1_ORF1	0	0	1	1	FALSE	TRUE
TAAGCCTGTGCAGGCA-1	OP549859_1_ORF2	1	1	11	11	TRUE	TRUE
TAAGCCTGTGGGTAAC-1	OP549859_1_ORF1	0	0	1	1	FALSE	FALSE
TAAGCCTGTGTAAGTG-1	OZ258728_1_ORF2	0	0	1	1	FALSE	TRUE
TAAGCCTGTTAACGAG-1	OP549859_1_ORF1	0	0	3	4	TRUE	TRUE
TAAGCCTGTTGCGGTC-1	meGFP	0	0	1	1	FALSE	FALSE
TAAGCCTGTTTACGAC-1	MZ286188_1_ORF1	0	0	1	1	FALSE	FALSE
TAAGCGAGTAACCCTG-1	MZ286102_1_ORF2	0	0	1	1	FALSE	FALSE
TAAGCGAGTACCGATT-1	OP549859_1_ORF2	1	0	4	4	TRUE	TRUE
TAAGCGAGTATACGTC-1	OZ258728_1_ORF2	0	0	1	2	FALSE	TRUE
TAAGCGAGTATTGGGA-1	OZ258728_1_ORF2	2	1	11	24	FALSE	TRUE
TAAGCGAGTCAAGTAG-1	MZ286258_1_ORF1	2	2	31	57	FALSE	TRUE
TAAGCGAGTCGATGAA-1	MZ286197_1_ORF1	1	0	7	7	TRUE	TRUE
TAAGCGAGTGGCGCAA-1	MZ286188_1_ORF2	1	0	6	6	TRUE	TRUE
TAAGCGAGTGGGTAAC-1	meGFP	1	0	6	6	TRUE	TRUE
TAAGCGAGTGGTGATA-1	OP549859_1_ORF1	0	0	1	2	FALSE	FALSE
TAAGCGAGTTTCGATA-1	OZ258728_1_ORF2	1	1	34	34	TRUE	TRUE
TAAGCGGTCACGAAGT-1	MZ286197_1_ORF2	1	0	5	5	TRUE	TRUE
TAAGCGGTCGCTAGAG-1	OP549859_1_ORF2	1	0	5	5	TRUE	TRUE
TAAGCGGTCGCTTGGT-1	MZ286102_1_ORF2	1	1	10	10	TRUE	TRUE
TAAGCGGTCTGCATCA-1	OZ258728_1_ORF2	0	0	1	1	FALSE	FALSE
TAAGCGGTCTGGAAGT-1	MZ286258_1_ORF2	0	0	1	1	FALSE	TRUE
TAAGCGGTCTGGACGA-1	OP549859_1_ORF1	1	0	7	7	TRUE	TRUE
TAAGGACTCAACCGGA-1	OZ258728_1_ORF2	1	1	74	74	TRUE	TRUE
TAAGGACTCAATGCTT-1	OZ258728_1_ORF1	0	0	3	5	FALSE	TRUE
TAAGGACTCAGCGGAC-1	meGFP	0	0	1	1	FALSE	TRUE
TAAGGACTCCACCTGG-1	MZ286197_1_ORF2	0	0	1	2	FALSE	TRUE
TAAGGACTCCATAGGG-1	meGFP	0	0	1	1	FALSE	TRUE
TAAGGACTCCGACTAC-1	MZ286102_1_ORF2	1	0	4	7	TRUE	TRUE
TAAGGACTCGCCTGTG-1	OZ258728_1_ORF2	0	0	1	1	FALSE	FALSE
TAAGGACTCTAAGTGA-1	OZ258728_1_ORF2	1	1	11	12	TRUE	TRUE
TAAGGAGAGAAGCGTT-1	MZ286258_1_ORF2	0	0	1	1	FALSE	TRUE
TAAGGAGAGAGGCGTC-1	OZ258728_1_ORF2	1	0	5	6	TRUE	TRUE
TAAGGAGAGCAACGAT-1	meGFP	0	0	1	1	FALSE	FALSE
TAAGGAGAGCTCATGC-1	MZ286258_1_ORF1	0	0	1	1	FALSE	FALSE
TAAGGAGAGCTTAGTT-1	OZ258728_1_ORF2	0	0	1	2	FALSE	TRUE
TAAGGAGAGGAGTATC-1	meGFP	0	0	1	2	FALSE	TRUE
TAAGGAGAGGGATGGG-1	MZ286102_1_ORF1	1	1	56	56	TRUE	TRUE
TAAGGAGAGGGGCAAG-1	MZ286197_1_ORF2	0	0	3	3	TRUE	TRUE
TAAGGAGAGTCCAATT-1	OZ258728_1_ORF1	0	0	1	1	FALSE	TRUE
TAAGGAGAGTGCCCAT-1	OZ258728_1_ORF1	0	0	1	1	FALSE	FALSE
TAAGGAGAGTTGCATT-1	MZ286102_1_ORF2	1	1	13	14	TRUE	TRUE
TAAGGGGCAAAGCCCG-1	OZ258728_1_ORF2	0	0	1	1	FALSE	TRUE
TAAGGGGCAACATCCT-1	OP549859_1_ORF1	0	0	1	1	FALSE	TRUE
TAAGGGGCAAGATTAC-1	MZ286188_1_ORF1	1	1	41	42	TRUE	TRUE
TAAGGGGCAATGTAGT-1	meGFP	0	0	1	1	FALSE	TRUE
TAAGGGGCACAACTAG-1	meGFP	0	0	1	1	FALSE	FALSE
TAAGGGGCACCAATGA-1	MZ286188_1_ORF2	1	0	8	8	TRUE	TRUE
TAAGGGGCACCATAGA-1	OP549859_1_ORF1	0	0	1	1	FALSE	FALSE
TAAGGGGCACCTCTAG-1	meGFP	0	0	1	1	FALSE	FALSE
TAAGGGGCACTCATAC-1	MZ286102_1_ORF1	0	0	2	4	FALSE	TRUE
TAAGGGGCACTTCGAT-1	MZ286197_1_ORF1	1	0	4	5	TRUE	TRUE
TAAGGGGCAGGCCAAT-1	MZ286188_1_ORF1	0	0	2	3	FALSE	TRUE
TAAGTCAAGACGCAAT-1	MZ286197_1_ORF2	0	0	2	3	FALSE	TRUE
TAAGTCAAGAGGACTT-1	MZ286102_1_ORF2	0	0	2	2	TRUE	TRUE
TAAGTCAAGATGCCTC-1	MZ286258_1_ORF1	1	1	14	16	TRUE	TRUE
TAAGTCAAGCAAGCTG-1	OZ258728_1_ORF2	0	0	1	1	FALSE	FALSE
TAAGTCAAGCGAGAGG-1	meGFP	1	1	21	21	TRUE	TRUE
TAAGTCAAGCGTAAGT-1	meGFP	0	0	1	1	FALSE	FALSE
TAAGTCAAGCGTGCTT-1	MZ286197_1_ORF2	0	0	1	1	FALSE	TRUE
TAAGTCAAGCGTTCAC-1	OP549859_1_ORF2	0	0	2	3	FALSE	TRUE
TAAGTCAAGGAAGTAG-1	MZ286258_1_ORF2	1	1	12	12	TRUE	TRUE
TAAGTCAAGGGTTGCA-1	MZ286258_1_ORF1	0	0	1	1	FALSE	FALSE
TAAGTCAAGTAGTTGA-1	MZ286258_1_ORF1	0	0	1	1	FALSE	FALSE
TAAGTCAAGTCAACCC-1	MZ286197_1_ORF2	0	0	1	1	FALSE	TRUE
TAAGTGGGTAGTGTCT-1	OP549859_1_ORF1	1	0	9	9	TRUE	TRUE
TAAGTGGGTCAGCATT-1	MZ286102_1_ORF1	1	1	10	11	TRUE	TRUE
TAAGTGGGTCCATGAT-1	OP549859_1_ORF2	1	1	12	12	TRUE	TRUE
TAAGTGGGTGGACACG-1	MZ286258_1_ORF2	0	0	2	2	TRUE	TRUE
TAAGTGGGTGGCCGTT-1	MZ286258_1_ORF2	1	0	6	12	TRUE	TRUE
TAAGTGGGTGGCTTGC-1	MZ286188_1_ORF1	2	1	18	22	TRUE	TRUE
TAAGTGGGTGGTGCGA-1	OP549859_1_ORF1	1	0	4	5	TRUE	FALSE
TAAGTGGGTTAACTGC-1	MZ286258_1_ORF1	1	1	26	26	TRUE	TRUE
TAAGTGGGTTTAGCAC-1	MZ286102_1_ORF1	1	1	21	21	TRUE	TRUE
TAAGTGGGTTTGAGTC-1	OP549859_1_ORF1	0	0	1	1	FALSE	TRUE
TAAGTGGGTTTGGCGC-1	OP549859_1_ORF2	0	0	3	3	TRUE	TRUE
TAATACCTCAACTGGG-1	MZ286188_1_ORF2	0	0	2	3	FALSE	TRUE
TAATACCTCAGTAGTA-1	OP549859_1_ORF2	1	1	11	11	TRUE	TRUE
TAATACCTCAGTATCT-1	OZ258728_1_ORF2	1	1	14	14	TRUE	TRUE
TAATACCTCATTAACC-1	OP549859_1_ORF1	0	0	1	1	FALSE	FALSE
TAATACCTCCAATCAT-1	OZ258728_1_ORF2	0	0	1	1	FALSE	FALSE
TAATACCTCCAGAGGC-1	MZ286258_1_ORF2	0	0	1	2	FALSE	FALSE
TAATACCTCCGGCTTG-1	OZ258728_1_ORF2	0	0	1	1	FALSE	FALSE
TAATACCTCGAGCGAC-1	MZ286197_1_ORF2	1	0	8	9	TRUE	TRUE
TAATACCTCTAACTGT-1	MZ286188_1_ORF1	0	0	1	1	FALSE	FALSE
TAATACCTCTCTGGCG-1	MZ286258_1_ORF2	0	0	1	1	FALSE	FALSE
TAATACCTCTGAGTCC-1	OZ258728_1_ORF2	1	1	55	55	TRUE	TRUE
TAATACCTCTTGGATT-1	OZ258728_1_ORF2	0	0	1	1	FALSE	FALSE
TAATACTGTAAGTTGG-1	OZ258728_1_ORF2	2	1	23	33	FALSE	TRUE
TAATACTGTACAGAGC-1	OZ258728_1_ORF2	1	1	56	57	TRUE	TRUE
TAATACTGTATCGCCA-1	OZ258728_1_ORF1	1	0	7	10	TRUE	TRUE
TAATACTGTCCACATG-1	MZ286188_1_ORF2	0	0	1	1	FALSE	TRUE
TAATACTGTGTTGCGC-1	MZ286188_1_ORF1	1	1	32	33	TRUE	TRUE
TAATACTGTTAACCAC-1	meGFP	1	1	19	19	TRUE	TRUE
TAATACTGTTGTCCTC-1	MZ286188_1_ORF2	0	0	2	2	TRUE	TRUE
TAATCACTCACACACC-1	MZ286258_1_ORF1	1	1	10	13	TRUE	TRUE
TAATCACTCAGGATAC-1	MZ286197_1_ORF2	1	0	4	4	TRUE	TRUE
TAATCACTCATCGTTG-1	MZ286188_1_ORF1	0	0	1	2	FALSE	TRUE
TAATCACTCCAAGTAA-1	meGFP	0	0	1	3	FALSE	TRUE
TAATCACTCCCTGCGA-1	MZ286258_1_ORF1	0	0	1	1	FALSE	FALSE
TAATCACTCCGTGATC-1	OP549859_1_ORF1	0	0	1	1	FALSE	TRUE
TAATCACTCGACCTTA-1	meGFP	0	0	2	2	TRUE	TRUE
TAATCACTCGCAAGGC-1	OP549859_1_ORF2	0	0	3	4	TRUE	TRUE
TAATCACTCTAATTGC-1	OP549859_1_ORF2	1	0	4	4	TRUE	TRUE
TAATCACTCTACCCAA-1	OP549859_1_ORF2	0	0	3	3	TRUE	TRUE
TAATCACTCTAGTCAT-1	MZ286258_1_ORF1	1	1	21	22	TRUE	TRUE
TAATCACTCTGGGACA-1	MZ286258_1_ORF2	1	1	22	22	TRUE	TRUE
TAATCATGTAACGGAC-1	OZ258728_1_ORF2	0	0	1	1	FALSE	FALSE
TAATCATGTGGAAGCT-1	OZ258728_1_ORF1	0	0	3	3	TRUE	TRUE
TAATCATGTGGACACG-1	MZ286258_1_ORF2	1	1	14	15	TRUE	TRUE
TAATCATGTTAACTGC-1	meGFP	1	1	16	16	TRUE	TRUE
TAATCATGTTGTAAGG-1	OZ258728_1_ORF2	1	1	10	10	TRUE	TRUE
TAATCATGTTTACGGT-1	OZ258728_1_ORF1	0	0	1	1	FALSE	FALSE
TAATCGAAGATGACAC-1	MZ286197_1_ORF2	0	0	1	1	FALSE	TRUE
TAATCGAAGCATATCT-1	meGFP	0	0	1	1	FALSE	TRUE
TAATCGAAGCCAGACA-1	MZ286102_1_ORF2	1	0	4	4	TRUE	TRUE
TAATCGAAGCCAGGGT-1	meGFP	0	0	1	1	FALSE	FALSE
TAATCGAAGCGCCTAT-1	MZ286188_1_ORF1	0	0	1	1	FALSE	FALSE
TAATCGAAGCTATGAA-1	MZ286258_1_ORF1	0	0	1	1	FALSE	TRUE
TAATCGAAGGGTGTCA-1	OP549859_1_ORF1	0	0	1	1	FALSE	FALSE
TAATCGAAGTACTGGG-1	MZ286258_1_ORF2	1	0	5	6	TRUE	TRUE
TAATCGAAGTGCCCAT-1	MZ286102_1_ORF2	1	1	18	18	TRUE	TRUE
TAATGGCAGACCAGCA-1	OZ258728_1_ORF2	1	1	27	27	TRUE	TRUE
TAATGGCAGACTTGAA-1	OZ258728_1_ORF2	0	0	2	5	FALSE	TRUE
TAATGGCAGCCCTGCA-1	OZ258728_1_ORF1	0	0	1	1	FALSE	FALSE
TAATGGCAGCGCCTAT-1	OP549859_1_ORF1	1	1	103	103	TRUE	TRUE
TAATGGCAGCGTACCT-1	MZ286102_1_ORF2	1	1	14	14	TRUE	TRUE
TAATGGCAGCGTGCTT-1	MZ286258_1_ORF2	1	1	11	11	TRUE	TRUE
TAATGGCAGCTCTCAA-1	OP549859_1_ORF2	0	0	1	1	FALSE	TRUE
TAATGGCAGGGTTCGA-1	meGFP	1	1	19	19	TRUE	TRUE
TAATGGCAGTACCAGG-1	OZ258728_1_ORF2	0	0	2	2	TRUE	TRUE
TAATGGCAGTCCACGT-1	meGFP	0	0	1	1	FALSE	FALSE
TAATGGCAGTCTAGGG-1	MZ286258_1_ORF1	0	0	2	3	FALSE	TRUE
TAATGGGGTAGGTAGC-1	MZ286188_1_ORF1	0	0	3	3	TRUE	TRUE
TAATGGGGTCGAAGGT-1	OZ258728_1_ORF2	0	0	1	1	FALSE	FALSE
TAATGGGGTGGGATTA-1	MZ286188_1_ORF1	0	0	1	1	FALSE	TRUE
TAATGGGGTTAGTTGC-1	MZ286102_1_ORF2	1	1	11	11	TRUE	TRUE
TAATGGGGTTTCCTGC-1	OZ258728_1_ORF1	0	0	1	1	FALSE	FALSE
TAATGTGAGAACTGCG-1	OZ258728_1_ORF2	1	0	6	6	TRUE	TRUE
TAATGTGAGAACTTAG-1	MZ286102_1_ORF2	0	0	3	4	TRUE	TRUE
TAATGTGAGACCAGTG-1	OP549859_1_ORF2	1	0	6	7	TRUE	TRUE
TAATGTGAGCACGGAC-1	MZ286258_1_ORF2	1	1	15	17	TRUE	TRUE
TAATGTGAGCCATGAG-1	MZ286102_1_ORF1	1	0	8	8	TRUE	TRUE
TAATGTGAGCTTACGC-1	MZ286258_1_ORF1	0	0	1	1	FALSE	TRUE
TAATGTGAGGACGAGG-1	OP549859_1_ORF2	1	1	11	13	TRUE	TRUE
TAATGTGAGGGGCCAT-1	OZ258728_1_ORF1	0	0	3	3	TRUE	TRUE
TAATGTGAGGTAGACT-1	MZ286102_1_ORF2	1	0	6	7	TRUE	TRUE
TAATGTGAGTGGATTA-1	OZ258728_1_ORF2	2	1	30	34	TRUE	TRUE
TAATGTGAGTGGCTTC-1	MZ286102_1_ORF1	0	0	1	1	FALSE	TRUE
TAATGTTGTAACTTGC-1	OZ258728_1_ORF2	0	0	3	4	TRUE	TRUE
TAATGTTGTCTCAGGC-1	OP549859_1_ORF2	0	0	1	1	FALSE	FALSE
TAATGTTGTCTCCAAG-1	meGFP	1	0	7	7	TRUE	TRUE
TAATGTTGTGAACCAA-1	OZ258728_1_ORF2	1	1	109	109	TRUE	TRUE
TAATGTTGTGCCCGAT-1	OP549859_1_ORF1	0	0	3	3	TRUE	TRUE
TAATGTTGTGGACACG-1	MZ286197_1_ORF1	1	1	23	23	TRUE	TRUE
TAATGTTGTTCGGTTG-1	MZ286188_1_ORF2	0	0	1	1	FALSE	TRUE
TAATGTTGTTGCCTTC-1	OP549859_1_ORF1	0	0	3	4	TRUE	TRUE
TAATGTTGTTGTCTAA-1	OZ258728_1_ORF2	1	1	85	85	TRUE	TRUE
TAATGTTGTTTGAACC-1	OZ258728_1_ORF2	0	0	1	1	FALSE	FALSE
TAATTGACAGCTGCGA-1	meGFP	1	1	80	80	TRUE	TRUE
TAATTGACAGGGTAAG-1	MZ286258_1_ORF2	0	0	1	1	FALSE	TRUE
TAATTGACATACCGTT-1	OP549859_1_ORF1	0	0	1	1	FALSE	TRUE
TAATTGACATCAGGGT-1	MZ286188_1_ORF2	0	0	1	1	FALSE	TRUE
TAATTGACATGCATCT-1	meGFP	0	0	1	1	FALSE	FALSE
TAATTGACATTGAAGT-1	meGFP	0	0	1	1	FALSE	TRUE
TAATTGCTCAACTGAA-1	MZ286258_1_ORF2	1	1	19	19	TRUE	TRUE
TAATTGCTCATGATCT-1	MZ286102_1_ORF1	0	0	1	1	FALSE	FALSE
TAATTGCTCCGTCGCA-1	OP549859_1_ORF1	0	0	1	1	FALSE	TRUE
TAATTGCTCGTTCACA-1	MZ286188_1_ORF2	0	0	1	1	FALSE	TRUE
TAATTGCTCTAGAGGT-1	OP549859_1_ORF1	0	0	1	1	FALSE	FALSE
TAATTGCTCTCGATCA-1	meGFP	2	1	74	85	TRUE	TRUE
TAATTGCTCTCTGGTA-1	OP549859_1_ORF1	0	0	1	1	FALSE	FALSE
TAATTGCTCTGCCTGG-1	OP549859_1_ORF2	0	0	1	1	FALSE	TRUE
TACAACCGTAAGCATG-1	meGFP	0	0	1	1	FALSE	TRUE
TACAACCGTAATCACC-1	OP549859_1_ORF1	1	0	6	6	TRUE	TRUE
TACAACCGTACGATAG-1	MZ286102_1_ORF1	0	0	1	1	FALSE	TRUE
TACAACCGTATTGACC-1	OZ258728_1_ORF2	1	1	11	11	TRUE	TRUE
TACAACCGTCAAGTAG-1	MZ286188_1_ORF2	0	0	0	0	FALSE	FALSE
TACAACCGTCGATGCC-1	MZ286258_1_ORF1	0	0	1	1	FALSE	FALSE
TACAACCGTCTGGTCA-1	OZ258728_1_ORF1	0	0	2	2	TRUE	FALSE
TACAACCGTGAATCTC-1	MZ286258_1_ORF2	0	0	2	2	TRUE	TRUE
TACAACCGTGAGTTAG-1	MZ286258_1_ORF1	1	0	8	8	TRUE	TRUE
TACAACCGTGCGCGAA-1	meGFP	0	0	2	2	TRUE	TRUE
TACAACCGTTATCTAG-1	OZ258728_1_ORF2	1	1	14	14	TRUE	TRUE
TACAACCGTTCGTCTC-1	meGFP	0	0	1	1	FALSE	FALSE
TACAACCGTTGAAGTG-1	OP549859_1_ORF1	1	0	5	7	TRUE	TRUE
TACAACCGTTGTCTAA-1	MZ286258_1_ORF2	1	0	9	10	TRUE	TRUE
TACAACTTCAGTCGTC-1	MZ286102_1_ORF1	0	0	1	1	FALSE	FALSE
TACAACTTCCGACAGA-1	meGFP	0	0	1	1	FALSE	FALSE
TACAACTTCCGGCTCA-1	MZ286102_1_ORF1	1	0	6	6	TRUE	FALSE
TACAACTTCGATGGGC-1	meGFP	0	0	1	3	FALSE	TRUE
TACAACTTCGTGCTGT-1	MZ286102_1_ORF2	1	0	5	8	TRUE	TRUE
TACAACTTCGTTCACA-1	OZ258728_1_ORF2	1	1	12	13	TRUE	TRUE
TACAACTTCTAGAGGT-1	MZ286258_1_ORF2	0	0	1	1	FALSE	FALSE
TACAACTTCTAGGTAA-1	meGFP	0	0	1	1	FALSE	TRUE
TACAACTTCTCCTTCG-1	MZ286188_1_ORF1	0	0	1	1	FALSE	FALSE
TACAACTTCTCTATCC-1	meGFP	0	0	1	1	FALSE	FALSE
TACAATCTCACGAAGT-1	MZ286258_1_ORF2	1	0	4	4	TRUE	TRUE
TACAATCTCAGGATGT-1	MZ286258_1_ORF2	1	0	8	8	TRUE	TRUE
TACAATCTCCGTAGAG-1	MZ286258_1_ORF1	1	0	6	6	TRUE	TRUE
TACAATCTCGCGCATT-1	MZ286102_1_ORF1	0	0	1	1	FALSE	FALSE
TACAATCTCTCAGCAC-1	MZ286258_1_ORF2	1	0	4	4	TRUE	TRUE
TACAATCTCTGCCATA-1	OZ258728_1_ORF2	0	0	1	1	FALSE	TRUE
TACACCGGTGAGAGGA-1	MZ286258_1_ORF2	0	0	2	2	TRUE	TRUE
TACACCGGTGAGTTAG-1	MZ286102_1_ORF2	1	1	16	17	TRUE	TRUE
TACACCGGTGGCAACG-1	MZ286197_1_ORF1	1	1	35	35	TRUE	TRUE
TACACCGGTTATCTAG-1	OP549859_1_ORF1	0	0	3	3	TRUE	TRUE
TACACCGGTTTCATCT-1	OZ258728_1_ORF2	0	0	1	1	FALSE	FALSE
TACACTTAGAAGCGCC-1	MZ286258_1_ORF2	0	0	1	1	FALSE	FALSE
TACACTTAGCAAGGTT-1	MZ286197_1_ORF1	1	0	4	4	TRUE	TRUE
TACACTTAGCTATCCA-1	OZ258728_1_ORF2	0	0	1	1	FALSE	TRUE
TACACTTAGGAGCATT-1	MZ286188_1_ORF1	1	1	108	108	TRUE	TRUE
TACACTTAGGGGCAAG-1	MZ286188_1_ORF2	0	0	1	1	FALSE	TRUE
TACACTTAGGGTTGCA-1	OZ258728_1_ORF2	0	0	1	1	FALSE	FALSE
TACACTTAGGTTCATT-1	MZ286102_1_ORF2	0	0	1	1	FALSE	FALSE
TACACTTAGTGTCGCT-1	meGFP	0	0	1	2	FALSE	TRUE
TACAGAATCATCATAC-1	OZ258728_1_ORF2	1	0	4	6	TRUE	TRUE
TACAGAATCCCTGCGA-1	OZ258728_1_ORF2	0	0	1	1	FALSE	FALSE
TACAGAATCGAACCGA-1	OP549859_1_ORF1	1	1	98	98	TRUE	TRUE
TACAGAATCGCTACTA-1	MZ286102_1_ORF2	0	0	1	1	FALSE	FALSE
TACAGAATCGGACAGC-1	OZ258728_1_ORF2	0	0	1	1	FALSE	FALSE
TACAGAATCGGACCAA-1	OZ258728_1_ORF2	2	2	40	79	FALSE	TRUE
TACAGAATCGGTTAGG-1	meGFP	0	0	1	2	FALSE	TRUE
TACAGAATCGTCAATT-1	OZ258728_1_ORF2	0	0	1	1	FALSE	FALSE
TACAGAATCTACCGAC-1	MZ286102_1_ORF2	1	0	9	9	TRUE	TRUE
TACAGAATCTCTAACG-1	OZ258728_1_ORF2	0	0	1	1	FALSE	TRUE
TACAGAATCTTGAATC-1	OZ258728_1_ORF2	1	1	48	48	TRUE	TRUE
TACAGGCCACACAGCG-1	meGFP	0	0	1	1	FALSE	FALSE
TACAGGCCACTTCAAC-1	OP549859_1_ORF1	0	0	1	1	FALSE	FALSE
TACAGGTAGAACCACG-1	MZ286197_1_ORF1	2	1	12	17	FALSE	TRUE
TACAGGTAGAGGGACG-1	OZ258728_1_ORF2	0	0	1	1	FALSE	FALSE
TACAGGTAGATGCGGC-1	OZ258728_1_ORF1	0	0	1	3	FALSE	TRUE
TACAGGTAGCCCGATT-1	MZ286188_1_ORF1	0	0	3	4	TRUE	TRUE
TACAGGTAGCCTCACG-1	MZ286258_1_ORF2	0	0	1	1	FALSE	FALSE
TACAGGTAGCCTCTGG-1	MZ286102_1_ORF1	1	1	11	12	TRUE	TRUE
TACAGGTAGCGGTAGC-1	meGFP	0	0	1	1	FALSE	FALSE
TACAGGTAGGATAGAG-1	OZ258728_1_ORF2	1	1	138	139	TRUE	TRUE
TACAGGTAGGCGTGGT-1	MZ286258_1_ORF1	0	0	1	1	FALSE	TRUE
TACAGGTAGGGACATT-1	meGFP	1	1	37	37	TRUE	TRUE
TACAGGTAGGTAATTG-1	MZ286102_1_ORF2	1	0	6	6	TRUE	TRUE
TACAGTTTCAAGCTAA-1	MZ286258_1_ORF2	0	0	2	5	FALSE	TRUE
TACAGTTTCATTAACC-1	MZ286188_1_ORF2	0	0	2	2	TRUE	TRUE
TACAGTTTCGACTCCG-1	OZ258728_1_ORF2	0	0	1	1	FALSE	TRUE
TACAGTTTCGCGGAGT-1	OP549859_1_ORF1	0	0	1	1	FALSE	FALSE
TACAGTTTCGGGATCA-1	MZ286258_1_ORF1	0	0	1	1	FALSE	TRUE
TACAGTTTCTAACCAT-1	MZ286258_1_ORF2	0	0	2	2	TRUE	TRUE
TACAGTTTCTCGACCG-1	MZ286258_1_ORF2	1	1	16	16	TRUE	TRUE
TACATAACACACAGCG-1	MZ286188_1_ORF1	0	0	1	1	FALSE	TRUE
TACATAACACAGTTAG-1	MZ286258_1_ORF2	1	1	15	15	TRUE	TRUE
TACATAACACCAAGTA-1	OP549859_1_ORF1	0	0	2	4	FALSE	TRUE
TACATAACACGTTAAG-1	OP549859_1_ORF2	0	0	1	2	FALSE	TRUE
TACATAACACTTCGGC-1	MZ286102_1_ORF2	1	1	17	17	TRUE	TRUE
TACATAACAGCTTGCC-1	OP549859_1_ORF1	0	0	1	1	FALSE	TRUE
TACATAACATGCTGAA-1	MZ286258_1_ORF2	0	0	1	1	FALSE	TRUE
TACATAACATTACTTG-1	meGFP	0	0	1	1	FALSE	FALSE
TACCAACGTACCGACC-1	OZ258728_1_ORF2	0	0	1	1	FALSE	TRUE
TACCAACGTGAGTTAG-1	MZ286197_1_ORF1	0	0	1	3	FALSE	TRUE
TACCAACGTGTCCAAT-1	MZ286197_1_ORF2	0	0	1	1	FALSE	FALSE
TACCAACGTTGCGGAG-1	MZ286188_1_ORF1	1	0	5	6	TRUE	TRUE
TACCAACGTTGGTGAA-1	meGFP	0	0	1	1	FALSE	TRUE
TACCAACGTTGTAGCT-1	MZ286102_1_ORF2	1	0	6	7	TRUE	TRUE
TACCCCTGTACCGATT-1	OZ258728_1_ORF2	0	0	1	1	FALSE	FALSE
TACCCCTGTAGCCCTA-1	OZ258728_1_ORF2	0	0	1	1	FALSE	FALSE
TACCCCTGTATACGTC-1	OP549859_1_ORF1	0	0	1	1	FALSE	FALSE
TACCCCTGTATGGTTC-1	OZ258728_1_ORF2	0	0	1	1	FALSE	FALSE
TACCCCTGTCACACCA-1	OZ258728_1_ORF2	1	1	36	36	TRUE	TRUE
TACCCCTGTCGCGAGA-1	MZ286188_1_ORF2	1	0	8	8	TRUE	TRUE
TACCCCTGTCGCTGGT-1	MZ286102_1_ORF2	0	0	1	1	FALSE	FALSE
TACCCCTGTTTAATCG-1	OZ258728_1_ORF2	0	0	1	1	FALSE	TRUE
TACCCCTGTTTCCGTC-1	MZ286197_1_ORF2	2	0	5	12	FALSE	TRUE
TACCCTAAGAAGCCTG-1	MZ286102_1_ORF2	0	0	1	1	FALSE	FALSE
TACCCTAAGACCAGTG-1	OZ258728_1_ORF1	0	0	1	1	FALSE	TRUE
TACCCTAAGAGGTTAC-1	meGFP	0	0	3	5	FALSE	TRUE
TACCCTAAGATTGGTA-1	MZ286197_1_ORF1	0	0	1	1	FALSE	TRUE
TACCCTAAGGATCCCT-1	MZ286188_1_ORF2	1	1	12	12	TRUE	TRUE
TACCCTAAGGGTAACT-1	MZ286197_1_ORF2	1	0	5	5	TRUE	TRUE
TACCCTAAGGTAGGCC-1	OZ258728_1_ORF2	1	1	72	73	TRUE	TRUE
TACCCTAAGGTTGGGC-1	MZ286102_1_ORF2	2	1	10	14	FALSE	TRUE
TACCCTAAGTGGCTTC-1	meGFP	0	0	1	1	FALSE	FALSE
TACCCTAAGTTAAGTG-1	OP549859_1_ORF1	0	0	1	1	FALSE	TRUE
TACCCTCGTAGTCGTT-1	OP549859_1_ORF1	0	0	1	1	FALSE	FALSE
TACCCTCGTCATGAGA-1	OZ258728_1_ORF1	0	0	1	2	FALSE	TRUE
TACCCTCGTCCAACTG-1	meGFP	0	0	1	1	FALSE	FALSE
TACCCTCGTCGACATT-1	OZ258728_1_ORF2	0	0	1	1	FALSE	FALSE
TACCCTCGTCTAGTGT-1	MZ286258_1_ORF2	1	1	27	28	TRUE	TRUE
TACCCTCGTCTGGATT-1	meGFP	1	1	99	99	TRUE	TRUE
TACCCTCGTGGGAATC-1	MZ286258_1_ORF2	0	0	1	1	FALSE	TRUE
TACCCTCGTGGTGTGG-1	MZ286102_1_ORF1	0	0	1	1	FALSE	TRUE
TACCCTCGTGGTTCAT-1	OZ258728_1_ORF2	1	1	77	81	TRUE	TRUE
TACCCTCGTGTTGACT-1	OZ258728_1_ORF2	1	1	32	33	TRUE	TRUE
TACCGTTCAAACGACC-1	OZ258728_1_ORF2	0	0	1	1	FALSE	FALSE
TACCGTTCACGGATCG-1	OZ258728_1_ORF1	1	1	25	25	TRUE	TRUE
TACCGTTCAGCTGCGA-1	OZ258728_1_ORF2	0	0	1	1	FALSE	TRUE
TACCGTTCAGCTTGGG-1	OZ258728_1_ORF2	0	0	2	5	FALSE	TRUE
TACCGTTCATAGTAAC-1	MZ286197_1_ORF2	0	0	0	0	FALSE	TRUE
TACCGTTCATCCTTCC-1	meGFP	0	0	1	1	FALSE	FALSE
TACCGTTCATGTCTGT-1	MZ286102_1_ORF2	0	0	1	1	FALSE	FALSE
TACCTCCGTAACTTGC-1	OZ258728_1_ORF2	0	0	1	1	FALSE	TRUE
TACCTCCGTACTTGGT-1	MZ286197_1_ORF2	1	0	8	9	TRUE	TRUE
TACCTCCGTAGCACTT-1	MZ286197_1_ORF1	0	0	1	1	FALSE	TRUE
TACCTCCGTGCAATTC-1	OP549859_1_ORF2	0	0	1	1	FALSE	FALSE
TACCTCCGTGTGTCAT-1	OZ258728_1_ORF1	0	0	1	1	FALSE	TRUE
TACCTCCGTTACGCCA-1	MZ286102_1_ORF1	1	0	5	5	TRUE	TRUE
TACCTCCGTTCTATGA-1	MZ286197_1_ORF2	1	0	4	4	TRUE	TRUE
TACCTCCGTTGGACTT-1	MZ286188_1_ORF2	0	0	1	1	FALSE	FALSE
TACCTCCGTTTGATGC-1	OZ258728_1_ORF2	0	0	1	1	FALSE	TRUE
TACGATTTCAACCGGA-1	MZ286258_1_ORF1	0	0	1	1	FALSE	TRUE
TACGATTTCACTCGCG-1	OZ258728_1_ORF1	0	0	1	1	FALSE	FALSE
TACGATTTCCAGAGGC-1	MZ286197_1_ORF2	0	0	1	1	FALSE	TRUE
TACGATTTCCCACAGT-1	OZ258728_1_ORF2	0	0	1	1	FALSE	FALSE
TACGATTTCCCTGCGA-1	MZ286102_1_ORF2	0	0	1	1	FALSE	FALSE
TACGATTTCGTACGTC-1	OZ258728_1_ORF2	0	0	1	1	FALSE	TRUE
TACGATTTCGTTACTG-1	MZ286197_1_ORF1	0	0	1	1	FALSE	TRUE
TACGATTTCTAGCTTG-1	MZ286197_1_ORF1	0	0	1	1	FALSE	FALSE
TACGATTTCTTGGTGC-1	MZ286197_1_ORF2	0	0	3	3	TRUE	TRUE
TACGCAACACAGCCAG-1	MZ286102_1_ORF2	0	0	1	1	FALSE	FALSE
TACGCAACACGGCTCT-1	OP549859_1_ORF2	0	0	1	2	FALSE	TRUE
TACGCAACACGTGAAC-1	OP549859_1_ORF1	0	0	1	1	FALSE	TRUE
TACGCAACAGCTTGCC-1	MZ286188_1_ORF2	0	0	0	0	FALSE	TRUE
TACGCAACAGTAAGGG-1	MZ286102_1_ORF1	0	0	1	3	FALSE	TRUE
TACGCAACATCCTTCC-1	MZ286197_1_ORF2	0	0	1	1	FALSE	TRUE
TACGGGCAGAAGGACA-1	meGFP	1	0	8	8	TRUE	TRUE
TACGGGCAGGATCGTG-1	MZ286102_1_ORF1	1	1	17	18	TRUE	TRUE
TACGGGCAGGGTTCGA-1	OP549859_1_ORF1	0	0	1	1	FALSE	FALSE
TACGGGCAGTATCGAA-1	MZ286102_1_ORF2	0	0	2	4	FALSE	TRUE
TACGGGCAGTGCAACG-1	MZ286197_1_ORF1	0	0	1	1	FALSE	FALSE
TACGGGCAGTTGGCGA-1	MZ286197_1_ORF2	0	0	1	1	FALSE	TRUE
TACGGGTCAACAGGCT-1	OZ258728_1_ORF1	1	1	34	34	TRUE	TRUE
TACGGGTCACAAGGGA-1	MZ286188_1_ORF1	0	0	1	1	FALSE	TRUE
TACGGGTCACAGATCA-1	MZ286102_1_ORF1	0	0	3	3	TRUE	TRUE
TACGGGTCACCAATGA-1	MZ286188_1_ORF2	0	0	1	1	FALSE	TRUE
TACGGGTCACCATAGA-1	MZ286258_1_ORF1	0	0	3	3	TRUE	TRUE
TACGGGTCACGGCTCT-1	meGFP	0	0	1	1	FALSE	TRUE
TACGGGTCACGTGCCT-1	MZ286197_1_ORF1	0	0	1	2	FALSE	TRUE
TACGGGTCACTACGGG-1	MZ286258_1_ORF1	1	1	13	17	TRUE	TRUE
TACGGGTCATCCCGGT-1	OZ258728_1_ORF2	0	0	1	1	FALSE	TRUE
TACGGGTCATGCAATG-1	MZ286188_1_ORF1	0	0	1	1	FALSE	FALSE
TACGGGTCATTACAGG-1	OZ258728_1_ORF2	0	0	1	1	FALSE	FALSE
TACGTAGCAAAGGCGA-1	OZ258728_1_ORF2	0	0	1	1	FALSE	TRUE
TACGTAGCACAGATCA-1	OZ258728_1_ORF2	1	1	37	38	TRUE	TRUE
TACGTAGCACAGTATG-1	MZ286102_1_ORF2	1	1	15	15	TRUE	TRUE
TACGTAGCACCCAACC-1	OZ258728_1_ORF2	1	1	11	11	TRUE	TRUE
TACGTAGCACGGCTCT-1	MZ286188_1_ORF1	0	0	3	4	TRUE	TRUE
TACGTAGCACGTTGGG-1	OZ258728_1_ORF2	0	0	1	1	FALSE	FALSE
TACGTAGCACTGATGA-1	MZ286258_1_ORF1	0	0	1	1	FALSE	FALSE
TACGTAGCAGAACCCG-1	meGFP	1	1	13	13	TRUE	TRUE
TACGTAGCAGATATAC-1	meGFP	0	0	1	1	FALSE	TRUE
TACGTAGCAGGGTCTG-1	OZ258728_1_ORF2	1	0	8	8	TRUE	TRUE
TACGTAGCATCCACAT-1	meGFP	0	0	1	1	FALSE	FALSE
TACGTAGCATGCCCTA-1	OZ258728_1_ORF2	1	0	5	6	TRUE	TRUE
TACGTTGTCAAGCCAG-1	MZ286102_1_ORF2	1	1	13	14	TRUE	TRUE
TACGTTGTCCTCTACT-1	MZ286258_1_ORF2	0	0	1	1	FALSE	TRUE
TACGTTGTCGACTCTA-1	OZ258728_1_ORF2	0	0	1	1	FALSE	FALSE
TACGTTGTCGCCCGTA-1	OZ258728_1_ORF2	0	0	1	1	FALSE	FALSE
TACGTTGTCGCTTAAT-1	meGFP	0	0	1	1	FALSE	FALSE
TACGTTGTCGGGATTG-1	MZ286102_1_ORF2	0	0	1	1	FALSE	FALSE
TACGTTGTCTAGATGA-1	OZ258728_1_ORF2	0	0	1	1	FALSE	TRUE
TACGTTTAGACACTAA-1	OZ258728_1_ORF1	0	0	1	1	FALSE	FALSE
TACGTTTAGACCTACC-1	OZ258728_1_ORF2	0	0	1	1	FALSE	TRUE
TACGTTTAGAGAGGTA-1	MZ286258_1_ORF1	0	0	1	1	FALSE	FALSE
TACGTTTAGAGTTAGC-1	MZ286258_1_ORF1	0	0	2	2	TRUE	TRUE
TACGTTTAGCGATTCC-1	OP549859_1_ORF2	0	0	1	1	FALSE	TRUE
TACGTTTAGCGCTAGA-1	OZ258728_1_ORF2	0	0	1	1	FALSE	FALSE
TACGTTTAGCGGATTG-1	MZ286258_1_ORF1	1	1	12	12	TRUE	TRUE
TACGTTTAGCTCCGCA-1	OZ258728_1_ORF2	0	0	2	2	TRUE	TRUE
TACGTTTAGGACTCTC-1	MZ286102_1_ORF2	1	0	6	6	TRUE	TRUE
TACGTTTAGGCAGGCT-1	MZ286188_1_ORF2	1	1	22	22	TRUE	TRUE
TACGTTTAGGGGAACG-1	MZ286258_1_ORF1	1	1	36	36	TRUE	TRUE
TACGTTTAGTGCAACG-1	meGFP	0	0	1	1	FALSE	FALSE
TACTAGAAGACACGCA-1	MZ286102_1_ORF2	1	0	7	7	TRUE	TRUE
TACTAGAAGACTAATG-1	OP549859_1_ORF1	1	0	4	4	TRUE	TRUE
TACTAGAAGACTTGCC-1	MZ286197_1_ORF2	0	0	1	1	FALSE	FALSE
TACTAGAAGAGGTTAC-1	OZ258728_1_ORF2	0	0	1	1	FALSE	FALSE
TACTAGAAGCACCAGA-1	MZ286188_1_ORF1	0	0	1	1	FALSE	FALSE
TACTAGAAGCAGGGCT-1	MZ286102_1_ORF2	1	0	7	7	TRUE	TRUE
TACTAGAAGCGACACA-1	MZ286102_1_ORF2	1	0	5	5	TRUE	TRUE
TACTAGAAGCTTGAGG-1	MZ286102_1_ORF2	1	0	6	6	TRUE	TRUE
TACTAGAAGTACCCGT-1	MZ286102_1_ORF2	1	1	25	25	TRUE	TRUE
TACTATGGTACCCAGC-1	OZ258728_1_ORF2	1	0	4	4	TRUE	TRUE
TACTATGGTCATGAGA-1	OP549859_1_ORF2	0	0	1	1	FALSE	FALSE
TACTATGGTGAACGAC-1	MZ286197_1_ORF2	0	0	1	1	FALSE	TRUE
TACTATGGTGGCCTAC-1	MZ286197_1_ORF2	0	0	3	3	TRUE	TRUE
TACTATGGTTCTATCT-1	MZ286258_1_ORF1	0	0	1	1	FALSE	TRUE
TACTATGGTTCTGGCA-1	OZ258728_1_ORF2	0	0	1	1	FALSE	FALSE
TACTATGGTTTAGGAG-1	OZ258728_1_ORF2	0	0	1	1	FALSE	FALSE
TACTATGGTTTGCCCT-1	meGFP	0	0	1	1	FALSE	TRUE
TACTCAAGTAATCCGT-1	OZ258728_1_ORF2	0	0	1	2	FALSE	TRUE
TACTCAAGTCACCAGC-1	OZ258728_1_ORF2	0	0	1	1	FALSE	TRUE
TACTCAAGTCCACGGT-1	meGFP	0	0	1	1	FALSE	TRUE
TACTCAAGTCCATCCT-1	OZ258728_1_ORF2	0	0	1	1	FALSE	TRUE
TACTCAAGTCGCGTGT-1	MZ286197_1_ORF2	0	0	1	1	FALSE	TRUE
TACTCAAGTGAGACCG-1	MZ286258_1_ORF2	0	0	2	2	TRUE	TRUE
TACTCCGCAAACGGCT-1	OZ258728_1_ORF2	1	1	13	14	TRUE	TRUE
TACTCCGCAAACTTCC-1	MZ286258_1_ORF2	0	0	1	1	FALSE	FALSE
TACTCCGCAAATCTGG-1	OZ258728_1_ORF2	0	0	1	1	FALSE	TRUE
TACTCCGCAAATGACT-1	MZ286188_1_ORF1	1	1	69	69	TRUE	TRUE
TACTCCGCACCCAGCT-1	OP549859_1_ORF1	0	0	1	1	FALSE	TRUE
TACTCCGCACTCGCTA-1	OZ258728_1_ORF2	0	0	1	1	FALSE	FALSE
TACTCCGCAGCTTGCC-1	MZ286258_1_ORF2	0	0	1	1	FALSE	FALSE
TACTCCGCAGGATTGC-1	MZ286258_1_ORF2	1	0	4	6	TRUE	TRUE
TACTCCGCAGGTCTCC-1	meGFP	0	0	1	1	FALSE	FALSE
TACTCCGCAGTCGAGT-1	OP549859_1_ORF2	0	0	2	2	TRUE	TRUE
TACTCCGCATAAGCCA-1	OP549859_1_ORF1	0	0	1	1	FALSE	TRUE
TACTCCGCATCCAGCC-1	OZ258728_1_ORF2	0	0	1	3	FALSE	FALSE
TACTCCGCATCGCATT-1	MZ286188_1_ORF1	0	0	1	1	FALSE	FALSE
TACTCCGCATGAAGGG-1	MZ286102_1_ORF2	0	0	2	2	TRUE	TRUE
TACTCCGCATGCCCTA-1	MZ286188_1_ORF1	0	0	1	1	FALSE	TRUE
TACTCCGCATGCTCGC-1	MZ286102_1_ORF2	1	1	23	24	TRUE	TRUE
TACTCGATCAAGCGTG-1	OZ258728_1_ORF2	1	1	62	62	TRUE	TRUE
TACTCGATCACATATC-1	MZ286102_1_ORF1	0	0	1	2	FALSE	TRUE
TACTCGATCACATGCC-1	OP549859_1_ORF2	1	1	12	12	TRUE	TRUE
TACTCGATCCCGCTGA-1	OZ258728_1_ORF1	0	0	1	1	FALSE	TRUE
TACTCGATCCGGCTTG-1	MZ286197_1_ORF1	0	0	1	1	FALSE	FALSE
TACTCGATCCTCCTAT-1	OP549859_1_ORF1	2	2	17	31	FALSE	TRUE
TACTCGATCGAACGTG-1	OZ258728_1_ORF2	0	0	1	1	FALSE	TRUE
TACTCGCAGATTCGTT-1	meGFP	0	0	1	1	FALSE	FALSE
TACTCGCAGCCTAATT-1	meGFP	0	0	1	1	FALSE	FALSE
TACTCGCAGCCTGTGT-1	OP549859_1_ORF2	1	0	5	10	TRUE	TRUE
TACTCGCAGCTATGAA-1	meGFP	1	1	31	32	TRUE	TRUE
TACTCGCAGGACGTTG-1	OZ258728_1_ORF2	1	1	29	30	TRUE	TRUE
TACTCGCAGGTCGAAT-1	meGFP	1	1	67	67	TRUE	TRUE
TACTCGCAGTGAGAGA-1	OZ258728_1_ORF2	0	0	1	1	FALSE	FALSE
TACTCGTCAAATGAGA-1	meGFP	0	0	1	1	FALSE	FALSE
TACTCGTCAAATGCGC-1	MZ286102_1_ORF2	0	0	1	1	FALSE	TRUE
TACTCGTCAACCTTAC-1	MZ286102_1_ORF2	0	0	1	1	FALSE	TRUE
TACTCGTCAACTGCCC-1	OP549859_1_ORF1	1	0	4	4	TRUE	TRUE
TACTCGTCAAGACTAT-1	MZ286188_1_ORF1	0	0	1	1	FALSE	TRUE
TACTCGTCACCGTTCA-1	OZ258728_1_ORF2	0	0	1	1	FALSE	TRUE
TACTCGTCACTCGTCA-1	OZ258728_1_ORF2	2	1	13	17	TRUE	TRUE
TACTCGTCAGGAAGTG-1	MZ286258_1_ORF2	0	0	2	2	TRUE	TRUE
TACTCGTCATAATCCC-1	meGFP	0	0	1	1	FALSE	FALSE
TACTCGTCATCACTGT-1	OZ258728_1_ORF2	0	0	1	1	FALSE	FALSE
TACTCGTCATGGCCTC-1	OP549859_1_ORF1	0	0	1	1	FALSE	TRUE
TACTGATTCAACCGTC-1	OZ258728_1_ORF2	0	0	1	1	FALSE	FALSE
TACTGATTCAATGCTT-1	OP549859_1_ORF1	0	0	1	1	FALSE	FALSE
TACTGATTCACAGGCA-1	meGFP	0	0	1	1	FALSE	FALSE
TACTGATTCACCGCAT-1	OZ258728_1_ORF2	0	0	1	1	FALSE	FALSE
TACTGATTCAGCTTCA-1	OP549859_1_ORF2	1	0	4	4	TRUE	TRUE
TACTGATTCATCATAC-1	MZ286258_1_ORF2	2	0	8	13	FALSE	TRUE
TACTGATTCCAATGCC-1	OP549859_1_ORF1	1	1	28	28	TRUE	TRUE
TACTGATTCCATAGCC-1	MZ286102_1_ORF2	0	0	2	2	TRUE	TRUE
TACTGATTCCTCGACG-1	OP549859_1_ORF1	0	0	1	1	FALSE	TRUE
TACTGATTCGGTAAGT-1	MZ286258_1_ORF2	1	1	10	10	TRUE	TRUE
TACTGATTCGTGCGAA-1	OZ258728_1_ORF2	0	0	1	1	FALSE	FALSE
TACTGATTCTACTCCT-1	meGFP	0	0	1	1	FALSE	TRUE
TACTGATTCTCACGCG-1	MZ286102_1_ORF2	0	0	1	1	FALSE	TRUE
TACTGATTCTGCCACG-1	OP549859_1_ORF1	0	0	1	1	FALSE	FALSE
TACTGCGGTAAGCATG-1	MZ286102_1_ORF2	0	0	1	3	FALSE	TRUE
TACTGCGGTACGTAAG-1	MZ286102_1_ORF2	1	1	14	15	TRUE	TRUE
TACTGCGGTACGTTCG-1	OZ258728_1_ORF2	0	0	1	1	FALSE	FALSE
TACTGCGGTAGCCCTA-1	OP549859_1_ORF2	0	0	2	2	TRUE	TRUE
TACTGCGGTAGCTGAA-1	MZ286258_1_ORF1	1	0	4	7	TRUE	TRUE
TACTGCGGTATGAGTG-1	OZ258728_1_ORF2	0	0	1	1	FALSE	TRUE
TACTGCGGTGCGCGAA-1	MZ286188_1_ORF1	1	1	40	40	TRUE	TRUE
TACTGCGGTGGCCTAC-1	meGFP	0	0	1	1	FALSE	TRUE
TACTGCGGTGTTGCAT-1	MZ286258_1_ORF1	0	0	1	1	FALSE	FALSE
TACTGCGGTTAACTGC-1	OP549859_1_ORF2	0	0	1	2	FALSE	TRUE
TACTGCGGTTGTAAGG-1	meGFP	1	1	11	11	TRUE	TRUE
TACTGCGGTTTCGGGC-1	OZ258728_1_ORF1	0	0	2	2	TRUE	TRUE
TACTGTCCACCGGACA-1	meGFP	1	1	35	35	TRUE	TRUE
TACTGTCCACGTGAGT-1	MZ286102_1_ORF2	1	0	6	6	TRUE	TRUE
TACTGTCCATAGATAC-1	OP549859_1_ORF2	0	0	3	3	TRUE	TRUE
TACTTAATCAACCGGA-1	OP549859_1_ORF1	0	0	1	1	FALSE	TRUE
TACTTAATCAAGCCAG-1	OP549859_1_ORF2	1	0	7	7	TRUE	TRUE
TACTTAATCAAGGCGC-1	MZ286197_1_ORF1	0	0	2	2	TRUE	FALSE
TACTTAATCATTAACC-1	OP549859_1_ORF1	1	0	6	6	TRUE	TRUE
TACTTAATCCCCAGAT-1	MZ286197_1_ORF2	0	0	3	4	TRUE	TRUE
TACTTAATCCTCCTAT-1	OZ258728_1_ORF2	1	0	8	8	TRUE	TRUE
TACTTAATCGCCTGCA-1	OP549859_1_ORF2	1	0	8	9	TRUE	TRUE
TACTTAATCGTGCGAA-1	meGFP	0	0	1	1	FALSE	TRUE
TACTTAATCTAAGTGA-1	meGFP	0	0	1	1	FALSE	FALSE
TACTTAATCTACTCCT-1	MZ286258_1_ORF2	0	0	1	1	FALSE	TRUE
TACTTAATCTAGCTTG-1	meGFP	1	1	12	12	TRUE	TRUE
TACTTAATCTTCGGCG-1	MZ286258_1_ORF2	0	0	3	3	TRUE	TRUE
TACTTAATCTTGGATT-1	MZ286197_1_ORF1	0	0	1	1	FALSE	TRUE
TACTTCACAAGACTAT-1	meGFP	0	0	1	1	FALSE	FALSE
TACTTCACAAGATGGG-1	MZ286258_1_ORF2	0	0	1	1	FALSE	FALSE
TACTTCACAAGGCAAG-1	MZ286258_1_ORF2	0	0	2	2	TRUE	TRUE
TACTTCACACAGCCAG-1	MZ286197_1_ORF2	0	0	2	2	TRUE	TRUE
TACTTCACACCTGTGC-1	OP549859_1_ORF1	0	0	1	1	FALSE	TRUE
TACTTCACAGACACAC-1	OZ258728_1_ORF2	0	0	1	1	FALSE	FALSE
TACTTCACAGCTGATA-1	OZ258728_1_ORF2	0	0	1	1	FALSE	TRUE
TACTTCACATCAGGGT-1	MZ286102_1_ORF2	1	0	4	5	TRUE	TRUE
TACTTCACATGCATCT-1	MZ286258_1_ORF1	0	0	1	1	FALSE	TRUE
TACTTGGTCAACCTTG-1	OP549859_1_ORF1	0	0	1	1	FALSE	TRUE
TACTTGGTCAATCACT-1	MZ286197_1_ORF1	0	0	1	1	FALSE	TRUE
TACTTGGTCCAGAGAT-1	OP549859_1_ORF1	0	0	1	1	FALSE	FALSE
TACTTGGTCCCATCCC-1	OZ258728_1_ORF2	0	0	1	1	FALSE	FALSE
TACTTGGTCGGCTTCG-1	meGFP	0	0	1	1	FALSE	FALSE
TACTTGGTCGTCCATA-1	OZ258728_1_ORF2	0	0	1	1	FALSE	TRUE
TACTTGTAGAGGCGAG-1	meGFP	1	1	24	24	TRUE	TRUE
TACTTGTAGATCAGTA-1	OP549859_1_ORF1	1	0	9	9	TRUE	TRUE
TACTTGTAGCAGCATG-1	OZ258728_1_ORF1	1	0	5	6	TRUE	TRUE
TACTTGTAGCAGGCAC-1	OZ258728_1_ORF1	0	0	1	2	FALSE	TRUE
TACTTGTAGCCATGAG-1	OZ258728_1_ORF2	1	1	13	13	TRUE	TRUE
TACTTGTAGCTCTAGC-1	OZ258728_1_ORF2	0	0	1	1	FALSE	TRUE
TACTTGTAGCTCTCAA-1	MZ286188_1_ORF1	0	0	1	1	FALSE	FALSE
TACTTGTAGGGGCTTA-1	MZ286258_1_ORF2	0	0	1	1	FALSE	TRUE
TACTTGTAGGGTCAGC-1	OZ258728_1_ORF1	0	0	2	6	FALSE	TRUE
TACTTGTAGTAATCCT-1	OZ258728_1_ORF2	0	0	1	1	FALSE	FALSE
TACTTGTAGTACTAAG-1	MZ286102_1_ORF2	1	0	5	5	TRUE	TRUE
TACTTGTAGTGTCCGT-1	MZ286102_1_ORF1	0	0	1	1	FALSE	FALSE
TACTTTCGTAAGCTAG-1	MZ286197_1_ORF1	0	0	1	1	FALSE	TRUE
TACTTTCGTAGCTGAA-1	OP549859_1_ORF2	1	0	6	7	TRUE	TRUE
TACTTTCGTCCACACA-1	OZ258728_1_ORF2	1	1	18	18	TRUE	TRUE
TACTTTCGTGGCGCAA-1	MZ286197_1_ORF2	0	0	3	3	TRUE	TRUE
TACTTTCGTTTACCAA-1	OP549859_1_ORF1	0	0	1	1	FALSE	FALSE
TACTTTCGTTTCATCT-1	MZ286102_1_ORF2	1	1	10	10	TRUE	TRUE
TACTTTCGTTTGAACC-1	meGFP	1	1	103	103	TRUE	TRUE
TAGCCACTCAACTATC-1	MZ286188_1_ORF1	1	0	4	4	TRUE	FALSE
TAGCCACTCCCAACTA-1	meGFP	0	0	1	1	FALSE	TRUE
TAGCCACTCCCGTCGA-1	MZ286197_1_ORF2	1	0	4	4	TRUE	TRUE
TAGCCACTCCTACTGA-1	OZ258728_1_ORF2	0	0	1	1	FALSE	FALSE
TAGCCACTCGACACAG-1	MZ286102_1_ORF2	0	0	1	1	FALSE	TRUE
TAGCCACTCGCGGAGT-1	OZ258728_1_ORF2	0	0	1	1	FALSE	TRUE
TAGCCACTCGCTAGTC-1	MZ286102_1_ORF2	1	1	11	11	TRUE	TRUE
TAGCCACTCTATCGTG-1	MZ286258_1_ORF2	0	0	1	1	FALSE	TRUE
TAGCCACTCTGCAATT-1	OZ258728_1_ORF2	0	0	1	1	FALSE	FALSE
TAGCCTGGTAATCGCT-1	MZ286102_1_ORF1	1	0	5	7	TRUE	TRUE
TAGCCTGGTATGGTTC-1	meGFP	1	0	7	7	TRUE	FALSE
TAGCCTGGTCTCCAAG-1	MZ286258_1_ORF2	0	0	1	1	FALSE	TRUE
TAGCCTGGTGCGCGAA-1	meGFP	0	0	2	2	TRUE	FALSE
TAGCCTGGTGCTATGT-1	MZ286188_1_ORF1	0	0	1	1	FALSE	FALSE
TAGCCTGGTTATCCGG-1	meGFP	0	0	1	1	FALSE	FALSE
TAGCCTGGTTTGGTAC-1	OZ258728_1_ORF1	1	1	12	13	TRUE	TRUE
TAGCGAAGTAGGATAT-1	MZ286188_1_ORF2	0	0	2	3	FALSE	FALSE
TAGCGAAGTATCGCCA-1	OZ258728_1_ORF2	0	0	1	3	FALSE	TRUE
TAGCGAAGTATCTCAA-1	MZ286188_1_ORF1	1	1	12	12	TRUE	TRUE
TAGCGAAGTGGGTCGA-1	OZ258728_1_ORF2	0	0	1	1	FALSE	FALSE
TAGCGAAGTTCATCGG-1	OZ258728_1_ORF1	0	0	1	1	FALSE	FALSE
TAGCGAAGTTCGTCTC-1	OZ258728_1_ORF2	1	1	18	18	TRUE	TRUE
TAGCGAAGTTCTGGCA-1	MZ286188_1_ORF2	1	0	4	5	TRUE	FALSE
TAGCGCTTCACATGCC-1	MZ286197_1_ORF2	0	0	1	1	FALSE	TRUE
TAGCGCTTCACGTGCT-1	MZ286102_1_ORF2	1	1	11	12	TRUE	TRUE
TAGCGCTTCACTTGCA-1	MZ286258_1_ORF2	0	0	1	1	FALSE	TRUE
TAGCGCTTCAGCGGAC-1	meGFP	1	1	57	59	TRUE	TRUE
TAGCGCTTCAGCTTCA-1	MZ286102_1_ORF2	1	0	7	7	TRUE	TRUE
TAGCGCTTCGCCAGTT-1	MZ286258_1_ORF1	2	1	33	40	TRUE	TRUE
TAGCGCTTCGCGCCTA-1	OZ258728_1_ORF2	0	0	1	2	FALSE	TRUE
TAGCGCTTCTAATGGA-1	MZ286197_1_ORF1	0	0	1	1	FALSE	TRUE
TAGCGCTTCTCTCGCC-1	meGFP	0	0	1	1	FALSE	TRUE
TAGCGCTTCTGGAAGT-1	MZ286102_1_ORF1	0	0	3	3	TRUE	TRUE
TAGCGCTTCTGGACGA-1	meGFP	0	0	1	1	FALSE	FALSE
TAGCTTGTCATCAATC-1	OP549859_1_ORF1	0	0	1	2	FALSE	FALSE
TAGCTTGTCCTCATAG-1	MZ286102_1_ORF1	0	0	1	1	FALSE	TRUE
TAGCTTGTCGGTCTAC-1	meGFP	0	0	1	1	FALSE	FALSE
TAGCTTGTCTAAGCGG-1	MZ286188_1_ORF1	0	0	1	1	FALSE	FALSE
TAGGAATGTACAGCAA-1	MZ286102_1_ORF2	1	0	4	4	TRUE	TRUE
TAGGAATGTAGCCCTA-1	OZ258728_1_ORF2	0	0	1	1	FALSE	TRUE
TAGGAATGTAGCTCGC-1	MZ286188_1_ORF1	0	0	1	1	FALSE	TRUE
TAGGAATGTAGGTCAA-1	MZ286258_1_ORF2	1	0	5	5	TRUE	TRUE
TAGGAATGTAGTATCC-1	meGFP	0	0	1	1	FALSE	FALSE
TAGGAATGTATGGCCC-1	MZ286258_1_ORF2	0	0	1	1	FALSE	TRUE
TAGGAATGTCAGCCAC-1	MZ286102_1_ORF2	0	0	1	1	FALSE	FALSE
TAGGAATGTCATGAGA-1	MZ286188_1_ORF1	0	0	1	2	FALSE	TRUE
TAGGAATGTCCCGAAC-1	MZ286102_1_ORF1	0	0	1	2	FALSE	TRUE
TAGGAATGTCTCCTTA-1	OP549859_1_ORF1	0	0	1	1	FALSE	TRUE
TAGGAATGTGGGATTA-1	MZ286197_1_ORF2	0	0	1	1	FALSE	TRUE
TAGGAATGTTGCAGTT-1	OZ258728_1_ORF2	0	0	1	1	FALSE	FALSE
TAGGAATGTTTAGGAG-1	OZ258728_1_ORF2	2	1	17	23	FALSE	TRUE
TAGGAATGTTTCATCT-1	MZ286102_1_ORF2	1	0	7	7	TRUE	TRUE
TAGGATGGTAACCGAA-1	OZ258728_1_ORF2	1	1	22	26	TRUE	TRUE
TAGGATGGTACCGACC-1	OP549859_1_ORF1	1	0	4	4	TRUE	TRUE
TAGGATGGTACCTGGC-1	MZ286188_1_ORF1	0	0	1	2	FALSE	TRUE
TAGGATGGTAGTCCCA-1	MZ286258_1_ORF2	0	0	2	4	FALSE	TRUE
TAGGATGGTATACGTC-1	OZ258728_1_ORF2	0	0	1	1	FALSE	FALSE
TAGGATGGTCCCGAAC-1	MZ286258_1_ORF2	1	1	45	45	TRUE	TRUE
TAGGATGGTCCTGACA-1	MZ286258_1_ORF2	0	0	1	1	FALSE	FALSE
TAGGATGGTGGCGTCT-1	meGFP	1	1	78	78	TRUE	TRUE
TAGGATGGTGTACCAT-1	meGFP	0	0	1	1	FALSE	TRUE
TAGGATGGTTGCCACA-1	OZ258728_1_ORF2	1	1	38	38	TRUE	TRUE
TAGGATTCAACCTTAC-1	OZ258728_1_ORF1	0	0	2	2	TRUE	TRUE
TAGGATTCAACGTGCG-1	OZ258728_1_ORF2	0	0	1	1	FALSE	FALSE
TAGGATTCAACTGGCG-1	MZ286197_1_ORF1	2	2	33	51	FALSE	TRUE
TAGGATTCACGGATCG-1	MZ286188_1_ORF1	0	0	1	1	FALSE	TRUE
TAGGATTCACGGGTAT-1	meGFP	0	0	1	1	FALSE	TRUE
TAGGATTCACTACTAC-1	meGFP	0	0	1	1	FALSE	TRUE
TAGGATTCAGGCTATA-1	MZ286102_1_ORF2	0	0	1	1	FALSE	FALSE
TAGGATTCAGTTCGTT-1	meGFP	0	0	2	2	TRUE	FALSE
TAGGATTCATTGAGGC-1	MZ286258_1_ORF2	1	1	15	16	TRUE	TRUE
TAGGCCCGTACCGACC-1	MZ286102_1_ORF2	0	0	3	7	FALSE	TRUE
TAGGCCCGTACGAATG-1	OZ258728_1_ORF1	1	1	10	10	TRUE	TRUE
TAGGCCCGTCCTGTGA-1	MZ286102_1_ORF2	1	0	4	4	TRUE	TRUE
TAGGCCCGTCGTCACA-1	MZ286102_1_ORF2	0	0	1	1	FALSE	TRUE
TAGGCCCGTGCCTGGT-1	OZ258728_1_ORF2	0	0	1	1	FALSE	TRUE
TAGGCCCGTGCTTAGT-1	OZ258728_1_ORF2	2	0	9	16	FALSE	TRUE
TAGGCCCGTGTCCAAT-1	MZ286258_1_ORF1	0	0	1	1	FALSE	FALSE
TAGGCCCGTGTGTCAT-1	OP549859_1_ORF1	0	0	1	1	FALSE	TRUE
TAGGCCCGTTAGAGAT-1	MZ286102_1_ORF2	1	0	8	10	TRUE	TRUE
TAGGCCCGTTCCACTC-1	MZ286258_1_ORF2	1	0	9	12	TRUE	TRUE
TAGGCCCGTTTACGGT-1	MZ286188_1_ORF2	1	0	4	4	TRUE	TRUE
TAGGCGATCAGGCAAT-1	MZ286188_1_ORF2	1	0	5	5	TRUE	TRUE
TAGGCGATCCAAGTAA-1	MZ286258_1_ORF2	1	1	11	11	TRUE	TRUE
TAGGCGATCCAAGTCC-1	OP549859_1_ORF1	1	0	6	6	TRUE	TRUE
TAGGCGATCCCAGTAC-1	MZ286197_1_ORF1	0	0	1	2	FALSE	TRUE
TAGGCGATCCCTCGCT-1	meGFP	1	1	14	14	TRUE	TRUE
TAGGCGATCCGTGATC-1	OP549859_1_ORF2	1	1	14	14	TRUE	TRUE
TAGGCGATCGATGGGC-1	MZ286102_1_ORF1	0	0	1	1	FALSE	FALSE
TAGGCGATCGGCTCCA-1	MZ286258_1_ORF2	1	0	4	5	TRUE	TRUE
TAGGCGATCTCTGGTA-1	meGFP	1	1	19	19	TRUE	TRUE
TAGGCGATCTGCACCG-1	OZ258728_1_ORF2	1	1	83	85	TRUE	TRUE
TAGGCGATCTTACCTC-1	MZ286102_1_ORF2	0	0	1	1	FALSE	TRUE
TAGGCTCTCCAGACTC-1	meGFP	0	0	1	1	FALSE	FALSE
TAGGCTCTCCCAACTA-1	meGFP	0	0	1	1	FALSE	FALSE
TAGGCTCTCGACTCTA-1	meGFP	1	1	20	20	TRUE	TRUE
TAGGCTCTCGATCGCT-1	MZ286102_1_ORF2	0	0	1	1	FALSE	FALSE
TAGGCTCTCGGTCTAC-1	MZ286102_1_ORF2	0	0	1	1	FALSE	TRUE
TAGGCTCTCGTCAATT-1	meGFP	0	0	1	1	FALSE	TRUE
TAGGCTCTCGTTACCA-1	MZ286188_1_ORF1	1	1	14	14	TRUE	TRUE
TAGGCTCTCTCGCTCC-1	OZ258728_1_ORF2	1	1	11	11	TRUE	TRUE
TAGGCTCTCTTGCGAC-1	MZ286102_1_ORF2	1	0	4	4	TRUE	TRUE
TAGGCTGAGAAGCGCC-1	MZ286102_1_ORF2	0	0	1	1	FALSE	TRUE
TAGGCTGAGAAGTTGC-1	MZ286258_1_ORF2	0	0	1	2	FALSE	FALSE
TAGGCTGAGAATGGTC-1	OZ258728_1_ORF1	0	0	1	1	FALSE	FALSE
TAGGCTGAGAGTCGCA-1	meGFP	0	0	1	1	FALSE	FALSE
TAGGCTGAGATTCACT-1	OZ258728_1_ORF2	1	1	33	33	TRUE	TRUE
TAGGCTGAGCCCGTCA-1	OP549859_1_ORF1	0	0	1	1	FALSE	TRUE
TAGGCTGAGCCTGATC-1	MZ286197_1_ORF1	0	0	3	4	TRUE	FALSE
TAGGCTGAGCTATCCA-1	OZ258728_1_ORF2	1	1	16	17	TRUE	TRUE
TAGGCTGAGCTTGATT-1	MZ286102_1_ORF2	0	0	2	2	TRUE	TRUE
TAGGCTGAGGAATGTC-1	OP549859_1_ORF2	1	0	9	9	TRUE	TRUE
TAGGCTGAGGCATCCT-1	meGFP	1	0	7	7	TRUE	TRUE
TAGGCTGAGTAACCAA-1	MZ286197_1_ORF1	0	0	1	1	FALSE	FALSE
TAGGCTGAGTACTGGG-1	meGFP	1	1	14	14	TRUE	TRUE
TAGGCTGAGTGTGTCC-1	meGFP	1	1	26	26	TRUE	TRUE
TAGGGCATCAGTATGA-1	OZ258728_1_ORF2	1	1	17	17	TRUE	FALSE
TAGGGCATCCAATGCC-1	MZ286258_1_ORF2	0	0	3	3	TRUE	TRUE
TAGGGCATCCCGATAC-1	MZ286102_1_ORF2	0	0	1	1	FALSE	TRUE
TAGGGCATCCCGTTGG-1	OP549859_1_ORF1	0	0	1	1	FALSE	TRUE
TAGGGCATCCGTAGAG-1	MZ286102_1_ORF2	1	0	5	5	TRUE	TRUE
TAGGGCATCCTGAGAG-1	OP549859_1_ORF2	1	0	5	5	TRUE	TRUE
TAGGGCATCGCCTCTC-1	OP549859_1_ORF2	0	0	2	2	TRUE	FALSE
TAGGGCATCTCTGGCG-1	OP549859_1_ORF1	0	0	1	1	FALSE	TRUE
TAGGGCCAGATTCCGC-1	MZ286258_1_ORF1	0	0	1	1	FALSE	TRUE
TAGGGCCAGCCTCTGG-1	MZ286188_1_ORF1	1	1	39	40	TRUE	TRUE
TAGGGCCAGCTAGAGT-1	meGFP	1	1	55	55	TRUE	TRUE
TAGGGCCAGGACTAAC-1	MZ286188_1_ORF1	0	0	1	1	FALSE	FALSE
TAGGGCCAGGCATGTG-1	MZ286258_1_ORF2	1	0	5	5	TRUE	TRUE
TAGGGCCAGGGCCAGT-1	MZ286102_1_ORF1	0	0	1	1	FALSE	TRUE
TAGGGCCAGTGCAGAT-1	OP549859_1_ORF2	0	0	3	3	TRUE	TRUE
TAGGGGACAAAGTGCC-1	OP549859_1_ORF2	0	0	2	2	TRUE	TRUE
TAGGGGACAACGGGTT-1	OZ258728_1_ORF2	1	1	17	17	TRUE	TRUE
TAGGGGACAGAACCCG-1	OP549859_1_ORF1	0	0	1	1	FALSE	TRUE
TAGGGGACAGCTCAGG-1	MZ286188_1_ORF1	0	0	1	1	FALSE	TRUE
TAGGGGACAGTAAGGG-1	meGFP	0	0	1	1	FALSE	FALSE
TAGGGGACATGACAGC-1	MZ286188_1_ORF1	0	0	1	1	FALSE	FALSE
TAGGGGACATTACTTG-1	OP549859_1_ORF2	0	0	1	2	FALSE	TRUE
TAGGTACAGAATGGAG-1	meGFP	0	0	1	1	FALSE	FALSE
TAGGTACAGACACGCA-1	OP549859_1_ORF1	1	1	25	27	TRUE	TRUE
TAGGTACAGACGACTG-1	MZ286102_1_ORF2	1	0	8	10	TRUE	TRUE
TAGGTACAGCCTGATC-1	MZ286258_1_ORF2	0	0	1	1	FALSE	FALSE
TAGGTACAGCCTGCCA-1	MZ286258_1_ORF1	0	0	1	1	FALSE	TRUE
TAGGTACAGCTATACT-1	OZ258728_1_ORF2	0	0	1	1	FALSE	FALSE
TAGGTACAGGAGCCTA-1	MZ286102_1_ORF2	0	0	1	1	FALSE	TRUE
TAGGTACAGGGACATT-1	OP549859_1_ORF1	0	0	1	1	FALSE	TRUE
TAGGTACAGGTCGAAT-1	MZ286102_1_ORF1	0	0	1	1	FALSE	TRUE
TAGGTTGCACGGATTA-1	OZ258728_1_ORF1	1	0	6	8	TRUE	TRUE
TAGGTTGCACGTGAAC-1	OZ258728_1_ORF2	0	0	1	1	FALSE	FALSE
TAGGTTGCACTACCCA-1	MZ286102_1_ORF2	1	1	12	13	TRUE	TRUE
TAGGTTGCACTGACTT-1	MZ286102_1_ORF1	1	1	23	24	TRUE	TRUE
TAGGTTGCAGTTGCTT-1	meGFP	0	0	1	1	FALSE	FALSE
TAGGTTGCATAACGAT-1	MZ286188_1_ORF1	0	0	1	1	FALSE	TRUE
TAGGTTGCATGGAGCT-1	OZ258728_1_ORF2	1	1	108	108	TRUE	TRUE
TAGTATCTCACAGATA-1	MZ286102_1_ORF2	1	0	9	9	TRUE	TRUE
TAGTATCTCACGAAGT-1	OZ258728_1_ORF2	0	0	1	1	FALSE	FALSE
TAGTATCTCCCGATAC-1	meGFP	0	0	1	1	FALSE	TRUE
TAGTATCTCCGCCTGA-1	OP549859_1_ORF1	0	0	1	1	FALSE	FALSE
TAGTATCTCGGGACTA-1	MZ286188_1_ORF2	1	0	4	4	TRUE	TRUE
TAGTATCTCTAATGGA-1	OZ258728_1_ORF2	0	0	1	3	FALSE	TRUE
TAGTATCTCTACCAGC-1	OZ258728_1_ORF2	0	0	1	2	FALSE	TRUE
TAGTATTGTAACTGAG-1	MZ286102_1_ORF2	0	0	2	4	FALSE	TRUE
TAGTATTGTATCCCGA-1	OP549859_1_ORF2	0	0	2	2	TRUE	FALSE
TAGTATTGTCCCATCT-1	OP549859_1_ORF2	1	0	4	4	TRUE	TRUE
TAGTATTGTCCGTCAA-1	OZ258728_1_ORF1	0	0	1	1	FALSE	FALSE
TAGTATTGTGCGCGAA-1	OP549859_1_ORF1	0	0	1	1	FALSE	FALSE
TAGTATTGTGCGTACC-1	OP549859_1_ORF2	0	0	1	2	FALSE	FALSE
TAGTATTGTGCTTAGT-1	MZ286188_1_ORF1	0	0	1	1	FALSE	FALSE
TAGTATTGTGGACACG-1	OP549859_1_ORF2	0	0	3	4	TRUE	TRUE
TAGTATTGTTGCAGTT-1	MZ286102_1_ORF2	1	1	10	11	TRUE	TRUE
TAGTATTGTTGCCTAG-1	MZ286102_1_ORF2	1	0	6	7	TRUE	TRUE
TAGTATTGTTTCCGTC-1	OZ258728_1_ORF1	1	1	25	26	TRUE	TRUE
TAGTCATTCACTCGCG-1	OP549859_1_ORF1	0	0	1	1	FALSE	TRUE
TAGTCATTCCGACAGA-1	OZ258728_1_ORF1	0	0	1	1	FALSE	TRUE
TAGTCATTCCGTGGTT-1	MZ286197_1_ORF1	1	0	6	6	TRUE	TRUE
TAGTCATTCGCACCAT-1	MZ286188_1_ORF1	0	0	1	1	FALSE	TRUE
TAGTCATTCTCCATCT-1	OP549859_1_ORF1	0	0	1	1	FALSE	TRUE
TAGTCTTAGACGCAAT-1	MZ286197_1_ORF1	1	1	23	23	TRUE	TRUE
TAGTCTTAGAGGCATT-1	MZ286102_1_ORF2	1	1	14	14	TRUE	TRUE
TAGTCTTAGCAATCGG-1	MZ286102_1_ORF2	0	0	1	1	FALSE	TRUE
TAGTCTTAGCACCATC-1	OP549859_1_ORF1	1	1	10	10	TRUE	TRUE
TAGTCTTAGCAGGCAC-1	MZ286197_1_ORF2	1	0	4	5	TRUE	TRUE
TAGTCTTAGCATCCGT-1	OP549859_1_ORF1	0	0	1	1	FALSE	TRUE
TAGTCTTAGCCTCTGG-1	MZ286258_1_ORF2	0	0	1	1	FALSE	TRUE
TAGTCTTAGCGCTTAC-1	meGFP	1	0	5	5	TRUE	TRUE
TAGTCTTAGCGTTCGT-1	OZ258728_1_ORF1	0	0	1	1	FALSE	TRUE
TAGTCTTAGCTCATAT-1	MZ286188_1_ORF1	1	1	29	29	TRUE	TRUE
TAGTCTTAGCTCTAGC-1	MZ286258_1_ORF1	0	0	1	1	FALSE	TRUE
TAGTCTTAGGCCAGGT-1	OZ258728_1_ORF2	0	0	1	1	FALSE	TRUE
TAGTCTTAGGGAGTAA-1	OZ258728_1_ORF2	0	0	1	1	FALSE	FALSE
TAGTCTTAGGTTGGGC-1	MZ286197_1_ORF2	0	0	1	2	FALSE	TRUE
TAGTCTTAGTCCGTTA-1	OZ258728_1_ORF2	0	0	2	2	TRUE	TRUE
TAGTCTTAGTGCGGAC-1	meGFP	0	0	1	1	FALSE	TRUE
TAGTGACAGACTTACT-1	MZ286197_1_ORF1	0	0	1	1	FALSE	TRUE
TAGTGACAGCAGGCAC-1	MZ286188_1_ORF1	0	0	1	1	FALSE	TRUE
TAGTGACAGCGGAACC-1	OZ258728_1_ORF2	1	1	90	90	TRUE	TRUE
TAGTGACAGGTCCAGA-1	MZ286102_1_ORF2	1	0	6	7	TRUE	TRUE
TAGTGACAGGTTCCCG-1	MZ286258_1_ORF1	0	0	3	3	TRUE	TRUE
TAGTGACAGTTACCGC-1	OZ258728_1_ORF2	0	0	3	3	TRUE	FALSE
TAGTGACAGTTGAATG-1	OZ258728_1_ORF2	0	0	1	2	FALSE	TRUE
TAGTGACAGTTGGCCT-1	OP549859_1_ORF1	0	0	1	1	FALSE	TRUE
TAGTGAGGTACAGGGT-1	OZ258728_1_ORF2	0	0	1	1	FALSE	FALSE
TAGTGAGGTAGTGTCT-1	MZ286258_1_ORF2	1	1	18	18	TRUE	TRUE
TAGTGAGGTCGCTGGT-1	MZ286188_1_ORF1	0	0	1	1	FALSE	FALSE
TAGTGAGGTGCACTCA-1	MZ286188_1_ORF1	0	0	1	1	FALSE	FALSE
TAGTGAGGTGCAGCCT-1	OZ258728_1_ORF2	1	1	42	42	TRUE	TRUE
TAGTGAGGTGCGCATC-1	MZ286188_1_ORF1	1	1	32	33	TRUE	TRUE
TAGTGAGGTGGCCTAC-1	OZ258728_1_ORF1	0	0	1	1	FALSE	FALSE
TAGTGAGGTGTACCAT-1	OP549859_1_ORF1	1	1	43	44	TRUE	TRUE
TAGTGAGGTGTACCGC-1	OP549859_1_ORF1	0	0	1	1	FALSE	FALSE
TAGTGAGGTTAGCTTA-1	meGFP	1	1	26	26	TRUE	TRUE
TAGTGAGGTTCGCTGA-1	meGFP	0	0	1	2	FALSE	TRUE
TAGTGAGGTTCTATCT-1	meGFP	0	0	1	1	FALSE	FALSE
TAGTGAGGTTGTCTGG-1	OZ258728_1_ORF2	0	0	1	1	FALSE	FALSE
TAGTGAGGTTTCCTAT-1	OP549859_1_ORF2	0	0	1	1	FALSE	TRUE
TAGTGATCAAACGTAT-1	MZ286102_1_ORF2	0	0	1	1	FALSE	FALSE
TAGTGATCAACGTAAT-1	MZ286258_1_ORF1	0	0	1	1	FALSE	TRUE
TAGTGATCACCTGCAC-1	MZ286102_1_ORF1	0	0	1	1	FALSE	FALSE
TAGTGATCACGGATCG-1	OZ258728_1_ORF1	0	0	1	1	FALSE	TRUE
TAGTGATCACTGAAGC-1	OP549859_1_ORF1	0	0	1	1	FALSE	TRUE
TAGTGATCACTTCCAG-1	MZ286197_1_ORF2	0	0	1	1	FALSE	TRUE
TAGTGATCAGATAGGG-1	MZ286197_1_ORF1	0	0	1	1	FALSE	TRUE
TAGTGATCAGCCCTGT-1	OZ258728_1_ORF2	0	0	1	1	FALSE	TRUE
TAGTGATCAGCTGGCA-1	OP549859_1_ORF1	1	0	5	8	TRUE	TRUE
TAGTGATCAGGCAACT-1	OP549859_1_ORF2	1	1	13	13	TRUE	TRUE
TAGTGATCAGGGACTT-1	MZ286102_1_ORF2	1	0	6	6	TRUE	TRUE
TAGTGATCAGGGTTAC-1	MZ286102_1_ORF2	0	0	1	1	FALSE	FALSE
TAGTGATCAGTACCAA-1	MZ286197_1_ORF2	0	0	1	1	FALSE	TRUE
TAGTGATCAGTACCTT-1	MZ286197_1_ORF1	1	1	11	11	TRUE	TRUE
TAGTGATCATAAGCCA-1	meGFP	1	0	4	4	TRUE	FALSE
TAGTGATCATCGTAAG-1	MZ286102_1_ORF2	1	1	24	25	TRUE	TRUE
TAGTGATCATTGGATG-1	OZ258728_1_ORF1	0	0	2	2	TRUE	TRUE
TAGTGGCCAAAGGCGA-1	MZ286188_1_ORF2	0	0	1	1	FALSE	TRUE
TAGTGGCCAAGTCGGT-1	MZ286188_1_ORF2	1	0	8	8	TRUE	TRUE
TAGTGGCCACGGTAAC-1	MZ286102_1_ORF2	0	0	1	1	FALSE	FALSE
TAGTGGCCACTCATAC-1	MZ286258_1_ORF2	1	0	4	5	TRUE	TRUE
TAGTGGCCATGAATCG-1	OZ258728_1_ORF2	0	0	1	1	FALSE	TRUE
TAGTTAACAACGGCCA-1	MZ286102_1_ORF1	2	2	20	35	FALSE	TRUE
TAGTTAACACGAAGGA-1	OZ258728_1_ORF2	0	0	1	1	FALSE	FALSE
TAGTTAACAGCTGCGA-1	OZ258728_1_ORF2	0	0	1	1	FALSE	FALSE
TAGTTAACAGGGTCTG-1	OP549859_1_ORF1	0	0	1	1	FALSE	TRUE
TAGTTAACAGGTACAC-1	OZ258728_1_ORF2	1	1	39	39	TRUE	TRUE
TAGTTAACAGTACCTT-1	meGFP	1	1	60	60	TRUE	TRUE
TAGTTAACATGCTCGC-1	MZ286102_1_ORF2	1	1	10	12	TRUE	TRUE
TAGTTGCGTCCTGTGA-1	OZ258728_1_ORF1	0	0	1	1	FALSE	FALSE
TAGTTGCGTGGTGATA-1	OP549859_1_ORF2	1	0	4	5	TRUE	TRUE
TAGTTGCGTTAGAGAT-1	OZ258728_1_ORF2	0	0	1	1	FALSE	FALSE
TAGTTGCGTTAGGCAA-1	meGFP	0	0	1	1	FALSE	TRUE
TAGTTTGGTAACCCTG-1	MZ286197_1_ORF1	0	0	1	1	FALSE	TRUE
TAGTTTGGTCACTAAC-1	MZ286102_1_ORF2	0	0	2	2	TRUE	TRUE
TAGTTTGGTCTCCTCG-1	meGFP	0	0	1	1	FALSE	TRUE
TAGTTTGGTGGGATTA-1	MZ286197_1_ORF1	0	0	3	3	TRUE	TRUE
TAGTTTGGTGTGATTC-1	MZ286102_1_ORF1	1	1	56	56	TRUE	TRUE
TAGTTTGGTTCTCATT-1	OP549859_1_ORF1	0	0	1	1	FALSE	FALSE
TATAACCTCAATGCGG-1	MZ286258_1_ORF2	1	0	8	8	TRUE	TRUE
TATAACCTCACCCTGG-1	OZ258728_1_ORF2	0	0	1	1	FALSE	FALSE
TATAACCTCCCAGTGT-1	MZ286258_1_ORF2	0	0	1	1	FALSE	TRUE
TATAACCTCCCTGCGA-1	MZ286188_1_ORF1	1	0	8	8	TRUE	FALSE
TATAACCTCCTATACG-1	MZ286197_1_ORF1	0	0	1	2	FALSE	TRUE
TATAACCTCGATACTT-1	OP549859_1_ORF1	0	0	2	4	FALSE	TRUE
TATAACCTCTCCCAGG-1	OP549859_1_ORF2	0	0	1	1	FALSE	TRUE
TATAACTGTACAGGGT-1	OZ258728_1_ORF2	0	0	1	1	FALSE	TRUE
TATAACTGTCCATCCT-1	OZ258728_1_ORF2	1	1	11	14	TRUE	TRUE
TATAACTGTCGCATAT-1	meGFP	0	0	1	1	FALSE	FALSE
TATAACTGTCGGGCTT-1	OP549859_1_ORF1	1	0	8	8	TRUE	FALSE
TATAACTGTCTTGGGC-1	OZ258728_1_ORF1	0	0	1	1	FALSE	FALSE
TATAACTGTGGTTAAG-1	OZ258728_1_ORF2	0	0	1	1	FALSE	FALSE
TATAACTGTTATCTCT-1	MZ286188_1_ORF1	1	0	6	7	TRUE	TRUE
TATAACTGTTGGTTAC-1	OZ258728_1_ORF2	1	1	102	103	TRUE	TRUE
TATAACTGTTTGGCGC-1	MZ286102_1_ORF2	0	0	1	1	FALSE	FALSE
TATAATCGTAGCACTT-1	meGFP	0	0	1	1	FALSE	FALSE
TATAATCGTAGGTAGC-1	meGFP	1	1	25	25	TRUE	TRUE
TATAATCGTAGTGTCT-1	meGFP	0	0	1	1	FALSE	TRUE
TATAATCGTATGTGGA-1	meGFP	1	1	101	101	TRUE	TRUE
TATAATCGTATTGGCT-1	OZ258728_1_ORF2	0	0	1	1	FALSE	TRUE
TATAATCGTGGACATA-1	meGFP	0	0	1	1	FALSE	FALSE
TATAATCGTGGTGATA-1	MZ286102_1_ORF2	0	0	1	1	FALSE	TRUE
TATAATCGTGTCTGTG-1	MZ286258_1_ORF2	0	0	1	1	FALSE	FALSE
TATAATCGTTACGCCA-1	MZ286188_1_ORF2	1	0	9	9	TRUE	TRUE
TATAATCGTTACTTGA-1	meGFP	1	1	57	57	TRUE	TRUE
TATAATCGTTGGGATA-1	OZ258728_1_ORF2	0	0	2	2	TRUE	FALSE
TATAATCGTTGTAGCT-1	OP549859_1_ORF2	0	0	2	3	FALSE	TRUE
TATACCTAGCACGGAC-1	meGFP	1	1	23	23	TRUE	TRUE
TATACCTAGGAGTATC-1	OZ258728_1_ORF1	1	1	61	61	TRUE	TRUE
TATACCTAGGGTTGCA-1	MZ286258_1_ORF2	0	0	1	2	FALSE	TRUE
TATACCTAGTCAGCAG-1	OZ258728_1_ORF2	0	0	1	1	FALSE	FALSE
TATACCTAGTGATAGC-1	MZ286258_1_ORF1	0	0	1	1	FALSE	TRUE
TATACCTAGTGTGTCC-1	OZ258728_1_ORF1	0	0	1	2	FALSE	TRUE
TATACCTAGTTAAGTG-1	MZ286102_1_ORF2	0	0	2	2	TRUE	TRUE
TATACCTAGTTGGCCT-1	MZ286258_1_ORF1	0	0	3	3	TRUE	TRUE
TATACTCAGAAGCAAG-1	OZ258728_1_ORF1	0	0	1	1	FALSE	TRUE
TATACTCAGCAGCATG-1	OZ258728_1_ORF2	0	0	1	1	FALSE	FALSE
TATACTCAGGAGTCTG-1	MZ286258_1_ORF2	1	0	7	8	TRUE	TRUE
TATACTCAGGCACTTC-1	OZ258728_1_ORF2	0	0	1	1	FALSE	TRUE
TATACTCAGGTCTACC-1	OZ258728_1_ORF2	1	1	13	13	TRUE	TRUE
TATACTCAGTCCAATT-1	MZ286188_1_ORF2	1	0	5	6	TRUE	TRUE
TATACTCAGTGTGATA-1	OP549859_1_ORF2	1	1	28	28	TRUE	TRUE
TATACTCAGTTGACTT-1	MZ286102_1_ORF2	0	0	1	1	FALSE	TRUE
TATAGAAGTAAGGTGC-1	OZ258728_1_ORF2	1	1	82	83	TRUE	TRUE
TATAGAAGTACCTCTC-1	MZ286197_1_ORF2	0	0	1	1	FALSE	TRUE
TATAGAAGTCAAGCCC-1	OZ258728_1_ORF2	0	0	1	1	FALSE	FALSE
TATAGAAGTCTAATCA-1	OZ258728_1_ORF1	1	0	5	5	TRUE	TRUE
TATAGAAGTCTTGCTC-1	meGFP	0	0	1	1	FALSE	TRUE
TATAGAAGTGGTGATA-1	MZ286197_1_ORF2	0	0	2	2	TRUE	FALSE
TATAGAAGTGTACCAT-1	meGFP	1	1	12	12	TRUE	TRUE
TATAGAAGTTATCTAG-1	MZ286188_1_ORF1	0	0	1	1	FALSE	FALSE
TATAGAAGTTCGTAGT-1	MZ286197_1_ORF1	0	0	1	1	FALSE	TRUE
TATAGAAGTTCTATCT-1	meGFP	1	0	4	4	TRUE	TRUE
TATAGAGTCAATCCAT-1	MZ286188_1_ORF1	0	0	1	1	FALSE	TRUE
TATAGAGTCAATTCGT-1	OZ258728_1_ORF1	0	0	3	3	TRUE	TRUE
TATAGAGTCCCGTTGG-1	OZ258728_1_ORF2	0	0	1	1	FALSE	FALSE
TATAGAGTCGAACTAA-1	MZ286258_1_ORF1	0	0	1	1	FALSE	FALSE
TATAGAGTCGCACGAA-1	meGFP	0	0	1	1	FALSE	FALSE
TATAGAGTCGCCTCTC-1	OZ258728_1_ORF2	1	1	26	27	TRUE	TRUE
TATAGAGTCGGGATTG-1	MZ286258_1_ORF1	1	1	22	22	TRUE	TRUE
TATAGAGTCTATCGTG-1	MZ286188_1_ORF2	1	0	4	4	TRUE	TRUE
TATAGAGTCTCAGTGC-1	MZ286258_1_ORF2	1	0	4	4	TRUE	TRUE
TATAGAGTCTCTATGG-1	OZ258728_1_ORF2	1	1	115	116	TRUE	TRUE
TATAGAGTCTGCATCA-1	MZ286258_1_ORF1	0	0	1	1	FALSE	FALSE
TATAGATAGAAGCGCC-1	OZ258728_1_ORF2	1	1	68	69	TRUE	TRUE
TATAGATAGAATGGAG-1	OZ258728_1_ORF2	0	0	1	1	FALSE	TRUE
TATAGATAGCAAGCTG-1	MZ286102_1_ORF1	1	1	18	19	TRUE	TRUE
TATAGATAGCGTGCTT-1	OZ258728_1_ORF2	0	0	1	1	FALSE	FALSE
TATAGATAGCTTGATT-1	MZ286102_1_ORF2	0	0	2	2	TRUE	FALSE
TATAGATAGGATCACG-1	MZ286197_1_ORF2	0	0	1	1	FALSE	FALSE
TATAGATAGGATGGTT-1	meGFP	0	0	1	1	FALSE	FALSE
TATAGATAGGCGAACC-1	MZ286102_1_ORF1	1	1	17	17	TRUE	TRUE
TATAGATAGTGCAGAT-1	OZ258728_1_ORF1	0	0	1	1	FALSE	FALSE
TATAGGGGTAACGGAC-1	MZ286258_1_ORF1	0	0	1	1	FALSE	TRUE
TATAGGGGTCCTGACA-1	OZ258728_1_ORF2	0	0	1	1	FALSE	TRUE
TATAGGGGTGGCGTGA-1	meGFP	1	1	29	31	TRUE	TRUE
TATAGGGGTGTAAGTG-1	OP549859_1_ORF1	0	0	1	1	FALSE	FALSE
TATAGGGGTTAGCTTA-1	MZ286197_1_ORF1	0	0	1	1	FALSE	TRUE
TATAGGGGTTATAGGG-1	MZ286102_1_ORF2	1	0	9	9	TRUE	TRUE
TATAGGGGTTCGCTTC-1	MZ286197_1_ORF1	0	0	2	2	TRUE	TRUE
TATAGGGGTTGGTGAA-1	MZ286188_1_ORF1	1	1	19	19	TRUE	TRUE
TATAGGGGTTTAGGCT-1	meGFP	0	0	1	2	FALSE	FALSE
TATAGTCTCACCGTTA-1	OZ258728_1_ORF2	0	0	1	1	FALSE	FALSE
TATAGTCTCATCATAC-1	MZ286197_1_ORF1	0	0	1	1	FALSE	TRUE
TATAGTCTCCAGAGAT-1	OZ258728_1_ORF2	0	0	2	2	TRUE	TRUE
TATAGTCTCCCATCGG-1	OZ258728_1_ORF2	0	0	1	1	FALSE	FALSE
TATAGTCTCGCTATGC-1	MZ286197_1_ORF1	0	0	1	1	FALSE	TRUE
TATAGTCTCGGCGTAA-1	MZ286102_1_ORF2	1	1	21	21	TRUE	TRUE
TATAGTCTCTAGGTAA-1	MZ286188_1_ORF1	0	0	1	1	FALSE	TRUE
TATAGTCTCTGCCACG-1	meGFP	0	0	1	1	FALSE	TRUE
TATAGTCTCTGGTTGC-1	MZ286102_1_ORF2	0	0	1	1	FALSE	FALSE
TATAGTTGTAATGTCC-1	OP549859_1_ORF1	0	0	1	1	FALSE	FALSE
TATAGTTGTACGTTCG-1	OZ258728_1_ORF2	0	0	1	1	FALSE	FALSE
TATAGTTGTAGTGACA-1	MZ286258_1_ORF1	1	1	10	10	TRUE	TRUE
TATAGTTGTCAGCCGT-1	MZ286102_1_ORF2	1	1	18	19	TRUE	TRUE
TATAGTTGTGAGTTAG-1	OZ258728_1_ORF2	0	0	3	3	TRUE	TRUE
TATAGTTGTGCACTCA-1	MZ286102_1_ORF2	1	1	15	15	TRUE	TRUE
TATAGTTGTTTACGAC-1	meGFP	0	0	1	1	FALSE	FALSE
TATATAGCAACACCGG-1	MZ286188_1_ORF1	0	0	1	1	FALSE	FALSE
TATATAGCACGTGGAT-1	OP549859_1_ORF2	0	0	1	2	FALSE	TRUE
TATATAGCACGTTACT-1	MZ286102_1_ORF2	0	0	1	1	FALSE	FALSE
TATATAGCACTAGGCG-1	MZ286102_1_ORF1	1	1	62	62	TRUE	TRUE
TATATAGCAGTACCTT-1	OP549859_1_ORF1	0	0	1	1	FALSE	FALSE
TATATAGCATCGCATT-1	MZ286102_1_ORF2	1	1	16	18	TRUE	TRUE
TATATCCAGACCCAAG-1	MZ286188_1_ORF2	1	1	17	18	TRUE	TRUE
TATATCCAGACGCAAT-1	MZ286102_1_ORF2	1	1	12	13	TRUE	TRUE
TATATCCAGATCCTGC-1	OP549859_1_ORF2	1	1	21	21	TRUE	TRUE
TATATCCAGCCAGTTC-1	MZ286102_1_ORF2	0	0	2	3	FALSE	TRUE
TATATCCAGCCCTGCA-1	MZ286197_1_ORF1	1	1	11	11	TRUE	TRUE
TATATCCAGCGCTAGA-1	OP549859_1_ORF1	2	2	34	56	FALSE	TRUE
TATATCCAGCTTAGTT-1	MZ286197_1_ORF2	0	0	2	2	TRUE	TRUE
TATATCCAGGAATGAG-1	MZ286197_1_ORF1	0	0	1	1	FALSE	FALSE
TATATCCAGGATCACG-1	MZ286258_1_ORF1	1	1	25	26	TRUE	TRUE
TATATCCAGTAGTGTA-1	OZ258728_1_ORF2	0	0	1	1	FALSE	TRUE
TATATCCAGTAGTTGA-1	MZ286102_1_ORF2	0	0	1	1	FALSE	FALSE
TATATTGTCCGAACGA-1	OP549859_1_ORF2	0	0	1	1	FALSE	TRUE
TATATTGTCGATCCCG-1	MZ286258_1_ORF1	1	1	85	85	TRUE	TRUE
TATATTGTCGTACGGA-1	MZ286197_1_ORF2	0	0	3	3	TRUE	TRUE
TATATTGTCTCTCACT-1	MZ286197_1_ORF1	0	0	1	1	FALSE	TRUE
TATATTGTCTGCATCA-1	MZ286102_1_ORF2	0	0	2	2	TRUE	TRUE
TATATTGTCTGGATGG-1	meGFP	0	0	1	1	FALSE	TRUE
TATATTGTCTTCGGCG-1	meGFP	0	0	1	1	FALSE	FALSE
TATATTGTCTTGGTGC-1	OP549859_1_ORF2	0	0	1	2	FALSE	TRUE
TATCACAGTAACCTAC-1	meGFP	1	0	8	8	TRUE	TRUE
TATCACAGTACGACTT-1	MZ286102_1_ORF2	1	0	5	5	TRUE	TRUE
TATCACAGTAGTCGGG-1	OP549859_1_ORF1	0	0	1	1	FALSE	TRUE
TATCACAGTCACTAAC-1	OP549859_1_ORF1	1	1	74	74	TRUE	TRUE
TATCACAGTCATTCGG-1	OZ258728_1_ORF2	0	0	1	1	FALSE	FALSE
TATCACAGTCGATGAA-1	meGFP	0	0	1	1	FALSE	FALSE
TATCACAGTGTCCTTC-1	OZ258728_1_ORF2	0	0	1	1	FALSE	TRUE
TATCACAGTGTTGCGC-1	OZ258728_1_ORF2	1	1	47	47	TRUE	TRUE
TATCACAGTTACGTTA-1	OZ258728_1_ORF2	0	0	1	2	FALSE	TRUE
TATCACAGTTGCGGTC-1	OP549859_1_ORF2	0	0	1	1	FALSE	TRUE
TATCAGGCAACACCAA-1	MZ286188_1_ORF1	0	0	3	3	TRUE	TRUE
TATCAGGCAACACCGG-1	meGFP	0	0	1	1	FALSE	TRUE
TATCAGGCAACAGGCT-1	OZ258728_1_ORF2	0	0	1	1	FALSE	FALSE
TATCAGGCACACCGCT-1	meGFP	0	0	2	7	FALSE	TRUE
TATCAGGCACCTGTAT-1	meGFP	0	0	1	1	FALSE	FALSE
TATCAGGCACGTTGGG-1	MZ286258_1_ORF1	0	0	1	2	FALSE	TRUE
TATCAGGCAGGGTTAC-1	MZ286197_1_ORF1	1	1	91	91	TRUE	TRUE
TATCAGGCATAGTAAC-1	OZ258728_1_ORF2	0	0	1	1	FALSE	TRUE
TATCAGGCATGACGAC-1	meGFP	1	1	58	58	TRUE	TRUE
TATCAGGCATTAACGG-1	OZ258728_1_ORF2	0	0	1	1	FALSE	TRUE
TATCAGGCATTGCGAA-1	OZ258728_1_ORF1	1	1	27	27	TRUE	TRUE
TATCCACCAAACTGTG-1	MZ286258_1_ORF2	1	1	46	46	TRUE	TRUE
TATCCACCAAGACTAT-1	MZ286102_1_ORF2	2	1	13	22	FALSE	TRUE
TATCCACCAATGGGTC-1	OZ258728_1_ORF1	1	0	9	10	TRUE	TRUE
TATCCACCACCCTATG-1	MZ286258_1_ORF1	1	0	9	10	TRUE	TRUE
TATCCACCACCTGTGC-1	OZ258728_1_ORF1	0	0	1	2	FALSE	TRUE
TATCCACCAGAACGCT-1	MZ286102_1_ORF2	0	0	2	3	FALSE	TRUE
TATCCACCAGAACTAT-1	MZ286258_1_ORF2	0	0	1	1	FALSE	FALSE
TATCCACCAGACACAC-1	OP549859_1_ORF1	0	0	1	1	FALSE	FALSE
TATCCACCAGATACAT-1	OP549859_1_ORF2	0	0	3	3	TRUE	TRUE
TATCCACCAGCACTCC-1	OZ258728_1_ORF2	0	0	3	3	TRUE	TRUE
TATCCACCAGCCCTGT-1	MZ286258_1_ORF2	0	0	1	1	FALSE	FALSE
TATCCACCAGCCTCGT-1	meGFP	0	0	1	2	FALSE	TRUE
TATCCACCAGGGTTAC-1	meGFP	1	1	44	45	TRUE	TRUE
TATCCACCAGTAAGGG-1	MZ286197_1_ORF2	0	0	3	4	TRUE	TRUE
TATCCACCATGCAGGT-1	OZ258728_1_ORF1	0	0	1	1	FALSE	TRUE
TATCCACCATGGAGAG-1	meGFP	1	1	16	16	TRUE	TRUE
TATCCACCATTAGAGT-1	MZ286188_1_ORF2	0	0	1	1	FALSE	FALSE
TATCCACCATTCACAC-1	MZ286188_1_ORF1	0	0	1	1	FALSE	FALSE
TATCCATAGAACGAAG-1	MZ286258_1_ORF2	0	0	1	1	FALSE	FALSE
TATCCATAGACATCGG-1	OZ258728_1_ORF2	1	1	39	40	TRUE	TRUE
TATCCATAGACGATAC-1	MZ286258_1_ORF2	0	0	1	1	FALSE	TRUE
TATCCATAGCTATGAA-1	MZ286258_1_ORF2	1	1	13	13	TRUE	TRUE
TATCCATAGGCCAGGT-1	OP549859_1_ORF2	1	0	8	11	TRUE	TRUE
TATCCATAGGGATGGG-1	OP549859_1_ORF1	0	0	1	1	FALSE	FALSE
TATCCATAGGGTGTCA-1	MZ286197_1_ORF1	1	1	13	13	TRUE	TRUE
TATCCATAGTACTGGG-1	meGFP	0	0	1	1	FALSE	TRUE
TATCCATAGTGAGAGA-1	OZ258728_1_ORF2	0	0	2	2	TRUE	FALSE
TATCCATAGTTACCGC-1	OP549859_1_ORF1	0	0	1	1	FALSE	FALSE
TATCCCGCAAATCCGA-1	OZ258728_1_ORF2	0	0	1	1	FALSE	FALSE
TATCCCGCAACTGCCC-1	meGFP	0	0	1	1	FALSE	FALSE
TATCCCGCAATCACGA-1	meGFP	1	1	75	76	TRUE	TRUE
TATCCCGCACCTGCAC-1	MZ286258_1_ORF1	1	1	31	31	TRUE	TRUE
TATCCCGCACGATCCC-1	meGFP	0	0	1	1	FALSE	FALSE
TATCCCGCACGGTTCC-1	MZ286258_1_ORF1	0	0	1	1	FALSE	FALSE
TATCCCGCACGTTGGG-1	MZ286102_1_ORF2	1	0	8	9	TRUE	TRUE
TATCCCGCAGAACGCT-1	MZ286102_1_ORF2	0	0	1	1	FALSE	FALSE
TATCCCGCAGATCCTT-1	meGFP	1	1	39	40	TRUE	TRUE
TATCCCGCATAATCCC-1	MZ286258_1_ORF2	1	1	13	13	TRUE	TRUE
TATCCCGCATACCGTT-1	MZ286258_1_ORF2	0	0	2	2	TRUE	TRUE
TATCCCGCATATCACC-1	OP549859_1_ORF1	1	1	63	63	TRUE	TRUE
TATCCGGGTACCGACC-1	OZ258728_1_ORF1	0	0	1	1	FALSE	FALSE
TATCCGGGTAGCCATT-1	OZ258728_1_ORF1	0	0	1	1	FALSE	FALSE
TATCCGGGTCAGCCGT-1	OZ258728_1_ORF2	0	0	1	1	FALSE	TRUE
TATCCGGGTCGATGAA-1	OZ258728_1_ORF2	1	1	19	19	TRUE	FALSE
TATCCGGGTCTCCTCG-1	meGFP	0	0	2	2	TRUE	TRUE
TATCCGGGTGGAAGCT-1	MZ286102_1_ORF2	0	0	1	1	FALSE	TRUE
TATCCGGGTGTCAGTT-1	MZ286197_1_ORF2	1	0	5	7	TRUE	TRUE
TATCCGGGTTAGCTTA-1	meGFP	1	1	89	89	TRUE	TRUE
TATCCGGGTTATCTAG-1	MZ286258_1_ORF2	1	1	11	11	TRUE	TRUE
TATCCGGGTTTCCGTC-1	OP549859_1_ORF2	1	1	19	21	TRUE	TRUE
TATCCGGGTTTGATGC-1	OP549859_1_ORF1	0	0	3	3	TRUE	TRUE
TATCCTGAGAACGGCC-1	MZ286258_1_ORF2	0	0	1	1	FALSE	TRUE
TATCCTGAGAAGCCTG-1	meGFP	0	0	1	1	FALSE	FALSE
TATCCTGAGACTCGCT-1	OZ258728_1_ORF2	0	0	1	1	FALSE	FALSE
TATCCTGAGAGGCCAC-1	meGFP	0	0	1	2	FALSE	TRUE
TATCCTGAGCAATGAC-1	MZ286258_1_ORF2	0	0	3	3	TRUE	TRUE
TATCCTGAGCTTACGC-1	meGFP	0	0	1	1	FALSE	TRUE
TATCCTGAGGAAGGGT-1	OP549859_1_ORF1	0	0	1	1	FALSE	FALSE
TATCCTGAGGAGCATT-1	OZ258728_1_ORF2	0	0	1	1	FALSE	FALSE
TATCCTGAGGGCGTGT-1	MZ286188_1_ORF2	0	0	1	1	FALSE	FALSE
TATCCTGAGGGGCAAG-1	MZ286197_1_ORF2	0	0	1	1	FALSE	TRUE
TATCCTGAGTCAACTT-1	OZ258728_1_ORF1	0	0	1	1	FALSE	FALSE
TATCCTGAGTGGGTTG-1	MZ286102_1_ORF2	0	0	1	1	FALSE	FALSE
TATCGACGTACCCAGC-1	meGFP	0	0	1	1	FALSE	FALSE
TATCGACGTACCGACC-1	OZ258728_1_ORF1	0	0	1	1	FALSE	FALSE
TATCGACGTACTTACA-1	MZ286102_1_ORF2	0	0	1	1	FALSE	TRUE
TATCGACGTACTTGGT-1	MZ286102_1_ORF2	1	0	7	8	TRUE	TRUE
TATCGACGTGCGGTGA-1	MZ286197_1_ORF1	0	0	1	1	FALSE	FALSE
TATCGACGTGCTGACC-1	MZ286102_1_ORF1	2	1	11	19	FALSE	TRUE
TATCGACGTTCCGTTC-1	MZ286197_1_ORF2	0	0	3	3	TRUE	TRUE
TATCGACGTTCGTAGT-1	MZ286258_1_ORF2	0	0	1	1	FALSE	TRUE
TATCGACGTTGCCTAG-1	MZ286102_1_ORF2	1	0	6	6	TRUE	TRUE
TATCGAGCAAAGGTCC-1	OP549859_1_ORF1	0	0	3	3	TRUE	FALSE
TATCGAGCAAGCCATA-1	MZ286188_1_ORF1	0	0	1	1	FALSE	FALSE
TATCGAGCAAGTCAAT-1	MZ286102_1_ORF2	0	0	1	1	FALSE	TRUE
TATCGAGCACTGATGA-1	MZ286258_1_ORF2	1	0	7	8	TRUE	TRUE
TATCGAGCAGACATTG-1	MZ286258_1_ORF2	1	0	9	10	TRUE	TRUE
TATCGAGCAGGATTGC-1	OZ258728_1_ORF2	0	0	1	1	FALSE	FALSE
TATCGAGCAGTGTCCC-1	OP549859_1_ORF2	1	1	18	18	TRUE	TRUE
TATCGAGCATATGCTC-1	OP549859_1_ORF2	0	0	1	1	FALSE	FALSE
TATCGAGCATGTGCAA-1	OP549859_1_ORF2	0	0	1	1	FALSE	FALSE
TATCGATTCAATCCAT-1	OP549859_1_ORF1	0	0	1	2	FALSE	TRUE
TATCGATTCAGGATGT-1	MZ286188_1_ORF1	0	0	1	1	FALSE	TRUE
TATCGATTCAGTATCT-1	MZ286258_1_ORF1	0	0	1	1	FALSE	TRUE
TATCGATTCCATAGCC-1	meGFP	0	0	1	1	FALSE	FALSE
TATCGATTCCGGTTAC-1	MZ286197_1_ORF1	0	0	1	2	FALSE	FALSE
TATCGATTCCTCTAAG-1	OZ258728_1_ORF1	0	0	1	1	FALSE	TRUE
TATCGATTCGAAGCGC-1	MZ286197_1_ORF2	0	0	3	3	TRUE	TRUE
TATCGATTCGATACTT-1	MZ286188_1_ORF1	0	0	1	1	FALSE	TRUE
TATCGATTCGCGCATT-1	MZ286258_1_ORF1	1	0	5	6	TRUE	TRUE
TATCGATTCGTAGACG-1	MZ286197_1_ORF1	1	1	10	11	TRUE	TRUE
TATCGATTCGTCATGC-1	MZ286258_1_ORF2	1	1	11	11	TRUE	TRUE
TATCGATTCGTGAAGT-1	OZ258728_1_ORF2	1	1	19	19	TRUE	TRUE
TATCGATTCTCCTTCG-1	OP549859_1_ORF1	0	0	1	1	FALSE	FALSE
TATCGATTCTGTAATC-1	OZ258728_1_ORF1	0	0	1	1	FALSE	FALSE
TATCGATTCTTGCCTT-1	meGFP	0	0	1	1	FALSE	TRUE
TATCGGCTCAATCGCC-1	meGFP	0	0	1	1	FALSE	FALSE
TATCGGCTCATCAATC-1	OZ258728_1_ORF2	0	0	1	1	FALSE	FALSE
TATCGGCTCCGGGTAA-1	MZ286102_1_ORF2	0	0	3	4	TRUE	TRUE
TATCGGCTCCTAATGT-1	MZ286197_1_ORF2	0	0	1	1	FALSE	FALSE
TATCGGCTCGACCTCG-1	OP549859_1_ORF1	0	0	1	2	FALSE	TRUE
TATCGGCTCGCTAGTC-1	MZ286197_1_ORF2	1	0	7	7	TRUE	TRUE
TATCGGCTCGGACCAA-1	MZ286197_1_ORF1	0	0	1	1	FALSE	TRUE
TATCGGCTCGTACCCG-1	MZ286102_1_ORF2	0	0	1	1	FALSE	FALSE
TATCGGCTCGTCAATT-1	meGFP	0	0	1	1	FALSE	TRUE
TATCGGCTCGTCCATA-1	MZ286102_1_ORF1	1	0	6	6	TRUE	TRUE
TATCGGCTCTCAGCAC-1	OZ258728_1_ORF2	0	0	1	1	FALSE	TRUE
TATCGGCTCTGGAAGT-1	MZ286102_1_ORF1	1	0	6	7	TRUE	TRUE
TATCGGCTCTGGATGG-1	MZ286197_1_ORF1	0	0	1	1	FALSE	FALSE
TATCTTAAGACTTGAA-1	MZ286258_1_ORF1	1	1	37	38	TRUE	TRUE
TATCTTAAGCATCACC-1	OP549859_1_ORF1	0	0	1	1	FALSE	FALSE
TATCTTAAGCGCTTAC-1	MZ286102_1_ORF2	1	0	6	6	TRUE	TRUE
TATCTTAAGCTTAATC-1	MZ286258_1_ORF1	0	0	1	1	FALSE	FALSE
TATCTTAAGGAGTGAA-1	OZ258728_1_ORF2	0	0	1	1	FALSE	TRUE
TATCTTAAGGTTCCCG-1	MZ286188_1_ORF1	1	0	6	6	TRUE	FALSE
TATCTTAAGTAACCAA-1	OP549859_1_ORF1	1	1	72	72	TRUE	TRUE
TATCTTAAGTAGCTCC-1	OZ258728_1_ORF2	1	1	25	26	TRUE	TRUE
TATCTTAAGTGGGTTG-1	MZ286258_1_ORF1	0	0	1	1	FALSE	FALSE
TATGACAAGGGGAACG-1	OZ258728_1_ORF2	0	0	2	2	TRUE	TRUE
TATGACAAGGTCGGTA-1	MZ286197_1_ORF1	1	1	21	21	TRUE	TRUE
TATGACAAGTAACCAA-1	meGFP	0	0	2	2	TRUE	TRUE
TATGACAAGTCCGCTG-1	MZ286258_1_ORF2	0	0	1	1	FALSE	TRUE
TATGACAAGTCCTCAA-1	OP549859_1_ORF2	1	0	7	8	TRUE	TRUE
TATGACAAGTTAAGTG-1	MZ286258_1_ORF1	1	0	6	6	TRUE	TRUE
TATGACAAGTTGGCCT-1	MZ286258_1_ORF2	0	0	1	1	FALSE	FALSE
TATGACCGTAACGGAC-1	OZ258728_1_ORF1	1	1	12	12	TRUE	TRUE
TATGACCGTACCCAAT-1	MZ286197_1_ORF1	0	0	1	1	FALSE	FALSE
TATGACCGTATTGGGA-1	MZ286258_1_ORF2	0	0	3	3	TRUE	TRUE
TATGACCGTCATGAGA-1	OP549859_1_ORF1	0	0	1	1	FALSE	TRUE
TATGACCGTCGCGTGT-1	OZ258728_1_ORF2	1	1	18	18	TRUE	TRUE
TATGACCGTCTTGGGC-1	MZ286102_1_ORF1	1	0	9	9	TRUE	TRUE
TATGACCGTGGGTAAC-1	MZ286102_1_ORF2	2	0	4	9	FALSE	TRUE
TATGACCGTGTGGATA-1	OP549859_1_ORF1	1	1	50	50	TRUE	TRUE
TATGACCGTTAACGAG-1	meGFP	1	1	48	48	TRUE	TRUE
TATGACCGTTGCCACA-1	OZ258728_1_ORF1	0	0	1	1	FALSE	FALSE
TATGACCGTTGTGCGC-1	OZ258728_1_ORF2	1	1	12	12	TRUE	TRUE
TATGAGGGTAAGTAAC-1	OZ258728_1_ORF2	0	0	1	2	FALSE	TRUE
TATGAGGGTAATCGCT-1	meGFP	0	0	1	1	FALSE	FALSE
TATGAGGGTCAAGTAG-1	meGFP	0	0	1	1	FALSE	FALSE
TATGAGGGTCACACCA-1	MZ286258_1_ORF2	0	0	1	1	FALSE	TRUE
TATGAGGGTCTCCAAG-1	OZ258728_1_ORF2	0	0	1	1	FALSE	FALSE
TATGAGGGTGCTTAAC-1	meGFP	0	0	1	1	FALSE	FALSE
TATGAGGGTGGAAGGA-1	OZ258728_1_ORF2	0	0	1	1	FALSE	TRUE
TATGAGGGTTAACGTC-1	meGFP	1	0	4	5	TRUE	TRUE
TATGAGGGTTCTATGA-1	OZ258728_1_ORF1	0	0	1	1	FALSE	TRUE
TATGAGGGTTGGTTAC-1	OZ258728_1_ORF1	1	1	14	14	TRUE	TRUE
TATGAGGGTTTAATCG-1	MZ286102_1_ORF2	2	1	24	30	TRUE	TRUE
TATGAGGGTTTACCAA-1	meGFP	0	0	1	1	FALSE	FALSE
TATGAGGGTTTCCGTC-1	MZ286188_1_ORF1	1	1	19	19	TRUE	TRUE
TATGCTCCAACCCGTC-1	OZ258728_1_ORF1	1	0	7	7	TRUE	TRUE
TATGCTCCAACTATGG-1	MZ286258_1_ORF2	0	0	1	3	FALSE	TRUE
TATGCTCCACATGCTT-1	MZ286258_1_ORF2	1	0	4	5	TRUE	TRUE
TATGCTCCACTCACGC-1	MZ286188_1_ORF2	0	0	2	2	TRUE	TRUE
TATGCTCCAGCCTCGT-1	MZ286102_1_ORF2	0	0	1	1	FALSE	FALSE
TATGCTCCAGCTTAGA-1	OZ258728_1_ORF2	1	1	25	25	TRUE	TRUE
TATGCTCCATAGGCAC-1	OZ258728_1_ORF2	0	0	1	3	FALSE	TRUE
TATGCTCCATAGTAAC-1	MZ286258_1_ORF2	0	0	1	2	FALSE	TRUE
TATGCTCCATATCACC-1	meGFP	0	0	1	1	FALSE	FALSE
TATGCTCCATCAGAGC-1	OP549859_1_ORF1	0	0	2	4	FALSE	TRUE
TATGCTCCATGGTGTA-1	OZ258728_1_ORF2	0	0	1	1	FALSE	FALSE
TATGGATCAAGATGAA-1	meGFP	0	0	1	1	FALSE	FALSE
TATGGATCAAGCCATA-1	MZ286258_1_ORF2	0	0	1	1	FALSE	FALSE
TATGGATCAATCTCAC-1	OP549859_1_ORF2	0	0	1	1	FALSE	FALSE
TATGGATCAATGGGTC-1	OZ258728_1_ORF2	2	1	32	41	TRUE	TRUE
TATGGATCAATGGTTG-1	MZ286102_1_ORF1	0	0	1	1	FALSE	FALSE
TATGGATCAGAGCTTA-1	meGFP	1	0	9	9	TRUE	TRUE
TATGGATCAGGCGCTA-1	OZ258728_1_ORF1	0	0	1	1	FALSE	TRUE
TATGGATCATAACCTC-1	OP549859_1_ORF2	1	0	5	5	TRUE	TRUE
TATGGCCTCACTAATC-1	MZ286258_1_ORF1	0	0	1	1	FALSE	FALSE
TATGGCCTCATCCGAC-1	OP549859_1_ORF1	0	0	1	2	FALSE	TRUE
TATGGCCTCATCGTTG-1	MZ286188_1_ORF1	0	0	1	1	FALSE	TRUE
TATGGCCTCATTAACC-1	OZ258728_1_ORF2	1	1	13	13	TRUE	TRUE
TATGGCCTCATTCACG-1	MZ286258_1_ORF2	0	0	1	1	FALSE	FALSE
TATGGCCTCCAACCTA-1	MZ286258_1_ORF2	1	1	17	18	TRUE	TRUE
TATGGCCTCCACCAGT-1	OP549859_1_ORF1	1	1	18	18	TRUE	TRUE
TATGGCCTCCGGCTCA-1	OZ258728_1_ORF1	0	0	2	2	TRUE	FALSE
TATGGCCTCCGGCTTG-1	OP549859_1_ORF1	0	0	1	1	FALSE	FALSE
TATGGCCTCCGTGATC-1	MZ286197_1_ORF1	1	1	16	16	TRUE	TRUE
TATGGCCTCGTACGTC-1	OZ258728_1_ORF2	2	0	5	10	FALSE	TRUE
TATGGCCTCGTCAATT-1	meGFP	0	0	1	1	FALSE	FALSE
TATGGCCTCTAAGTCT-1	MZ286258_1_ORF2	1	1	17	19	TRUE	TRUE
TATGGCCTCTAATGGA-1	MZ286197_1_ORF1	0	0	2	2	TRUE	TRUE
TATGGCCTCTCAGGGA-1	MZ286258_1_ORF2	1	1	23	23	TRUE	TRUE
TATGGCCTCTCGATTG-1	meGFP	0	0	1	1	FALSE	FALSE
TATGGCCTCTCTCAAG-1	MZ286197_1_ORF1	0	0	1	2	FALSE	TRUE
TATGGCCTCTGGTTGC-1	OP549859_1_ORF1	0	0	1	1	FALSE	FALSE
TATGGCCTCTGTACCA-1	OP549859_1_ORF1	0	0	1	1	FALSE	FALSE
TATGGCCTCTTAAGCT-1	OZ258728_1_ORF1	0	0	1	1	FALSE	FALSE
TATGGTAAGAAGCGTT-1	OZ258728_1_ORF2	0	0	1	1	FALSE	FALSE
TATGGTAAGAGGTTAC-1	MZ286258_1_ORF2	0	0	2	2	TRUE	TRUE
TATGGTAAGCCAGGGT-1	MZ286188_1_ORF2	0	0	1	1	FALSE	TRUE
TATGGTAAGCTCATGC-1	MZ286102_1_ORF2	0	0	1	1	FALSE	TRUE
TATGGTAAGGAGCCTA-1	MZ286258_1_ORF2	2	1	12	17	FALSE	TRUE
TATGGTAAGGCACTTC-1	OZ258728_1_ORF2	0	0	2	2	TRUE	TRUE
TATGGTAAGTACCTGC-1	meGFP	0	0	1	1	FALSE	TRUE
TATGGTAAGTGCCCAT-1	MZ286188_1_ORF2	1	0	4	5	TRUE	TRUE
TATGGTAAGTGGATTA-1	OP549859_1_ORF1	0	0	1	1	FALSE	TRUE
TATGTTATCAATCACT-1	MZ286188_1_ORF1	0	0	1	1	FALSE	FALSE
TATGTTATCATGGCAG-1	MZ286102_1_ORF2	1	1	11	11	TRUE	TRUE
TATGTTATCCATCACA-1	OP549859_1_ORF1	0	0	1	1	FALSE	FALSE
TATGTTATCCCGTGCA-1	OZ258728_1_ORF2	1	0	4	4	TRUE	TRUE
TATGTTATCCCTCGCT-1	OZ258728_1_ORF2	1	0	6	6	TRUE	FALSE
TATGTTATCCGAACGA-1	OZ258728_1_ORF2	0	0	1	1	FALSE	FALSE
TATGTTATCCGGATTC-1	OZ258728_1_ORF2	0	0	1	1	FALSE	FALSE
TATGTTATCCGGTTAC-1	MZ286258_1_ORF2	0	0	2	2	TRUE	TRUE
TATGTTATCCTAATGT-1	OP549859_1_ORF1	0	0	1	1	FALSE	FALSE
TATGTTATCCTCCGTC-1	meGFP	1	1	12	13	TRUE	TRUE
TATGTTATCGAACGTG-1	MZ286102_1_ORF2	0	0	1	1	FALSE	TRUE
TATGTTATCGGGATCA-1	MZ286197_1_ORF1	0	0	1	1	FALSE	TRUE
TATGTTATCTGCCACG-1	OZ258728_1_ORF2	0	0	1	1	FALSE	TRUE
TATGTTATCTGGATGG-1	OZ258728_1_ORF2	1	1	43	44	TRUE	TRUE
TATGTTATCTGTATGT-1	MZ286188_1_ORF1	1	0	6	7	TRUE	TRUE
TATGTTGGTAACCCTG-1	MZ286102_1_ORF2	1	0	9	9	TRUE	TRUE
TATGTTGGTAACTTGC-1	MZ286258_1_ORF2	0	0	0	0	FALSE	FALSE
TATGTTGGTACAGCAA-1	MZ286258_1_ORF2	0	0	2	2	TRUE	TRUE
TATGTTGGTAGAGCCG-1	OZ258728_1_ORF2	0	0	1	1	FALSE	FALSE
TATGTTGGTATTGCGT-1	MZ286197_1_ORF2	0	0	1	2	FALSE	TRUE
TATGTTGGTCGACCGT-1	MZ286102_1_ORF1	0	0	1	1	FALSE	TRUE
TATGTTGGTGACCCTA-1	MZ286197_1_ORF2	0	0	1	2	FALSE	TRUE
TATGTTGGTGAGGTGT-1	OP549859_1_ORF1	0	0	1	1	FALSE	FALSE
TATGTTGGTGCGGTGA-1	MZ286258_1_ORF1	0	0	1	1	FALSE	TRUE
TATGTTGGTGGCCAGA-1	MZ286197_1_ORF1	1	0	6	6	TRUE	TRUE
TATGTTGGTGGGACCA-1	MZ286258_1_ORF1	2	1	12	18	FALSE	TRUE
TATGTTGGTTAACTGC-1	OZ258728_1_ORF2	0	0	1	1	FALSE	TRUE
TATGTTGGTTGGACTT-1	OZ258728_1_ORF2	0	0	1	1	FALSE	FALSE
TATGTTGGTTTCCTGC-1	OZ258728_1_ORF2	1	0	7	7	TRUE	TRUE
TCAACAGCAAACGGCT-1	OZ258728_1_ORF2	0	0	1	1	FALSE	FALSE
TCAACAGCAAAGTTAC-1	MZ286258_1_ORF2	1	1	17	19	TRUE	TRUE
TCAACAGCAAGGCAAG-1	OP549859_1_ORF1	0	0	1	1	FALSE	FALSE
TCAACAGCAATGGTTG-1	OZ258728_1_ORF2	0	0	1	1	FALSE	FALSE
TCAACAGCACCCTGAC-1	OP549859_1_ORF1	0	0	1	1	FALSE	TRUE
TCAACAGCACCGCAAG-1	MZ286188_1_ORF1	0	0	1	2	FALSE	TRUE
TCAACAGCACTCACGC-1	OZ258728_1_ORF2	0	0	1	1	FALSE	FALSE
TCAACAGCACTTCCAG-1	MZ286102_1_ORF2	1	0	8	8	TRUE	TRUE
TCAACAGCAGATTAGT-1	MZ286102_1_ORF2	0	0	1	2	FALSE	FALSE
TCAACAGCAGGCAACT-1	OZ258728_1_ORF2	0	0	1	2	FALSE	TRUE
TCAACAGCATAACCTC-1	OZ258728_1_ORF2	0	0	3	3	TRUE	TRUE
TCAACAGCATAGGCAC-1	OZ258728_1_ORF2	0	0	3	4	TRUE	TRUE
TCAACAGCATGCTCGC-1	meGFP	0	0	1	1	FALSE	FALSE
TCAACAGCATGTCTGT-1	OP549859_1_ORF1	0	0	2	2	TRUE	TRUE
TCAACAGCATGTGCAA-1	MZ286197_1_ORF1	0	0	1	3	FALSE	FALSE
TCAACAGCATTAGAGT-1	MZ286258_1_ORF2	0	0	1	1	FALSE	FALSE
TCAACAGCATTGCGAA-1	MZ286102_1_ORF2	0	0	1	2	FALSE	TRUE
TCAACAGCATTGGTTC-1	MZ286197_1_ORF1	0	0	1	1	FALSE	FALSE
TCAACCGGTAGCCATT-1	MZ286102_1_ORF2	0	0	2	3	FALSE	TRUE
TCAACCGGTAGTCGTT-1	OZ258728_1_ORF2	0	0	1	1	FALSE	FALSE
TCAACCGGTAGTGGCG-1	MZ286258_1_ORF1	0	0	1	1	FALSE	FALSE
TCAACCGGTCAAGTAG-1	OP549859_1_ORF1	0	0	1	1	FALSE	TRUE
TCAACCGGTCACTCCT-1	OP549859_1_ORF1	0	0	1	2	FALSE	TRUE
TCAACCGGTGAAGGCT-1	OP549859_1_ORF1	1	0	6	6	TRUE	FALSE
TCAACCGGTGGATGAC-1	MZ286188_1_ORF1	0	0	1	1	FALSE	TRUE
TCAACCGGTGGGACCA-1	OP549859_1_ORF1	0	0	1	1	FALSE	FALSE
TCAACCGGTGTCTATA-1	OZ258728_1_ORF1	0	0	3	3	TRUE	FALSE
TCAACCGGTTGAAGCA-1	MZ286188_1_ORF1	0	0	0	0	FALSE	TRUE
TCAACCGGTTGCGGAG-1	OZ258728_1_ORF2	1	1	56	56	TRUE	TRUE
TCAACCGGTTTCGGGC-1	MZ286258_1_ORF2	0	0	1	1	FALSE	FALSE
TCAACCGGTTTGGCGC-1	MZ286102_1_ORF2	0	0	1	1	FALSE	TRUE
TCAACCTCAAAGGCGA-1	meGFP	0	0	1	1	FALSE	FALSE
TCAACCTCAAATGACT-1	meGFP	2	2	37	56	FALSE	TRUE
TCAACCTCAACAGGCT-1	OZ258728_1_ORF2	0	0	3	3	TRUE	FALSE
TCAACCTCAACGTCCC-1	MZ286188_1_ORF1	0	0	1	1	FALSE	FALSE
TCAACCTCAAGCGCCA-1	OP549859_1_ORF1	0	0	1	1	FALSE	TRUE
TCAACCTCAAGGTGCT-1	MZ286258_1_ORF2	1	1	16	17	TRUE	TRUE
TCAACCTCAAGTCGGT-1	MZ286188_1_ORF1	0	0	1	1	FALSE	FALSE
TCAACCTCAGATACAT-1	MZ286188_1_ORF1	0	0	1	1	FALSE	FALSE
TCAACCTCAGGATTGC-1	meGFP	0	0	1	1	FALSE	FALSE
TCAACCTCAGTCCAGG-1	meGFP	1	1	30	32	TRUE	TRUE
TCAACCTCATCCACAT-1	MZ286258_1_ORF2	0	0	1	2	FALSE	TRUE
TCAACCTCATCCGCAC-1	MZ286102_1_ORF2	0	0	2	2	TRUE	TRUE
TCAACCTCATCGCATT-1	OZ258728_1_ORF2	0	0	1	1	FALSE	TRUE
TCAACCTCATGCTCGC-1	MZ286102_1_ORF2	0	0	1	1	FALSE	FALSE
TCAACCTCATTACAGG-1	meGFP	0	0	1	1	FALSE	FALSE
TCAATCAGTACCTCGA-1	OZ258728_1_ORF2	0	0	1	1	FALSE	FALSE
TCAATCAGTAGCACTT-1	OP549859_1_ORF1	0	0	1	1	FALSE	TRUE
TCAATCAGTAGCATAG-1	OZ258728_1_ORF1	0	0	1	1	FALSE	TRUE
TCAATCAGTATACTGC-1	meGFP	0	0	1	1	FALSE	FALSE
TCAATCAGTCTGCACA-1	OP549859_1_ORF2	0	0	2	2	TRUE	TRUE
TCAATCAGTGAGACCG-1	MZ286197_1_ORF2	0	0	1	1	FALSE	FALSE
TCAATCAGTGAGTAAT-1	MZ286258_1_ORF1	1	0	9	9	TRUE	TRUE
TCAATCAGTGCTATGT-1	MZ286258_1_ORF2	1	1	16	17	TRUE	TRUE
TCAATCAGTGCTTAGT-1	OP549859_1_ORF1	0	0	1	1	FALSE	FALSE
TCAATCAGTTACGTTA-1	MZ286258_1_ORF2	0	0	1	1	FALSE	TRUE
TCAATCAGTTGCAATC-1	OZ258728_1_ORF2	1	1	57	58	TRUE	TRUE
TCAATCAGTTTCAAGC-1	OP549859_1_ORF1	1	0	7	11	TRUE	TRUE
TCAATCCCAACTCTAC-1	MZ286258_1_ORF2	0	0	1	1	FALSE	TRUE
TCAATCCCAAGCCACG-1	MZ286258_1_ORF1	0	0	1	1	FALSE	FALSE
TCAATCCCACAAGCCG-1	OP549859_1_ORF1	0	0	1	1	FALSE	FALSE
TCAATCCCACAGTTAG-1	MZ286258_1_ORF2	1	0	4	4	TRUE	TRUE
TCAATCCCACATTCGT-1	MZ286258_1_ORF2	1	1	32	35	TRUE	TRUE
TCAATCCCACCAAGCG-1	MZ286258_1_ORF2	0	0	2	2	TRUE	TRUE
TCAATCCCACCGGATG-1	OZ258728_1_ORF2	2	2	123	144	TRUE	TRUE
TCAATCCCAGCTGGCA-1	OP549859_1_ORF1	0	0	1	1	FALSE	FALSE
TCAATCCCAGTGTGAC-1	meGFP	0	0	1	2	FALSE	TRUE
TCAATCCCATCCCGGT-1	OP549859_1_ORF1	0	0	1	1	FALSE	FALSE
TCAATCCCATGAGCCG-1	OZ258728_1_ORF2	0	0	1	2	FALSE	FALSE
TCAATCCCATGTCGGG-1	OZ258728_1_ORF2	1	1	24	26	TRUE	TRUE
TCAATCCCATGTGGCG-1	OZ258728_1_ORF1	0	0	1	1	FALSE	FALSE
TCAATCCCATTCGCTG-1	OZ258728_1_ORF2	0	0	2	2	TRUE	FALSE
TCAATCTAGAACCTAA-1	OP549859_1_ORF2	0	0	1	3	FALSE	TRUE
TCAATCTAGACATTAG-1	OZ258728_1_ORF2	0	0	1	1	FALSE	TRUE
TCAATCTAGACCAGCA-1	OP549859_1_ORF1	0	0	1	1	FALSE	FALSE
TCAATCTAGACCCTGT-1	OZ258728_1_ORF2	0	0	1	3	FALSE	FALSE
TCAATCTAGACGATAC-1	meGFP	0	0	2	2	TRUE	FALSE
TCAATCTAGAGATAGG-1	OP549859_1_ORF1	0	0	1	1	FALSE	FALSE
TCAATCTAGCACGTAG-1	MZ286258_1_ORF2	0	0	1	2	FALSE	FALSE
TCAATCTAGCATATCT-1	OZ258728_1_ORF2	0	0	1	1	FALSE	FALSE
TCAATCTAGCTGAGAT-1	MZ286188_1_ORF2	1	0	4	4	TRUE	TRUE
TCAATCTAGGGGCAAG-1	meGFP	1	1	53	53	TRUE	TRUE
TCAATCTAGTTCGAGG-1	MZ286197_1_ORF1	0	0	1	1	FALSE	FALSE
TCAATCTAGTTGCATT-1	OZ258728_1_ORF2	0	0	1	1	FALSE	FALSE
TCAATGGCAAAGGGCA-1	OZ258728_1_ORF2	0	0	1	1	FALSE	FALSE
TCAATGGCAAAGTAAG-1	OZ258728_1_ORF2	1	1	34	34	TRUE	TRUE
TCAATGGCAACTGGTA-1	meGFP	1	1	24	26	TRUE	TRUE
TCAATGGCAAGCGCCA-1	MZ286197_1_ORF2	1	0	6	6	TRUE	TRUE
TCAATGGCACAGCCAG-1	MZ286258_1_ORF1	0	0	2	2	TRUE	TRUE
TCAATGGCACGGATTA-1	MZ286197_1_ORF2	0	0	2	2	TRUE	TRUE
TCAATGGCACTAATGG-1	OZ258728_1_ORF2	1	0	6	6	TRUE	TRUE
TCAATGGCACTTGGAA-1	MZ286188_1_ORF2	1	1	13	17	TRUE	TRUE
TCAATGGCAGACCGCA-1	OZ258728_1_ORF2	1	0	4	4	TRUE	FALSE
TCAATGGCATCAAGTG-1	meGFP	0	0	3	3	TRUE	FALSE
TCAATGGCATCACTGT-1	MZ286102_1_ORF2	0	0	2	2	TRUE	TRUE
TCAATGGCATCAGTCT-1	OP549859_1_ORF2	0	0	1	1	FALSE	FALSE
TCAATGGCATCCCGAC-1	MZ286197_1_ORF2	0	0	2	3	FALSE	TRUE
TCAATGGCATGGAGAG-1	MZ286188_1_ORF2	0	0	3	4	TRUE	TRUE
TCAATGGCATGTCTGT-1	OZ258728_1_ORF2	0	0	1	1	FALSE	FALSE
TCAATGGCATTGAAGT-1	meGFP	0	0	1	1	FALSE	TRUE
TCACAGACAAAGGATA-1	MZ286188_1_ORF2	0	0	3	3	TRUE	TRUE
TCACAGACAAAGGTCC-1	MZ286102_1_ORF2	1	0	6	6	TRUE	TRUE
TCACAGACAAATCAGT-1	MZ286188_1_ORF1	1	0	8	8	TRUE	TRUE
TCACAGACAACCAGTA-1	MZ286188_1_ORF1	0	0	1	1	FALSE	FALSE
TCACAGACAACCCAGG-1	OZ258728_1_ORF2	0	0	1	1	FALSE	FALSE
TCACAGACACCACACC-1	meGFP	0	0	1	1	FALSE	FALSE
TCACAGACACGAACCG-1	OZ258728_1_ORF2	0	0	3	3	TRUE	FALSE
TCACAGACACTCGCTA-1	OZ258728_1_ORF2	0	0	1	1	FALSE	FALSE
TCACAGACACTTACCG-1	MZ286258_1_ORF1	0	0	1	1	FALSE	TRUE
TCACAGACAGATCCTT-1	MZ286102_1_ORF2	1	0	7	8	TRUE	TRUE
TCACAGACAGGCCAAT-1	MZ286188_1_ORF1	0	0	1	1	FALSE	TRUE
TCACAGACAGGCGCTA-1	OZ258728_1_ORF2	1	1	48	48	TRUE	TRUE
TCACAGACAGTTGCTT-1	OP549859_1_ORF2	0	0	1	1	FALSE	TRUE
TCACAGACATAGTTGG-1	OZ258728_1_ORF2	2	1	42	55	TRUE	TRUE
TCACAGGAGAAGGACA-1	OP549859_1_ORF1	0	0	1	1	FALSE	FALSE
TCACAGGAGAGATTGC-1	OZ258728_1_ORF2	0	0	1	1	FALSE	TRUE
TCACAGGAGAGTCATA-1	meGFP	1	1	38	38	TRUE	TRUE
TCACAGGAGATGCGGC-1	MZ286258_1_ORF2	0	0	1	1	FALSE	FALSE
TCACAGGAGATTAGGC-1	MZ286188_1_ORF1	0	0	1	1	FALSE	TRUE
TCACAGGAGCAATCGG-1	OP549859_1_ORF1	0	0	3	3	TRUE	FALSE
TCACAGGAGCCACTTA-1	OZ258728_1_ORF2	1	0	5	6	TRUE	FALSE
TCACAGGAGCTGGTTC-1	meGFP	0	0	3	3	TRUE	FALSE
TCACAGGAGCTTGAGG-1	MZ286102_1_ORF2	1	1	13	13	TRUE	TRUE
TCACAGGAGGACACCA-1	MZ286102_1_ORF1	0	0	1	1	FALSE	FALSE
TCACAGGAGGATCGTG-1	MZ286102_1_ORF1	0	0	1	1	FALSE	FALSE
TCACAGGAGGGCCGAT-1	MZ286197_1_ORF1	1	0	5	6	TRUE	TRUE
TCACAGGAGGTGGACC-1	MZ286102_1_ORF1	0	0	1	3	FALSE	FALSE
TCACAGGAGTAAGGTC-1	MZ286258_1_ORF2	0	0	1	1	FALSE	FALSE
TCACATTAGACTCAGG-1	OZ258728_1_ORF2	0	0	2	5	FALSE	TRUE
TCACATTAGAGGGACG-1	OP549859_1_ORF1	0	0	1	1	FALSE	FALSE
TCACATTAGATACTGA-1	MZ286102_1_ORF1	0	0	1	1	FALSE	FALSE
TCACATTAGCCAGACA-1	MZ286102_1_ORF1	0	0	2	2	TRUE	FALSE
TCACATTAGCCAGGGT-1	OZ258728_1_ORF2	0	0	1	1	FALSE	FALSE
TCACATTAGCCTAGTC-1	meGFP	0	0	1	1	FALSE	FALSE
TCACATTAGCTGGTGA-1	meGFP	0	0	1	1	FALSE	TRUE
TCACATTAGGGATGAA-1	MZ286258_1_ORF2	0	0	1	1	FALSE	FALSE
TCACATTAGGGGTCTA-1	MZ286102_1_ORF2	1	1	15	15	TRUE	TRUE
TCACATTAGGGTTCGA-1	MZ286197_1_ORF2	0	0	1	1	FALSE	TRUE
TCACGATGTAACCTAC-1	OP549859_1_ORF1	0	0	1	1	FALSE	FALSE
TCACGATGTAAGGTAT-1	MZ286102_1_ORF1	0	0	3	6	FALSE	TRUE
TCACGATGTACGATAG-1	OZ258728_1_ORF2	0	0	1	1	FALSE	FALSE
TCACGATGTACGTTCG-1	OZ258728_1_ORF2	0	0	1	1	FALSE	FALSE
TCACGATGTAGACATG-1	MZ286258_1_ORF2	1	1	13	13	TRUE	TRUE
TCACGATGTCAGGGAT-1	meGFP	0	0	1	1	FALSE	TRUE
TCACGATGTCCCTTCG-1	OZ258728_1_ORF2	2	1	15	24	FALSE	TRUE
TCACGATGTCGCTACA-1	OZ258728_1_ORF2	0	0	1	1	FALSE	FALSE
TCACGATGTCTGGATT-1	meGFP	0	0	1	1	FALSE	FALSE
TCACGATGTGAGAGGA-1	OP549859_1_ORF1	0	0	2	2	TRUE	FALSE
TCACGATGTGCGTGCT-1	meGFP	0	0	1	1	FALSE	FALSE
TCACGATGTGGAGAGA-1	meGFP	0	0	1	1	FALSE	FALSE
TCACGATGTTCGCTTC-1	OZ258728_1_ORF2	1	1	85	85	TRUE	TRUE
TCACGATGTTCGTAGT-1	meGFP	0	0	1	2	FALSE	TRUE
TCACGATGTTGACCGC-1	OZ258728_1_ORF1	0	0	1	1	FALSE	TRUE
TCACGATGTTGTAGCT-1	OP549859_1_ORF1	0	0	1	1	FALSE	FALSE
TCACGTGGTACCCAAT-1	MZ286197_1_ORF1	0	0	1	1	FALSE	FALSE
TCACGTGGTACGACTT-1	MZ286258_1_ORF2	1	0	6	6	TRUE	FALSE
TCACGTGGTAGCTGAA-1	MZ286188_1_ORF1	0	0	1	1	FALSE	TRUE
TCACGTGGTAGTGACA-1	MZ286102_1_ORF1	0	0	1	1	FALSE	FALSE
TCACGTGGTCAGCATT-1	MZ286197_1_ORF1	1	1	25	25	TRUE	TRUE
TCACGTGGTCTCCTCG-1	MZ286102_1_ORF1	0	0	1	1	FALSE	FALSE
TCACGTGGTGCCTAAT-1	meGFP	0	0	1	1	FALSE	FALSE
TCACGTGGTGCGTAGG-1	OP549859_1_ORF2	0	0	1	1	FALSE	TRUE
TCACGTGGTGCTTAAC-1	meGFP	0	0	1	1	FALSE	TRUE
TCACGTGGTGTGTCAT-1	MZ286102_1_ORF2	1	0	4	6	TRUE	TRUE
TCACGTGGTTAGCTTA-1	OZ258728_1_ORF2	1	1	10	10	TRUE	TRUE
TCACGTGGTTGCAATC-1	OZ258728_1_ORF2	1	0	5	5	TRUE	FALSE
TCACTATAGAATGGAG-1	OZ258728_1_ORF2	0	0	1	1	FALSE	FALSE
TCACTATAGAATGGTC-1	MZ286188_1_ORF2	0	0	1	1	FALSE	TRUE
TCACTATAGACTTGCC-1	MZ286102_1_ORF2	0	0	2	2	TRUE	TRUE
TCACTATAGAGTTAGC-1	MZ286188_1_ORF1	1	1	80	80	TRUE	TRUE
TCACTATAGATACAGC-1	OZ258728_1_ORF2	0	0	2	2	TRUE	FALSE
TCACTATAGCGACGGT-1	OP549859_1_ORF2	0	0	2	3	FALSE	TRUE
TCACTATAGCGATTCC-1	OZ258728_1_ORF2	0	0	1	1	FALSE	TRUE
TCACTATAGCGGATTG-1	OZ258728_1_ORF2	0	0	1	1	FALSE	FALSE
TCACTATAGCGTACCT-1	MZ286258_1_ORF1	0	0	1	1	FALSE	FALSE
TCACTATAGCGTGCTT-1	MZ286197_1_ORF2	0	0	1	1	FALSE	FALSE
TCACTATAGGATCGTG-1	OZ258728_1_ORF2	1	0	6	11	TRUE	TRUE
TCACTATAGGCACGGT-1	meGFP	0	0	1	1	FALSE	FALSE
TCACTATAGGCGAAGG-1	MZ286102_1_ORF2	0	0	1	1	FALSE	FALSE
TCACTATAGGCGGTGT-1	OP549859_1_ORF1	0	0	1	1	FALSE	FALSE
TCACTATAGGGATGAA-1	OZ258728_1_ORF2	1	1	43	43	TRUE	TRUE
TCACTATAGGGATGGG-1	MZ286197_1_ORF2	0	0	1	1	FALSE	TRUE
TCACTATAGTCAACCC-1	MZ286102_1_ORF2	0	0	1	1	FALSE	FALSE
TCACTATAGTGGGTTG-1	OZ258728_1_ORF2	0	0	1	1	FALSE	FALSE
TCACTATAGTTACCGC-1	MZ286188_1_ORF1	0	0	1	1	FALSE	FALSE
TCACTGGGTAATGGAT-1	MZ286102_1_ORF2	1	0	5	6	TRUE	TRUE
TCACTGGGTACAGAGC-1	OZ258728_1_ORF2	0	0	1	1	FALSE	TRUE
TCACTGGGTACAGGAC-1	MZ286197_1_ORF1	0	0	1	1	FALSE	FALSE
TCACTGGGTAGTGTCT-1	OZ258728_1_ORF2	0	0	3	3	TRUE	FALSE
TCACTGGGTATCGAGA-1	meGFP	1	0	4	5	TRUE	TRUE
TCACTGGGTCACTAAC-1	OZ258728_1_ORF1	0	0	1	1	FALSE	FALSE
TCACTGGGTCGCTACA-1	meGFP	0	0	1	1	FALSE	FALSE
TCACTGGGTGAGGAGA-1	MZ286258_1_ORF2	0	0	1	1	FALSE	TRUE
TCACTGGGTGAGTTAG-1	OZ258728_1_ORF2	0	0	1	1	FALSE	FALSE
TCACTGGGTGATCCTG-1	MZ286197_1_ORF1	1	0	4	4	TRUE	TRUE
TCACTGGGTGGGATTA-1	MZ286102_1_ORF1	0	0	1	1	FALSE	FALSE
TCACTGGGTGGGTAAC-1	OZ258728_1_ORF2	1	1	11	11	TRUE	TRUE
TCACTGGGTGGTGCGA-1	MZ286102_1_ORF2	0	0	1	2	FALSE	TRUE
TCACTGGGTTACTTGA-1	OZ258728_1_ORF2	1	1	26	26	TRUE	TRUE
TCACTGGGTTAGGCAA-1	OZ258728_1_ORF2	1	1	52	53	TRUE	TRUE
TCACTGGGTTGGGATA-1	MZ286102_1_ORF2	0	0	1	1	FALSE	FALSE
TCAGAGAGTAACTTGC-1	OZ258728_1_ORF2	0	0	1	1	FALSE	FALSE
TCAGAGAGTCGACTCA-1	OP549859_1_ORF1	0	0	1	1	FALSE	FALSE
TCAGAGAGTCGTCACA-1	MZ286188_1_ORF2	1	0	9	10	TRUE	TRUE
TCAGAGAGTCTGCACA-1	OZ258728_1_ORF2	0	0	1	1	FALSE	FALSE
TCAGAGAGTCTTGACG-1	OZ258728_1_ORF2	1	1	23	23	TRUE	TRUE
TCAGAGAGTGAGGTGT-1	MZ286188_1_ORF2	1	0	5	6	TRUE	TRUE
TCAGAGAGTGATCGTT-1	OP549859_1_ORF1	1	1	81	82	TRUE	TRUE
TCAGAGAGTGTCTATA-1	MZ286102_1_ORF2	0	0	1	1	FALSE	FALSE
TCAGAGAGTTAGGGTA-1	meGFP	0	0	1	1	FALSE	FALSE
TCAGAGAGTTATAGCC-1	OZ258728_1_ORF2	0	0	1	1	FALSE	TRUE
TCAGAGAGTTGTCCTC-1	meGFP	0	0	1	1	FALSE	FALSE
TCAGAGCCAAATGACT-1	meGFP	1	1	19	19	TRUE	TRUE
TCAGAGCCAACACCAA-1	OP549859_1_ORF1	0	0	1	2	FALSE	TRUE
TCAGAGCCAAGTGTCA-1	OZ258728_1_ORF2	0	0	1	3	FALSE	TRUE
TCAGAGCCAATCTCAC-1	OZ258728_1_ORF1	0	0	0	0	FALSE	FALSE
TCAGAGCCAATGGCTA-1	meGFP	0	0	1	1	FALSE	FALSE
TCAGAGCCACAACCAA-1	OZ258728_1_ORF2	0	0	1	2	FALSE	TRUE
TCAGAGCCACAGCATA-1	OP549859_1_ORF1	0	0	2	2	TRUE	FALSE
TCAGAGCCACAGCCAG-1	MZ286197_1_ORF1	0	0	1	1	FALSE	FALSE
TCAGAGCCACCAAGTA-1	MZ286258_1_ORF2	0	0	1	1	FALSE	FALSE
TCAGAGCCACCCTATG-1	OZ258728_1_ORF1	0	0	1	1	FALSE	TRUE
TCAGAGCCACGATGTA-1	OZ258728_1_ORF2	2	1	21	28	TRUE	TRUE
TCAGAGCCACGTTACT-1	meGFP	0	0	1	1	FALSE	FALSE
TCAGAGCCACTACGGG-1	OZ258728_1_ORF1	0	0	1	1	FALSE	FALSE
TCAGAGCCACTCATAC-1	OZ258728_1_ORF2	1	1	44	44	TRUE	TRUE
TCAGAGCCAGAGCTTA-1	MZ286258_1_ORF2	0	0	2	2	TRUE	TRUE
TCAGAGCCAGTACCAA-1	MZ286258_1_ORF2	1	1	17	18	TRUE	TRUE
TCAGAGCCATAACGAT-1	OP549859_1_ORF1	1	1	24	24	TRUE	TRUE
TCAGAGCCATGATTCC-1	MZ286102_1_ORF2	1	1	18	19	TRUE	TRUE
TCAGAGCCATGCTCGC-1	meGFP	0	0	1	1	FALSE	FALSE
TCAGAGCCATTCGCTG-1	OZ258728_1_ORF1	0	0	1	1	FALSE	FALSE
TCAGCGAAGAACGAAG-1	MZ286188_1_ORF1	0	0	1	1	FALSE	TRUE
TCAGCGAAGAATGGTC-1	MZ286102_1_ORF1	1	1	15	15	TRUE	TRUE
TCAGCGAAGACGCCTT-1	MZ286188_1_ORF2	0	0	1	2	FALSE	FALSE
TCAGCGAAGACTTGCC-1	MZ286102_1_ORF2	0	0	1	1	FALSE	FALSE
TCAGCGAAGACTTGGG-1	MZ286102_1_ORF1	1	0	5	6	TRUE	TRUE
TCAGCGAAGAGGGACG-1	MZ286258_1_ORF2	1	0	4	4	TRUE	FALSE
TCAGCGAAGCAACGAT-1	meGFP	1	1	19	19	TRUE	TRUE
TCAGCGAAGCATTGGG-1	OP549859_1_ORF1	0	0	1	1	FALSE	FALSE
TCAGCGAAGCGACGGT-1	OP549859_1_ORF2	0	0	1	1	FALSE	FALSE
TCAGCGAAGCGTGCTT-1	MZ286197_1_ORF1	0	0	1	1	FALSE	FALSE
TCAGCGAAGGACTAAC-1	MZ286197_1_ORF2	0	0	1	1	FALSE	TRUE
TCAGCGAAGGCGTAAT-1	meGFP	1	1	37	39	TRUE	TRUE
TCAGCGAAGGGTAACT-1	OZ258728_1_ORF2	1	1	16	17	TRUE	TRUE
TCAGCGAAGGGTATGT-1	OZ258728_1_ORF1	1	0	6	8	TRUE	TRUE
TCAGCGAAGGTACCCT-1	OZ258728_1_ORF1	0	0	2	3	FALSE	TRUE
TCAGCGAAGGTCGAAT-1	MZ286102_1_ORF2	0	0	1	1	FALSE	FALSE
TCAGCGAAGTATCGGG-1	OZ258728_1_ORF1	0	0	1	2	FALSE	FALSE
TCAGCGAAGTCCACGT-1	MZ286188_1_ORF1	0	0	3	4	TRUE	TRUE
TCAGCGAAGTGCCTGT-1	MZ286258_1_ORF2	0	0	1	2	FALSE	TRUE
TCAGCGAAGTTGAATG-1	MZ286258_1_ORF2	0	0	3	4	TRUE	TRUE
TCAGCTGGTAATGGGC-1	OZ258728_1_ORF2	0	0	1	1	FALSE	FALSE
TCAGCTGGTACCGGAG-1	MZ286102_1_ORF2	0	0	1	2	FALSE	TRUE
TCAGCTGGTAGCGTGG-1	OP549859_1_ORF1	0	0	1	1	FALSE	FALSE
TCAGCTGGTCGACTCA-1	OZ258728_1_ORF2	0	0	2	2	TRUE	FALSE
TCAGCTGGTGCAGGCA-1	OZ258728_1_ORF2	1	1	33	33	TRUE	TRUE
TCAGCTGGTGGCGTGA-1	MZ286188_1_ORF1	0	0	1	1	FALSE	FALSE
TCAGCTGGTGTCTGTG-1	OP549859_1_ORF1	0	0	1	2	FALSE	TRUE
TCAGCTGGTGTGTCAT-1	MZ286258_1_ORF2	0	0	1	1	FALSE	FALSE
TCAGCTGGTTGACCGC-1	MZ286102_1_ORF2	1	1	13	13	TRUE	TRUE
TCAGCTGGTTTGGATC-1	MZ286258_1_ORF2	1	0	4	5	TRUE	TRUE
TCAGGATAGATGCCTC-1	OZ258728_1_ORF2	0	0	1	1	FALSE	TRUE
TCAGGATAGCAAGGTT-1	MZ286258_1_ORF1	0	0	1	1	FALSE	TRUE
TCAGGATAGCTGAGAT-1	MZ286258_1_ORF2	0	0	1	1	FALSE	FALSE
TCAGGATAGGCATCCT-1	OZ258728_1_ORF2	0	0	1	1	FALSE	FALSE
TCAGGATAGTACTTCG-1	OZ258728_1_ORF2	0	0	1	1	FALSE	TRUE
TCAGGATAGTATCGGG-1	OP549859_1_ORF1	0	0	1	1	FALSE	FALSE
TCAGGATAGTCTAGGG-1	OP549859_1_ORF1	0	0	1	1	FALSE	FALSE
TCAGGATAGTGCTACC-1	MZ286197_1_ORF2	0	0	2	3	FALSE	TRUE
TCAGGATAGTTAACCT-1	OP549859_1_ORF1	0	0	1	1	FALSE	FALSE
TCAGGCTTCACCCTGG-1	MZ286258_1_ORF2	0	0	1	1	FALSE	TRUE
TCAGGCTTCACTAATC-1	meGFP	0	0	3	3	TRUE	TRUE
TCAGGCTTCACTCGCG-1	OP549859_1_ORF1	0	0	1	1	FALSE	FALSE
TCAGGCTTCATTGCCA-1	MZ286197_1_ORF1	0	0	1	2	FALSE	TRUE
TCAGGCTTCCGTGGAA-1	MZ286188_1_ORF1	0	0	1	1	FALSE	FALSE
TCAGGCTTCGAACCCT-1	OP549859_1_ORF2	0	0	1	1	FALSE	FALSE
TCAGGCTTCGCTGGAA-1	OZ258728_1_ORF2	0	0	1	3	FALSE	TRUE
TCAGGCTTCTAAGCGG-1	MZ286258_1_ORF2	0	0	1	1	FALSE	FALSE
TCAGGCTTCTGATAGA-1	MZ286258_1_ORF1	0	0	1	1	FALSE	FALSE
TCAGGCTTCTGGACGA-1	OP549859_1_ORF1	0	0	1	1	FALSE	FALSE
TCAGGCTTCTGGATGG-1	meGFP	0	0	1	1	FALSE	FALSE
TCAGTACGTACCGATT-1	MZ286197_1_ORF1	1	0	8	8	TRUE	TRUE
TCAGTACGTCCACGGT-1	MZ286197_1_ORF1	0	0	1	1	FALSE	FALSE
TCAGTACGTCCCGAAC-1	OP549859_1_ORF1	0	0	2	2	TRUE	FALSE
TCAGTACGTGCCCAAC-1	OP549859_1_ORF1	0	0	1	1	FALSE	TRUE
TCAGTACGTGCTGACC-1	OZ258728_1_ORF2	0	0	1	1	FALSE	FALSE
TCAGTACGTGGCTTGC-1	MZ286197_1_ORF2	0	0	1	1	FALSE	TRUE
TCAGTACGTGGGTCGA-1	MZ286258_1_ORF2	0	0	0	0	FALSE	TRUE
TCAGTACGTGTCTGTG-1	MZ286102_1_ORF2	1	1	18	18	TRUE	TRUE
TCAGTACGTGTGTGAA-1	MZ286188_1_ORF2	0	0	2	3	FALSE	TRUE
TCAGTACGTTTGAACC-1	OZ258728_1_ORF2	0	0	1	1	FALSE	FALSE
TCAGTAGCAAACGGCT-1	OP549859_1_ORF2	0	0	1	2	FALSE	FALSE
TCAGTAGCAAGTGAGG-1	OZ258728_1_ORF2	1	1	11	11	TRUE	TRUE
TCAGTAGCAATTGCCT-1	MZ286188_1_ORF1	1	1	17	18	TRUE	TRUE
TCAGTAGCAATTGGTG-1	OZ258728_1_ORF2	0	0	1	1	FALSE	TRUE
TCAGTAGCACAACTAG-1	MZ286258_1_ORF2	1	0	4	5	TRUE	TRUE
TCAGTAGCACAAGGGA-1	OZ258728_1_ORF2	1	0	4	4	TRUE	FALSE
TCAGTAGCACACAGCG-1	MZ286102_1_ORF1	1	1	18	18	TRUE	TRUE
TCAGTAGCACAGTTAG-1	MZ286258_1_ORF1	0	0	1	1	FALSE	TRUE
TCAGTAGCACATGCGG-1	meGFP	0	0	1	1	FALSE	FALSE
TCAGTAGCACTTACCG-1	OZ258728_1_ORF1	0	0	1	1	FALSE	FALSE
TCAGTAGCAGAGAGGC-1	OZ258728_1_ORF1	0	0	1	2	FALSE	TRUE
TCAGTAGCAGATACAT-1	MZ286197_1_ORF1	1	0	7	7	TRUE	TRUE
TCAGTAGCAGCGCTTC-1	MZ286197_1_ORF1	0	0	1	1	FALSE	FALSE
TCAGTAGCATGACAGC-1	OP549859_1_ORF1	0	0	1	1	FALSE	FALSE
TCAGTAGCATGCCCTA-1	OP549859_1_ORF2	0	0	1	1	FALSE	TRUE
TCATACCCAAAGGGCA-1	OP549859_1_ORF2	0	0	1	1	FALSE	FALSE
TCATACCCAATCTGTC-1	OZ258728_1_ORF2	0	0	1	1	FALSE	FALSE
TCATACCCACAACTAG-1	MZ286197_1_ORF1	0	0	1	1	FALSE	TRUE
TCATACCCACCTCTCT-1	MZ286258_1_ORF1	0	0	2	8	FALSE	TRUE
TCATACCCACTACGGG-1	OP549859_1_ORF1	1	1	35	36	TRUE	TRUE
TCATACCCAGCTATCT-1	OZ258728_1_ORF2	0	0	1	1	FALSE	TRUE
TCATACCCATCCCAAT-1	MZ286258_1_ORF2	0	0	2	2	TRUE	TRUE
TCATACCCATTGAAGT-1	MZ286102_1_ORF2	1	0	9	9	TRUE	TRUE
TCATCACCAAACTAAC-1	OP549859_1_ORF1	0	0	1	1	FALSE	FALSE
TCATCACCAAAGCCCG-1	OP549859_1_ORF1	0	0	2	4	FALSE	TRUE
TCATCACCAAAGGGCA-1	OZ258728_1_ORF2	0	0	1	1	FALSE	FALSE
TCATCACCAAATGAGA-1	OP549859_1_ORF2	0	0	1	1	FALSE	FALSE
TCATCACCACGTTACT-1	OZ258728_1_ORF2	0	0	1	1	FALSE	FALSE
TCATCACCACTGACTT-1	OZ258728_1_ORF2	0	0	1	1	FALSE	FALSE
TCATCACCAGAATGGG-1	OP549859_1_ORF1	0	0	1	1	FALSE	FALSE
TCATCACCAGATTAAC-1	MZ286197_1_ORF2	1	0	4	8	TRUE	TRUE
TCATCACCAGATTCGA-1	OZ258728_1_ORF2	1	1	64	65	TRUE	TRUE
TCATCACCAGCGCACA-1	MZ286188_1_ORF2	1	0	5	5	TRUE	TRUE
TCATCACCAGCTCTAT-1	MZ286258_1_ORF2	0	0	1	1	FALSE	FALSE
TCATCACCAGGTCTAA-1	meGFP	0	0	1	1	FALSE	FALSE
TCATCACCATCGCATT-1	OZ258728_1_ORF2	0	0	1	1	FALSE	FALSE
TCATCACCATGAAGGG-1	OP549859_1_ORF2	1	0	8	8	TRUE	TRUE
TCATCACCATGTCCAT-1	MZ286188_1_ORF2	0	0	1	1	FALSE	FALSE
TCATCCTTCCATCGCG-1	MZ286258_1_ORF1	0	0	1	1	FALSE	FALSE
TCATCCTTCCCATCCC-1	OZ258728_1_ORF2	1	1	25	26	TRUE	TRUE
TCATCCTTCCCCAAGT-1	MZ286258_1_ORF2	1	1	13	13	TRUE	TRUE
TCATCCTTCCGCATGT-1	OP549859_1_ORF1	0	0	1	1	FALSE	FALSE
TCATCCTTCCGGGTAA-1	OZ258728_1_ORF2	0	0	1	1	FALSE	FALSE
TCATCCTTCCTTCACT-1	OZ258728_1_ORF2	0	0	2	2	TRUE	FALSE
TCATCCTTCGCAGGGT-1	OZ258728_1_ORF2	0	0	1	1	FALSE	FALSE
TCATCCTTCGTTACCA-1	MZ286258_1_ORF1	0	0	1	1	FALSE	FALSE
TCATCCTTCTGTCGGT-1	MZ286102_1_ORF2	1	1	12	14	TRUE	TRUE
TCATCCTTCTTCGGCG-1	meGFP	0	0	3	7	FALSE	TRUE
TCATGCCAGAAGGACA-1	MZ286258_1_ORF2	0	0	1	1	FALSE	TRUE
TCATGCCAGATTCACT-1	OP549859_1_ORF2	1	1	17	17	TRUE	TRUE
TCATGCCAGGCTCTGT-1	MZ286102_1_ORF2	0	0	1	1	FALSE	FALSE
TCATGCCAGGGCTTGA-1	meGFP	0	0	1	1	FALSE	FALSE
TCATGCCAGTAGTGTA-1	meGFP	1	1	117	117	TRUE	TRUE
TCATGCCAGTAGTTGA-1	MZ286258_1_ORF2	0	0	2	2	TRUE	FALSE
TCATGCCAGTATCGAA-1	OZ258728_1_ORF2	0	0	1	1	FALSE	TRUE
TCATGCCAGTCATTAC-1	OZ258728_1_ORF2	1	1	18	18	TRUE	TRUE
TCATGGCTCATCGTTG-1	meGFP	2	0	6	11	FALSE	TRUE
TCATGGCTCCCACAGT-1	OP549859_1_ORF1	0	0	2	3	FALSE	TRUE
TCATGGCTCCCGTTGG-1	MZ286188_1_ORF1	0	0	1	1	FALSE	FALSE
TCATGGCTCCTCCTGC-1	MZ286258_1_ORF2	0	0	1	1	FALSE	TRUE
TCATGGCTCGACTCTA-1	MZ286258_1_ORF2	3	3	19	45	FALSE	TRUE
TCATGGCTCGATGTCC-1	OZ258728_1_ORF2	0	0	1	2	FALSE	TRUE
TCATGGCTCGGGATCA-1	OP549859_1_ORF1	0	0	3	4	TRUE	TRUE
TCATGGCTCTATAGGA-1	OZ258728_1_ORF2	0	0	3	3	TRUE	FALSE
TCATGGCTCTCGATTG-1	MZ286102_1_ORF2	1	1	11	13	TRUE	TRUE
TCATGGCTCTCTAACG-1	MZ286102_1_ORF2	0	0	1	1	FALSE	FALSE
TCATGGCTCTGAGTGG-1	meGFP	0	0	1	1	FALSE	TRUE
TCATGGCTCTGCACTA-1	OP549859_1_ORF1	0	0	1	1	FALSE	FALSE
TCATTCTGTAACCGAA-1	OZ258728_1_ORF1	0	0	1	1	FALSE	FALSE
TCATTCTGTCGAGAGT-1	MZ286197_1_ORF1	0	0	1	1	FALSE	FALSE
TCATTCTGTCGCGTGT-1	MZ286102_1_ORF2	1	0	6	6	TRUE	TRUE
TCATTCTGTGAGAGGA-1	MZ286188_1_ORF1	1	1	17	17	TRUE	TRUE
TCATTCTGTTAACGTC-1	MZ286102_1_ORF1	0	0	2	3	FALSE	FALSE
TCATTCTGTTAGGCAA-1	meGFP	0	0	1	1	FALSE	FALSE
TCATTCTGTTTCCTGC-1	MZ286258_1_ORF1	0	0	1	1	FALSE	FALSE
TCATTGGTCAACTGGG-1	MZ286197_1_ORF1	0	0	1	2	FALSE	TRUE
TCATTGGTCACGAAGT-1	meGFP	0	0	1	1	FALSE	TRUE
TCATTGGTCCACAGGA-1	MZ286258_1_ORF2	0	0	1	1	FALSE	TRUE
TCATTGGTCCCAACTA-1	MZ286197_1_ORF1	0	0	1	1	FALSE	FALSE
TCATTGGTCCCTCTAT-1	MZ286102_1_ORF1	0	0	1	1	FALSE	FALSE
TCATTGGTCGACACAG-1	meGFP	1	1	45	45	TRUE	TRUE
TCATTGGTCGGATATA-1	MZ286197_1_ORF2	1	0	8	8	TRUE	TRUE
TCATTGGTCTAGCTTG-1	OZ258728_1_ORF2	0	0	1	1	FALSE	FALSE
TCATTGGTCTCAGCAC-1	MZ286258_1_ORF1	1	0	7	7	TRUE	TRUE
TCATTGGTCTCGACCG-1	MZ286197_1_ORF2	1	0	5	6	TRUE	TRUE
TCATTGGTCTCGCTCC-1	MZ286258_1_ORF1	0	0	1	1	FALSE	FALSE
TCATTGGTCTGAGTGG-1	OZ258728_1_ORF2	1	1	78	78	TRUE	TRUE
TCATTGGTCTGATAGA-1	OZ258728_1_ORF2	1	1	73	73	TRUE	TRUE
TCATTGGTCTGGCTTA-1	MZ286197_1_ORF2	0	0	1	1	FALSE	FALSE
TCATTGGTCTGTAATC-1	MZ286258_1_ORF2	1	1	12	12	TRUE	TRUE
TCATTGGTCTTGCCTT-1	MZ286102_1_ORF2	1	0	8	8	TRUE	TRUE
TCATTTCGTAACGATG-1	OZ258728_1_ORF2	1	1	37	38	TRUE	TRUE
TCATTTCGTAATGGAT-1	MZ286258_1_ORF2	1	0	5	6	TRUE	TRUE
TCATTTCGTACAGGGT-1	OZ258728_1_ORF2	0	0	1	1	FALSE	FALSE
TCATTTCGTACTTACA-1	MZ286258_1_ORF2	0	0	1	2	FALSE	FALSE
TCATTTCGTCAAGTTC-1	MZ286102_1_ORF2	1	0	4	4	TRUE	TRUE
TCATTTCGTCAATCTA-1	OZ258728_1_ORF1	0	0	2	3	FALSE	FALSE
TCATTTCGTCCCATCT-1	OZ258728_1_ORF1	1	1	28	28	TRUE	TRUE
TCATTTCGTGAACCAA-1	OZ258728_1_ORF2	0	0	1	1	FALSE	FALSE
TCATTTCGTGAGTAAT-1	MZ286197_1_ORF1	0	0	1	1	FALSE	FALSE
TCATTTCGTGATCCCA-1	OZ258728_1_ORF2	1	1	64	64	TRUE	TRUE
TCATTTCGTGATCGTT-1	MZ286102_1_ORF1	0	0	1	1	FALSE	FALSE
TCATTTCGTGATTGCT-1	OP549859_1_ORF1	0	0	1	1	FALSE	FALSE
TCATTTCGTGCCCAAC-1	MZ286197_1_ORF1	0	0	1	1	FALSE	TRUE
TCATTTCGTGGGACCA-1	MZ286258_1_ORF2	1	1	15	15	TRUE	TRUE
TCATTTCGTGGTGTGG-1	OZ258728_1_ORF1	0	0	1	1	FALSE	FALSE
TCATTTCGTGTAACTC-1	OP549859_1_ORF1	0	0	1	1	FALSE	FALSE
TCATTTCGTTCACGAT-1	OZ258728_1_ORF1	0	0	1	1	FALSE	FALSE
TCATTTCGTTCTATGA-1	OP549859_1_ORF1	0	0	2	2	TRUE	FALSE
TCATTTCGTTGTCCGA-1	OP549859_1_ORF1	1	1	82	82	TRUE	TRUE
TCATTTCGTTGTCTAA-1	OP549859_1_ORF1	0	0	1	1	FALSE	FALSE
TCATTTCGTTTACGGT-1	MZ286197_1_ORF2	0	0	1	2	FALSE	TRUE
TCATTTCGTTTCCTGC-1	OZ258728_1_ORF2	0	0	2	2	TRUE	FALSE
TCATTTGCAAAGGCGA-1	OZ258728_1_ORF1	0	0	1	1	FALSE	FALSE
TCATTTGCAATGTAGT-1	MZ286102_1_ORF1	0	0	1	1	FALSE	FALSE
TCATTTGCACAAGGCT-1	OZ258728_1_ORF2	0	0	1	1	FALSE	FALSE
TCATTTGCACCACAGG-1	MZ286197_1_ORF1	0	0	1	1	FALSE	FALSE
TCATTTGCACCGTTCA-1	OZ258728_1_ORF1	1	0	7	8	TRUE	TRUE
TCATTTGCACGCCTGT-1	meGFP	1	0	4	4	TRUE	FALSE
TCATTTGCAGGCTATA-1	OP549859_1_ORF1	0	0	1	1	FALSE	TRUE
TCATTTGCATGAATCG-1	OZ258728_1_ORF2	0	0	1	1	FALSE	FALSE
TCCAAAGCAAGCCATA-1	OP549859_1_ORF1	0	0	1	1	FALSE	TRUE
TCCAAAGCAAGGTGCT-1	meGFP	0	0	1	2	FALSE	TRUE
TCCAAAGCACCGCAAG-1	OZ258728_1_ORF2	0	0	1	1	FALSE	FALSE
TCCAAAGCACCGTTCA-1	OZ258728_1_ORF2	0	0	2	3	FALSE	FALSE
TCCAAAGCACGCCATC-1	OZ258728_1_ORF2	0	0	1	1	FALSE	FALSE
TCCAAAGCACGGATTA-1	OP549859_1_ORF1	1	1	15	15	TRUE	TRUE
TCCAAAGCACTAGGCG-1	OZ258728_1_ORF2	1	1	52	53	TRUE	TRUE
TCCAAAGCACTTCGGC-1	MZ286258_1_ORF2	0	0	1	1	FALSE	TRUE
TCCAAAGCAGAATGGG-1	MZ286197_1_ORF1	1	0	6	9	TRUE	TRUE
TCCAAAGCAGCTTAGA-1	OZ258728_1_ORF2	1	0	4	6	TRUE	TRUE
TCCAAAGCAGGCCAAT-1	OZ258728_1_ORF2	0	0	1	1	FALSE	FALSE
TCCAAAGCATAACGAT-1	MZ286197_1_ORF1	0	0	1	1	FALSE	TRUE
TCCAAAGCATGTCGGG-1	MZ286197_1_ORF1	0	0	1	2	FALSE	TRUE
TCCAAAGCATTGACCT-1	OZ258728_1_ORF2	0	0	1	1	FALSE	FALSE
TCCAAGTGTAACCGAA-1	MZ286102_1_ORF2	0	0	2	2	TRUE	TRUE
TCCAAGTGTGAGTTAG-1	MZ286197_1_ORF2	0	0	1	1	FALSE	FALSE
TCCAAGTGTTAACGTC-1	MZ286258_1_ORF2	1	1	18	18	TRUE	TRUE
TCCAAGTGTTACGCCA-1	OZ258728_1_ORF2	0	0	1	1	FALSE	FALSE
TCCAAGTGTTCCGTTC-1	MZ286102_1_ORF1	0	0	1	1	FALSE	TRUE
TCCAATCCAAAGTTAC-1	meGFP	0	0	1	1	FALSE	FALSE
TCCAATCCAACCAGCG-1	MZ286197_1_ORF2	0	0	1	1	FALSE	TRUE
TCCAATCCACCATTAC-1	OP549859_1_ORF1	0	0	1	1	FALSE	FALSE
TCCAATCCACCCAGCT-1	OP549859_1_ORF1	1	0	5	5	TRUE	TRUE
TCCAATCCACGCGAAT-1	OP549859_1_ORF2	0	0	2	3	FALSE	TRUE
TCCAATCCACTTACCG-1	MZ286102_1_ORF2	1	0	7	7	TRUE	TRUE
TCCAATCCATAGGATT-1	OP549859_1_ORF2	0	0	2	2	TRUE	FALSE
TCCAATCCATCCTTCC-1	OZ258728_1_ORF1	0	0	1	1	FALSE	FALSE
TCCAATTAGAACGGCC-1	MZ286102_1_ORF1	0	0	2	6	FALSE	TRUE
TCCAATTAGAAGGATG-1	OP549859_1_ORF2	1	0	6	6	TRUE	TRUE
TCCAATTAGATCCTGC-1	MZ286197_1_ORF2	0	0	1	1	FALSE	TRUE
TCCAATTAGCTAACCC-1	MZ286102_1_ORF2	0	0	1	1	FALSE	TRUE
TCCAATTAGGGTCAGC-1	MZ286258_1_ORF2	0	0	1	1	FALSE	TRUE
TCCAATTAGTATGTCT-1	MZ286197_1_ORF1	0	0	1	1	FALSE	FALSE
TCCAATTAGTGAGAGA-1	OP549859_1_ORF1	0	0	1	1	FALSE	TRUE
TCCACAGGTGATCAAG-1	MZ286197_1_ORF1	0	0	1	3	FALSE	TRUE
TCCACAGGTGATTGCT-1	MZ286102_1_ORF1	1	1	18	18	TRUE	TRUE
TCCACAGGTTGTCTGG-1	MZ286258_1_ORF2	1	0	4	4	TRUE	TRUE
TCCACGGTCACCGTTA-1	MZ286188_1_ORF1	0	0	1	1	FALSE	TRUE
TCCACGGTCCACCAAC-1	MZ286258_1_ORF2	1	1	21	21	TRUE	TRUE
TCCACGGTCCATAGGG-1	meGFP	0	0	1	1	FALSE	TRUE
TCCACGGTCGGATATA-1	MZ286197_1_ORF1	0	0	2	2	TRUE	TRUE
TCCACGGTCGGCTGAA-1	OP549859_1_ORF1	0	0	1	1	FALSE	FALSE
TCCACGGTCGTTCCGG-1	OP549859_1_ORF2	1	0	7	7	TRUE	TRUE
TCCACGGTCTAGGTAA-1	MZ286258_1_ORF2	0	0	2	2	TRUE	TRUE
TCCACGGTCTATACCG-1	OP549859_1_ORF1	0	0	1	1	FALSE	TRUE
TCCACTCGTATGGCCC-1	OP549859_1_ORF2	0	0	2	2	TRUE	TRUE
TCCACTCGTCACTAAC-1	MZ286258_1_ORF2	0	0	1	1	FALSE	FALSE
TCCACTCGTCATCGTG-1	OP549859_1_ORF1	1	1	33	34	TRUE	TRUE
TCCACTCGTCATGAGA-1	MZ286197_1_ORF2	0	0	1	1	FALSE	FALSE
TCCACTCGTCGATGAA-1	OZ258728_1_ORF2	0	0	1	1	FALSE	FALSE
TCCACTCGTGGCGTGA-1	OZ258728_1_ORF2	0	0	1	2	FALSE	TRUE
TCCACTCGTGTCTGTG-1	meGFP	0	0	1	1	FALSE	TRUE
TCCACTCGTTAACTGC-1	meGFP	0	0	1	1	FALSE	TRUE
TCCACTCGTTAGCTTA-1	MZ286258_1_ORF2	1	1	22	23	TRUE	TRUE
TCCACTCGTTAGGGTA-1	OP549859_1_ORF1	0	0	1	2	FALSE	TRUE
TCCACTCGTTCAAGTC-1	MZ286102_1_ORF2	0	0	1	1	FALSE	TRUE
TCCACTCGTTCCAACG-1	OZ258728_1_ORF2	0	0	1	1	FALSE	FALSE
TCCACTCGTTCGTAGT-1	meGFP	0	0	1	1	FALSE	FALSE
TCCACTCGTTGTCCTC-1	OZ258728_1_ORF2	1	1	40	40	TRUE	TRUE
TCCACTCGTTGTCTGG-1	OZ258728_1_ORF2	0	0	1	1	FALSE	FALSE
TCCACTCGTTTACCAA-1	OZ258728_1_ORF1	0	0	1	1	FALSE	TRUE
TCCACTCGTTTCGATA-1	OP549859_1_ORF1	0	0	1	1	FALSE	TRUE
TCCACTCGTTTCGGGC-1	MZ286197_1_ORF1	1	0	4	6	TRUE	TRUE
TCCAGAGAGAAGCGTT-1	MZ286258_1_ORF2	1	1	16	16	TRUE	TRUE
TCCAGAGAGAATGCTA-1	MZ286258_1_ORF2	2	0	5	11	FALSE	TRUE
TCCAGAGAGAGGCCAC-1	OZ258728_1_ORF2	0	0	1	1	FALSE	FALSE
TCCAGAGAGATTCCGC-1	OZ258728_1_ORF1	0	0	2	7	FALSE	TRUE
TCCAGAGAGCAAGCTG-1	MZ286188_1_ORF1	1	1	13	14	TRUE	TRUE
TCCAGAGAGCGCCTAT-1	MZ286102_1_ORF2	1	0	5	5	TRUE	TRUE
TCCAGAGAGCGGAACC-1	meGFP	0	0	1	1	FALSE	FALSE
TCCAGAGAGCTATACT-1	OZ258728_1_ORF2	1	1	41	41	TRUE	TRUE
TCCAGAGAGGCGGTGT-1	MZ286102_1_ORF2	0	0	1	3	FALSE	TRUE
TCCAGAGAGTGTAATG-1	MZ286258_1_ORF2	1	0	7	7	TRUE	TRUE
TCCAGAGAGTTGCAGG-1	MZ286102_1_ORF2	0	0	1	1	FALSE	FALSE
TCCAGGCGTAGGATAT-1	MZ286197_1_ORF1	0	0	1	1	FALSE	FALSE
TCCAGGCGTCATCGTG-1	MZ286102_1_ORF2	0	0	3	4	TRUE	TRUE
TCCAGGCGTCGCGAGA-1	meGFP	0	0	2	2	TRUE	TRUE
TCCAGGCGTCGCTACA-1	meGFP	0	0	2	2	TRUE	TRUE
TCCAGGCGTCTGCACA-1	MZ286258_1_ORF1	0	0	1	1	FALSE	TRUE
TCCAGGCGTGCATGAA-1	OZ258728_1_ORF2	0	0	1	1	FALSE	FALSE
TCCAGGCGTGCGTAGG-1	MZ286197_1_ORF1	2	1	11	19	FALSE	TRUE
TCCAGGCGTGGCAACG-1	MZ286102_1_ORF2	1	1	10	10	TRUE	TRUE
TCCAGGCGTGGCGTGA-1	meGFP	0	0	1	2	FALSE	TRUE
TCCAGGCGTGGTTCGC-1	MZ286102_1_ORF2	1	1	18	21	TRUE	TRUE
TCCAGGCGTGTGTCAT-1	OZ258728_1_ORF1	0	0	1	1	FALSE	TRUE
TCCAGGCGTTCGCAGC-1	OP549859_1_ORF1	1	1	36	36	TRUE	TRUE
TCCAGGCGTTGGACCC-1	meGFP	1	1	32	32	TRUE	TRUE
TCCATCGCAAACCACA-1	meGFP	0	0	1	1	FALSE	TRUE
TCCATCGCAACTTCGT-1	MZ286102_1_ORF2	1	0	5	6	TRUE	TRUE
TCCATCGCAAGATGGG-1	MZ286258_1_ORF2	0	0	2	2	TRUE	TRUE
TCCATCGCACCGCAAG-1	OZ258728_1_ORF2	3	2	26	51	FALSE	TRUE
TCCATCGCACCGGACA-1	MZ286102_1_ORF2	0	0	1	2	FALSE	TRUE
TCCATCGCACTCACAT-1	MZ286258_1_ORF2	0	0	1	1	FALSE	TRUE
TCCATCGCACTTACCG-1	OZ258728_1_ORF2	0	0	1	1	FALSE	TRUE
TCCATCGCAGTTGGTA-1	MZ286102_1_ORF2	1	0	4	6	TRUE	TRUE
TCCATCGCATTCATTG-1	OP549859_1_ORF2	1	1	13	14	TRUE	TRUE
TCCATGCAGATTCGTT-1	MZ286102_1_ORF1	0	0	1	1	FALSE	FALSE
TCCATGCAGCTTGAGG-1	OZ258728_1_ORF2	0	0	1	1	FALSE	TRUE
TCCATGCAGGCGTAAT-1	meGFP	1	1	52	52	TRUE	TRUE
TCCATGCAGGGCGTGT-1	MZ286197_1_ORF2	0	0	1	1	FALSE	TRUE
TCCATTGAGACATTAG-1	OZ258728_1_ORF2	0	0	1	1	FALSE	FALSE
TCCATTGAGATTCGGG-1	OZ258728_1_ORF2	0	0	1	1	FALSE	TRUE
TCCATTGAGCAGGGCT-1	MZ286197_1_ORF1	0	0	1	2	FALSE	TRUE
TCCATTGAGCCGTGAA-1	OP549859_1_ORF1	0	0	1	1	FALSE	FALSE
TCCATTGAGCTGTCGT-1	OP549859_1_ORF1	0	0	1	1	FALSE	FALSE
TCCATTGAGGCGGTGT-1	MZ286258_1_ORF1	1	1	16	16	TRUE	TRUE
TCCATTGAGGGCCGAT-1	MZ286258_1_ORF1	0	0	1	1	FALSE	TRUE
TCCATTGAGTCGCTCG-1	OP549859_1_ORF2	1	0	6	7	TRUE	TRUE
TCCCAACAGACATTAG-1	MZ286102_1_ORF2	1	0	9	10	TRUE	TRUE
TCCCAACAGACCGATG-1	MZ286102_1_ORF1	1	1	24	24	TRUE	TRUE
TCCCAACAGAGTTAGC-1	OP549859_1_ORF1	0	0	2	3	FALSE	TRUE
TCCCAACAGCCTACTA-1	OP549859_1_ORF2	1	0	4	4	TRUE	TRUE
TCCCAACAGCGAGAGG-1	meGFP	0	0	2	2	TRUE	TRUE
TCCCAACAGCTCATGC-1	OP549859_1_ORF1	1	1	97	97	TRUE	TRUE
TCCCAACAGGGTTGCA-1	MZ286102_1_ORF2	0	0	1	1	FALSE	FALSE
TCCCAACAGGTAGGCC-1	MZ286258_1_ORF1	0	0	1	1	FALSE	FALSE
TCCCAACAGGTTGCGA-1	MZ286102_1_ORF2	1	1	26	26	TRUE	TRUE
TCCCAACAGTCCGCTG-1	OZ258728_1_ORF2	1	1	139	140	TRUE	TRUE
TCCCAACAGTCCGTTA-1	meGFP	0	0	1	1	FALSE	TRUE
TCCCAACAGTGGAGCC-1	OZ258728_1_ORF1	1	0	6	6	TRUE	TRUE
TCCCAGCCAACGTGCG-1	MZ286258_1_ORF2	1	1	32	32	TRUE	TRUE
TCCCAGCCAACTTAGG-1	MZ286258_1_ORF1	0	0	1	1	FALSE	FALSE
TCCCAGCCAAGATGGG-1	OP549859_1_ORF1	0	0	1	1	FALSE	FALSE
TCCCAGCCAATACCGA-1	MZ286102_1_ORF2	1	0	9	9	TRUE	TRUE
TCCCAGCCAATGTAGT-1	MZ286102_1_ORF1	1	1	25	25	TRUE	TRUE
TCCCAGCCACAGTATG-1	OP549859_1_ORF1	1	1	28	30	TRUE	TRUE
TCCCAGCCACCAAGCG-1	OZ258728_1_ORF1	1	1	51	53	TRUE	TRUE
TCCCAGCCACCGTACC-1	OZ258728_1_ORF1	0	0	1	1	FALSE	FALSE
TCCCAGCCACGATGTA-1	MZ286102_1_ORF2	1	1	28	31	TRUE	TRUE
TCCCAGCCACTACCCA-1	OP549859_1_ORF1	1	1	59	59	TRUE	TRUE
TCCCAGCCACTACTAC-1	OZ258728_1_ORF2	1	1	39	39	TRUE	TRUE
TCCCAGCCACTAGTCT-1	MZ286197_1_ORF1	1	1	24	25	TRUE	TRUE
TCCCAGCCATAACGAT-1	MZ286102_1_ORF1	0	0	2	2	TRUE	TRUE
TCCCAGCCATAAGCCA-1	MZ286102_1_ORF1	0	0	3	4	TRUE	TRUE
TCCCAGCCATCCCGAC-1	OZ258728_1_ORF2	0	0	1	1	FALSE	FALSE
TCCCAGCCATGACGGT-1	MZ286102_1_ORF2	1	1	12	13	TRUE	TRUE
TCCCAGCCATGGTCCC-1	MZ286102_1_ORF2	0	0	3	3	TRUE	TRUE
TCCCATCGTAATGGAT-1	MZ286197_1_ORF1	0	0	1	3	FALSE	TRUE
TCCCATCGTAGCGAGT-1	OZ258728_1_ORF1	1	1	19	19	TRUE	TRUE
TCCCATCGTAGGTCAA-1	OZ258728_1_ORF2	0	0	1	1	FALSE	TRUE
TCCCATCGTCCACATG-1	OZ258728_1_ORF2	1	1	30	31	TRUE	TRUE
TCCCATCGTCTTGGGC-1	OZ258728_1_ORF1	0	0	1	1	FALSE	FALSE
TCCCATCGTGCATGAA-1	OZ258728_1_ORF2	1	0	5	8	TRUE	TRUE
TCCCATCGTGGCATGG-1	MZ286188_1_ORF2	0	0	1	1	FALSE	TRUE
TCCCATCGTGGCGTGA-1	OZ258728_1_ORF1	1	1	13	13	TRUE	TRUE
TCCCATCGTGTCTGTG-1	MZ286258_1_ORF2	0	0	1	1	FALSE	FALSE
TCCCATCGTTACGTTA-1	OZ258728_1_ORF2	0	0	1	1	FALSE	TRUE
TCCCATCGTTCGTGCA-1	OP549859_1_ORF2	1	0	7	7	TRUE	TRUE
TCCCATCGTTGCCTAG-1	meGFP	0	0	1	1	FALSE	FALSE
TCCCCAACAACAGGCT-1	OZ258728_1_ORF2	0	0	1	1	FALSE	FALSE
TCCCCAACAACTCTAC-1	MZ286258_1_ORF2	0	0	1	1	FALSE	FALSE
TCCCCAACAAGGTGCT-1	OZ258728_1_ORF2	0	0	1	1	FALSE	FALSE
TCCCCAACACCAATGA-1	OP549859_1_ORF1	0	0	1	1	FALSE	FALSE
TCCCCAACAGATTGGC-1	OP549859_1_ORF1	0	0	1	1	FALSE	FALSE
TCCCCAACAGCTGCGA-1	MZ286197_1_ORF2	0	0	1	1	FALSE	FALSE
TCCCCAACAGTTGCTT-1	MZ286188_1_ORF2	0	0	1	1	FALSE	TRUE
TCCCCAACATGACGAC-1	OZ258728_1_ORF2	1	0	8	9	TRUE	TRUE
TCCCCGAAGACTTGAA-1	OZ258728_1_ORF2	0	0	1	1	FALSE	FALSE
TCCCCGAAGATACAGC-1	MZ286197_1_ORF1	0	0	1	2	FALSE	TRUE
TCCCCGAAGATATCCT-1	OZ258728_1_ORF2	1	1	91	92	TRUE	TRUE
TCCCCGAAGCCCGATT-1	OZ258728_1_ORF1	0	0	1	1	FALSE	FALSE
TCCCCGAAGCGAACTG-1	MZ286102_1_ORF2	1	1	12	18	TRUE	TRUE
TCCCCGAAGCTGGGTA-1	meGFP	0	0	1	1	FALSE	FALSE
TCCCCGAAGGCCAGGT-1	MZ286188_1_ORF1	0	0	1	1	FALSE	FALSE
TCCCCGAAGGGCGTAC-1	meGFP	1	1	40	41	TRUE	TRUE
TCCCCGAAGTCCGCTG-1	meGFP	0	0	1	1	FALSE	FALSE
TCCCCGAAGTCCGTTA-1	MZ286102_1_ORF2	0	0	1	1	FALSE	TRUE
TCCCCGAAGTTACCGC-1	MZ286102_1_ORF2	1	1	10	11	TRUE	TRUE
TCCCCTATCAATCGAA-1	OZ258728_1_ORF1	0	0	1	1	FALSE	TRUE
TCCCCTATCACTTACG-1	MZ286258_1_ORF2	1	1	11	11	TRUE	TRUE
TCCCCTATCATATGTC-1	MZ286258_1_ORF1	0	0	1	2	FALSE	TRUE
TCCCCTATCATGATCT-1	MZ286258_1_ORF2	0	0	1	1	FALSE	TRUE
TCCCCTATCCCCAAGT-1	MZ286197_1_ORF2	1	0	7	9	TRUE	TRUE
TCCCCTATCCGGCTCA-1	OZ258728_1_ORF2	1	1	35	39	TRUE	TRUE
TCCCCTATCCTCATAG-1	OZ258728_1_ORF2	1	1	27	28	TRUE	TRUE
TCCCCTATCCTGAGAG-1	OZ258728_1_ORF2	0	0	1	1	FALSE	TRUE
TCCCCTATCGAAGCGC-1	meGFP	0	0	1	1	FALSE	TRUE
TCCCCTGGTACGCCTA-1	meGFP	0	0	1	1	FALSE	TRUE
TCCCCTGGTATTGGCT-1	meGFP	0	0	1	1	FALSE	FALSE
TCCCCTGGTCTTGACG-1	MZ286197_1_ORF1	1	1	14	14	TRUE	TRUE
TCCCCTGGTGAACGAC-1	OP549859_1_ORF1	1	1	20	20	TRUE	TRUE
TCCCCTGGTTACCGTG-1	MZ286102_1_ORF2	0	0	3	3	TRUE	TRUE
TCCCCTGGTTCATCGG-1	OZ258728_1_ORF1	1	1	15	16	TRUE	TRUE
TCCCCTGGTTCCGCAA-1	MZ286188_1_ORF2	1	0	9	10	TRUE	TRUE
TCCCCTGGTTGCGGAG-1	meGFP	0	0	1	1	FALSE	TRUE
TCCCCTTCAACCATTC-1	MZ286188_1_ORF1	0	0	1	1	FALSE	TRUE
TCCCCTTCACAGCCAG-1	MZ286197_1_ORF1	1	1	17	17	TRUE	TRUE
TCCCCTTCACGTTAAG-1	OZ258728_1_ORF2	0	0	1	1	FALSE	FALSE
TCCCCTTCACTTGGAA-1	MZ286188_1_ORF1	0	0	1	1	FALSE	TRUE
TCCCCTTCAGACCGCA-1	MZ286258_1_ORF1	1	1	19	19	TRUE	TRUE
TCCCCTTCAGCTCTAT-1	MZ286102_1_ORF2	0	0	1	1	FALSE	FALSE
TCCCCTTCAGGCGCTA-1	MZ286197_1_ORF2	0	0	2	2	TRUE	TRUE
TCCCCTTCAGTCGAGT-1	OP549859_1_ORF2	0	0	1	1	FALSE	TRUE
TCCCCTTCATCACTGT-1	OP549859_1_ORF2	1	1	18	20	TRUE	TRUE
TCCCCTTCATGACAGC-1	OZ258728_1_ORF2	0	0	1	1	FALSE	FALSE
TCCCCTTCATGCTCGC-1	OZ258728_1_ORF2	1	1	29	29	TRUE	TRUE
TCCCGAAGTACAGGGT-1	OZ258728_1_ORF2	0	0	1	1	FALSE	FALSE
TCCCGAAGTACCCAGC-1	meGFP	0	0	1	1	FALSE	TRUE
TCCCGAAGTACGAATG-1	MZ286188_1_ORF2	0	0	2	2	TRUE	TRUE
TCCCGAAGTAGTGGCG-1	MZ286102_1_ORF1	0	0	1	2	FALSE	TRUE
TCCCGAAGTCACCAGC-1	OZ258728_1_ORF1	1	0	9	9	TRUE	TRUE
TCCCGAAGTCAGGGAT-1	OP549859_1_ORF1	1	1	29	31	TRUE	TRUE
TCCCGAAGTCATACTA-1	OZ258728_1_ORF1	1	1	19	21	TRUE	TRUE
TCCCGAAGTCATTCAA-1	MZ286102_1_ORF2	1	0	5	5	TRUE	TRUE
TCCCGAAGTCGTCACA-1	OZ258728_1_ORF1	0	0	1	1	FALSE	FALSE
TCCCGAAGTGAACGAC-1	OP549859_1_ORF2	0	0	1	1	FALSE	TRUE
TCCCGAAGTTAGTTGC-1	OP549859_1_ORF2	0	0	3	3	TRUE	TRUE
TCCCGAAGTTCCACTC-1	OZ258728_1_ORF2	0	0	1	1	FALSE	FALSE
TCCCGAAGTTCCCAGA-1	OP549859_1_ORF2	0	0	1	1	FALSE	TRUE
TCCCGAAGTTCGCTTC-1	meGFP	0	0	1	1	FALSE	FALSE
TCCCGAAGTTGTCCGA-1	OP549859_1_ORF1	0	0	1	1	FALSE	FALSE
TCCCGAAGTTTGAGTC-1	OZ258728_1_ORF2	0	0	1	2	FALSE	TRUE
TCCCGATAGAATGGAG-1	meGFP	0	0	1	1	FALSE	FALSE
TCCCGATAGACACGCA-1	MZ286258_1_ORF1	0	0	1	1	FALSE	TRUE
TCCCGATAGACGACTG-1	OP549859_1_ORF1	0	0	1	1	FALSE	FALSE
TCCCGATAGCAGCCTT-1	meGFP	0	0	1	1	FALSE	TRUE
TCCCGATAGCATATCT-1	MZ286188_1_ORF2	0	0	3	3	TRUE	TRUE
TCCCGATAGCGTGCAA-1	OP549859_1_ORF2	1	0	5	5	TRUE	TRUE
TCCCGATAGGAATCTA-1	OP549859_1_ORF1	0	0	1	1	FALSE	FALSE
TCCCGATAGGGCCAGT-1	MZ286197_1_ORF1	1	0	5	8	TRUE	TRUE
TCCCGATAGTAATGTG-1	MZ286188_1_ORF1	1	1	78	80	TRUE	TRUE
TCCCGTACAAATGAGA-1	OZ258728_1_ORF2	1	1	21	22	TRUE	TRUE
TCCCGTACACCACACC-1	MZ286188_1_ORF1	0	0	1	1	FALSE	TRUE
TCCCGTACACGTGCCT-1	OZ258728_1_ORF2	0	0	1	1	FALSE	FALSE
TCCCGTACAGACATTG-1	OP549859_1_ORF1	2	1	35	44	TRUE	TRUE
TCCCGTACAGTCCCGT-1	OP549859_1_ORF2	0	0	1	1	FALSE	FALSE
TCCCGTACATCCCAAT-1	meGFP	1	1	13	13	TRUE	TRUE
TCCCGTACATCTATCA-1	OZ258728_1_ORF1	1	1	16	16	TRUE	TRUE
TCCCGTACATGAGCCG-1	OP549859_1_ORF1	0	0	1	1	FALSE	TRUE
TCCCGTACATGCTCGC-1	meGFP	0	0	1	1	FALSE	TRUE
TCCCGTACATGGCCTC-1	MZ286188_1_ORF2	1	1	10	10	TRUE	TRUE
TCCCGTACATGGTAAT-1	OP549859_1_ORF1	0	0	1	1	FALSE	TRUE
TCCTACCGTCACCAGC-1	MZ286197_1_ORF1	0	0	3	3	TRUE	FALSE
TCCTACCGTCTTACCC-1	MZ286197_1_ORF1	0	0	1	2	FALSE	TRUE
TCCTACCGTGAATGTG-1	MZ286102_1_ORF2	1	1	13	14	TRUE	TRUE
TCCTACCGTGAGGTGT-1	MZ286258_1_ORF1	0	0	1	1	FALSE	FALSE
TCCTACCGTTGAAGTG-1	MZ286258_1_ORF1	2	1	17	26	FALSE	TRUE
TCCTACCGTTTCCAGG-1	MZ286102_1_ORF1	1	1	43	45	TRUE	TRUE
TCCTACCGTTTGAAGG-1	meGFP	0	0	1	1	FALSE	TRUE
TCCTACGCACAAGGCT-1	OZ258728_1_ORF2	0	0	1	2	FALSE	TRUE
TCCTACGCACAGATCA-1	MZ286102_1_ORF1	1	1	23	23	TRUE	TRUE
TCCTACGCACGGTAAC-1	MZ286258_1_ORF1	2	1	46	55	TRUE	TRUE
TCCTACGCAGAACGCT-1	MZ286188_1_ORF1	1	1	16	16	TRUE	TRUE
TCCTACGCATGGTCCC-1	OZ258728_1_ORF2	0	0	2	3	FALSE	TRUE
TCCTATGAGAACTGCG-1	MZ286258_1_ORF2	0	0	1	1	FALSE	TRUE
TCCTATGAGATAGTCA-1	OP549859_1_ORF2	0	0	1	1	FALSE	FALSE
TCCTATGAGCAATCAA-1	meGFP	0	0	2	2	TRUE	TRUE
TCCTATGAGCGCTAGA-1	OP549859_1_ORF1	0	0	1	1	FALSE	FALSE
TCCTATGAGCGGGTTA-1	MZ286188_1_ORF1	0	0	1	1	FALSE	FALSE
TCCTATGAGCTGTCGT-1	OP549859_1_ORF1	1	1	129	129	TRUE	TRUE
TCCTATGAGGTCGGTA-1	MZ286102_1_ORF1	0	0	1	1	FALSE	FALSE
TCCTATGAGGTGTGGC-1	MZ286258_1_ORF2	1	1	10	11	TRUE	TRUE
TCCTATGAGTGGGTCA-1	OP549859_1_ORF1	0	0	1	1	FALSE	FALSE
TCCTATGAGTGGGTTG-1	MZ286102_1_ORF1	0	0	1	2	FALSE	TRUE
TCCTATGAGTTGCATT-1	MZ286102_1_ORF2	1	0	6	6	TRUE	TRUE
TCCTCATTCAATTCGT-1	OP549859_1_ORF1	2	2	61	76	TRUE	TRUE
TCCTCATTCCCATCGG-1	OP549859_1_ORF1	0	0	1	1	FALSE	TRUE
TCCTCATTCCCGTAAC-1	MZ286102_1_ORF1	0	0	1	1	FALSE	FALSE
TCCTCATTCGAGTGAT-1	meGFP	0	0	1	1	FALSE	TRUE
TCCTCATTCGCAGGGT-1	OP549859_1_ORF1	0	0	1	1	FALSE	TRUE
TCCTCCGGTACCTCGA-1	MZ286197_1_ORF2	0	0	1	2	FALSE	TRUE
TCCTCCGGTCCCTTCG-1	MZ286258_1_ORF2	0	0	3	3	TRUE	TRUE
TCCTCCGGTGAGGAGA-1	meGFP	0	0	3	3	TRUE	TRUE
TCCTCCGGTGATTGCT-1	MZ286258_1_ORF2	1	1	32	32	TRUE	TRUE
TCCTCCGGTGTTGCAT-1	OZ258728_1_ORF2	1	0	9	9	TRUE	TRUE
TCCTCCGGTTCTATCT-1	OZ258728_1_ORF2	0	0	1	1	FALSE	FALSE
TCCTCCGGTTGCAATC-1	OZ258728_1_ORF2	1	1	29	29	TRUE	TRUE
TCCTCCGGTTGTGCGC-1	meGFP	0	0	2	5	FALSE	TRUE
TCCTCCGGTTTGAACC-1	OZ258728_1_ORF1	1	1	21	21	TRUE	TRUE
TCCTCCGGTTTGCGGC-1	MZ286258_1_ORF2	1	1	12	12	TRUE	TRUE
TCCTCTGTCAAGCCAG-1	OZ258728_1_ORF2	0	0	1	1	FALSE	TRUE
TCCTCTGTCAATGCTT-1	MZ286188_1_ORF2	0	0	1	2	FALSE	TRUE
TCCTCTGTCAGCTTCA-1	OP549859_1_ORF2	0	0	1	1	FALSE	TRUE
TCCTCTGTCCTTCACT-1	meGFP	0	0	3	3	TRUE	TRUE
TCCTCTGTCGTGCTAC-1	OP549859_1_ORF2	0	0	1	1	FALSE	FALSE
TCCTCTGTCTCTCGCC-1	MZ286102_1_ORF2	0	0	1	1	FALSE	FALSE
TCCTCTGTCTTAAGCT-1	OZ258728_1_ORF2	0	0	1	1	FALSE	TRUE
TCCTGGGTCAATCGAA-1	MZ286188_1_ORF1	0	0	1	1	FALSE	FALSE
TCCTGGGTCATTAACC-1	MZ286188_1_ORF2	0	0	1	2	FALSE	TRUE
TCCTGGGTCCAATGCC-1	MZ286188_1_ORF1	0	0	1	1	FALSE	FALSE
TCCTGGGTCCCAACTA-1	MZ286102_1_ORF1	0	0	1	2	FALSE	TRUE
TCCTGGGTCGATAGTA-1	MZ286258_1_ORF2	0	0	1	1	FALSE	FALSE
TCCTGGGTCGCCCAAT-1	OP549859_1_ORF1	0	0	1	1	FALSE	FALSE
TCCTGGGTCGGGATTG-1	meGFP	0	0	1	1	FALSE	FALSE
TCCTGGGTCGTTCCGG-1	OP549859_1_ORF1	1	1	31	35	TRUE	TRUE
TCCTGGGTCTATACCG-1	OZ258728_1_ORF2	0	0	1	1	FALSE	FALSE
TCCTGGGTCTTGGTGC-1	MZ286102_1_ORF2	1	0	8	8	TRUE	TRUE
TCCTGTAAGAACTTAG-1	MZ286258_1_ORF1	0	0	1	1	FALSE	TRUE
TCCTGTAAGACTCCGT-1	OZ258728_1_ORF2	0	0	1	1	FALSE	TRUE
TCCTGTAAGACTCGCT-1	OZ258728_1_ORF2	0	0	1	1	FALSE	FALSE
TCCTGTAAGAGTCCCT-1	OZ258728_1_ORF2	0	0	1	1	FALSE	FALSE
TCCTGTAAGATGACAC-1	OZ258728_1_ORF2	0	0	2	2	TRUE	FALSE
TCCTGTAAGATGCCAG-1	MZ286102_1_ORF1	1	1	18	18	TRUE	TRUE
TCCTGTAAGCAAGGTT-1	MZ286102_1_ORF2	1	1	24	25	TRUE	TRUE
TCCTGTAAGCAATGAC-1	MZ286188_1_ORF1	0	0	2	2	TRUE	TRUE
TCCTGTAAGCTCTCAA-1	OZ258728_1_ORF1	0	0	1	1	FALSE	FALSE
TCCTGTAAGGACATAC-1	MZ286102_1_ORF2	1	0	5	5	TRUE	TRUE
TCCTGTAAGGACTAAC-1	OZ258728_1_ORF2	1	1	128	130	TRUE	TRUE
TCCTGTAAGGGAGTAA-1	OZ258728_1_ORF2	1	1	119	122	TRUE	TRUE
TCCTGTAAGGTCTACC-1	OP549859_1_ORF1	0	0	1	1	FALSE	TRUE
TCCTTACTCCAATCAT-1	OZ258728_1_ORF2	0	0	1	1	FALSE	FALSE
TCCTTACTCCCATTGA-1	MZ286188_1_ORF2	0	0	1	1	FALSE	TRUE
TCCTTACTCCCGTTGG-1	MZ286258_1_ORF1	0	0	1	1	FALSE	FALSE
TCCTTACTCCGTAATT-1	OZ258728_1_ORF2	1	0	8	8	TRUE	TRUE
TCCTTACTCGAACGTG-1	MZ286188_1_ORF1	1	1	10	11	TRUE	TRUE
TCCTTACTCGATGGGC-1	MZ286258_1_ORF1	0	0	1	1	FALSE	TRUE
TCCTTACTCTAGGTAA-1	MZ286258_1_ORF2	1	0	5	9	TRUE	TRUE
TCCTTACTCTCTCAAG-1	OZ258728_1_ORF2	0	0	1	2	FALSE	TRUE
TCCTTACTCTGTGGCT-1	MZ286258_1_ORF1	0	0	1	1	FALSE	TRUE
TCCTTATGTACCTAGT-1	MZ286258_1_ORF2	1	1	17	17	TRUE	TRUE
TCCTTATGTACGTAAG-1	MZ286258_1_ORF2	1	1	11	13	TRUE	TRUE
TCCTTATGTATCCCGA-1	MZ286188_1_ORF1	1	1	47	47	TRUE	TRUE
TCCTTATGTATGAGTG-1	MZ286258_1_ORF2	1	0	8	8	TRUE	TRUE
TCCTTATGTCCTGACA-1	OP549859_1_ORF1	0	0	1	1	FALSE	FALSE
TCCTTATGTGAGAGGA-1	meGFP	0	0	1	1	FALSE	FALSE
TCCTTATGTGGCTTGC-1	meGFP	0	0	1	1	FALSE	TRUE
TCCTTATGTTGAAGTG-1	meGFP	0	0	1	1	FALSE	TRUE
TCCTTATGTTGGAGCG-1	MZ286258_1_ORF2	1	1	11	11	TRUE	TRUE
TCCTTATGTTGGTGAA-1	OZ258728_1_ORF2	1	1	67	67	TRUE	TRUE
TCCTTATGTTTACCAA-1	OZ258728_1_ORF2	1	1	10	10	TRUE	TRUE
TCCTTATGTTTACGGT-1	MZ286188_1_ORF2	0	0	3	3	TRUE	TRUE
TCCTTCAGTACCTCTC-1	OP549859_1_ORF1	0	0	1	1	FALSE	FALSE
TCCTTCAGTCACACCA-1	OP549859_1_ORF1	0	0	1	1	FALSE	FALSE
TCCTTCAGTCCCTTCG-1	OZ258728_1_ORF2	0	0	1	1	FALSE	TRUE
TCCTTCAGTGACCTCA-1	MZ286102_1_ORF2	1	1	22	22	TRUE	TRUE
TCCTTCAGTGCAGGCA-1	meGFP	1	1	42	42	TRUE	TRUE
TCCTTCAGTGCGCGAA-1	OP549859_1_ORF1	0	0	1	1	FALSE	FALSE
TCCTTCAGTGGACACG-1	MZ286258_1_ORF2	0	0	3	3	TRUE	TRUE
TCCTTCAGTGTGTCAT-1	OZ258728_1_ORF2	0	0	1	1	FALSE	FALSE
TCCTTCAGTTCATCGG-1	meGFP	0	0	1	1	FALSE	TRUE
TCCTTCAGTTCGATTA-1	OP549859_1_ORF1	0	0	1	1	FALSE	TRUE
TCCTTCAGTTTGGGTT-1	OZ258728_1_ORF2	0	0	2	2	TRUE	FALSE
TCCTTCTAGAGAGGTA-1	OZ258728_1_ORF2	1	1	29	30	TRUE	TRUE
TCCTTCTAGCACGTTC-1	meGFP	0	0	2	2	TRUE	TRUE
TCCTTCTAGCCCGATT-1	OZ258728_1_ORF2	1	1	22	23	TRUE	TRUE
TCCTTCTAGGTAGGCC-1	OZ258728_1_ORF2	1	1	80	80	TRUE	TRUE
TCCTTCTAGGTAGGTT-1	MZ286258_1_ORF2	0	0	3	3	TRUE	TRUE
TCCTTCTAGGTCGTCT-1	MZ286197_1_ORF1	0	0	1	2	FALSE	TRUE
TCCTTCTAGGTGTGGC-1	MZ286258_1_ORF2	0	0	1	1	FALSE	TRUE
TCCTTCTAGTAACCAA-1	OP549859_1_ORF1	0	0	1	2	FALSE	TRUE
TCCTTCTAGTCATTAC-1	MZ286258_1_ORF2	0	0	1	1	FALSE	FALSE
TCCTTTCAGATCAAGC-1	MZ286102_1_ORF2	2	2	24	36	FALSE	TRUE
TCCTTTCAGATTAGGC-1	OZ258728_1_ORF2	1	1	120	120	TRUE	TRUE
TCCTTTCAGCGACGGT-1	MZ286197_1_ORF1	0	0	1	1	FALSE	FALSE
TCCTTTCAGCGGTAGC-1	OZ258728_1_ORF2	0	0	1	1	FALSE	FALSE
TCCTTTCAGCTAACCC-1	meGFP	0	0	1	1	FALSE	FALSE
TCCTTTCAGGCGTGAC-1	MZ286258_1_ORF1	0	0	2	2	TRUE	TRUE
TCCTTTCAGGGATACT-1	OZ258728_1_ORF2	0	0	1	1	FALSE	FALSE
TCCTTTCAGGTGTGGC-1	meGFP	0	0	1	1	FALSE	FALSE
TCCTTTCAGTCGCTCG-1	OP549859_1_ORF1	0	0	1	1	FALSE	TRUE
TCCTTTCAGTGTGTCC-1	OZ258728_1_ORF1	0	0	1	1	FALSE	TRUE
TCCTTTCAGTTAACCT-1	OZ258728_1_ORF2	0	0	1	1	FALSE	TRUE
TCCTTTGGTAGCCCTA-1	MZ286188_1_ORF1	1	1	28	28	TRUE	TRUE
TCCTTTGGTCCACACA-1	MZ286188_1_ORF1	0	0	1	1	FALSE	FALSE
TCCTTTGGTGGCCATC-1	MZ286102_1_ORF1	1	1	12	13	TRUE	TRUE
TCCTTTGGTGTCAGTT-1	OZ258728_1_ORF2	0	0	1	1	FALSE	TRUE
TCCTTTGGTTCCAACG-1	meGFP	1	1	26	26	TRUE	TRUE
TCCTTTGGTTCGCAGC-1	MZ286102_1_ORF2	1	1	11	11	TRUE	TRUE
TCCTTTGGTTGAAGTG-1	OP549859_1_ORF1	0	0	1	1	FALSE	FALSE
TCCTTTGGTTTCGGGC-1	MZ286197_1_ORF1	0	0	1	1	FALSE	TRUE
TCGAAATCAAAGCCCG-1	OZ258728_1_ORF2	0	0	1	1	FALSE	TRUE
TCGAAATCAACCCGTC-1	OZ258728_1_ORF2	1	0	4	4	TRUE	TRUE
TCGAAATCAACGTGCG-1	meGFP	1	1	53	53	TRUE	TRUE
TCGAAATCAATTGAAC-1	MZ286188_1_ORF2	0	0	2	2	TRUE	TRUE
TCGAAATCACAAGGCT-1	MZ286197_1_ORF1	0	0	1	1	FALSE	TRUE
TCGAAATCACCACAGG-1	OZ258728_1_ORF2	0	0	1	1	FALSE	FALSE
TCGAAATCACGTTGGG-1	MZ286258_1_ORF2	0	0	1	1	FALSE	TRUE
TCGAAATCAGCTGGCA-1	MZ286258_1_ORF1	0	0	1	1	FALSE	FALSE
TCGAAATCAGGATTGC-1	OP549859_1_ORF1	0	0	1	2	FALSE	TRUE
TCGAAATCATGTCTGT-1	MZ286258_1_ORF2	0	0	1	1	FALSE	FALSE
TCGAAATCATTGGACA-1	MZ286102_1_ORF1	1	1	18	21	TRUE	TRUE
TCGAACGAGCACGTTC-1	MZ286188_1_ORF1	0	0	1	1	FALSE	TRUE
TCGAACGAGCGAGAGG-1	OP549859_1_ORF1	0	0	1	1	FALSE	TRUE
TCGAACGAGGCTGCAA-1	MZ286197_1_ORF1	1	0	6	7	TRUE	TRUE
TCGAACGAGGTGGCTA-1	OP549859_1_ORF1	1	0	8	9	TRUE	TRUE
TCGAACGAGTATCGGG-1	OZ258728_1_ORF2	0	0	1	1	FALSE	TRUE
TCGAACGAGTCGCTCG-1	OP549859_1_ORF1	1	1	57	57	TRUE	TRUE
TCGAACGAGTGGCTTC-1	MZ286258_1_ORF1	1	0	5	5	TRUE	TRUE
TCGACAACAAAGGTCC-1	MZ286102_1_ORF2	0	0	3	3	TRUE	TRUE
TCGACAACAACGTCCC-1	MZ286188_1_ORF2	0	0	1	2	FALSE	TRUE
TCGACAACAATAGCAT-1	OZ258728_1_ORF2	0	0	1	1	FALSE	FALSE
TCGACAACAGAGCCTG-1	OP549859_1_ORF1	1	1	68	68	TRUE	TRUE
TCGACAACAGCACTCC-1	meGFP	0	0	1	1	FALSE	FALSE
TCGACAACAGGTCTCC-1	meGFP	0	0	1	1	FALSE	FALSE
TCGACAACATACTGAG-1	MZ286258_1_ORF1	0	0	1	1	FALSE	FALSE
TCGACAACATGAGTAT-1	MZ286258_1_ORF1	0	0	1	1	FALSE	TRUE
TCGACAACATGTGGCG-1	MZ286258_1_ORF1	0	0	1	1	FALSE	FALSE
TCGACAACATTGGATG-1	MZ286258_1_ORF1	0	0	1	1	FALSE	FALSE
TCGACTCAGATTCGGG-1	OZ258728_1_ORF2	1	0	4	6	TRUE	TRUE
TCGACTCAGCAAGCTG-1	meGFP	1	0	5	5	TRUE	TRUE
TCGACTCAGCCAGGGT-1	OZ258728_1_ORF2	0	0	1	1	FALSE	FALSE
TCGACTCAGGCACGGT-1	MZ286188_1_ORF1	1	1	12	13	TRUE	TRUE
TCGACTCAGGCTTCAC-1	OP549859_1_ORF1	1	1	21	24	TRUE	TRUE
TCGACTCAGGGATGGG-1	MZ286258_1_ORF2	1	0	6	7	TRUE	TRUE
TCGACTCAGTAGTTGA-1	MZ286188_1_ORF1	0	0	1	1	FALSE	FALSE
TCGACTCAGTGCTGCT-1	MZ286102_1_ORF1	1	1	21	21	TRUE	TRUE
TCGACTCAGTGTCCGT-1	MZ286102_1_ORF2	0	0	1	1	FALSE	FALSE
TCGAGTGAGACATCGG-1	OZ258728_1_ORF2	0	0	2	2	TRUE	TRUE
TCGAGTGAGACCAGTG-1	MZ286258_1_ORF1	0	0	1	1	FALSE	FALSE
TCGAGTGAGATCCTGC-1	OZ258728_1_ORF2	0	0	1	1	FALSE	TRUE
TCGAGTGAGATTGATG-1	MZ286258_1_ORF2	0	0	1	3	FALSE	TRUE
TCGAGTGAGCCCTGCA-1	OZ258728_1_ORF2	0	0	1	1	FALSE	FALSE
TCGAGTGAGCCTGTGT-1	MZ286102_1_ORF1	0	0	1	1	FALSE	TRUE
TCGAGTGAGCGTACCT-1	OP549859_1_ORF1	0	0	1	1	FALSE	TRUE
TCGAGTGAGGGCGTGT-1	MZ286188_1_ORF2	1	1	15	15	TRUE	TRUE
TCGAGTGAGGGTTAGT-1	OP549859_1_ORF2	0	0	1	2	FALSE	TRUE
TCGAGTGAGTAATGTG-1	OZ258728_1_ORF2	0	0	1	1	FALSE	FALSE
TCGATATTCAAGCGTG-1	OP549859_1_ORF2	1	0	9	10	TRUE	TRUE
TCGATATTCAAGGCGC-1	MZ286197_1_ORF2	0	0	1	1	FALSE	TRUE
TCGATATTCACTAATC-1	OP549859_1_ORF2	1	1	11	11	TRUE	TRUE
TCGATATTCCCCTTCA-1	OP549859_1_ORF2	1	0	4	4	TRUE	TRUE
TCGATATTCGCACTTA-1	MZ286197_1_ORF2	0	0	1	1	FALSE	TRUE
TCGATATTCGCCAGTT-1	OP549859_1_ORF2	1	1	16	17	TRUE	TRUE
TCGATATTCTGGACCT-1	OZ258728_1_ORF2	0	0	1	1	FALSE	TRUE
TCGATCCAGAACGAAG-1	OP549859_1_ORF2	0	0	1	1	FALSE	TRUE
TCGATCCAGAATCGTA-1	meGFP	1	1	116	117	TRUE	TRUE
TCGATCCAGACGACTG-1	OZ258728_1_ORF1	1	1	16	16	TRUE	FALSE
TCGATCCAGACGATAC-1	OZ258728_1_ORF2	0	0	1	1	FALSE	FALSE
TCGATCCAGCCAACCT-1	meGFP	0	0	1	1	FALSE	TRUE
TCGATCCAGCCGAGTA-1	OZ258728_1_ORF2	1	1	15	18	TRUE	TRUE
TCGATCCAGCGGGTTA-1	OZ258728_1_ORF2	0	0	1	1	FALSE	TRUE
TCGATCCAGCGGTAAT-1	OP549859_1_ORF2	1	1	10	12	TRUE	TRUE
TCGATCCAGGACACCA-1	OP549859_1_ORF2	1	1	11	11	TRUE	TRUE
TCGATCCAGGATGGAA-1	MZ286102_1_ORF2	1	1	11	11	TRUE	TRUE
TCGATCCAGGGGACAG-1	OP549859_1_ORF2	1	1	19	19	TRUE	TRUE
TCGATGGAGATAGTCA-1	OP549859_1_ORF2	1	0	5	7	TRUE	TRUE
TCGATGGAGATGCCTC-1	meGFP	1	0	5	6	TRUE	TRUE
TCGATGGAGCCTGTAC-1	MZ286258_1_ORF2	0	0	2	2	TRUE	TRUE
TCGATGGAGCGAACTG-1	MZ286258_1_ORF2	1	0	6	7	TRUE	TRUE
TCGATGGAGGATGGAA-1	MZ286258_1_ORF2	0	0	2	4	FALSE	TRUE
TCGATGGAGGGCTTGA-1	OZ258728_1_ORF2	0	0	1	1	FALSE	FALSE
TCGATGGAGGGTTAGT-1	MZ286102_1_ORF2	1	0	6	7	TRUE	TRUE
TCGATGGAGGTAGGCC-1	OZ258728_1_ORF2	0	0	1	1	FALSE	FALSE
TCGATGGAGTTACACT-1	OZ258728_1_ORF2	1	1	69	69	TRUE	TRUE
TCGCCACCAAAGTTAC-1	OP549859_1_ORF1	1	1	97	98	TRUE	TRUE
TCGCCACCAACGGCCA-1	OZ258728_1_ORF2	1	1	53	53	TRUE	TRUE
TCGCCACCAAGCCATA-1	OP549859_1_ORF1	0	0	1	1	FALSE	TRUE
TCGCCACCAAGTGACC-1	OP549859_1_ORF1	0	0	1	1	FALSE	FALSE
TCGCCACCACCCATTG-1	meGFP	0	0	1	2	FALSE	TRUE
TCGCCACCACGTTGGG-1	OP549859_1_ORF1	0	0	1	1	FALSE	TRUE
TCGCCACCACTTCGAT-1	OZ258728_1_ORF1	1	1	11	11	TRUE	TRUE
TCGCCACCAGATCCTT-1	OP549859_1_ORF1	0	0	1	1	FALSE	TRUE
TCGCCACCAGCTGGCA-1	MZ286197_1_ORF2	1	0	4	14	TRUE	TRUE
TCGCCACCATCAGGGT-1	OZ258728_1_ORF2	1	0	7	7	TRUE	TRUE
TCGCCCAAGACCCATC-1	MZ286197_1_ORF2	0	0	1	1	FALSE	TRUE
TCGCCCAAGAGGCATT-1	MZ286258_1_ORF1	0	0	1	1	FALSE	TRUE
TCGCCCAAGCGGATTG-1	MZ286188_1_ORF1	1	1	24	24	TRUE	TRUE
TCGCCCAAGGCTTGCT-1	OZ258728_1_ORF2	0	0	1	1	FALSE	TRUE
TCGCCCAAGTATGTCT-1	OZ258728_1_ORF2	0	0	2	2	TRUE	TRUE
TCGCCCAAGTCAACCC-1	MZ286102_1_ORF2	0	0	1	1	FALSE	TRUE
TCGCGGGAGAATCCGG-1	meGFP	1	1	29	29	TRUE	TRUE
TCGCGGGAGACCTACC-1	MZ286197_1_ORF2	1	0	9	9	TRUE	TRUE
TCGCGGGAGATATGCA-1	OZ258728_1_ORF1	1	1	21	22	TRUE	TRUE
TCGCGGGAGCCAGACA-1	OP549859_1_ORF1	1	1	26	26	TRUE	TRUE
TCGCGGGAGCGGATTG-1	MZ286258_1_ORF2	0	0	1	1	FALSE	FALSE
TCGCGGGAGGAATGAG-1	OZ258728_1_ORF1	1	0	8	8	TRUE	TRUE
TCGCGGGAGGGACATT-1	MZ286102_1_ORF1	0	0	1	1	FALSE	TRUE
TCGCGGGAGGGGACAG-1	OZ258728_1_ORF1	0	0	1	1	FALSE	FALSE
TCGCGGGAGGGGCTTA-1	OP549859_1_ORF2	1	0	6	6	TRUE	TRUE
TCGCGGGAGGTAGACT-1	OZ258728_1_ORF2	1	1	11	11	TRUE	TRUE
TCGCGGGAGTAGTGTA-1	OZ258728_1_ORF2	0	0	1	1	FALSE	TRUE
TCGCGGGAGTGTGTCC-1	MZ286258_1_ORF2	1	1	15	15	TRUE	TRUE
TCGCGTGTCCCATCCC-1	MZ286258_1_ORF2	0	0	2	3	FALSE	TRUE
TCGCGTGTCCTCCGTC-1	MZ286188_1_ORF1	0	0	1	1	FALSE	FALSE
TCGCGTGTCCTGAGAG-1	MZ286102_1_ORF2	1	1	13	15	TRUE	TRUE
TCGCGTGTCCTGTCCC-1	MZ286197_1_ORF1	0	0	1	1	FALSE	TRUE
TCGCGTGTCGAACGTG-1	MZ286102_1_ORF2	1	0	5	5	TRUE	TRUE
TCGCGTGTCGAACTAA-1	meGFP	1	0	4	4	TRUE	TRUE
TCGCTACAGAAGGATG-1	meGFP	0	0	1	1	FALSE	FALSE
TCGCTACAGACCTACC-1	OZ258728_1_ORF2	0	0	1	1	FALSE	TRUE
TCGCTACAGAGCTAGT-1	OP549859_1_ORF1	0	0	1	1	FALSE	TRUE
TCGCTACAGATTGGTA-1	OZ258728_1_ORF1	0	0	1	1	FALSE	FALSE
TCGCTACAGCTATGAA-1	OZ258728_1_ORF2	1	0	4	11	TRUE	TRUE
TCGCTACAGGAGTCTG-1	MZ286188_1_ORF2	0	0	1	1	FALSE	FALSE
TCGCTACAGGGTCAGC-1	OP549859_1_ORF1	0	0	1	1	FALSE	TRUE
TCGCTACAGTCATTAC-1	MZ286188_1_ORF1	0	0	1	1	FALSE	TRUE
TCGCTTAAGAACCACG-1	MZ286102_1_ORF1	0	0	1	1	FALSE	FALSE
TCGCTTAAGAACGAAG-1	MZ286102_1_ORF1	1	1	12	12	TRUE	TRUE
TCGCTTAAGAACTTAG-1	meGFP	1	1	17	17	TRUE	TRUE
TCGCTTAAGAATCCGG-1	OZ258728_1_ORF2	0	0	1	1	FALSE	FALSE
TCGCTTAAGACGCCTT-1	meGFP	1	1	39	39	TRUE	TRUE
TCGCTTAAGCAACTAA-1	meGFP	1	1	12	12	TRUE	TRUE
TCGCTTAAGCCTGGAA-1	MZ286188_1_ORF1	0	0	1	1	FALSE	TRUE
TCGCTTAAGCCTGTAC-1	meGFP	0	0	1	1	FALSE	FALSE
TCGCTTAAGCGCTTAC-1	MZ286197_1_ORF2	1	0	4	5	TRUE	TRUE
TCGCTTAAGCTACTTG-1	MZ286258_1_ORF2	0	0	1	1	FALSE	FALSE
TCGCTTAAGCTCGTTA-1	OZ258728_1_ORF2	0	0	1	1	FALSE	TRUE
TCGCTTAAGGAGCATT-1	OZ258728_1_ORF2	0	0	1	1	FALSE	FALSE
TCGCTTAAGGCGGTGT-1	OZ258728_1_ORF2	1	1	39	39	TRUE	TRUE
TCGCTTAAGGCGTAAT-1	MZ286188_1_ORF1	0	0	1	1	FALSE	TRUE
TCGCTTAAGGGAGCAG-1	MZ286258_1_ORF2	1	1	15	15	TRUE	TRUE
TCGCTTAAGGGTTGCA-1	OZ258728_1_ORF2	2	1	67	71	TRUE	TRUE
TCGCTTAAGTACCAGG-1	OZ258728_1_ORF2	0	0	1	1	FALSE	TRUE
TCGCTTAAGTATACCT-1	OZ258728_1_ORF2	0	0	1	1	FALSE	FALSE
TCGCTTAAGTCTAGTT-1	OZ258728_1_ORF1	0	0	1	1	FALSE	TRUE
TCGCTTAAGTGCAGAT-1	MZ286102_1_ORF2	1	1	20	21	TRUE	TRUE
TCGCTTAAGTGCTACC-1	meGFP	0	0	1	2	FALSE	FALSE
TCGCTTAAGTTGCAGG-1	MZ286102_1_ORF2	1	0	6	6	TRUE	TRUE
TCGCTTCGTACACCTG-1	meGFP	0	0	1	1	FALSE	FALSE
TCGCTTCGTACTTACA-1	OP549859_1_ORF2	1	1	14	16	TRUE	TRUE
TCGCTTCGTATGGTTC-1	MZ286258_1_ORF2	1	1	12	14	TRUE	TRUE
TCGCTTCGTCACTAAC-1	OZ258728_1_ORF2	0	0	1	1	FALSE	FALSE
TCGCTTCGTCGCTACA-1	MZ286258_1_ORF2	1	1	13	13	TRUE	TRUE
TCGCTTCGTGAACCAA-1	meGFP	1	1	63	64	TRUE	TRUE
TCGCTTCGTGATCAAG-1	MZ286102_1_ORF2	0	0	3	3	TRUE	TRUE
TCGCTTCGTGCGACAG-1	MZ286188_1_ORF2	2	0	6	10	FALSE	TRUE
TCGCTTCGTGGACACG-1	MZ286258_1_ORF2	1	0	4	4	TRUE	TRUE
TCGCTTCGTGGCGTGA-1	OP549859_1_ORF2	1	1	10	11	TRUE	TRUE
TCGCTTCGTGTCCTTC-1	OZ258728_1_ORF2	2	2	11	21	FALSE	TRUE
TCGCTTCGTTATCTCT-1	OZ258728_1_ORF2	0	0	2	2	TRUE	FALSE
TCGCTTCGTTGCAATC-1	MZ286102_1_ORF1	0	0	1	1	FALSE	FALSE
TCGCTTGCAAACGGCT-1	OP549859_1_ORF2	0	0	1	1	FALSE	TRUE
TCGCTTGCAAAGTCAT-1	OZ258728_1_ORF2	0	0	1	1	FALSE	TRUE
TCGCTTGCACCGGACA-1	OP549859_1_ORF2	0	0	1	1	FALSE	FALSE
TCGCTTGCACGGTAAC-1	meGFP	1	0	7	7	TRUE	TRUE
TCGCTTGCAGGATTGC-1	MZ286188_1_ORF1	1	1	14	14	TRUE	TRUE
TCGGCCATCAACTGGG-1	OZ258728_1_ORF1	0	0	1	1	FALSE	TRUE
TCGGCCATCAATGCGG-1	MZ286102_1_ORF2	0	0	1	1	FALSE	TRUE
TCGGCCATCCCTTCCA-1	meGFP	0	0	1	1	FALSE	FALSE
TCGGCCATCCTCTAAG-1	MZ286102_1_ORF2	0	0	3	4	TRUE	TRUE
TCGGCCATCGAACCGA-1	OP549859_1_ORF2	0	0	3	3	TRUE	TRUE
TCGGCCATCGCACTTA-1	MZ286258_1_ORF2	0	0	1	1	FALSE	FALSE
TCGGCCATCTAGATTC-1	OP549859_1_ORF2	1	1	14	14	TRUE	TRUE
TCGGCCATCTTCGTCT-1	OZ258728_1_ORF2	0	0	1	1	FALSE	FALSE
TCGGCCCAGAACGAAG-1	MZ286188_1_ORF1	0	0	1	1	FALSE	FALSE
TCGGCCCAGAGAGCTT-1	meGFP	1	1	40	40	TRUE	TRUE
TCGGCCCAGAGCCAAT-1	MZ286258_1_ORF2	1	0	7	7	TRUE	TRUE
TCGGCCCAGATCAAGC-1	MZ286188_1_ORF2	1	0	5	7	TRUE	TRUE
TCGGCCCAGCCAGTTC-1	OZ258728_1_ORF2	1	1	19	20	TRUE	TRUE
TCGGCCCAGCTACTTG-1	MZ286258_1_ORF2	0	0	1	1	FALSE	FALSE
TCGGCCCAGGAGTCTG-1	MZ286258_1_ORF2	0	0	2	2	TRUE	TRUE
TCGGCCCAGGGTGTCA-1	OP549859_1_ORF2	1	0	7	7	TRUE	TRUE
TCGGCCCAGGTTCGGA-1	OP549859_1_ORF2	0	0	1	1	FALSE	TRUE
TCGGCGGAGCACGGAC-1	meGFP	1	1	38	38	TRUE	TRUE
TCGGCGGAGCACGTAG-1	MZ286197_1_ORF2	1	0	6	6	TRUE	TRUE
TCGGCGGAGCGGATTG-1	OP549859_1_ORF1	0	0	1	1	FALSE	FALSE
TCGGCGGAGGATCCCT-1	meGFP	0	0	1	1	FALSE	FALSE
TCGGCGGAGGCGTAAT-1	OZ258728_1_ORF2	0	0	1	1	FALSE	TRUE
TCGGCGGAGGGTGATT-1	OP549859_1_ORF1	0	0	1	1	FALSE	FALSE
TCGGCGGAGGTCGAAT-1	OP549859_1_ORF1	1	1	48	48	TRUE	TRUE
TCGGCGGAGTATAGGC-1	OP549859_1_ORF1	1	1	16	17	TRUE	TRUE
TCGGCGGAGTGGGTTG-1	OP549859_1_ORF1	0	0	1	1	FALSE	FALSE
TCGGCTGTCACATATC-1	OZ258728_1_ORF2	0	0	1	1	FALSE	FALSE
TCGGCTGTCAGTATGA-1	MZ286197_1_ORF1	1	0	4	4	TRUE	TRUE
TCGGCTGTCATCATAC-1	OZ258728_1_ORF2	0	0	1	1	FALSE	FALSE
TCGGCTGTCATCTAGT-1	meGFP	0	0	1	1	FALSE	FALSE
TCGGCTGTCCCAGTAC-1	OZ258728_1_ORF2	1	1	178	178	TRUE	TRUE
TCGGCTGTCCCTTCCA-1	MZ286258_1_ORF1	0	0	1	1	FALSE	TRUE
TCGGCTGTCCGTAATT-1	OZ258728_1_ORF2	1	0	7	8	TRUE	TRUE
TCGGCTGTCGAGCGGT-1	meGFP	0	0	1	1	FALSE	FALSE
TCGGCTGTCGCCTGTG-1	meGFP	0	0	1	1	FALSE	TRUE
TCGGCTGTCGGGATTG-1	OZ258728_1_ORF2	0	0	1	1	FALSE	FALSE
TCGGCTGTCTAATGGA-1	meGFP	1	0	4	4	TRUE	FALSE
TCGGCTGTCTAGGCAG-1	OZ258728_1_ORF2	0	0	1	1	FALSE	FALSE
TCGGCTGTCTGCACCG-1	meGFP	0	0	1	1	FALSE	FALSE
TCGGCTGTCTGGTTGC-1	OZ258728_1_ORF2	0	0	1	1	FALSE	FALSE
TCGGCTGTCTTCGGCG-1	MZ286197_1_ORF2	1	0	4	6	TRUE	TRUE
TCGGCTGTCTTCGTAG-1	OZ258728_1_ORF2	1	1	113	113	TRUE	TRUE
TCGGCTGTCTTGGATT-1	MZ286197_1_ORF1	1	0	5	5	TRUE	TRUE
TCGGCTTAGAGTCCCT-1	OP549859_1_ORF1	0	0	1	1	FALSE	FALSE
TCGGCTTAGCCTTGCG-1	OZ258728_1_ORF2	0	0	2	2	TRUE	TRUE
TCGGCTTAGCGACGGT-1	MZ286102_1_ORF2	1	0	7	9	TRUE	TRUE
TCGGCTTAGCGGTAGC-1	MZ286102_1_ORF1	0	0	2	2	TRUE	TRUE
TCGGCTTAGCTATACT-1	meGFP	1	1	16	16	TRUE	TRUE
TCGGCTTAGGAGTCTG-1	OZ258728_1_ORF2	0	0	1	1	FALSE	TRUE
TCGGCTTAGTAATGTG-1	MZ286188_1_ORF1	0	0	1	1	FALSE	FALSE
TCGGCTTAGTGAGAGA-1	OZ258728_1_ORF2	0	0	1	1	FALSE	FALSE
TCGGCTTAGTTGCGTC-1	OZ258728_1_ORF2	0	0	1	1	FALSE	TRUE
TCGGGCCTCAACCGGA-1	OZ258728_1_ORF2	0	0	2	3	FALSE	TRUE
TCGGGCCTCAGCCGAA-1	OP549859_1_ORF2	0	0	1	1	FALSE	TRUE
TCGGGCCTCGAACGTG-1	MZ286258_1_ORF2	1	0	6	6	TRUE	TRUE
TCGGGCCTCTAAGTCT-1	OZ258728_1_ORF2	1	1	89	89	TRUE	TRUE
TCGGGCCTCTCTATGG-1	meGFP	1	1	107	108	TRUE	TRUE
TCGGGCCTCTGGGTAG-1	OZ258728_1_ORF2	0	0	1	1	FALSE	FALSE
TCGGGCGAGAGGAAGC-1	meGFP	1	1	19	19	TRUE	TRUE
TCGGGCGAGCGATTAA-1	meGFP	0	0	1	4	FALSE	TRUE
TCGGGCGAGGACATAC-1	MZ286188_1_ORF2	0	0	2	5	FALSE	TRUE
TCGGGCGAGGACGTTG-1	MZ286258_1_ORF2	1	0	9	11	TRUE	TRUE
TCGGGCGAGGGATGAA-1	MZ286258_1_ORF2	0	0	1	2	FALSE	TRUE
TCGGGCGAGGTCGGTA-1	MZ286258_1_ORF2	0	0	2	2	TRUE	TRUE
TCGGGCGAGGTTCGGA-1	OP549859_1_ORF1	0	0	3	3	TRUE	TRUE
TCGGGCGAGTGCAACG-1	MZ286188_1_ORF2	0	0	1	1	FALSE	FALSE
TCGGGCGAGTGTCCGT-1	OZ258728_1_ORF2	0	0	1	1	FALSE	TRUE
TCGGGCGAGTTACCGC-1	OP549859_1_ORF1	0	0	1	1	FALSE	TRUE
TCGGTCAGTAATCGCT-1	MZ286188_1_ORF1	1	1	35	35	TRUE	TRUE
TCGGTCAGTACCTCGA-1	OZ258728_1_ORF2	1	1	102	102	TRUE	TRUE
TCGGTCAGTGACCAGG-1	MZ286197_1_ORF1	0	0	1	1	FALSE	FALSE
TCGGTCAGTGATAGTG-1	OP549859_1_ORF2	1	0	4	4	TRUE	TRUE
TCGGTCAGTGGTGCGA-1	MZ286258_1_ORF2	1	0	8	8	TRUE	TRUE
TCGGTCAGTGTCTGTG-1	OZ258728_1_ORF2	0	0	1	1	FALSE	TRUE
TCGGTCAGTTTAATCG-1	meGFP	0	0	1	1	FALSE	FALSE
TCGGTCAGTTTACGAC-1	OZ258728_1_ORF2	0	0	1	1	FALSE	FALSE
TCGGTCTAGATTCGGG-1	meGFP	1	0	6	6	TRUE	TRUE
TCGGTCTAGCACCAGA-1	OZ258728_1_ORF1	0	0	3	3	TRUE	TRUE
TCGGTCTAGCTAACCC-1	meGFP	0	0	1	1	FALSE	FALSE
TCGGTCTAGGGTTAGT-1	MZ286197_1_ORF1	1	1	17	25	TRUE	TRUE
TCGGTCTAGGTACGCA-1	OZ258728_1_ORF2	0	0	2	3	FALSE	TRUE
TCGGTCTAGGTTCGGA-1	MZ286188_1_ORF1	0	0	3	3	TRUE	FALSE
TCGGTCTAGTCCGTTA-1	OZ258728_1_ORF2	0	0	1	1	FALSE	TRUE
TCGGTTATCATGATCT-1	MZ286102_1_ORF2	0	0	2	2	TRUE	TRUE
TCGGTTATCCGGCTTG-1	OZ258728_1_ORF1	0	0	1	1	FALSE	TRUE
TCGGTTATCCTCTGGG-1	MZ286258_1_ORF2	2	1	10	16	FALSE	TRUE
TCGGTTATCGCCCGTA-1	OZ258728_1_ORF1	0	0	1	2	FALSE	TRUE
TCGGTTATCGCTAGAG-1	meGFP	0	0	2	2	TRUE	TRUE
TCGGTTATCGGTATGG-1	OZ258728_1_ORF2	0	0	1	2	FALSE	TRUE
TCGGTTATCTCGATCA-1	meGFP	0	0	2	2	TRUE	TRUE
TCGTACGGTGAAGGCT-1	MZ286102_1_ORF2	0	0	2	2	TRUE	FALSE
TCGTACGGTGATGTAG-1	MZ286102_1_ORF2	0	0	1	1	FALSE	TRUE
TCGTACGGTTAACGAG-1	MZ286197_1_ORF2	0	0	3	5	FALSE	TRUE
TCGTACGGTTAGAGAT-1	OP549859_1_ORF1	1	1	12	12	TRUE	TRUE
TCGTACGGTTCTATCT-1	meGFP	0	0	1	1	FALSE	FALSE
TCGTACGGTTCTGGCA-1	OZ258728_1_ORF1	1	0	4	4	TRUE	TRUE
TCGTACGGTTTGCGGC-1	OZ258728_1_ORF2	0	0	1	1	FALSE	TRUE
TCGTAGCTCAACTATC-1	OZ258728_1_ORF2	1	0	5	5	TRUE	TRUE
TCGTAGCTCCGTGGTT-1	MZ286258_1_ORF2	0	0	1	1	FALSE	FALSE
TCGTAGCTCGCCCAAT-1	MZ286258_1_ORF2	1	1	12	12	TRUE	TRUE
TCGTAGCTCGCGCCTA-1	MZ286197_1_ORF1	0	0	1	2	FALSE	TRUE
TCGTGAGAGAACCCAG-1	OZ258728_1_ORF2	0	0	1	1	FALSE	TRUE
TCGTGAGAGCATTGGG-1	OZ258728_1_ORF2	0	0	1	1	FALSE	TRUE
TCGTGAGAGCCAACCT-1	MZ286197_1_ORF1	1	0	4	4	TRUE	TRUE
TCGTGAGAGCCAGACA-1	OP549859_1_ORF1	1	1	17	17	TRUE	TRUE
TCGTGAGAGCGGGACT-1	meGFP	0	0	1	1	FALSE	FALSE
TCGTGAGAGCTACTTG-1	MZ286258_1_ORF2	0	0	1	1	FALSE	FALSE
TCGTGAGAGCTTGGTC-1	OP549859_1_ORF1	0	0	1	1	FALSE	FALSE
TCGTGAGAGGGATACT-1	OZ258728_1_ORF1	0	0	1	1	FALSE	TRUE
TCGTGAGAGGGATGGG-1	meGFP	1	1	12	12	TRUE	TRUE
TCGTGAGAGTACTTCG-1	OP549859_1_ORF1	0	0	1	1	FALSE	FALSE
TCGTGAGAGTTCGAGG-1	MZ286188_1_ORF1	0	0	1	1	FALSE	FALSE
TCGTGATGTAGCGTGG-1	OP549859_1_ORF2	1	0	8	8	TRUE	TRUE
TCGTGATGTAGTGACA-1	MZ286102_1_ORF2	1	0	5	5	TRUE	TRUE
TCGTGATGTAGTGGCG-1	MZ286188_1_ORF2	0	0	1	1	FALSE	TRUE
TCGTGATGTCCGAATT-1	MZ286197_1_ORF1	0	0	1	1	FALSE	TRUE
TCGTGATGTCTGGCGT-1	MZ286102_1_ORF2	0	0	1	1	FALSE	FALSE
TCGTGATGTGCCCAAC-1	OP549859_1_ORF1	0	0	1	1	FALSE	FALSE
TCGTGATGTGGAAGCT-1	OZ258728_1_ORF2	0	0	1	1	FALSE	FALSE
TCGTGATGTGGCGTGA-1	MZ286188_1_ORF1	0	0	1	1	FALSE	FALSE
TCGTGATGTGTCTGTG-1	OP549859_1_ORF1	1	1	31	32	TRUE	TRUE
TCGTGATGTTATAGGG-1	MZ286258_1_ORF1	0	0	1	1	FALSE	TRUE
TCGTGATGTTATCTAG-1	OP549859_1_ORF1	1	1	41	42	TRUE	TRUE
TCGTGATGTTGTCCGA-1	OZ258728_1_ORF1	0	0	1	1	FALSE	TRUE
TCGTGCGTCACTAGGG-1	MZ286102_1_ORF2	0	0	1	1	FALSE	TRUE
TCGTGCGTCCCGCAAT-1	meGFP	0	0	1	1	FALSE	TRUE
TCGTGCGTCGATGGAT-1	MZ286102_1_ORF2	0	0	1	1	FALSE	FALSE
TCGTGCGTCGCATCGT-1	MZ286197_1_ORF2	0	0	1	2	FALSE	TRUE
TCGTGCGTCGGCTTCG-1	MZ286258_1_ORF1	1	1	16	16	TRUE	TRUE
TCGTGCGTCTCAGCAC-1	MZ286188_1_ORF1	0	0	1	1	FALSE	TRUE
TCGTGCGTCTGGGTAG-1	meGFP	1	0	6	6	TRUE	TRUE
TCGTTATAGATGGCGC-1	meGFP	1	1	110	110	TRUE	TRUE
TCGTTATAGCGTGCAA-1	MZ286102_1_ORF2	0	0	3	3	TRUE	TRUE
TCGTTATAGCTGAGAT-1	meGFP	1	1	35	35	TRUE	TRUE
TCGTTATAGGAGACCC-1	MZ286258_1_ORF2	0	0	1	1	FALSE	FALSE
TCGTTATAGGATGGTT-1	MZ286258_1_ORF2	0	0	1	1	FALSE	TRUE
TCGTTATAGGTAGGAA-1	meGFP	1	1	39	41	TRUE	TRUE
TCGTTATAGGTTCATT-1	OZ258728_1_ORF2	0	0	2	2	TRUE	TRUE
TCGTTATAGTGAGAGA-1	OZ258728_1_ORF2	1	1	61	61	TRUE	TRUE
TCGTTGGGTACACTAC-1	meGFP	0	0	1	1	FALSE	FALSE
TCGTTGGGTACGACTT-1	OZ258728_1_ORF2	0	0	2	2	TRUE	FALSE
TCGTTGGGTATACTGC-1	meGFP	0	0	1	1	FALSE	TRUE
TCGTTGGGTCCCGAAC-1	OZ258728_1_ORF1	1	1	12	13	TRUE	TRUE
TCGTTGGGTCGCTACA-1	meGFP	1	1	94	95	TRUE	TRUE
TCGTTGGGTCGTCACA-1	MZ286102_1_ORF1	1	1	28	29	TRUE	TRUE
TCGTTGGGTCGTTAGT-1	MZ286102_1_ORF2	1	1	18	18	TRUE	TRUE
TCGTTGGGTGCTTAGT-1	MZ286188_1_ORF1	0	0	1	1	FALSE	FALSE
TCGTTGGGTGGACACG-1	OZ258728_1_ORF2	1	1	57	59	TRUE	TRUE
TCGTTGGGTTATGCAC-1	OZ258728_1_ORF2	0	0	1	1	FALSE	FALSE
TCGTTGGGTTGGACTT-1	OZ258728_1_ORF1	0	0	2	5	FALSE	TRUE
TCGTTGTCAAAGGGCA-1	OZ258728_1_ORF2	1	1	12	12	TRUE	TRUE
TCGTTGTCAAGCGTTA-1	MZ286258_1_ORF1	1	1	11	11	TRUE	TRUE
TCGTTGTCAATGGCTA-1	meGFP	0	0	3	4	TRUE	TRUE
TCGTTGTCACGATTGA-1	OZ258728_1_ORF2	0	0	1	1	FALSE	FALSE
TCGTTGTCACGTGCCT-1	OZ258728_1_ORF2	1	1	78	79	TRUE	TRUE
TCGTTGTCAGATCCTT-1	MZ286258_1_ORF2	0	0	1	1	FALSE	TRUE
TCGTTGTCAGGCCAAT-1	MZ286258_1_ORF1	0	0	1	1	FALSE	TRUE
TCGTTGTCATTCGCTG-1	OZ258728_1_ORF2	0	0	1	1	FALSE	FALSE
TCGTTTACAACACCGG-1	MZ286197_1_ORF1	0	0	1	1	FALSE	TRUE
TCGTTTACAACCTTAC-1	OP549859_1_ORF1	0	0	1	1	FALSE	FALSE
TCGTTTACAATTGGTG-1	MZ286258_1_ORF2	1	1	20	20	TRUE	TRUE
TCGTTTACACGCGAAT-1	meGFP	0	0	2	2	TRUE	TRUE
TCGTTTACAGAGCCTG-1	OZ258728_1_ORF1	1	1	45	45	TRUE	TRUE
TCGTTTACAGATCCTT-1	MZ286102_1_ORF1	0	0	1	1	FALSE	TRUE
TCGTTTACAGCCCTGT-1	MZ286188_1_ORF1	0	0	1	1	FALSE	TRUE
TCGTTTACAGCTATCT-1	MZ286197_1_ORF2	0	0	3	7	FALSE	TRUE
TCGTTTACAGTTGCTT-1	OP549859_1_ORF1	0	0	1	1	FALSE	TRUE
TCGTTTACATTAACGG-1	OZ258728_1_ORF2	1	1	12	12	TRUE	TRUE
TCTAAATGTAAGTTGG-1	MZ286188_1_ORF1	0	0	2	3	FALSE	TRUE
TCTAAATGTACGTAAG-1	MZ286102_1_ORF2	1	0	8	12	TRUE	TRUE
TCTAAATGTAGAGGCT-1	OP549859_1_ORF2	0	0	1	1	FALSE	TRUE
TCTAAATGTAGTCGTT-1	OZ258728_1_ORF1	0	0	1	1	FALSE	TRUE
TCTAAATGTCCGAATT-1	MZ286102_1_ORF2	0	0	1	1	FALSE	FALSE
TCTAAATGTCGAAGGT-1	MZ286188_1_ORF1	1	1	33	34	TRUE	TRUE
TCTAAATGTGACGAAC-1	meGFP	1	1	27	27	TRUE	TRUE
TCTAAATGTGCTTAGT-1	MZ286188_1_ORF1	0	0	1	1	FALSE	FALSE
TCTAAATGTGGATGAC-1	MZ286258_1_ORF2	1	0	4	4	TRUE	TRUE
TCTAAATGTGGGATTA-1	MZ286188_1_ORF1	0	0	1	1	FALSE	TRUE
TCTAAATGTTCACGAT-1	OZ258728_1_ORF1	0	0	1	1	FALSE	TRUE
TCTAAATGTTCGATTA-1	OZ258728_1_ORF1	0	0	1	1	FALSE	FALSE
TCTAAATGTTTACGGT-1	MZ286258_1_ORF2	0	0	2	2	TRUE	TRUE
TCTAACCCAACAGGCT-1	OZ258728_1_ORF2	0	0	1	1	FALSE	FALSE
TCTAACCCAATTCGGA-1	OP549859_1_ORF2	1	0	9	9	TRUE	TRUE
TCTAACCCACAAGGCT-1	OP549859_1_ORF1	0	0	1	1	FALSE	FALSE
TCTAACCCACCAATGA-1	MZ286188_1_ORF1	1	1	20	22	TRUE	TRUE
TCTAACCCACTAGTCT-1	MZ286258_1_ORF1	0	0	2	3	FALSE	TRUE
TCTAACCCACTTCCTC-1	MZ286102_1_ORF2	0	0	1	1	FALSE	FALSE
TCTAACCCAGCAAGTC-1	MZ286197_1_ORF1	1	0	5	5	TRUE	TRUE
TCTAACCCAGCTCTAT-1	MZ286188_1_ORF2	0	0	1	1	FALSE	TRUE
TCTAACCCAGGGTCTG-1	MZ286102_1_ORF2	1	1	10	10	TRUE	TRUE
TCTAACCCATGACGGT-1	OZ258728_1_ORF2	0	0	1	1	FALSE	TRUE
TCTAACGTCACATATC-1	OP549859_1_ORF1	1	0	6	9	TRUE	TRUE
TCTAACGTCCTACTGA-1	MZ286188_1_ORF1	1	0	5	11	TRUE	TRUE
TCTAACGTCGCAAGGC-1	OZ258728_1_ORF1	0	0	1	1	FALSE	TRUE
TCTAACGTCGGCGTAA-1	MZ286197_1_ORF1	0	0	1	1	FALSE	FALSE
TCTAACGTCTAGAGGT-1	MZ286197_1_ORF1	1	1	25	25	TRUE	TRUE
TCTAACGTCTAGGCTC-1	MZ286102_1_ORF1	1	0	6	6	TRUE	TRUE
TCTAACGTCTATAGGA-1	OP549859_1_ORF2	1	0	4	4	TRUE	TRUE
TCTAACGTCTCCTTCG-1	OZ258728_1_ORF2	0	0	1	1	FALSE	FALSE
TCTAACGTCTGATAGA-1	meGFP	0	0	1	1	FALSE	FALSE
TCTAATTCAAAGTCAT-1	meGFP	0	0	1	1	FALSE	TRUE
TCTAATTCAACCAGTA-1	OP549859_1_ORF1	0	0	1	1	FALSE	FALSE
TCTAATTCAACCATTC-1	OZ258728_1_ORF1	0	0	1	2	FALSE	TRUE
TCTAATTCAACTGGTA-1	OP549859_1_ORF1	1	0	6	6	TRUE	TRUE
TCTAATTCAAGATTAC-1	OZ258728_1_ORF2	0	0	1	1	FALSE	FALSE
TCTAATTCAATGTCCT-1	meGFP	0	0	1	1	FALSE	TRUE
TCTAATTCACAGCATA-1	OZ258728_1_ORF2	0	0	1	1	FALSE	FALSE
TCTAATTCACATGCGG-1	MZ286258_1_ORF2	1	0	5	5	TRUE	TRUE
TCTAATTCACTAGACA-1	MZ286258_1_ORF1	1	1	12	12	TRUE	FALSE
TCTAATTCAGATACAT-1	meGFP	0	0	1	1	FALSE	FALSE
TCTAATTCAGCTGCGA-1	MZ286188_1_ORF1	0	0	1	1	FALSE	FALSE
TCTAATTCAGGCATTA-1	OP549859_1_ORF2	1	0	4	5	TRUE	TRUE
TCTAATTCAGGTACAC-1	MZ286188_1_ORF1	0	0	1	1	FALSE	TRUE
TCTAATTCATGCCCTA-1	OZ258728_1_ORF2	0	0	1	1	FALSE	FALSE
TCTACCAAGATAGTCA-1	OP549859_1_ORF1	2	0	7	14	FALSE	TRUE
TCTACCAAGGACATAC-1	OP549859_1_ORF1	1	1	13	13	TRUE	TRUE
TCTACCAAGGGCTTGA-1	MZ286197_1_ORF1	1	0	8	8	TRUE	TRUE
TCTACCAAGTAACGCG-1	OZ258728_1_ORF2	0	0	1	1	FALSE	TRUE
TCTACCAAGTTGCGTC-1	MZ286102_1_ORF2	0	0	3	3	TRUE	TRUE
TCTAGATTCAACTGGG-1	MZ286102_1_ORF2	0	0	1	1	FALSE	TRUE
TCTAGATTCACGGAAT-1	MZ286102_1_ORF1	0	0	1	1	FALSE	TRUE
TCTAGATTCAGGATGT-1	OZ258728_1_ORF1	0	0	1	1	FALSE	FALSE
TCTAGATTCCAGCGAA-1	MZ286188_1_ORF1	2	2	26	42	FALSE	TRUE
TCTAGATTCCCGCTGA-1	meGFP	1	1	44	44	TRUE	TRUE
TCTAGATTCCGGCTTG-1	OZ258728_1_ORF2	1	1	22	22	TRUE	TRUE
TCTAGATTCGAACTAA-1	OZ258728_1_ORF1	0	0	1	1	FALSE	FALSE
TCTAGCCAGAATGGAG-1	meGFP	0	0	1	1	FALSE	FALSE
TCTAGCCAGACCCTGT-1	MZ286197_1_ORF1	0	0	1	1	FALSE	FALSE
TCTAGCCAGAGTCCCT-1	MZ286102_1_ORF2	1	0	9	9	TRUE	FALSE
TCTAGCCAGATGGCGC-1	OP549859_1_ORF1	0	0	1	1	FALSE	FALSE
TCTAGCCAGGACGTTG-1	MZ286258_1_ORF2	0	0	1	1	FALSE	TRUE
TCTAGCCAGGGCAACC-1	MZ286258_1_ORF1	0	0	3	4	TRUE	TRUE
TCTAGCCAGTTACCGC-1	meGFP	1	0	6	7	TRUE	TRUE
TCTATGGTCAAGCCAG-1	MZ286258_1_ORF2	1	0	9	9	TRUE	TRUE
TCTATGGTCAGGATAC-1	MZ286197_1_ORF2	0	0	1	1	FALSE	FALSE
TCTATGGTCATCGTTG-1	OZ258728_1_ORF2	0	0	1	1	FALSE	FALSE
TCTATGGTCCCAGTAC-1	MZ286197_1_ORF1	0	0	2	4	FALSE	TRUE
TCTATGGTCCCCGACA-1	MZ286197_1_ORF1	1	1	11	11	TRUE	TRUE
TCTATGGTCCCTTACT-1	OZ258728_1_ORF2	0	0	1	1	FALSE	TRUE
TCTATGGTCCGACATC-1	MZ286197_1_ORF1	0	0	1	1	FALSE	FALSE
TCTATGGTCCGTCGCA-1	MZ286102_1_ORF2	0	0	2	2	TRUE	TRUE
TCTATGGTCCGTGGAA-1	MZ286188_1_ORF1	0	0	1	1	FALSE	FALSE
TCTATGGTCGATAGTA-1	MZ286188_1_ORF1	0	0	1	1	FALSE	FALSE
TCTATGGTCGGTCGAA-1	OZ258728_1_ORF2	1	1	10	10	TRUE	TRUE
TCTATGGTCTGCCACG-1	OZ258728_1_ORF2	1	1	50	50	TRUE	TRUE
TCTCAAAGTACCGACC-1	OZ258728_1_ORF1	0	0	1	1	FALSE	FALSE
TCTCAAAGTATCCTAA-1	MZ286102_1_ORF1	0	0	1	1	FALSE	FALSE
TCTCAAAGTCCATGAT-1	MZ286258_1_ORF2	0	0	1	1	FALSE	TRUE
TCTCAAAGTCCGAATT-1	OZ258728_1_ORF1	0	0	1	1	FALSE	FALSE
TCTCAAAGTCGTTAGT-1	OP549859_1_ORF2	0	0	1	1	FALSE	FALSE
TCTCAAAGTGAGTAAT-1	MZ286258_1_ORF1	0	0	2	2	TRUE	TRUE
TCTCAAAGTGGCCGTT-1	MZ286258_1_ORF2	1	0	8	8	TRUE	TRUE
TCTCAAAGTGGCGTCT-1	MZ286258_1_ORF1	0	0	2	2	TRUE	FALSE
TCTCAAAGTTGGACTT-1	MZ286102_1_ORF1	0	0	1	1	FALSE	FALSE
TCTCAAAGTTGTCCGA-1	OZ258728_1_ORF1	0	0	3	3	TRUE	TRUE
TCTCAAAGTTTACGGT-1	OP549859_1_ORF2	1	1	14	15	TRUE	TRUE
TCTCAGCAGAACTGCG-1	OP549859_1_ORF1	0	0	1	1	FALSE	FALSE
TCTCAGCAGAATGGTC-1	MZ286102_1_ORF1	0	0	1	1	FALSE	FALSE
TCTCAGCAGCACCATC-1	MZ286258_1_ORF2	1	0	6	6	TRUE	TRUE
TCTCAGCAGCACGTAG-1	MZ286197_1_ORF2	0	0	2	3	FALSE	TRUE
TCTCAGCAGCACGTTC-1	MZ286102_1_ORF2	0	0	3	3	TRUE	TRUE
TCTCAGCAGCGGGAAG-1	MZ286258_1_ORF1	0	0	1	1	FALSE	TRUE
TCTCAGCAGGATAGAG-1	OP549859_1_ORF1	0	0	1	1	FALSE	FALSE
TCTCAGCAGGCCTCAT-1	meGFP	0	0	1	1	FALSE	TRUE
TCTCAGCAGGCTACAG-1	MZ286188_1_ORF1	0	0	1	3	FALSE	TRUE
TCTCAGCAGTGCTGCT-1	meGFP	0	0	1	1	FALSE	FALSE
TCTCAGCAGTTGGCGA-1	MZ286258_1_ORF2	0	0	1	1	FALSE	FALSE
TCTCAGGGTAACGGAC-1	MZ286258_1_ORF2	1	0	8	10	TRUE	TRUE
TCTCAGGGTCAGGGAT-1	OZ258728_1_ORF2	0	0	1	1	FALSE	FALSE
TCTCAGGGTCATTCAA-1	MZ286102_1_ORF1	0	0	2	2	TRUE	TRUE
TCTCAGGGTCCTGACA-1	OZ258728_1_ORF2	1	1	19	19	TRUE	TRUE
TCTCAGGGTGAATGTG-1	MZ286258_1_ORF2	1	0	7	7	TRUE	TRUE
TCTCAGGGTGCCCGAT-1	MZ286102_1_ORF1	0	0	1	1	FALSE	TRUE
TCTCAGGGTGCCTAAT-1	OP549859_1_ORF1	0	0	2	2	TRUE	TRUE
TCTCAGGGTGCTTAGT-1	OZ258728_1_ORF2	0	0	1	1	FALSE	TRUE
TCTCAGGGTTAGTTGC-1	meGFP	0	0	1	1	FALSE	FALSE
TCTCAGGGTTTAGGCT-1	MZ286102_1_ORF2	0	0	1	1	FALSE	FALSE
TCTCCACGTAAGTAAC-1	MZ286102_1_ORF2	1	0	6	6	TRUE	TRUE
TCTCCACGTAATCACC-1	MZ286102_1_ORF1	0	0	1	1	FALSE	TRUE
TCTCCACGTACAGGGT-1	OZ258728_1_ORF2	0	0	1	1	FALSE	FALSE
TCTCCACGTACGCCTA-1	OZ258728_1_ORF2	0	0	1	1	FALSE	TRUE
TCTCCACGTCCCATCT-1	OP549859_1_ORF1	0	0	1	2	FALSE	TRUE
TCTCCACGTGAAGCCG-1	MZ286258_1_ORF2	0	0	1	3	FALSE	TRUE
TCTCCACGTGCTTAGT-1	MZ286188_1_ORF1	0	0	1	1	FALSE	FALSE
TCTCCACGTGGCGCAA-1	MZ286258_1_ORF2	0	0	1	1	FALSE	TRUE
TCTCCACGTGTCCAAT-1	OZ258728_1_ORF1	0	0	1	1	FALSE	FALSE
TCTCCACGTTGTGTGT-1	meGFP	0	0	1	1	FALSE	FALSE
TCTCCACGTTTAGGCT-1	MZ286102_1_ORF2	0	0	1	1	FALSE	FALSE
TCTCCCGGTGAGGAGA-1	MZ286102_1_ORF1	0	0	2	3	FALSE	TRUE
TCTCCCGGTGAGTAAT-1	meGFP	0	0	1	1	FALSE	FALSE
TCTCCCGGTGTCAGTT-1	OZ258728_1_ORF2	1	1	65	65	TRUE	TRUE
TCTCCCGGTGTCCTTC-1	MZ286188_1_ORF1	0	0	1	1	FALSE	TRUE
TCTCCCGGTTCGGTTG-1	OZ258728_1_ORF2	0	0	1	1	FALSE	FALSE
TCTCCCGGTTTGCCCT-1	OZ258728_1_ORF1	0	0	1	1	FALSE	TRUE
TCTCGAATCAAGGCGC-1	MZ286258_1_ORF1	0	0	1	1	FALSE	FALSE
TCTCGAATCCATCGCG-1	OP549859_1_ORF1	1	0	4	4	TRUE	TRUE
TCTCGAATCCCACAGT-1	MZ286258_1_ORF2	0	0	1	1	FALSE	TRUE
TCTCGAATCCGACTAC-1	OP549859_1_ORF1	0	0	1	1	FALSE	FALSE
TCTCGAATCCGCCTGA-1	OP549859_1_ORF1	2	2	41	76	FALSE	TRUE
TCTCGAATCCTCATTC-1	MZ286102_1_ORF2	1	1	17	17	TRUE	TRUE
TCTCGAATCGGCCATT-1	MZ286188_1_ORF1	0	0	1	1	FALSE	FALSE
TCTCGAATCGTACGGA-1	MZ286258_1_ORF2	0	0	1	2	FALSE	TRUE
TCTCGAATCGTGCGAA-1	MZ286197_1_ORF2	0	0	3	3	TRUE	TRUE
TCTCGAATCTAAGCAA-1	MZ286197_1_ORF2	1	0	9	10	TRUE	TRUE
TCTCGAATCTGAGTGG-1	OZ258728_1_ORF2	0	0	1	1	FALSE	TRUE
TCTCGAATCTTAGTGT-1	OZ258728_1_ORF2	1	1	28	28	TRUE	TRUE
TCTCGACAGACCAGTG-1	MZ286258_1_ORF2	0	0	1	1	FALSE	FALSE
TCTCGACAGCACGTTC-1	OP549859_1_ORF1	0	0	2	3	FALSE	TRUE
TCTCGACAGCCACACT-1	MZ286258_1_ORF2	0	0	1	1	FALSE	FALSE
TCTCGACAGCCACTTA-1	meGFP	1	0	5	5	TRUE	TRUE
TCTCGACAGCCCTGCA-1	MZ286197_1_ORF1	2	1	10	19	FALSE	TRUE
TCTCGACAGCCTTCCC-1	MZ286197_1_ORF1	0	0	1	1	FALSE	FALSE
TCTCGACAGCGATTCC-1	OZ258728_1_ORF2	1	1	58	59	TRUE	TRUE
TCTCGACAGGAAGTAG-1	OP549859_1_ORF1	2	0	8	14	FALSE	TRUE
TCTCGACAGGATAGAG-1	OZ258728_1_ORF2	0	0	3	3	TRUE	TRUE
TCTCGACAGGCTTAGG-1	OZ258728_1_ORF2	1	1	60	60	TRUE	TRUE
TCTCGACAGGGGTTCA-1	OZ258728_1_ORF1	0	0	1	1	FALSE	TRUE
TCTCGACAGGTTGCGA-1	OZ258728_1_ORF2	0	0	1	1	FALSE	FALSE
TCTCGACAGTGCGGAC-1	MZ286102_1_ORF2	0	0	2	2	TRUE	TRUE
TCTCGAGGTACGACTT-1	OZ258728_1_ORF1	0	0	1	1	FALSE	FALSE
TCTCGAGGTACGTTCG-1	OP549859_1_ORF2	0	0	1	1	FALSE	FALSE
TCTCGAGGTCAGCCAC-1	MZ286102_1_ORF1	0	0	1	1	FALSE	FALSE
TCTCGAGGTCGTTGGC-1	MZ286188_1_ORF1	0	0	1	1	FALSE	FALSE
TCTCGAGGTCTTAATG-1	MZ286258_1_ORF2	1	1	14	16	TRUE	TRUE
TCTCGAGGTCTTGGGC-1	OZ258728_1_ORF1	0	0	1	1	FALSE	FALSE
TCTCGAGGTGAGTTAG-1	MZ286102_1_ORF1	0	0	2	2	TRUE	TRUE
TCTCGAGGTGCTTAGT-1	MZ286188_1_ORF1	0	0	2	2	TRUE	FALSE
TCTCGAGGTGGAACCG-1	meGFP	0	0	1	1	FALSE	TRUE
TCTCGAGGTGGGTCGA-1	meGFP	1	1	60	60	TRUE	TRUE
TCTCGAGGTGTTGAGA-1	MZ286197_1_ORF1	0	0	1	4	FALSE	TRUE
TCTCGAGGTTAGATGG-1	meGFP	0	0	1	1	FALSE	TRUE
TCTCGAGGTTCCAACG-1	MZ286258_1_ORF1	0	0	1	1	FALSE	TRUE
TCTCGAGGTTGCCTAG-1	MZ286102_1_ORF1	0	0	1	1	FALSE	TRUE
TCTCGCACAATGTAGT-1	MZ286258_1_ORF1	0	0	1	1	FALSE	FALSE
TCTCGCACACAGCCAG-1	OZ258728_1_ORF2	1	1	11	11	TRUE	TRUE
TCTCGCACACTAGTCT-1	OP549859_1_ORF1	1	1	47	47	TRUE	TRUE
TCTCGCACATATGAAC-1	MZ286102_1_ORF1	0	0	1	3	FALSE	TRUE
TCTCGCACATGCGTGG-1	MZ286102_1_ORF1	0	0	1	1	FALSE	FALSE
TCTCGCCTCAGGCTAG-1	OZ258728_1_ORF2	1	1	69	69	TRUE	TRUE
TCTCGCCTCATGATCT-1	OZ258728_1_ORF2	0	0	1	1	FALSE	FALSE
TCTCGCCTCCCTTACT-1	MZ286258_1_ORF2	1	1	13	15	TRUE	TRUE
TCTCGCCTCCTAATGT-1	MZ286102_1_ORF2	1	0	6	7	TRUE	TRUE
TCTCGCCTCCTCTGGG-1	MZ286258_1_ORF2	1	0	7	7	TRUE	TRUE
TCTCGCCTCGCAACTC-1	MZ286102_1_ORF2	0	0	1	1	FALSE	TRUE
TCTCGCCTCGCACGAA-1	MZ286197_1_ORF1	0	0	1	1	FALSE	TRUE
TCTCGCCTCGGCTTCG-1	OZ258728_1_ORF2	0	0	1	1	FALSE	FALSE
TCTCGCCTCTCAGCAC-1	MZ286258_1_ORF2	0	0	1	1	FALSE	TRUE
TCTCGCCTCTCGAGCT-1	MZ286258_1_ORF2	0	0	1	2	FALSE	TRUE
TCTCGCCTCTGATTAC-1	MZ286197_1_ORF2	0	0	1	1	FALSE	FALSE
TCTCGCCTCTGTGGCT-1	meGFP	0	0	1	2	FALSE	TRUE
TCTCGCCTCTTAGTAC-1	meGFP	0	0	2	3	FALSE	FALSE
TCTCTAACAAGCCATA-1	MZ286258_1_ORF2	1	0	4	4	TRUE	TRUE
TCTCTAACAAGCGCCA-1	OZ258728_1_ORF2	0	0	1	1	FALSE	TRUE
TCTCTAACAAGCGTTA-1	MZ286102_1_ORF1	1	1	24	25	TRUE	TRUE
TCTCTAACACAAGGCT-1	OZ258728_1_ORF2	0	0	1	1	FALSE	FALSE
TCTCTAACACCCAGCT-1	OP549859_1_ORF2	0	0	1	1	FALSE	FALSE
TCTCTAACACGATTGA-1	MZ286102_1_ORF1	1	0	5	5	TRUE	TRUE
TCTCTAACACGCCTGT-1	MZ286102_1_ORF2	1	1	19	22	TRUE	TRUE
TCTCTAACACTAATGG-1	MZ286258_1_ORF1	1	0	6	7	TRUE	FALSE
TCTCTAACAGGCAACT-1	OZ258728_1_ORF1	0	0	1	1	FALSE	TRUE
TCTCTAACAGGGACTT-1	MZ286188_1_ORF1	0	0	2	3	FALSE	TRUE
TCTCTAACATACCGTT-1	OZ258728_1_ORF1	1	0	9	9	TRUE	TRUE
TCTCTAACATGAAGGG-1	OZ258728_1_ORF2	0	0	1	1	FALSE	TRUE
TCTCTAACATGGTGTA-1	MZ286102_1_ORF2	1	1	10	10	TRUE	TRUE
TCTCTCAGTAATGGAT-1	meGFP	0	0	1	1	FALSE	FALSE
TCTCTCAGTAATGTCC-1	MZ286197_1_ORF1	0	0	1	1	FALSE	FALSE
TCTCTCAGTATGGCCC-1	meGFP	0	0	1	1	FALSE	FALSE
TCTCTCAGTCCACATG-1	MZ286102_1_ORF2	0	0	1	1	FALSE	FALSE
TCTCTCAGTCCCATCT-1	MZ286258_1_ORF1	0	0	1	1	FALSE	FALSE
TCTCTCAGTGAGTAAT-1	MZ286258_1_ORF2	1	0	7	8	TRUE	TRUE
TCTCTCAGTTGCAGTT-1	MZ286188_1_ORF1	0	0	1	1	FALSE	FALSE
TCTCTCAGTTGTCCTC-1	OZ258728_1_ORF1	0	0	1	1	FALSE	FALSE
TCTCTCTAGACATTAG-1	meGFP	0	0	1	1	FALSE	FALSE
TCTCTCTAGAGTCATA-1	MZ286197_1_ORF1	0	0	1	1	FALSE	TRUE
TCTCTCTAGATGGTGT-1	MZ286258_1_ORF2	1	0	6	6	TRUE	TRUE
TCTCTCTAGCCACAGA-1	OZ258728_1_ORF2	0	0	1	1	FALSE	FALSE
TCTCTCTAGCCAGTTC-1	MZ286197_1_ORF1	1	0	8	8	TRUE	TRUE
TCTCTCTAGCCTGCCA-1	MZ286258_1_ORF1	0	0	2	3	FALSE	TRUE
TCTCTCTAGTTACCAT-1	OZ258728_1_ORF1	0	0	1	1	FALSE	TRUE
TCTGAGGAGCAAGTAC-1	MZ286102_1_ORF1	1	1	17	17	TRUE	TRUE
TCTGAGGAGCAGCATG-1	MZ286102_1_ORF2	0	0	1	3	FALSE	TRUE
TCTGAGGAGCGCTAGA-1	OZ258728_1_ORF2	0	0	1	1	FALSE	FALSE
TCTGAGGAGCGGATCA-1	OZ258728_1_ORF2	0	0	1	1	FALSE	FALSE
TCTGAGGAGCGGATTG-1	MZ286102_1_ORF1	0	0	3	3	TRUE	TRUE
TCTGAGGAGCTTAGTT-1	MZ286197_1_ORF1	0	0	1	1	FALSE	TRUE
TCTGAGGAGGCTTCGT-1	OZ258728_1_ORF2	0	0	1	1	FALSE	FALSE
TCTGAGGAGTATAGGC-1	MZ286188_1_ORF1	0	0	1	1	FALSE	FALSE
TCTGAGGAGTCAACTT-1	OZ258728_1_ORF1	0	0	1	1	FALSE	FALSE
TCTGAGGAGTGGCTTC-1	MZ286102_1_ORF2	1	0	7	7	TRUE	TRUE
TCTGCCACAAACTGTG-1	MZ286188_1_ORF2	0	0	1	1	FALSE	FALSE
TCTGCCACACAACTAG-1	OZ258728_1_ORF1	1	0	4	4	TRUE	TRUE
TCTGCCACACACACTT-1	MZ286102_1_ORF2	1	1	12	12	TRUE	TRUE
TCTGCCACACCGGATG-1	OZ258728_1_ORF2	0	0	1	1	FALSE	FALSE
TCTGCCACACCTTGAT-1	MZ286258_1_ORF2	1	1	20	20	TRUE	TRUE
TCTGCCACACTAATGG-1	MZ286197_1_ORF2	0	0	1	2	FALSE	TRUE
TCTGCCCTCAAGCTAA-1	OZ258728_1_ORF2	0	0	1	1	FALSE	FALSE
TCTGCCCTCAATCGAA-1	MZ286102_1_ORF1	1	1	15	15	TRUE	TRUE
TCTGCCCTCACTTGCA-1	MZ286188_1_ORF1	0	0	1	1	FALSE	FALSE
TCTGCCCTCCAATGAA-1	MZ286188_1_ORF1	1	1	12	12	TRUE	TRUE
TCTGCCCTCCACAGGA-1	MZ286258_1_ORF1	0	0	1	1	FALSE	TRUE
TCTGCCCTCCACCAAC-1	MZ286258_1_ORF2	0	0	1	1	FALSE	FALSE
TCTGCCCTCCCAGTAC-1	OZ258728_1_ORF2	0	0	1	1	FALSE	FALSE
TCTGCCCTCCCCTTCA-1	meGFP	0	0	1	1	FALSE	TRUE
TCTGCCCTCCCGCTGA-1	OP549859_1_ORF1	0	0	1	1	FALSE	FALSE
TCTGCCCTCGACCTCG-1	OP549859_1_ORF1	0	0	1	1	FALSE	TRUE
TCTGCCCTCTCAGTGC-1	MZ286258_1_ORF2	0	0	1	1	FALSE	FALSE
TCTGCCCTCTCGAGCT-1	OZ258728_1_ORF1	1	0	6	9	TRUE	TRUE
TCTGCCCTCTCTCACT-1	MZ286258_1_ORF2	1	1	12	13	TRUE	TRUE
TCTGCCCTCTGTACCA-1	OZ258728_1_ORF2	0	0	1	1	FALSE	FALSE
TCTGGAACAAATCTGG-1	OZ258728_1_ORF2	0	0	1	1	FALSE	FALSE
TCTGGAACAACACCAA-1	MZ286258_1_ORF1	1	1	14	14	TRUE	TRUE
TCTGGAACAACGGGTT-1	MZ286258_1_ORF1	0	0	1	1	FALSE	FALSE
TCTGGAACACAGTTAG-1	MZ286258_1_ORF1	0	0	1	1	FALSE	FALSE
TCTGGAACACTGACTT-1	OZ258728_1_ORF1	0	0	3	3	TRUE	TRUE
TCTGGAACACTGAGGT-1	MZ286102_1_ORF2	0	0	3	4	TRUE	TRUE
TCTGGAACACTTCCTC-1	OZ258728_1_ORF2	0	0	1	1	FALSE	FALSE
TCTGGAACAGATTAAC-1	meGFP	0	0	1	1	FALSE	FALSE
TCTGGAACAGGTACAC-1	OZ258728_1_ORF1	0	0	1	1	FALSE	FALSE
TCTGGAACAGTCTCAT-1	MZ286102_1_ORF1	0	0	1	1	FALSE	TRUE
TCTGGAACATGGAGAG-1	MZ286188_1_ORF1	1	0	4	4	TRUE	TRUE
TCTGGCGTCAACCGTC-1	OP549859_1_ORF1	1	1	10	10	TRUE	TRUE
TCTGGCGTCCAAGTAA-1	MZ286258_1_ORF1	1	1	35	35	TRUE	TRUE
TCTGGCGTCCGGATGA-1	OZ258728_1_ORF2	0	0	3	9	FALSE	TRUE
TCTGGCGTCCGGCTTG-1	OZ258728_1_ORF2	1	1	41	41	TRUE	TRUE
TCTGGCGTCCGTCGCA-1	OP549859_1_ORF2	0	0	2	2	TRUE	TRUE
TCTGGCGTCGTACGGA-1	MZ286258_1_ORF1	0	0	1	1	FALSE	FALSE
TCTGGCGTCGTCACCG-1	MZ286197_1_ORF2	0	0	2	2	TRUE	TRUE
TCTGGCGTCGTCCATA-1	OZ258728_1_ORF2	0	0	1	1	FALSE	FALSE
TCTGGCGTCGTGAGGC-1	OZ258728_1_ORF2	1	1	15	15	TRUE	TRUE
TCTGGCGTCTCGAAGG-1	OP549859_1_ORF1	0	0	1	1	FALSE	FALSE
TCTGGCGTCTGTATGT-1	OP549859_1_ORF2	1	0	7	7	TRUE	TRUE
TCTGGTTCAACAGACC-1	OP549859_1_ORF1	0	0	1	1	FALSE	TRUE
TCTGGTTCAACTTAGG-1	OZ258728_1_ORF1	0	0	1	1	FALSE	FALSE
TCTGGTTCAGGGTTAC-1	MZ286258_1_ORF2	0	0	1	1	FALSE	TRUE
TCTGGTTCAGTTCGCC-1	MZ286197_1_ORF2	0	0	2	3	FALSE	TRUE
TCTGGTTCATGAACCA-1	MZ286102_1_ORF2	2	1	27	33	TRUE	TRUE
TCTGGTTCATTGACCT-1	MZ286258_1_ORF1	0	0	1	4	FALSE	TRUE
TCTGTCGCAACCCTGC-1	OZ258728_1_ORF2	0	0	1	1	FALSE	FALSE
TCTGTCGCAACCGTGG-1	MZ286102_1_ORF2	1	0	4	4	TRUE	TRUE
TCTGTCGCAAGCGCCA-1	MZ286197_1_ORF1	0	0	2	2	TRUE	FALSE
TCTGTCGCACCAAGTA-1	OZ258728_1_ORF2	0	0	1	1	FALSE	FALSE
TCTGTCGCACCGCAAG-1	OZ258728_1_ORF2	1	1	73	74	TRUE	TRUE
TCTGTCGCACGAACCG-1	OZ258728_1_ORF2	0	0	1	1	FALSE	FALSE
TCTGTCGCACTAATGG-1	MZ286102_1_ORF1	0	0	1	2	FALSE	TRUE
TCTGTCGCACTCACGC-1	meGFP	1	1	12	12	TRUE	TRUE
TCTGTCGCAGGGTTAC-1	MZ286102_1_ORF2	0	0	1	1	FALSE	TRUE
TCTGTCGCAGTGAATT-1	OZ258728_1_ORF2	2	1	13	17	TRUE	TRUE
TCTGTCGCATATCACC-1	OP549859_1_ORF2	0	0	2	3	FALSE	TRUE
TCTGTCGCATATGCAG-1	MZ286197_1_ORF1	0	0	2	3	FALSE	TRUE
TCTGTTCTCACGCTTA-1	MZ286188_1_ORF2	1	0	4	4	TRUE	TRUE
TCTGTTCTCAGGATGT-1	MZ286258_1_ORF2	1	0	8	9	TRUE	TRUE
TCTGTTCTCCACCAGT-1	OZ258728_1_ORF2	2	0	8	15	FALSE	TRUE
TCTGTTCTCCATCACA-1	MZ286102_1_ORF2	1	0	7	9	TRUE	TRUE
TCTGTTCTCCATTAGT-1	meGFP	0	0	1	1	FALSE	FALSE
TCTGTTCTCCCCAGAT-1	OZ258728_1_ORF1	1	1	10	13	TRUE	TRUE
TCTGTTCTCCCGATAC-1	MZ286102_1_ORF2	0	0	3	4	TRUE	TRUE
TCTGTTCTCCTGTCAA-1	MZ286258_1_ORF1	1	1	53	53	TRUE	TRUE
TCTGTTCTCCTGTCCC-1	MZ286258_1_ORF1	0	0	1	1	FALSE	FALSE
TCTGTTCTCTCACGTA-1	OZ258728_1_ORF2	0	0	1	1	FALSE	TRUE
TGAAACTCAAATCAGT-1	OP549859_1_ORF2	0	0	2	2	TRUE	FALSE
TGAAACTCAACAGGCT-1	OZ258728_1_ORF2	0	0	1	1	FALSE	FALSE
TGAAACTCAAGATTAC-1	MZ286197_1_ORF2	0	0	2	2	TRUE	TRUE
TGAAACTCAATGTAAC-1	MZ286197_1_ORF1	0	0	1	1	FALSE	TRUE
TGAAACTCACCTCTCT-1	OP549859_1_ORF1	0	0	1	1	FALSE	FALSE
TGAAACTCACCTGTGC-1	OZ258728_1_ORF1	1	0	7	11	TRUE	TRUE
TGAAACTCAGCTGATA-1	OP549859_1_ORF1	0	0	1	1	FALSE	TRUE
TGAAACTCAGTCCCGT-1	OP549859_1_ORF1	1	1	68	68	TRUE	TRUE
TGAAACTCATCCCAAT-1	MZ286102_1_ORF2	1	0	5	5	TRUE	TRUE
TGAAAGGAGACGACTG-1	OP549859_1_ORF1	0	0	1	1	FALSE	FALSE
TGAAAGGAGACTCATT-1	MZ286197_1_ORF2	1	0	5	5	TRUE	TRUE
TGAAAGGAGAGGCCAC-1	meGFP	0	0	2	2	TRUE	FALSE
TGAAAGGAGATATCCT-1	MZ286102_1_ORF2	0	0	1	1	FALSE	FALSE
TGAAAGGAGCAAGGTT-1	MZ286258_1_ORF2	0	0	1	2	FALSE	TRUE
TGAAAGGAGCAATCCC-1	OP549859_1_ORF1	1	1	67	68	TRUE	TRUE
TGAAAGGAGCCTTCCC-1	OZ258728_1_ORF2	0	0	1	1	FALSE	FALSE
TGAAAGGAGCTATACT-1	MZ286258_1_ORF2	1	0	5	5	TRUE	TRUE
TGAAAGGAGGGACATT-1	MZ286258_1_ORF2	0	0	2	3	FALSE	TRUE
TGAAAGGAGGGGTTCA-1	OP549859_1_ORF1	0	0	1	1	FALSE	FALSE
TGAAAGGAGTATACCT-1	OP549859_1_ORF2	0	0	1	1	FALSE	FALSE
TGAAAGGAGTGGCTTC-1	OP549859_1_ORF1	1	0	8	8	TRUE	FALSE
TGAAATGTCAGTATGA-1	meGFP	1	1	57	57	TRUE	TRUE
TGAAATGTCATTGCCA-1	OZ258728_1_ORF2	0	0	1	1	FALSE	TRUE
TGAAATGTCCGCGCTA-1	MZ286197_1_ORF1	0	0	2	3	FALSE	TRUE
TGAAATGTCGCAGGGT-1	MZ286258_1_ORF2	1	0	5	5	TRUE	TRUE
TGAAATGTCGCCTGTG-1	MZ286258_1_ORF1	2	2	16	32	FALSE	TRUE
TGAAATGTCGGACAGC-1	meGFP	1	1	70	70	TRUE	TRUE
TGAAATGTCGGTAAGT-1	OP549859_1_ORF1	2	2	33	43	TRUE	TRUE
TGAAATTAGCAAGTAC-1	MZ286102_1_ORF1	1	1	34	34	TRUE	TRUE
TGAAATTAGCCTGTAC-1	OZ258728_1_ORF2	0	0	1	1	FALSE	TRUE
TGAAATTAGCGATTAA-1	OZ258728_1_ORF1	1	1	43	44	TRUE	TRUE
TGAAATTAGTCGCTCG-1	meGFP	0	0	3	3	TRUE	TRUE
TGAAATTAGTGCAACG-1	MZ286258_1_ORF1	1	1	13	16	TRUE	TRUE
TGAAATTAGTGCTACC-1	OZ258728_1_ORF1	0	0	1	1	FALSE	FALSE
TGAAATTAGTTGCAGG-1	OP549859_1_ORF1	0	0	1	1	FALSE	FALSE
TGAACACAGAACTGCG-1	meGFP	0	0	1	1	FALSE	TRUE
TGAACACAGACCAGCA-1	MZ286188_1_ORF1	0	0	1	1	FALSE	FALSE
TGAACACAGAGCCAAT-1	MZ286102_1_ORF2	0	0	2	2	TRUE	TRUE
TGAACACAGCCTACTA-1	MZ286258_1_ORF2	1	0	4	4	TRUE	TRUE
TGAACACAGCCTGCCA-1	MZ286188_1_ORF1	0	0	1	1	FALSE	TRUE
TGAACACAGGGTATGT-1	MZ286188_1_ORF1	1	0	5	5	TRUE	TRUE
TGAACACAGTAGAGGA-1	meGFP	0	0	1	1	FALSE	FALSE
TGAACACAGTAGTTGA-1	MZ286258_1_ORF1	0	0	2	4	FALSE	TRUE
TGAACACAGTTACCGC-1	meGFP	1	0	9	10	TRUE	TRUE
TGAACATCAAACGACC-1	MZ286188_1_ORF1	1	1	10	11	TRUE	TRUE
TGAACATCAAATCTGG-1	MZ286188_1_ORF2	0	0	3	3	TRUE	TRUE
TGAACATCAACCCTGC-1	OZ258728_1_ORF2	1	1	37	40	TRUE	TRUE
TGAACATCAGGTACAC-1	OP549859_1_ORF1	1	1	64	65	TRUE	TRUE
TGAACATCAGTACCAA-1	OZ258728_1_ORF2	0	0	1	1	FALSE	TRUE
TGAACCACAATGTAGT-1	MZ286102_1_ORF2	0	0	2	2	TRUE	TRUE
TGAACCACACAAGCCG-1	OZ258728_1_ORF2	0	0	1	1	FALSE	TRUE
TGAACCACACGCCTGT-1	OZ258728_1_ORF2	0	0	2	2	TRUE	TRUE
TGAACCACAGATTCGA-1	MZ286197_1_ORF2	1	0	7	7	TRUE	TRUE
TGAACCACAGCACTCC-1	MZ286188_1_ORF2	1	0	5	5	TRUE	TRUE
TGAACCACATGTCGGG-1	OP549859_1_ORF1	0	0	1	1	FALSE	FALSE
TGAACCACATGTGATG-1	MZ286197_1_ORF1	1	0	6	6	TRUE	TRUE
TGAACGGTCATGATCT-1	MZ286258_1_ORF1	0	0	3	4	TRUE	TRUE
TGAACGGTCCTCTGGG-1	MZ286188_1_ORF2	0	0	1	1	FALSE	TRUE
TGAACGGTCGAGGCGT-1	meGFP	0	0	1	1	FALSE	TRUE
TGAACGGTCGCCTCTC-1	OP549859_1_ORF2	0	0	2	2	TRUE	TRUE
TGAACGGTCGGATATA-1	MZ286102_1_ORF1	0	0	1	1	FALSE	TRUE
TGAACGGTCGGATGCA-1	MZ286258_1_ORF2	1	1	13	14	TRUE	TRUE
TGAACGGTCGGTATGG-1	OP549859_1_ORF1	0	0	1	1	FALSE	TRUE
TGAACGGTCTCCCAGG-1	MZ286197_1_ORF1	0	0	1	1	FALSE	FALSE
TGAACGGTCTCTGTGA-1	MZ286188_1_ORF1	1	0	8	8	TRUE	FALSE
TGAACGGTCTTAGTGT-1	OZ258728_1_ORF1	0	0	1	1	FALSE	FALSE
TGAACGGTCTTCGTAG-1	MZ286197_1_ORF1	1	1	11	11	TRUE	TRUE
TGAACGGTCTTGAGCC-1	MZ286102_1_ORF2	1	0	4	4	TRUE	TRUE
TGAATCCGTAACCCTG-1	MZ286188_1_ORF1	2	1	31	38	TRUE	TRUE
TGAATCCGTACAGGGT-1	MZ286188_1_ORF2	0	0	1	1	FALSE	TRUE
TGAATCCGTCAGGGAT-1	MZ286197_1_ORF1	0	0	1	1	FALSE	TRUE
TGAATCCGTTGAAGCA-1	MZ286197_1_ORF2	1	0	5	5	TRUE	TRUE
TGAATCTTCCGCCTGA-1	MZ286258_1_ORF1	0	0	1	1	FALSE	TRUE
TGAATCTTCCTCCTAT-1	meGFP	1	0	9	9	TRUE	TRUE
TGAATCTTCGAACCGA-1	OZ258728_1_ORF1	1	0	4	4	TRUE	TRUE
TGAATCTTCGAAGTTA-1	MZ286102_1_ORF1	0	0	1	1	FALSE	TRUE
TGAATCTTCGAATGGT-1	MZ286258_1_ORF2	0	0	1	1	FALSE	FALSE
TGAATCTTCGTCCATA-1	OZ258728_1_ORF2	0	0	1	1	FALSE	TRUE
TGAATCTTCGTGAGGC-1	OZ258728_1_ORF2	0	0	1	1	FALSE	TRUE
TGAATCTTCTAACTGT-1	meGFP	0	0	1	1	FALSE	FALSE
TGAATCTTCTAAGTCT-1	OZ258728_1_ORF2	0	0	1	2	FALSE	TRUE
TGAATCTTCTACTCCT-1	MZ286258_1_ORF2	0	0	3	14	FALSE	TRUE
TGAATCTTCTAGATGA-1	MZ286188_1_ORF1	0	0	1	1	FALSE	FALSE
TGAATCTTCTGGGACA-1	OZ258728_1_ORF2	0	0	1	1	FALSE	TRUE
TGAATCTTCTTACCTC-1	MZ286102_1_ORF2	0	0	1	1	FALSE	FALSE
TGAATGCAGACTTACT-1	meGFP	0	0	1	1	FALSE	FALSE
TGAATGCAGCAAGCTG-1	OP549859_1_ORF1	0	0	2	2	TRUE	TRUE
TGAATGCAGGACTCTC-1	MZ286188_1_ORF1	0	0	1	4	FALSE	TRUE
TGAATGCAGGCTTGCT-1	OZ258728_1_ORF2	0	0	1	1	FALSE	TRUE
TGAATGTCAAAGGTCC-1	OZ258728_1_ORF2	0	0	1	1	FALSE	FALSE
TGAATGTCACAAGGCT-1	OZ258728_1_ORF2	0	0	1	1	FALSE	FALSE
TGAATGTCACATGCGG-1	OZ258728_1_ORF2	1	1	54	55	TRUE	TRUE
TGAATGTCACATTCGT-1	MZ286258_1_ORF2	0	0	1	2	FALSE	TRUE
TGAATGTCACTCGTCA-1	OZ258728_1_ORF2	0	0	1	1	FALSE	FALSE
TGAATGTCATGACGAC-1	MZ286258_1_ORF2	0	0	1	1	FALSE	TRUE
TGAATGTCATGAGGAG-1	OZ258728_1_ORF2	0	0	1	1	FALSE	FALSE
TGAATTACAACTGCCC-1	meGFP	0	0	1	1	FALSE	FALSE
TGAATTACAAGCGAAG-1	MZ286258_1_ORF2	0	0	1	1	FALSE	TRUE
TGAATTACAAGGCAAG-1	MZ286102_1_ORF2	1	1	12	12	TRUE	TRUE
TGAATTACAATAGCAT-1	MZ286102_1_ORF2	0	0	1	3	FALSE	TRUE
TGAATTACAATTAAGC-1	MZ286197_1_ORF2	0	0	1	1	FALSE	FALSE
TGAATTACACCACACC-1	MZ286188_1_ORF1	0	0	1	1	FALSE	FALSE
TGAATTACACCGCAAG-1	MZ286258_1_ORF2	0	0	1	1	FALSE	TRUE
TGAATTACAGCCTCGT-1	OZ258728_1_ORF2	0	0	1	1	FALSE	FALSE
TGAATTACAGGTACGT-1	OZ258728_1_ORF1	0	0	1	1	FALSE	TRUE
TGAATTACAGTGTGAC-1	MZ286258_1_ORF2	1	0	5	5	TRUE	TRUE
TGAATTACATAAGTCG-1	OP549859_1_ORF1	1	0	4	4	TRUE	TRUE
TGAATTACATCCACAT-1	OZ258728_1_ORF1	1	0	4	6	TRUE	TRUE
TGAATTGAGAGGCATT-1	meGFP	0	0	2	2	TRUE	FALSE
TGAATTGAGATGGCGC-1	OZ258728_1_ORF2	0	0	1	1	FALSE	TRUE
TGAATTGAGATGGTGT-1	meGFP	1	1	10	13	TRUE	TRUE
TGAATTGAGCTCCGCA-1	MZ286102_1_ORF2	0	0	1	1	FALSE	TRUE
TGAATTGAGCTGGACA-1	MZ286258_1_ORF1	0	0	1	2	FALSE	TRUE
TGAATTGAGCTGTCGT-1	OP549859_1_ORF1	0	0	1	1	FALSE	FALSE
TGAATTGAGCTTAGTT-1	OZ258728_1_ORF2	0	0	1	1	FALSE	TRUE
TGAATTGAGCTTGAGG-1	OZ258728_1_ORF2	0	0	2	2	TRUE	FALSE
TGAATTGAGGAATGTC-1	OP549859_1_ORF1	2	1	13	17	TRUE	TRUE
TGAATTGAGGACTAAC-1	MZ286258_1_ORF1	1	1	10	11	TRUE	TRUE
TGAATTGAGGCTACAG-1	MZ286258_1_ORF2	1	1	17	17	TRUE	TRUE
TGAATTGAGGGCTGGT-1	OP549859_1_ORF2	0	0	1	2	FALSE	TRUE
TGAATTGAGTAACCAA-1	MZ286102_1_ORF2	0	0	1	1	FALSE	TRUE
TGAATTGAGTTCGGCT-1	OZ258728_1_ORF2	1	1	15	15	TRUE	TRUE
TGACACCTCACTTACG-1	MZ286258_1_ORF2	1	1	17	19	TRUE	TRUE
TGACACCTCCAAGTGG-1	MZ286102_1_ORF1	0	0	1	1	FALSE	TRUE
TGACACCTCCCTCGCT-1	OP549859_1_ORF1	1	1	69	69	TRUE	TRUE
TGACACCTCCGTAGAG-1	meGFP	1	1	34	34	TRUE	TRUE
TGACACCTCGCAACTC-1	MZ286102_1_ORF2	0	0	1	1	FALSE	TRUE
TGACACCTCGCGCTCA-1	OZ258728_1_ORF2	0	0	1	1	FALSE	FALSE
TGACACCTCGGTCTAC-1	MZ286258_1_ORF2	1	0	5	5	TRUE	TRUE
TGACACCTCGTACGGA-1	MZ286258_1_ORF2	0	0	1	1	FALSE	FALSE
TGACACCTCTCGATTG-1	OZ258728_1_ORF2	1	1	117	117	TRUE	TRUE
TGACACCTCTTCGCAA-1	OZ258728_1_ORF1	1	0	9	12	TRUE	TRUE
TGACACCTCTTGCATG-1	MZ286102_1_ORF1	0	0	1	1	FALSE	TRUE
TGACAGCCAAACCACA-1	OZ258728_1_ORF1	1	1	32	35	TRUE	TRUE
TGACAGCCAACGGACT-1	MZ286188_1_ORF1	0	0	1	1	FALSE	FALSE
TGACAGCCAATGTCCT-1	meGFP	1	1	57	57	TRUE	TRUE
TGACAGCCACCGGACA-1	MZ286102_1_ORF2	0	0	1	1	FALSE	FALSE
TGACAGCCACTAGACA-1	OZ258728_1_ORF2	0	0	1	1	FALSE	FALSE
TGACAGCCACTATCGT-1	MZ286188_1_ORF2	0	0	3	3	TRUE	TRUE
TGACAGCCACTTCAAC-1	MZ286188_1_ORF2	0	0	1	2	FALSE	TRUE
TGACAGCCAGTCGAGT-1	MZ286188_1_ORF2	0	0	1	1	FALSE	FALSE
TGACAGCCATGGCCTC-1	meGFP	0	0	2	2	TRUE	FALSE
TGACAGCCATTGGTTC-1	OP549859_1_ORF2	1	0	9	9	TRUE	TRUE
TGACAGGTCAAGGCGC-1	MZ286188_1_ORF2	1	0	4	5	TRUE	TRUE
TGACAGGTCAGCGGAC-1	MZ286102_1_ORF1	0	0	1	1	FALSE	FALSE
TGACAGGTCATCTAGT-1	OP549859_1_ORF2	1	1	10	11	TRUE	TRUE
TGACAGGTCCGAACGA-1	meGFP	0	0	1	1	FALSE	FALSE
TGACAGGTCCGGCTCA-1	OP549859_1_ORF1	1	0	7	7	TRUE	TRUE
TGACAGGTCCTCCTAT-1	MZ286197_1_ORF2	0	0	3	3	TRUE	TRUE
TGACAGGTCGACTCCG-1	meGFP	0	0	1	1	FALSE	FALSE
TGACAGGTCGAGGTCA-1	MZ286102_1_ORF1	1	1	25	28	TRUE	TRUE
TGACAGGTCGCCTGCA-1	MZ286188_1_ORF1	2	2	66	80	TRUE	TRUE
TGACAGGTCGCTAGAG-1	MZ286258_1_ORF1	0	0	1	1	FALSE	TRUE
TGACAGGTCGGTCTAC-1	MZ286258_1_ORF1	0	0	1	1	FALSE	FALSE
TGACAGGTCTACCCAA-1	OP549859_1_ORF1	0	0	1	1	FALSE	TRUE
TGACAGGTCTGGTTGC-1	OP549859_1_ORF2	0	0	1	1	FALSE	FALSE
TGACAGGTCTTGAATC-1	MZ286258_1_ORF2	0	0	1	1	FALSE	FALSE
TGACATAAGCCTGTAC-1	MZ286188_1_ORF2	2	0	6	12	FALSE	TRUE
TGACATAAGCGGAACC-1	MZ286102_1_ORF2	1	1	37	37	TRUE	TRUE
TGACATAAGGTCGGTA-1	MZ286188_1_ORF1	1	0	5	6	TRUE	TRUE
TGACATAAGGTTGCGA-1	OZ258728_1_ORF2	0	0	1	1	FALSE	FALSE
TGACATCGTACTGCCA-1	OP549859_1_ORF1	0	0	3	5	FALSE	TRUE
TGACATCGTCACTAAC-1	OZ258728_1_ORF2	0	0	2	2	TRUE	FALSE
TGACATCGTCGAAGGT-1	OZ258728_1_ORF2	0	0	1	1	FALSE	FALSE
TGACATCGTCTCCTCG-1	meGFP	1	1	52	52	TRUE	TRUE
TGACATCGTCTGGTCA-1	MZ286102_1_ORF2	0	0	1	1	FALSE	FALSE
TGACATCGTGCTTCCT-1	OZ258728_1_ORF2	0	0	3	3	TRUE	TRUE
TGACATCGTTATCCGG-1	meGFP	0	0	1	1	FALSE	FALSE
TGACATCGTTCTGTCC-1	OZ258728_1_ORF2	0	0	1	1	FALSE	TRUE
TGACATCGTTTACGGT-1	OZ258728_1_ORF2	0	0	1	1	FALSE	FALSE
TGACCAACAACGAGCT-1	MZ286258_1_ORF2	0	0	1	1	FALSE	TRUE
TGACCAACATCCCGGT-1	OP549859_1_ORF1	0	0	1	1	FALSE	TRUE
TGACCAACATGAACCA-1	MZ286188_1_ORF1	0	0	1	1	FALSE	FALSE
TGACCAGAGAATGGAG-1	OP549859_1_ORF2	0	0	1	1	FALSE	FALSE
TGACCAGAGCAGGGCT-1	MZ286102_1_ORF1	0	0	1	2	FALSE	TRUE
TGACCAGAGCGCAAGC-1	OZ258728_1_ORF1	0	0	1	1	FALSE	TRUE
TGACCAGAGGATAGAG-1	MZ286188_1_ORF1	0	0	1	2	FALSE	TRUE
TGACCAGAGGGACTCA-1	MZ286102_1_ORF2	1	0	4	4	TRUE	TRUE
TGACCAGAGGGGCTTA-1	MZ286258_1_ORF2	0	0	1	1	FALSE	FALSE
TGACCAGAGTAGTGTA-1	meGFP	0	0	1	1	FALSE	FALSE
TGACCCGTCATGATCT-1	MZ286197_1_ORF1	0	0	2	2	TRUE	TRUE
TGACCCGTCCATTCCT-1	OZ258728_1_ORF2	0	0	1	1	FALSE	TRUE
TGACCCGTCCCCGTGA-1	meGFP	0	0	1	1	FALSE	TRUE
TGACCCGTCCCTTCCA-1	MZ286258_1_ORF1	0	0	1	1	FALSE	FALSE
TGACCCGTCCTGTCCC-1	MZ286188_1_ORF1	0	0	1	2	FALSE	TRUE
TGACCCGTCGACACCT-1	MZ286102_1_ORF2	1	1	18	19	TRUE	TRUE
TGACCCGTCGAGGCGT-1	MZ286258_1_ORF2	0	0	3	3	TRUE	TRUE
TGACCCGTCGCACTTA-1	MZ286102_1_ORF1	1	1	30	31	TRUE	TRUE
TGACCCGTCGCCTATA-1	meGFP	1	1	18	19	TRUE	TRUE
TGACCCGTCGGGATTG-1	OZ258728_1_ORF2	0	0	1	1	FALSE	FALSE
TGACCCGTCGTCATGC-1	MZ286197_1_ORF1	0	0	1	2	FALSE	TRUE
TGACCCGTCTCGAGCT-1	OZ258728_1_ORF2	1	1	12	12	TRUE	TRUE
TGACCCGTCTGGAAGT-1	OZ258728_1_ORF2	1	1	36	36	TRUE	TRUE
TGACCCGTCTGGTTGC-1	meGFP	0	0	1	1	FALSE	FALSE
TGACCCGTCTTGGTGC-1	OP549859_1_ORF1	0	0	1	1	FALSE	FALSE
TGACCCTAGAATGGAG-1	MZ286258_1_ORF1	0	0	1	1	FALSE	TRUE
TGACCCTAGAGCTGGC-1	meGFP	0	0	1	1	FALSE	TRUE
TGACCCTAGCAAGGTT-1	meGFP	0	0	1	1	FALSE	TRUE
TGACCCTAGCGTACCT-1	meGFP	0	0	1	1	FALSE	FALSE
TGACCCTAGCTAACGG-1	OZ258728_1_ORF2	0	0	1	1	FALSE	TRUE
TGACCCTAGGCCAGGT-1	MZ286188_1_ORF1	0	0	1	1	FALSE	FALSE
TGACCCTAGGGGCTTA-1	OP549859_1_ORF1	0	0	2	4	FALSE	TRUE
TGACCCTAGTACTTCG-1	OZ258728_1_ORF1	0	0	1	2	FALSE	TRUE
TGACCCTAGTAGCTCC-1	OZ258728_1_ORF2	1	1	14	14	TRUE	TRUE
TGACCCTAGTCAACCC-1	MZ286188_1_ORF1	0	0	2	2	TRUE	TRUE
TGACCCTAGTGTAATG-1	OP549859_1_ORF1	1	1	11	12	TRUE	TRUE
TGACCGAAGAATCGTA-1	OP549859_1_ORF1	0	0	2	6	FALSE	TRUE
TGACCGAAGACTTGCC-1	MZ286102_1_ORF2	0	0	1	1	FALSE	FALSE
TGACCGAAGAGAGCTT-1	MZ286197_1_ORF2	1	0	4	5	TRUE	TRUE
TGACCGAAGCAAGCTG-1	MZ286258_1_ORF2	1	0	4	5	TRUE	TRUE
TGACCGAAGCATCACC-1	OZ258728_1_ORF2	0	0	1	1	FALSE	FALSE
TGACCGAAGCCACACT-1	MZ286102_1_ORF1	0	0	1	1	FALSE	FALSE
TGACCGAAGGAATGAG-1	OZ258728_1_ORF2	1	0	8	8	TRUE	TRUE
TGACCGAAGGAGGTCC-1	OZ258728_1_ORF2	1	1	21	24	TRUE	TRUE
TGACCGAAGTATACCT-1	OZ258728_1_ORF1	1	1	17	17	TRUE	TRUE
TGACCGAAGTATAGGC-1	OP549859_1_ORF1	0	0	1	1	FALSE	TRUE
TGACCGAAGTCAACTT-1	OZ258728_1_ORF1	0	0	1	1	FALSE	FALSE
TGACCGAAGTTGCATT-1	MZ286188_1_ORF1	1	0	6	8	TRUE	TRUE
TGACCGAAGTTGGAAC-1	OZ258728_1_ORF2	0	0	1	1	FALSE	FALSE
TGACCTCAGAACCACG-1	OZ258728_1_ORF1	0	0	1	2	FALSE	TRUE
TGACCTCAGAATGGAG-1	meGFP	0	0	1	1	FALSE	FALSE
TGACCTCAGCGGTAGC-1	OZ258728_1_ORF2	0	0	1	1	FALSE	FALSE
TGACCTCAGCTCATGC-1	MZ286197_1_ORF2	0	0	1	1	FALSE	TRUE
TGACCTCAGGACGAGG-1	OZ258728_1_ORF2	1	1	72	73	TRUE	TRUE
TGACCTCAGGATGGTT-1	OP549859_1_ORF1	1	0	8	8	TRUE	TRUE
TGACCTCAGGCCATTC-1	MZ286102_1_ORF2	0	0	1	1	FALSE	FALSE
TGACCTCAGGTTGCGA-1	OZ258728_1_ORF2	1	1	50	50	TRUE	TRUE
TGACCTCAGTCAACTT-1	MZ286102_1_ORF2	1	0	4	4	TRUE	TRUE
TGACGGATCATCTAGT-1	OZ258728_1_ORF2	0	0	1	1	FALSE	FALSE
TGACGGATCCGAACGA-1	MZ286188_1_ORF1	0	0	1	1	FALSE	TRUE
TGACGGATCCGACATC-1	MZ286188_1_ORF2	0	0	3	3	TRUE	TRUE
TGACGGATCGCACTTA-1	MZ286197_1_ORF1	0	0	1	1	FALSE	TRUE
TGACGGATCTGCCACG-1	OP549859_1_ORF1	1	1	98	98	TRUE	TRUE
TGACGGATCTTGAGTT-1	OZ258728_1_ORF2	0	0	1	1	FALSE	FALSE
TGACGGGGTAGCAGGT-1	meGFP	0	0	1	1	FALSE	TRUE
TGACGGGGTATGTGGA-1	OZ258728_1_ORF2	0	0	1	1	FALSE	TRUE
TGACGGGGTCGAGAGT-1	OZ258728_1_ORF1	0	0	1	1	FALSE	FALSE
TGACGGGGTCTCCTCG-1	OP549859_1_ORF2	1	0	6	6	TRUE	TRUE
TGACGGGGTGACGAAC-1	meGFP	0	0	1	1	FALSE	FALSE
TGACGGGGTGCGCATC-1	MZ286102_1_ORF2	1	0	4	4	TRUE	TRUE
TGACGGGGTGGAAGCT-1	MZ286197_1_ORF1	1	0	7	8	TRUE	TRUE
TGACGGGGTTCCAACG-1	OZ258728_1_ORF2	0	0	1	1	FALSE	TRUE
TGACGTACAAACGTAT-1	MZ286188_1_ORF1	0	0	2	2	TRUE	TRUE
TGACGTACAACAGAGG-1	MZ286258_1_ORF2	0	0	2	3	FALSE	TRUE
TGACGTACAATACCGA-1	MZ286102_1_ORF1	0	0	1	1	FALSE	FALSE
TGACGTACAATCGTTC-1	OZ258728_1_ORF1	1	1	11	11	TRUE	TRUE
TGACGTACACCTCTAG-1	meGFP	0	0	1	1	FALSE	TRUE
TGACGTACACGCTACC-1	OP549859_1_ORF2	0	0	1	1	FALSE	TRUE
TGACGTACAGTTCGTT-1	OP549859_1_ORF1	0	0	1	3	FALSE	FALSE
TGACGTACATAGTTGG-1	OZ258728_1_ORF2	1	1	159	160	TRUE	TRUE
TGACGTTGTACCGATT-1	OZ258728_1_ORF1	0	0	1	1	FALSE	TRUE
TGACGTTGTAGTCCTG-1	MZ286258_1_ORF1	0	0	1	1	FALSE	FALSE
TGACGTTGTCGACCGT-1	OZ258728_1_ORF2	1	0	8	8	TRUE	TRUE
TGACGTTGTGCCTAAT-1	OZ258728_1_ORF1	0	0	1	1	FALSE	FALSE
TGACGTTGTGGTTAAG-1	MZ286102_1_ORF1	0	0	1	2	FALSE	TRUE
TGACGTTGTGTCCGGT-1	meGFP	1	0	9	11	TRUE	TRUE
TGACGTTGTTGTACGT-1	MZ286258_1_ORF2	1	1	11	12	TRUE	TRUE
TGACGTTGTTTACGGT-1	OZ258728_1_ORF1	0	0	1	2	FALSE	TRUE
TGACTACGTACAGGGT-1	OZ258728_1_ORF1	0	0	1	1	FALSE	TRUE
TGACTACGTACGAATG-1	meGFP	0	0	1	1	FALSE	FALSE
TGACTACGTAGAGGCT-1	meGFP	1	0	6	6	TRUE	TRUE
TGACTACGTATCCTAA-1	MZ286188_1_ORF1	0	0	1	1	FALSE	TRUE
TGACTACGTCAGGAGT-1	MZ286102_1_ORF2	1	0	5	5	TRUE	TRUE
TGACTACGTCTAAGCT-1	OZ258728_1_ORF2	0	0	1	1	FALSE	FALSE
TGACTACGTGAAGGCT-1	OP549859_1_ORF1	1	1	22	22	TRUE	TRUE
TGACTACGTGAGACCG-1	MZ286258_1_ORF2	1	1	11	11	TRUE	TRUE
TGACTACGTTAGTTGC-1	OZ258728_1_ORF1	0	0	3	3	TRUE	TRUE
TGACTACGTTTCATCT-1	MZ286102_1_ORF2	0	0	3	3	TRUE	TRUE
TGAGACTAGAACGGCC-1	OZ258728_1_ORF2	1	1	24	24	TRUE	TRUE
TGAGACTAGAGGTCTG-1	OZ258728_1_ORF2	0	0	1	1	FALSE	FALSE
TGAGACTAGCGGATTG-1	meGFP	1	1	49	49	TRUE	TRUE
TGAGACTAGCGTGCTT-1	OZ258728_1_ORF2	0	0	1	1	FALSE	FALSE
TGAGACTAGGAATGTC-1	MZ286258_1_ORF2	1	1	15	15	TRUE	TRUE
TGAGACTAGGATCGTG-1	OZ258728_1_ORF2	1	1	135	136	TRUE	TRUE
TGAGACTAGGTAGACT-1	OP549859_1_ORF1	0	0	1	1	FALSE	FALSE
TGAGACTAGTATGGTA-1	OZ258728_1_ORF2	0	0	1	1	FALSE	FALSE
TGAGACTAGTGGATTA-1	meGFP	0	0	1	1	FALSE	FALSE
TGAGACTAGTGTCCGT-1	OP549859_1_ORF1	0	0	1	1	FALSE	TRUE
TGAGAGAAGAAGCGCC-1	meGFP	0	0	1	1	FALSE	FALSE
TGAGAGAAGACTTACT-1	meGFP	0	0	1	1	FALSE	FALSE
TGAGAGAAGAGATTGC-1	MZ286197_1_ORF2	0	0	1	1	FALSE	FALSE
TGAGAGAAGAGGACTT-1	OZ258728_1_ORF2	2	2	190	224	TRUE	TRUE
TGAGAGAAGAGGCATT-1	MZ286102_1_ORF2	1	0	5	5	TRUE	TRUE
TGAGAGAAGATATGCA-1	MZ286102_1_ORF2	0	0	1	1	FALSE	TRUE
TGAGAGAAGCCATGAG-1	MZ286188_1_ORF1	0	0	1	1	FALSE	FALSE
TGAGAGAAGCCTGGAA-1	OZ258728_1_ORF2	0	0	1	1	FALSE	FALSE
TGAGAGAAGCGGGACT-1	OZ258728_1_ORF2	0	0	1	1	FALSE	FALSE
TGAGAGAAGCTATCCA-1	MZ286258_1_ORF2	1	1	17	17	TRUE	TRUE
TGAGAGAAGGAGGTCC-1	MZ286102_1_ORF1	0	0	1	1	FALSE	FALSE
TGAGAGAAGGCACGGT-1	OP549859_1_ORF1	1	0	9	9	TRUE	TRUE
TGAGAGAAGGGGTTCA-1	OZ258728_1_ORF2	0	0	1	1	FALSE	FALSE
TGAGAGAAGGTAATTG-1	MZ286197_1_ORF2	1	0	6	6	TRUE	TRUE
TGAGAGAAGTACTTCG-1	OZ258728_1_ORF2	0	0	1	1	FALSE	FALSE
TGAGAGAAGTATCGTT-1	OZ258728_1_ORF2	0	0	1	1	FALSE	TRUE
TGAGAGAAGTCGCTCG-1	OZ258728_1_ORF2	0	0	1	1	FALSE	TRUE
TGAGAGAAGTGAGAGA-1	OZ258728_1_ORF2	1	1	16	17	TRUE	TRUE
TGAGAGAAGTGCCCAT-1	meGFP	2	0	4	15	FALSE	TRUE
TGAGAGAAGTGCCTGT-1	MZ286102_1_ORF2	1	1	10	10	TRUE	TRUE
TGAGAGAAGTTACCAT-1	OZ258728_1_ORF1	0	0	1	2	FALSE	TRUE
TGAGCCTTCACGGGAC-1	MZ286258_1_ORF2	1	0	6	7	TRUE	TRUE
TGAGCCTTCATCCGAC-1	meGFP	2	1	45	49	TRUE	TRUE
TGAGCCTTCCGGATTC-1	MZ286102_1_ORF2	1	0	4	7	TRUE	TRUE
TGAGCCTTCCTACTGA-1	MZ286258_1_ORF2	1	0	9	9	TRUE	TRUE
TGAGCCTTCGCGCCTA-1	MZ286188_1_ORF2	0	0	0	0	FALSE	TRUE
TGAGCCTTCGCTTGGT-1	MZ286102_1_ORF2	1	1	14	17	TRUE	TRUE
TGAGCCTTCGGACAGC-1	MZ286197_1_ORF1	0	0	2	3	FALSE	TRUE
TGAGCCTTCGGACCAA-1	OP549859_1_ORF1	0	0	1	1	FALSE	FALSE
TGAGCCTTCTAACTAC-1	MZ286102_1_ORF2	1	0	5	6	TRUE	TRUE
TGAGCCTTCTAAGTCT-1	MZ286102_1_ORF2	1	1	15	17	TRUE	TRUE
TGAGCCTTCTTCGCAA-1	MZ286188_1_ORF2	0	0	2	2	TRUE	TRUE
TGAGCGATCCGACATC-1	OP549859_1_ORF1	0	0	3	3	TRUE	TRUE
TGAGCGATCCGTACCG-1	OZ258728_1_ORF2	1	1	17	17	TRUE	TRUE
TGAGCGATCGCTGGAA-1	meGFP	0	0	1	1	FALSE	TRUE
TGAGCGATCGGCCATT-1	meGFP	1	0	8	8	TRUE	TRUE
TGAGCGATCTAACTGT-1	MZ286197_1_ORF2	0	0	1	1	FALSE	TRUE
TGAGCGATCTGATTAC-1	meGFP	1	1	33	33	TRUE	TRUE
TGAGCGATCTGCCATA-1	OZ258728_1_ORF2	0	0	1	1	FALSE	FALSE
TGAGCGCAGACTTACT-1	MZ286188_1_ORF1	0	0	3	3	TRUE	FALSE
TGAGCGCAGATTGATG-1	meGFP	1	1	89	89	TRUE	TRUE
TGAGCGCAGCCACTCG-1	OZ258728_1_ORF2	1	1	54	54	TRUE	TRUE
TGAGCGCAGCTACTTG-1	MZ286188_1_ORF2	1	1	14	14	TRUE	TRUE
TGAGCGCAGGCCTCAT-1	meGFP	1	1	74	74	TRUE	TRUE
TGAGCGCAGGGCAGGA-1	MZ286102_1_ORF2	0	0	3	3	TRUE	TRUE
TGAGCGCAGGGCTTGA-1	MZ286258_1_ORF2	0	0	1	1	FALSE	TRUE
TGAGCGCAGTCCACGT-1	meGFP	0	0	1	2	FALSE	TRUE
TGAGCTCTCAATGTGA-1	OP549859_1_ORF1	1	1	34	34	TRUE	TRUE
TGAGCTCTCAGGCTAG-1	meGFP	0	0	1	1	FALSE	FALSE
TGAGCTCTCAGTATGA-1	meGFP	0	0	1	1	FALSE	FALSE
TGAGCTCTCATCCGGT-1	OP549859_1_ORF1	0	0	1	1	FALSE	FALSE
TGAGCTCTCCGGGTAA-1	meGFP	0	0	3	3	TRUE	TRUE
TGAGCTCTCCTAATGT-1	OZ258728_1_ORF2	0	0	1	1	FALSE	TRUE
TGAGCTCTCCTATACG-1	MZ286197_1_ORF1	1	1	18	18	TRUE	TRUE
TGAGCTCTCCTGGGAA-1	OP549859_1_ORF1	0	0	1	1	FALSE	TRUE
TGAGCTCTCGAGTTGG-1	meGFP	0	0	1	1	FALSE	FALSE
TGAGCTCTCGCCCAAT-1	OP549859_1_ORF2	1	0	8	9	TRUE	TRUE
TGAGCTCTCGTTACCA-1	OP549859_1_ORF2	1	0	4	4	TRUE	TRUE
TGAGCTCTCTATCGTG-1	MZ286197_1_ORF2	1	0	6	6	TRUE	TRUE
TGAGCTCTCTGTCGGT-1	MZ286197_1_ORF2	0	0	1	1	FALSE	FALSE
TGAGCTCTCTTCATCC-1	MZ286258_1_ORF2	0	0	1	1	FALSE	FALSE
TGAGCTGAGACATCCC-1	meGFP	1	1	110	111	TRUE	TRUE
TGAGCTGAGACGCGAC-1	MZ286102_1_ORF1	1	0	4	4	TRUE	TRUE
TGAGCTGAGACTTACT-1	MZ286102_1_ORF2	0	0	1	1	FALSE	TRUE
TGAGCTGAGCAAGCTG-1	MZ286188_1_ORF2	0	0	1	1	FALSE	TRUE
TGAGCTGAGGAGCCTA-1	MZ286102_1_ORF2	0	0	1	1	FALSE	FALSE
TGAGCTGAGGATGGCC-1	OZ258728_1_ORF2	2	2	69	80	TRUE	TRUE
TGAGCTGAGGGCGTGT-1	OP549859_1_ORF2	1	1	73	76	TRUE	TRUE
TGAGCTGAGTACCTGC-1	OZ258728_1_ORF2	1	1	116	116	TRUE	TRUE
TGAGCTGAGTTACACT-1	MZ286102_1_ORF1	1	1	11	11	TRUE	TRUE
TGAGGCATCACCGTTA-1	OP549859_1_ORF1	1	1	17	18	TRUE	TRUE
TGAGGCATCATGGCTC-1	MZ286258_1_ORF2	1	0	7	7	TRUE	TRUE
TGAGGCATCCACCTGG-1	OP549859_1_ORF1	1	0	8	8	TRUE	TRUE
TGAGGCATCCCATTGA-1	OZ258728_1_ORF2	0	0	3	5	FALSE	TRUE
TGAGGCATCCCGTAAC-1	OZ258728_1_ORF2	0	0	1	1	FALSE	FALSE
TGAGGCATCCGACTAC-1	OP549859_1_ORF1	0	0	1	1	FALSE	TRUE
TGAGGCATCCGTGGAA-1	MZ286102_1_ORF1	0	0	1	2	FALSE	FALSE
TGAGGCATCCTCCTGC-1	OZ258728_1_ORF2	0	0	2	3	FALSE	TRUE
TGAGGCATCGAGGTCA-1	OP549859_1_ORF2	0	0	1	1	FALSE	TRUE
TGAGGCATCGGACAGC-1	meGFP	1	0	4	4	TRUE	TRUE
TGAGGCATCTACCAGC-1	MZ286258_1_ORF1	0	0	1	1	FALSE	TRUE
TGAGGCATCTGTGCGT-1	MZ286102_1_ORF1	0	0	1	1	FALSE	FALSE
TGAGGCATCTTAGTAC-1	OZ258728_1_ORF1	1	1	30	30	TRUE	TRUE
TGAGGCATCTTGGTGC-1	OZ258728_1_ORF2	0	0	1	1	FALSE	TRUE
TGAGGCGGTAAGCCAA-1	MZ286258_1_ORF1	0	0	1	1	FALSE	FALSE
TGAGGCGGTACACTAC-1	MZ286102_1_ORF2	1	0	4	4	TRUE	TRUE
TGAGGCGGTAGTCGTT-1	MZ286188_1_ORF2	2	1	14	22	FALSE	TRUE
TGAGGCGGTATCGAGA-1	MZ286102_1_ORF2	0	0	1	1	FALSE	TRUE
TGAGGCGGTATTGCGT-1	MZ286197_1_ORF1	0	0	2	2	TRUE	TRUE
TGAGGCGGTCATTCGG-1	MZ286102_1_ORF2	0	0	1	1	FALSE	TRUE
TGAGGCGGTCCATGAT-1	MZ286102_1_ORF2	0	0	2	2	TRUE	TRUE
TGAGGCGGTCGGGCTT-1	MZ286102_1_ORF1	0	0	2	2	TRUE	FALSE
TGAGGCGGTCTTGCAG-1	MZ286258_1_ORF2	0	0	1	1	FALSE	FALSE
TGAGGCGGTGACGAAC-1	MZ286258_1_ORF1	0	0	1	1	FALSE	TRUE
TGAGGCGGTGATCCTG-1	MZ286197_1_ORF1	0	0	1	1	FALSE	TRUE
TGAGGCGGTGCGACAG-1	OP549859_1_ORF1	0	0	1	1	FALSE	TRUE
TGAGGCGGTTAGAGAT-1	OZ258728_1_ORF2	0	0	1	1	FALSE	FALSE
TGAGGTCCAACCATTC-1	OZ258728_1_ORF2	0	0	1	1	FALSE	TRUE
TGAGGTCCAAGCCATA-1	OZ258728_1_ORF2	0	0	1	1	FALSE	TRUE
TGAGGTCCACAACTAG-1	OZ258728_1_ORF2	0	0	1	1	FALSE	TRUE
TGAGGTCCACCACAGG-1	MZ286102_1_ORF2	0	0	1	1	FALSE	TRUE
TGAGGTCCACCCAACC-1	MZ286258_1_ORF2	0	0	1	1	FALSE	TRUE
TGAGGTCCACCGGTAG-1	OZ258728_1_ORF2	1	1	75	75	TRUE	TRUE
TGAGGTCCACCTGTGC-1	OZ258728_1_ORF1	0	0	1	1	FALSE	FALSE
TGAGGTCCACGAATGC-1	MZ286102_1_ORF2	1	1	15	15	TRUE	TRUE
TGAGGTCCACTTCCTC-1	OP549859_1_ORF1	0	0	3	3	TRUE	TRUE
TGAGGTCCAGGGTTAC-1	OZ258728_1_ORF2	0	0	1	1	FALSE	TRUE
TGAGGTCCATAGGATT-1	OZ258728_1_ORF1	0	0	1	1	FALSE	FALSE
TGAGTCCTCAAGGCGC-1	MZ286197_1_ORF1	1	1	48	49	TRUE	TRUE
TGAGTCCTCAATTACC-1	MZ286188_1_ORF2	1	1	26	30	TRUE	TRUE
TGAGTCCTCACGTGCT-1	MZ286188_1_ORF1	0	0	1	1	FALSE	TRUE
TGAGTCCTCATTCACG-1	OZ258728_1_ORF2	0	0	1	1	FALSE	FALSE
TGAGTCCTCCCATCGG-1	OP549859_1_ORF1	0	0	1	1	FALSE	FALSE
TGAGTCCTCCCCAGAT-1	MZ286102_1_ORF2	0	0	1	1	FALSE	FALSE
TGAGTCCTCCGCATGT-1	meGFP	1	1	16	17	TRUE	TRUE
TGAGTCCTCCGTGATC-1	MZ286188_1_ORF2	0	0	1	1	FALSE	FALSE
TGAGTCCTCGAACCCT-1	MZ286188_1_ORF2	0	0	1	1	FALSE	FALSE
TGAGTCCTCGAAGCGC-1	OZ258728_1_ORF1	0	0	1	1	FALSE	TRUE
TGAGTCCTCGCCTGCA-1	OP549859_1_ORF2	1	1	12	13	TRUE	TRUE
TGAGTCCTCGCTAGTC-1	MZ286197_1_ORF1	1	1	65	65	TRUE	TRUE
TGAGTCCTCGGACAGC-1	MZ286258_1_ORF2	0	0	1	1	FALSE	FALSE
TGAGTCCTCGGTCTAC-1	MZ286197_1_ORF2	0	0	2	4	FALSE	TRUE
TGAGTCCTCGTCCGTG-1	MZ286197_1_ORF1	0	0	1	1	FALSE	FALSE
TGAGTCGAGACCCAAG-1	MZ286188_1_ORF1	0	0	3	4	TRUE	TRUE
TGAGTCGAGATAGACC-1	MZ286188_1_ORF2	1	0	4	7	TRUE	TRUE
TGAGTCGAGCCCTGCA-1	OZ258728_1_ORF2	0	0	1	2	FALSE	TRUE
TGAGTCGAGCTTGAGG-1	meGFP	0	0	2	2	TRUE	TRUE
TGAGTCGAGGCACATG-1	MZ286258_1_ORF2	0	0	1	1	FALSE	FALSE
TGAGTCGAGTAACCAA-1	MZ286188_1_ORF1	0	0	1	1	FALSE	TRUE
TGAGTCGAGTAGAGGA-1	OZ258728_1_ORF1	0	0	1	1	FALSE	FALSE
TGAGTCGAGTAGTTGA-1	OZ258728_1_ORF2	0	0	1	1	FALSE	TRUE
TGAGTTGCAAACCATG-1	MZ286102_1_ORF2	0	0	3	5	FALSE	TRUE
TGAGTTGCACATGCTT-1	MZ286188_1_ORF2	1	0	7	7	TRUE	TRUE
TGAGTTGCACCAAGCG-1	MZ286188_1_ORF1	0	0	1	1	FALSE	FALSE
TGAGTTGCACCACACC-1	MZ286197_1_ORF1	0	0	1	1	FALSE	TRUE
TGAGTTGCAGCAACCG-1	OP549859_1_ORF1	1	1	16	17	TRUE	TRUE
TGAGTTGCAGCTTAGA-1	MZ286258_1_ORF1	0	0	1	1	FALSE	TRUE
TGAGTTGCATATGCAG-1	MZ286258_1_ORF1	0	0	2	2	TRUE	FALSE
TGATAGTCAACGTAAT-1	MZ286188_1_ORF1	1	1	65	65	TRUE	TRUE
TGATAGTCAACTCTAC-1	MZ286258_1_ORF2	0	0	1	1	FALSE	FALSE
TGATAGTCAATTAAGC-1	meGFP	0	0	1	2	FALSE	TRUE
TGATAGTCAGATTAAC-1	OZ258728_1_ORF2	0	0	1	1	FALSE	FALSE
TGATAGTCAGCGCACA-1	OZ258728_1_ORF1	1	1	25	25	TRUE	TRUE
TGATAGTCATATGCTC-1	MZ286258_1_ORF2	0	0	1	1	FALSE	TRUE
TGATAGTCATGAGGAG-1	OZ258728_1_ORF2	1	1	41	42	TRUE	TRUE
TGATAGTCATGCAATG-1	MZ286102_1_ORF1	0	0	1	2	FALSE	TRUE
TGATAGTCATTGCGAA-1	MZ286197_1_ORF2	0	0	2	2	TRUE	TRUE
TGATAGTCATTGGATG-1	OP549859_1_ORF1	0	0	1	1	FALSE	FALSE
TGATATCTCAATGTGA-1	MZ286102_1_ORF2	0	0	1	1	FALSE	FALSE
TGATATCTCCGCCTGA-1	OP549859_1_ORF1	0	0	1	1	FALSE	FALSE
TGATATCTCGACTCCG-1	OZ258728_1_ORF2	0	0	1	1	FALSE	FALSE
TGATATCTCGAGCGGT-1	MZ286102_1_ORF1	1	0	6	6	TRUE	TRUE
TGATATCTCTCTATGG-1	OP549859_1_ORF1	0	0	1	1	FALSE	FALSE
TGATATCTCTTACCTC-1	OP549859_1_ORF2	0	0	1	1	FALSE	TRUE
TGATATTGTAGAGCCG-1	MZ286258_1_ORF2	1	0	8	10	TRUE	TRUE
TGATATTGTAGCTCGC-1	MZ286258_1_ORF2	0	0	1	1	FALSE	TRUE
TGATATTGTCCTGTGA-1	MZ286258_1_ORF1	0	0	1	1	FALSE	FALSE
TGATATTGTTATGCAC-1	MZ286188_1_ORF1	1	1	22	23	TRUE	TRUE
TGATCAGCAAGGTGCT-1	MZ286102_1_ORF2	1	0	8	8	TRUE	TRUE
TGATCAGCAATACCCT-1	OP549859_1_ORF1	0	0	1	1	FALSE	FALSE
TGATCAGCAATGGCTA-1	OZ258728_1_ORF2	0	0	1	2	FALSE	FALSE
TGATCAGCACATAGTG-1	OZ258728_1_ORF2	0	0	1	1	FALSE	TRUE
TGATCAGCAGAACCCG-1	MZ286188_1_ORF1	2	1	16	24	FALSE	TRUE
TGATCAGCAGATATAC-1	meGFP	0	0	1	1	FALSE	FALSE
TGATCAGCAGATTCGA-1	MZ286102_1_ORF1	0	0	1	1	FALSE	FALSE
TGATCAGCAGCTGGCA-1	MZ286102_1_ORF2	0	0	1	1	FALSE	TRUE
TGATCTTAGCGATTAA-1	meGFP	0	0	2	3	FALSE	TRUE
TGATCTTAGCTCGAAG-1	meGFP	1	0	8	9	TRUE	TRUE
TGATCTTAGGCGAACC-1	MZ286258_1_ORF1	0	0	1	1	FALSE	TRUE
TGATCTTAGGGAGACG-1	OP549859_1_ORF2	0	0	1	1	FALSE	TRUE
TGATCTTAGGGGCAAG-1	meGFP	0	0	3	4	TRUE	TRUE
TGATCTTAGGTAATTG-1	OP549859_1_ORF2	1	0	6	6	TRUE	TRUE
TGATGCCTCACCACGT-1	MZ286197_1_ORF1	1	1	17	17	TRUE	TRUE
TGATGCCTCGAGTTGG-1	OZ258728_1_ORF1	0	0	3	3	TRUE	TRUE
TGATGCCTCGCACCAT-1	MZ286197_1_ORF1	1	1	10	10	TRUE	TRUE
TGATGCCTCGCTGGAA-1	OZ258728_1_ORF2	0	0	1	1	FALSE	FALSE
TGATGCTGTAGTCGTT-1	meGFP	0	0	2	3	FALSE	TRUE
TGATGCTGTCATCGTG-1	OZ258728_1_ORF2	0	0	1	1	FALSE	FALSE
TGATGCTGTGAAGCCG-1	MZ286258_1_ORF1	0	0	1	1	FALSE	FALSE
TGATGCTGTGAATGTG-1	OP549859_1_ORF2	1	1	13	15	TRUE	TRUE
TGATGCTGTGATTGCT-1	OZ258728_1_ORF2	0	0	1	1	FALSE	FALSE
TGATGCTGTGCAATTC-1	MZ286197_1_ORF1	1	0	4	4	TRUE	TRUE
TGATGCTGTGCCTAAT-1	MZ286102_1_ORF1	1	0	7	7	TRUE	TRUE
TGATGCTGTGGATGAC-1	MZ286102_1_ORF2	2	2	13	27	FALSE	TRUE
TGATGCTGTTCATCGG-1	OZ258728_1_ORF2	1	1	79	79	TRUE	TRUE
TGATGCTGTTCGGTTG-1	MZ286102_1_ORF2	0	0	1	1	FALSE	FALSE
TGATGCTGTTTCAAGC-1	OP549859_1_ORF1	1	1	49	50	TRUE	TRUE
TGATGGCCAAACGACC-1	OP549859_1_ORF1	0	0	3	3	TRUE	TRUE
TGATGGCCAACCGAAC-1	MZ286258_1_ORF2	0	0	1	1	FALSE	TRUE
TGATGGCCAAGCCATA-1	MZ286197_1_ORF1	0	0	1	1	FALSE	FALSE
TGATGGCCACCGGATG-1	OZ258728_1_ORF2	1	1	22	22	TRUE	TRUE
TGATGGCCACGAATGC-1	meGFP	0	0	1	1	FALSE	FALSE
TGATGGCCACTACTAC-1	MZ286188_1_ORF1	0	0	1	1	FALSE	FALSE
TGATGGCCAGGATTGC-1	MZ286258_1_ORF2	0	0	1	1	FALSE	FALSE
TGATGGCCATAATCCC-1	OP549859_1_ORF2	0	0	1	1	FALSE	TRUE
TGATGGCCATTGACCT-1	OZ258728_1_ORF2	0	0	1	1	FALSE	TRUE
TGATGGTAGACACGCA-1	OZ258728_1_ORF2	0	0	1	1	FALSE	TRUE
TGATGGTAGAGTCCCT-1	MZ286102_1_ORF2	1	0	9	10	TRUE	TRUE
TGATGGTAGCTGGTGA-1	meGFP	0	0	2	2	TRUE	TRUE
TGATGGTAGCTGTCGT-1	meGFP	1	0	4	4	TRUE	TRUE
TGATGGTAGGATTACA-1	OP549859_1_ORF1	1	0	7	8	TRUE	TRUE
TGATGGTAGGCTTGCT-1	meGFP	1	1	21	21	TRUE	TRUE
TGATGGTAGGGGCCAT-1	MZ286258_1_ORF1	1	0	9	10	TRUE	TRUE
TGATGGTAGTACTTCG-1	MZ286258_1_ORF2	1	0	4	4	TRUE	TRUE
TGATGGTAGTGTCGCT-1	MZ286197_1_ORF1	0	0	1	1	FALSE	TRUE
TGATGGTAGTTACACT-1	MZ286258_1_ORF2	0	0	1	2	FALSE	TRUE
TGATGGTAGTTGCATT-1	OZ258728_1_ORF1	0	0	1	1	FALSE	FALSE
TGATTAACAACGGCCA-1	MZ286102_1_ORF2	0	0	2	2	TRUE	TRUE
TGATTAACAGAGCTTA-1	OP549859_1_ORF1	0	0	1	1	FALSE	FALSE
TGATTAACAGCCTCGT-1	meGFP	0	0	1	1	FALSE	FALSE
TGATTAACAGCTATCT-1	meGFP	1	1	55	55	TRUE	TRUE
TGATTAACAGGTACGT-1	OZ258728_1_ORF2	0	0	1	1	FALSE	FALSE
TGATTAACATAGTTGG-1	OP549859_1_ORF1	0	0	1	1	FALSE	TRUE
TGATTAACATGGTAAT-1	OZ258728_1_ORF2	0	0	1	1	FALSE	FALSE
TGATTACTCAATCCAT-1	OZ258728_1_ORF2	0	0	1	1	FALSE	FALSE
TGATTACTCACAGATA-1	OZ258728_1_ORF2	0	0	2	3	FALSE	TRUE
TGATTACTCACATATC-1	OZ258728_1_ORF2	0	0	1	1	FALSE	FALSE
TGATTACTCATCGTTG-1	MZ286188_1_ORF2	0	0	1	1	FALSE	TRUE
TGATTACTCCGTGGTT-1	OZ258728_1_ORF2	0	0	1	1	FALSE	FALSE
TGATTACTCGTGCTAC-1	meGFP	1	1	16	16	TRUE	TRUE
TGATTATGTACGCCTA-1	OZ258728_1_ORF1	0	0	1	1	FALSE	TRUE
TGATTATGTCATTCAA-1	MZ286102_1_ORF2	0	0	1	2	FALSE	TRUE
TGATTATGTCGCTACA-1	OP549859_1_ORF1	0	0	1	2	FALSE	TRUE
TGATTATGTTCTATCT-1	meGFP	0	0	1	2	FALSE	TRUE
TGATTATGTTCTCATT-1	MZ286258_1_ORF1	0	0	1	1	FALSE	FALSE
TGATTCTAGAATGGTC-1	MZ286102_1_ORF1	0	0	2	2	TRUE	TRUE
TGATTCTAGACCGATG-1	MZ286258_1_ORF1	1	0	9	11	TRUE	TRUE
TGATTCTAGACTAGCG-1	MZ286102_1_ORF1	0	0	1	1	FALSE	FALSE
TGATTCTAGATGACAC-1	meGFP	0	0	2	2	TRUE	TRUE
TGATTCTAGTCTCACA-1	MZ286197_1_ORF1	0	0	1	1	FALSE	TRUE
TGATTCTAGTTCGAGG-1	OZ258728_1_ORF2	1	1	21	21	TRUE	FALSE
TGATTTGGTACCTCTC-1	MZ286102_1_ORF2	0	0	3	3	TRUE	TRUE
TGATTTGGTACTTCCC-1	MZ286258_1_ORF2	0	0	1	1	FALSE	TRUE
TGATTTGGTCTAGTGT-1	OP549859_1_ORF2	0	0	1	1	FALSE	FALSE
TGATTTGGTCTGCACA-1	OP549859_1_ORF2	0	0	1	1	FALSE	TRUE
TGATTTGGTGGCCGTT-1	MZ286102_1_ORF2	0	0	1	1	FALSE	TRUE
TGATTTGGTTGTACGT-1	OZ258728_1_ORF1	0	0	1	1	FALSE	FALSE
TGATTTGGTTTGAGTC-1	OP549859_1_ORF1	1	1	30	30	TRUE	TRUE
TGCACAACAACCCTGC-1	OP549859_1_ORF1	0	0	1	1	FALSE	TRUE
TGCACAACAAGATGAA-1	OP549859_1_ORF1	2	1	22	32	FALSE	TRUE
TGCACAACACCTGTAT-1	OZ258728_1_ORF1	0	0	3	3	TRUE	TRUE
TGCACAACACTCATAC-1	MZ286197_1_ORF2	0	0	1	1	FALSE	TRUE
TGCACAACAGCCCGAA-1	MZ286197_1_ORF2	0	0	1	1	FALSE	TRUE
TGCACAACAGGGTAAG-1	MZ286197_1_ORF2	0	0	1	1	FALSE	TRUE
TGCACAACAGTAGGAG-1	MZ286258_1_ORF2	0	0	2	2	TRUE	TRUE
TGCACAACAGTGAATT-1	meGFP	0	0	1	1	FALSE	TRUE
TGCACAACATGACAGC-1	MZ286102_1_ORF1	0	0	1	1	FALSE	FALSE
TGCACAGAGAGCCAAT-1	OP549859_1_ORF1	0	0	2	2	TRUE	FALSE
TGCACAGAGCATCCGT-1	MZ286102_1_ORF1	1	1	65	65	TRUE	TRUE
TGCACAGAGCCTCTGG-1	OP549859_1_ORF2	0	0	1	1	FALSE	TRUE
TGCACAGAGCGTAAGT-1	MZ286102_1_ORF1	0	0	1	1	FALSE	FALSE
TGCACAGAGCTAACGG-1	MZ286188_1_ORF2	1	0	7	7	TRUE	TRUE
TGCACAGAGCTTGACC-1	MZ286188_1_ORF2	0	0	2	2	TRUE	TRUE
TGCACAGAGGAGTATC-1	meGFP	0	0	1	2	FALSE	TRUE
TGCACAGAGGGGTCTA-1	OZ258728_1_ORF1	0	0	1	1	FALSE	FALSE
TGCACAGAGGGTTCGA-1	OZ258728_1_ORF1	1	0	8	9	TRUE	TRUE
TGCAGACCAAATCCGA-1	OP549859_1_ORF1	0	0	3	3	TRUE	FALSE
TGCAGACCAACTGCCC-1	OP549859_1_ORF2	1	0	6	7	TRUE	TRUE
TGCAGACCAAGATGAA-1	MZ286102_1_ORF2	1	0	7	8	TRUE	TRUE
TGCAGACCACTCACGC-1	MZ286197_1_ORF2	0	0	1	1	FALSE	TRUE
TGCAGACCAGACACAC-1	MZ286188_1_ORF2	0	0	2	4	FALSE	TRUE
TGCAGACCAGCCCTGT-1	meGFP	1	1	38	38	TRUE	TRUE
TGCAGACCATATGCTC-1	OZ258728_1_ORF1	0	0	1	1	FALSE	TRUE
TGCAGACCATCGCATT-1	MZ286188_1_ORF2	0	0	1	1	FALSE	TRUE
TGCAGACCATGTCGGG-1	MZ286258_1_ORF2	0	0	2	2	TRUE	TRUE
TGCAGACCATTAGAGT-1	MZ286188_1_ORF1	0	0	1	1	FALSE	TRUE
TGCAGCCGTACAGGAC-1	MZ286102_1_ORF1	0	0	1	1	FALSE	FALSE
TGCAGCCGTAGTCGTT-1	OZ258728_1_ORF1	0	0	1	1	FALSE	TRUE
TGCAGCCGTCCACATG-1	MZ286102_1_ORF2	0	0	1	1	FALSE	TRUE
TGCAGCCGTGCCTAAT-1	OZ258728_1_ORF2	0	0	1	1	FALSE	FALSE
TGCAGCCGTGGCTTGC-1	MZ286102_1_ORF2	0	0	3	5	FALSE	TRUE
TGCAGCCGTGTTGCAT-1	MZ286258_1_ORF2	1	0	8	8	TRUE	TRUE
TGCAGCCGTTCGTAAC-1	MZ286258_1_ORF2	1	0	5	5	TRUE	TRUE
TGCAGCCGTTGTGCGC-1	meGFP	1	1	13	13	TRUE	TRUE
TGCAGCCGTTTAGGCT-1	MZ286102_1_ORF2	0	0	1	1	FALSE	TRUE
TGCAGGCAGAACCGTG-1	OZ258728_1_ORF2	0	0	1	1	FALSE	FALSE
TGCAGGCAGATTCCGC-1	OP549859_1_ORF1	1	1	29	29	TRUE	TRUE
TGCAGGCAGCCAGTTC-1	MZ286258_1_ORF2	2	1	10	15	FALSE	TRUE
TGCAGGCAGCCTGTGT-1	OP549859_1_ORF1	0	0	1	1	FALSE	FALSE
TGCAGGCAGCGACACA-1	OP549859_1_ORF1	0	0	1	1	FALSE	TRUE
TGCAGGCAGCTTACGC-1	MZ286197_1_ORF1	1	0	4	4	TRUE	TRUE
TGCAGGCAGGGACTCA-1	MZ286258_1_ORF2	0	0	1	1	FALSE	TRUE
TGCAGGCAGGGCTGGT-1	OP549859_1_ORF2	1	1	16	16	TRUE	TRUE
TGCAGGCAGGTACCCT-1	MZ286258_1_ORF2	0	0	1	1	FALSE	TRUE
TGCAGGCAGTCAACTT-1	MZ286188_1_ORF2	0	0	1	3	FALSE	TRUE
TGCAGGCAGTTACGAA-1	MZ286258_1_ORF1	0	0	1	1	FALSE	TRUE
TGCATCCAGAAGTGAG-1	MZ286188_1_ORF1	1	1	31	33	TRUE	TRUE
TGCATCCAGACTAATG-1	meGFP	0	0	1	2	FALSE	TRUE
TGCATCCAGCTTGGTC-1	MZ286197_1_ORF1	2	0	7	11	FALSE	TRUE
TGCATCCAGTAATCCT-1	MZ286197_1_ORF1	0	0	1	1	FALSE	FALSE
TGCATGCTCAAGCGTG-1	OZ258728_1_ORF1	0	0	1	1	FALSE	FALSE
TGCATGCTCAATGCTT-1	OZ258728_1_ORF2	0	0	0	0	FALSE	FALSE
TGCATGCTCCCATCAA-1	meGFP	0	0	1	1	FALSE	TRUE
TGCATGCTCCCTTCCA-1	OZ258728_1_ORF2	0	0	1	1	FALSE	TRUE
TGCATGCTCGATACTT-1	MZ286102_1_ORF2	1	0	8	10	TRUE	TRUE
TGCATGCTCGCTAGAG-1	MZ286258_1_ORF2	1	0	4	4	TRUE	TRUE
TGCATGCTCTCGAAGG-1	meGFP	1	1	21	21	TRUE	TRUE
TGCATGCTCTCTATCC-1	OP549859_1_ORF2	1	1	11	11	TRUE	TRUE
TGCATGCTCTTGAATC-1	meGFP	0	0	1	1	FALSE	FALSE
TGCCAGTTCAGGATGT-1	MZ286188_1_ORF2	1	1	10	10	TRUE	TRUE
TGCCAGTTCATTCACG-1	MZ286102_1_ORF1	0	0	1	1	FALSE	FALSE
TGCCAGTTCCCCAAGT-1	MZ286188_1_ORF1	1	1	21	22	TRUE	TRUE
TGCCAGTTCGAATCAA-1	MZ286197_1_ORF1	1	1	45	47	TRUE	TRUE
TGCCAGTTCGACACAG-1	OP549859_1_ORF1	1	0	8	9	TRUE	TRUE
TGCCAGTTCGATCCCG-1	MZ286197_1_ORF1	0	0	1	1	FALSE	FALSE
TGCCAGTTCTTGAGTT-1	MZ286102_1_ORF2	1	1	26	26	TRUE	TRUE
TGCCAGTTCTTGCCTT-1	OZ258728_1_ORF1	1	1	13	13	TRUE	TRUE
TGCCATCAGAATCAGC-1	OZ258728_1_ORF2	0	0	1	1	FALSE	FALSE
TGCCATCAGACCCTGT-1	MZ286197_1_ORF2	0	0	1	1	FALSE	FALSE
TGCCATCAGAGGAAGC-1	OZ258728_1_ORF2	0	0	3	3	TRUE	TRUE
TGCCATCAGATAGTCA-1	meGFP	1	1	61	62	TRUE	TRUE
TGCCATCAGATTCACT-1	meGFP	0	0	1	1	FALSE	TRUE
TGCCATCAGCTAACCC-1	OZ258728_1_ORF1	0	0	1	1	FALSE	FALSE
TGCCATCAGGATAGAG-1	OP549859_1_ORF1	1	1	47	48	TRUE	TRUE
TGCCATCAGGATTACA-1	OZ258728_1_ORF1	1	1	14	16	TRUE	TRUE
TGCCATCAGGCAGGCT-1	OP549859_1_ORF1	0	0	1	1	FALSE	FALSE
TGCCATCAGGGAGTAA-1	MZ286188_1_ORF2	0	0	1	2	FALSE	FALSE
TGCCATCAGGGCATCA-1	MZ286102_1_ORF2	1	0	6	7	TRUE	TRUE
TGCCATCAGGGTTAGT-1	meGFP	0	0	1	1	FALSE	FALSE
TGCCATCAGTCAACTT-1	OZ258728_1_ORF1	0	0	1	1	FALSE	FALSE
TGCCATCAGTTGCGTC-1	MZ286102_1_ORF2	1	0	9	9	TRUE	TRUE
TGCCATTCACCTGCAC-1	OP549859_1_ORF2	1	1	10	10	TRUE	TRUE
TGCCATTCACTGAGGT-1	MZ286197_1_ORF1	0	0	1	1	FALSE	FALSE
TGCCATTCAGGTCGAT-1	OZ258728_1_ORF1	1	1	32	33	TRUE	TRUE
TGCCATTCATACTGAG-1	MZ286197_1_ORF1	1	1	11	11	TRUE	TRUE
TGCCATTCATGAGGAG-1	OZ258728_1_ORF2	0	0	1	1	FALSE	FALSE
TGCCCCTTCAAGCTAA-1	meGFP	0	0	2	2	TRUE	TRUE
TGCCCCTTCCGACATC-1	MZ286188_1_ORF2	0	0	1	1	FALSE	FALSE
TGCCCCTTCCTATACG-1	OZ258728_1_ORF2	1	1	72	72	TRUE	TRUE
TGCCCCTTCGTGCTAC-1	MZ286188_1_ORF1	0	0	1	2	FALSE	TRUE
TGCCCCTTCTAGGCAG-1	OZ258728_1_ORF2	1	1	32	32	TRUE	TRUE
TGCCCCTTCTCGCTCC-1	OZ258728_1_ORF2	1	1	172	173	TRUE	TRUE
TGCCCCTTCTTGCATG-1	OZ258728_1_ORF2	0	0	2	2	TRUE	FALSE
TGCCCGCAGAAGCCTG-1	OZ258728_1_ORF2	0	0	1	1	FALSE	FALSE
TGCCCGCAGACACTAA-1	meGFP	0	0	2	3	FALSE	TRUE
TGCCCGCAGACTCCGT-1	MZ286258_1_ORF2	0	0	1	1	FALSE	TRUE
TGCCCGCAGAGCTGGC-1	MZ286197_1_ORF1	0	0	1	1	FALSE	TRUE
TGCCCGCAGAGTCCCT-1	MZ286102_1_ORF2	1	0	7	7	TRUE	TRUE
TGCCCGCAGATTCGTT-1	OP549859_1_ORF1	1	0	5	5	TRUE	TRUE
TGCCCGCAGCACGTTC-1	OP549859_1_ORF1	0	0	1	1	FALSE	TRUE
TGCCCGCAGCGTTCGT-1	MZ286188_1_ORF1	1	0	9	10	TRUE	TRUE
TGCCCGCAGGAGGAGT-1	OP549859_1_ORF2	1	1	14	14	TRUE	TRUE
TGCCCGCAGGCAGGGA-1	OP549859_1_ORF1	1	1	73	74	TRUE	TRUE
TGCCCGCAGGCCTAAG-1	MZ286102_1_ORF2	1	0	7	8	TRUE	TRUE
TGCCCGCAGGGTTGCA-1	OZ258728_1_ORF2	0	0	1	1	FALSE	FALSE
TGCCCGCAGTAATCCT-1	MZ286258_1_ORF2	1	0	8	8	TRUE	TRUE
TGCCCGCAGTGGCTTC-1	OZ258728_1_ORF2	0	0	1	1	FALSE	TRUE
TGCCGGGAGACTTGAA-1	OP549859_1_ORF1	0	0	1	1	FALSE	FALSE
TGCCGGGAGCGGGAAG-1	OZ258728_1_ORF2	0	0	1	1	FALSE	TRUE
TGCCGGGAGCGTTCGT-1	OZ258728_1_ORF2	1	0	4	11	TRUE	TRUE
TGCCGGGAGGAATCTA-1	OZ258728_1_ORF2	0	0	2	3	FALSE	TRUE
TGCCGGGAGGCGAAGG-1	MZ286258_1_ORF2	1	1	14	14	TRUE	TRUE
TGCCGGGAGTACCCGT-1	meGFP	1	0	7	7	TRUE	TRUE
TGCCGGGAGTATACCT-1	OZ258728_1_ORF2	0	0	1	1	FALSE	TRUE
TGCCGGGAGTCCGCTG-1	MZ286258_1_ORF1	0	0	1	1	FALSE	TRUE
TGCCGGGAGTTGAATG-1	OZ258728_1_ORF1	1	0	4	4	TRUE	TRUE
TGCCTAGGTAAGTCTC-1	meGFP	0	0	1	1	FALSE	FALSE
TGCCTAGGTGGCGTGA-1	MZ286188_1_ORF1	0	0	1	1	FALSE	FALSE
TGCCTAGGTTAGGCAA-1	OP549859_1_ORF2	1	0	7	7	TRUE	TRUE
TGCCTAGGTTGCAGTT-1	MZ286102_1_ORF1	0	0	1	1	FALSE	TRUE
TGCCTAGGTTGTGTGT-1	MZ286102_1_ORF1	0	0	1	2	FALSE	TRUE
TGCCTATCAAAGGATA-1	MZ286258_1_ORF2	1	0	8	9	TRUE	TRUE
TGCCTATCACGGGTAT-1	MZ286188_1_ORF2	0	0	2	2	TRUE	TRUE
TGCCTATCACGTGAAC-1	OZ258728_1_ORF2	1	1	174	175	TRUE	TRUE
TGCCTATCACTACGGG-1	meGFP	0	0	2	2	TRUE	TRUE
TGCCTATCAGGAAGTG-1	OZ258728_1_ORF2	1	1	43	46	TRUE	TRUE
TGCCTATCAGTTCGGG-1	OZ258728_1_ORF2	0	0	1	1	FALSE	TRUE
TGCCTATCATACTTCA-1	MZ286258_1_ORF1	0	0	1	2	FALSE	TRUE
TGCCTATCATGAGCCG-1	OP549859_1_ORF1	1	1	46	46	TRUE	TRUE
TGCCTATCATGTCGAA-1	MZ286197_1_ORF2	0	0	3	4	TRUE	TRUE
TGCCTATCATTACAGG-1	MZ286102_1_ORF2	1	0	6	8	TRUE	TRUE
TGCCTCACAAAGGATA-1	MZ286258_1_ORF1	0	0	3	3	TRUE	TRUE
TGCCTCACAAAGTCAT-1	MZ286102_1_ORF2	0	0	1	3	FALSE	TRUE
TGCCTCACAACCTTAC-1	MZ286258_1_ORF2	0	0	3	4	TRUE	TRUE
TGCCTCACAAGATCCA-1	MZ286197_1_ORF2	0	0	3	4	TRUE	TRUE
TGCCTCACAAGCCATA-1	OZ258728_1_ORF2	0	0	1	1	FALSE	FALSE
TGCCTCACACACACTT-1	meGFP	0	0	1	1	FALSE	TRUE
TGCCTCACACCGCAAG-1	OP549859_1_ORF2	0	0	1	1	FALSE	TRUE
TGCCTCACAGGATTGC-1	MZ286197_1_ORF1	0	0	1	1	FALSE	FALSE
TGCCTCACAGGTCTCC-1	meGFP	0	0	1	1	FALSE	FALSE
TGCCTCACATTGGACA-1	OP549859_1_ORF2	1	0	4	5	TRUE	TRUE
TGCGAGCAGAACTTAG-1	meGFP	0	0	1	1	FALSE	TRUE
TGCGAGCAGAGCTAGT-1	OZ258728_1_ORF1	0	0	1	1	FALSE	FALSE
TGCGAGCAGATTAGGC-1	MZ286197_1_ORF1	0	0	1	1	FALSE	FALSE
TGCGAGCAGCCTCTGG-1	OZ258728_1_ORF2	1	0	5	5	TRUE	TRUE
TGCGAGCAGCCTGCCA-1	OP549859_1_ORF1	0	0	1	1	FALSE	TRUE
TGCGAGCAGGATCCCT-1	OZ258728_1_ORF2	0	0	1	2	FALSE	TRUE
TGCGAGCAGGGGTCTA-1	OP549859_1_ORF1	0	0	3	3	TRUE	TRUE
TGCGAGCAGTCTAGGG-1	meGFP	0	0	1	1	FALSE	TRUE
TGCGAGCAGTCTAGTT-1	meGFP	1	1	35	35	TRUE	TRUE
TGCGAGGGTACAGGGT-1	OZ258728_1_ORF2	0	0	1	1	FALSE	FALSE
TGCGAGGGTAGCACTT-1	OZ258728_1_ORF1	0	0	2	2	TRUE	TRUE
TGCGAGGGTATCTGGT-1	MZ286258_1_ORF2	0	0	1	1	FALSE	TRUE
TGCGAGGGTATGGCCC-1	OZ258728_1_ORF1	1	1	10	10	TRUE	TRUE
TGCGAGGGTGAAGCCG-1	MZ286188_1_ORF1	1	0	5	5	TRUE	TRUE
TGCGAGGGTGAGGAGA-1	MZ286258_1_ORF2	1	1	12	12	TRUE	TRUE
TGCGAGGGTGCTTAGT-1	MZ286188_1_ORF1	0	0	1	1	FALSE	FALSE
TGCGAGGGTTTACCAA-1	OP549859_1_ORF2	0	0	1	1	FALSE	TRUE
TGCGATACAACACCGG-1	meGFP	0	0	2	2	TRUE	FALSE
TGCGATACAATCGTTC-1	OP549859_1_ORF1	1	1	87	87	TRUE	TRUE
TGCGATACACCAATGA-1	OZ258728_1_ORF2	0	0	1	1	FALSE	FALSE
TGCGATACACCCTGAC-1	MZ286197_1_ORF1	1	1	13	13	TRUE	TRUE
TGCGATACACCTGTAT-1	OP549859_1_ORF1	1	1	13	13	TRUE	TRUE
TGCGATACAGCAACCG-1	meGFP	0	0	1	1	FALSE	FALSE
TGCGATACAGGAAGTG-1	OP549859_1_ORF2	0	0	1	1	FALSE	FALSE
TGCGATACAGGCATTA-1	meGFP	0	0	1	1	FALSE	FALSE
TGCGATACAGGCGCTA-1	MZ286102_1_ORF2	0	0	1	1	FALSE	TRUE
TGCGATACATCCTTCC-1	OZ258728_1_ORF2	0	0	1	1	FALSE	FALSE
TGCGATACATGAATCG-1	OP549859_1_ORF2	0	0	2	2	TRUE	TRUE
TGCGATACATGCAATG-1	MZ286102_1_ORF2	1	1	10	11	TRUE	TRUE
TGCGATACATGCAGGT-1	meGFP	0	0	1	1	FALSE	FALSE
TGCGCAGCAAATCTGG-1	MZ286258_1_ORF2	0	0	1	1	FALSE	FALSE
TGCGCAGCAACAGATT-1	MZ286258_1_ORF2	0	0	1	1	FALSE	FALSE
TGCGCAGCAACTCTAC-1	MZ286258_1_ORF2	0	0	1	1	FALSE	FALSE
TGCGCAGCAAGCGCCA-1	MZ286188_1_ORF1	1	1	18	18	TRUE	TRUE
TGCGCAGCACAATCCT-1	MZ286197_1_ORF2	0	0	1	1	FALSE	FALSE
TGCGCAGCACACTAAG-1	OP549859_1_ORF1	0	0	2	2	TRUE	TRUE
TGCGCAGCACGGATCG-1	OP549859_1_ORF1	0	0	1	1	FALSE	FALSE
TGCGCAGCACGGCTCT-1	MZ286102_1_ORF2	0	0	1	2	FALSE	TRUE
TGCGCAGCAGGGTAAG-1	OZ258728_1_ORF2	0	0	1	1	FALSE	TRUE
TGCGCAGCAGTCCAGG-1	MZ286102_1_ORF1	0	0	1	1	FALSE	FALSE
TGCGCAGCAGTCTCAT-1	meGFP	0	0	1	1	FALSE	FALSE
TGCGCAGCAGTTCGGG-1	OZ258728_1_ORF1	0	0	1	3	FALSE	FALSE
TGCGCAGCATAAGCCA-1	OZ258728_1_ORF1	0	0	2	2	TRUE	TRUE
TGCGCAGCATCAGCAA-1	MZ286188_1_ORF2	0	0	1	1	FALSE	TRUE
TGCGCAGCATGATTCC-1	OZ258728_1_ORF2	0	0	1	1	FALSE	TRUE
TGCGCCCAGACATCAA-1	OZ258728_1_ORF1	1	1	15	16	TRUE	TRUE
TGCGCCCAGAGGCCAC-1	OZ258728_1_ORF2	0	0	1	1	FALSE	FALSE
TGCGCCCAGATACAGC-1	OZ258728_1_ORF2	0	0	1	1	FALSE	TRUE
TGCGCCCAGCATCACC-1	MZ286102_1_ORF2	0	0	1	1	FALSE	TRUE
TGCGCCCAGCATCCGT-1	MZ286197_1_ORF2	0	0	2	4	FALSE	TRUE
TGCGCCCAGCCACAGA-1	meGFP	0	0	1	1	FALSE	TRUE
TGCGCCCAGCCCGTCA-1	MZ286188_1_ORF1	1	1	20	20	TRUE	TRUE
TGCGCCCAGCCTCTGG-1	OP549859_1_ORF1	0	0	3	3	TRUE	TRUE
TGCGCCCAGCGAGAGG-1	OZ258728_1_ORF2	0	0	1	2	FALSE	TRUE
TGCGCCCAGGAGTATC-1	MZ286197_1_ORF1	1	1	34	34	TRUE	TRUE
TGCGCCCAGGCGTGGT-1	MZ286258_1_ORF2	1	0	5	5	TRUE	TRUE
TGCGCCCAGGGGAACG-1	MZ286102_1_ORF2	0	0	3	3	TRUE	TRUE
TGCGCCCAGGTTCATT-1	MZ286102_1_ORF2	0	0	1	1	FALSE	TRUE
TGCGCCCAGTACTGGG-1	MZ286197_1_ORF1	0	0	1	1	FALSE	FALSE
TGCGCCCAGTCCAATT-1	OP549859_1_ORF1	0	0	1	1	FALSE	TRUE
TGCGCCCAGTGCCCAT-1	meGFP	0	0	2	2	TRUE	TRUE
TGCGCTTAGAAGCAAG-1	MZ286197_1_ORF1	1	0	5	5	TRUE	FALSE
TGCGCTTAGAAGCGCC-1	MZ286258_1_ORF2	0	0	1	1	FALSE	FALSE
TGCGCTTAGACCCTGT-1	OP549859_1_ORF1	1	1	52	54	TRUE	TRUE
TGCGCTTAGATCAGTA-1	MZ286188_1_ORF2	0	0	2	2	TRUE	TRUE
TGCGCTTAGCCTGATC-1	meGFP	0	0	1	1	FALSE	FALSE
TGCGCTTAGCGATTCC-1	OZ258728_1_ORF2	0	0	1	1	FALSE	FALSE
TGCGCTTAGCTGAGAT-1	MZ286188_1_ORF1	1	0	4	5	TRUE	TRUE
TGCGCTTAGGAATGTC-1	MZ286258_1_ORF1	1	1	11	11	TRUE	TRUE
TGCGCTTAGGGATACT-1	OZ258728_1_ORF2	0	0	1	1	FALSE	FALSE
TGCGCTTAGGGTGTCA-1	meGFP	0	0	1	1	FALSE	FALSE
TGCGCTTAGGTCGGTA-1	meGFP	1	1	42	42	TRUE	TRUE
TGCGCTTAGGTTGGGC-1	OZ258728_1_ORF2	1	1	128	129	TRUE	TRUE
TGCGCTTAGTCCACGT-1	MZ286102_1_ORF1	1	0	5	6	TRUE	TRUE
TGCGCTTAGTCGCTCG-1	OP549859_1_ORF1	0	0	1	1	FALSE	FALSE
TGCGCTTAGTGATAGC-1	OZ258728_1_ORF2	0	0	1	1	FALSE	FALSE
TGCGCTTAGTGTGATA-1	meGFP	1	1	138	138	TRUE	TRUE
TGCGCTTAGTTCGAGG-1	MZ286102_1_ORF1	0	0	3	3	TRUE	TRUE
TGCGGATCAAACTGTG-1	OP549859_1_ORF2	1	0	6	6	TRUE	TRUE
TGCGGATCAACCATTC-1	OZ258728_1_ORF1	1	1	14	14	TRUE	TRUE
TGCGGATCACACCGCT-1	MZ286188_1_ORF1	0	0	1	1	FALSE	FALSE
TGCGGATCACCTGCAC-1	MZ286258_1_ORF2	1	0	8	8	TRUE	TRUE
TGCGGATCAGCCGATG-1	OZ258728_1_ORF2	0	0	1	1	FALSE	FALSE
TGCGGATCATAAGTCG-1	OZ258728_1_ORF1	1	1	11	11	TRUE	TRUE
TGCGGATCATGAGCCG-1	OZ258728_1_ORF1	1	0	8	8	TRUE	TRUE
TGCGGGTAGACTCCGT-1	OZ258728_1_ORF2	0	0	1	1	FALSE	FALSE
TGCGGGTAGCAACTAA-1	OZ258728_1_ORF2	0	0	1	2	FALSE	TRUE
TGCGGGTAGCATCCGT-1	OZ258728_1_ORF2	0	0	1	3	FALSE	TRUE
TGCGGGTAGCGCTAGA-1	OZ258728_1_ORF2	0	0	1	1	FALSE	FALSE
TGCGGGTAGGCCTCAT-1	MZ286258_1_ORF2	1	0	4	5	TRUE	TRUE
TGCGGTCGTAAGCGGT-1	MZ286258_1_ORF2	1	1	13	13	TRUE	TRUE
TGCGGTCGTATACGTC-1	OP549859_1_ORF1	1	1	50	50	TRUE	TRUE
TGCGGTCGTCGACCGT-1	MZ286258_1_ORF1	1	1	33	34	TRUE	TRUE
TGCGGTCGTCTAAGCT-1	OP549859_1_ORF1	1	1	12	12	TRUE	TRUE
TGCGGTCGTCTTAATG-1	MZ286258_1_ORF2	0	0	1	1	FALSE	FALSE
TGCGGTCGTGAATCTC-1	MZ286188_1_ORF1	1	0	4	5	TRUE	TRUE
TGCGGTCGTGAGGTGT-1	MZ286102_1_ORF2	0	0	1	1	FALSE	FALSE
TGCGGTCGTGCAAGCG-1	MZ286197_1_ORF2	0	0	2	2	TRUE	TRUE
TGCGGTCGTGTGATTC-1	OZ258728_1_ORF1	0	0	1	1	FALSE	TRUE
TGCGGTCGTTCGGTTG-1	MZ286102_1_ORF2	0	0	2	3	FALSE	TRUE
TGCGGTCGTTGACCGC-1	meGFP	1	1	27	27	TRUE	TRUE
TGCGGTGCAACCTCAT-1	meGFP	0	0	1	1	FALSE	FALSE
TGCGGTGCAACTTCGT-1	MZ286258_1_ORF2	0	0	1	1	FALSE	TRUE
TGCGGTGCACCAATGA-1	OP549859_1_ORF2	0	0	1	3	FALSE	TRUE
TGCGGTGCATGGTAAT-1	MZ286102_1_ORF2	1	1	11	11	TRUE	TRUE
TGCGGTGCATGTGATG-1	OZ258728_1_ORF1	1	0	4	4	TRUE	TRUE
TGCGGTGCATTCGCTG-1	OZ258728_1_ORF2	1	0	7	7	TRUE	TRUE
TGCGTAGAGACTCGCT-1	MZ286258_1_ORF2	1	0	4	4	TRUE	TRUE
TGCGTAGAGCCCGATT-1	MZ286258_1_ORF2	0	0	1	1	FALSE	FALSE
TGCGTAGAGCCTTCCC-1	MZ286258_1_ORF2	1	0	4	4	TRUE	TRUE
TGCGTAGAGCGGAACC-1	MZ286102_1_ORF2	0	0	1	1	FALSE	TRUE
TGCGTAGAGCTATGAA-1	OP549859_1_ORF1	0	0	1	1	FALSE	FALSE
TGCGTAGAGGACTCTC-1	OZ258728_1_ORF2	0	0	1	1	FALSE	TRUE
TGCGTAGAGGTGGCTA-1	MZ286197_1_ORF1	0	0	1	1	FALSE	TRUE
TGCGTAGAGTACCTGC-1	OP549859_1_ORF2	0	0	1	1	FALSE	FALSE
TGCGTAGAGTTAACCT-1	OP549859_1_ORF2	0	0	3	3	TRUE	TRUE
TGCGTGAAGACATCGG-1	OZ258728_1_ORF2	0	0	1	1	FALSE	TRUE
TGCGTGAAGACCCATC-1	OZ258728_1_ORF2	0	0	1	1	FALSE	TRUE
TGCGTGAAGATAGTCA-1	MZ286102_1_ORF2	1	0	8	9	TRUE	TRUE
TGCGTGAAGATCAAGC-1	OP549859_1_ORF1	0	0	1	1	FALSE	FALSE
TGCGTGAAGCCATGAG-1	MZ286188_1_ORF1	1	1	63	63	TRUE	TRUE
TGCGTGAAGCTCTAGC-1	OZ258728_1_ORF2	0	0	1	3	FALSE	TRUE
TGCGTGAAGGAGCATT-1	OZ258728_1_ORF2	1	1	70	71	TRUE	TRUE
TGCGTGAAGGCACGGT-1	MZ286258_1_ORF2	0	0	1	1	FALSE	TRUE
TGCGTGAAGGTGGACC-1	MZ286102_1_ORF2	0	0	1	1	FALSE	TRUE
TGCGTGAAGTTGCGTC-1	OP549859_1_ORF2	1	1	17	17	TRUE	TRUE
TGCGTGCGTCGCTACA-1	meGFP	0	0	1	1	FALSE	FALSE
TGCGTGCGTGGGTCGA-1	MZ286102_1_ORF2	0	0	1	1	FALSE	FALSE
TGCGTGCGTGGTGCGA-1	meGFP	0	0	1	1	FALSE	TRUE
TGCGTGCGTTCGCTGA-1	OZ258728_1_ORF2	0	0	3	3	TRUE	TRUE
TGCGTGGCAACCAGTA-1	OZ258728_1_ORF1	0	0	1	1	FALSE	TRUE
TGCGTGGCAATGGACC-1	OZ258728_1_ORF2	0	0	1	1	FALSE	TRUE
TGCGTGGCAGACCGCA-1	OP549859_1_ORF2	1	1	13	13	TRUE	TRUE
TGCGTGGCAGCGCACA-1	OZ258728_1_ORF2	0	0	1	1	FALSE	TRUE
TGCGTGGCAGGCCAAT-1	MZ286188_1_ORF2	1	1	14	15	TRUE	TRUE
TGCGTGGCAGGTAGCT-1	OZ258728_1_ORF1	1	1	10	10	TRUE	TRUE
TGCGTGGCATATGCTC-1	meGFP	0	0	1	1	FALSE	FALSE
TGCGTGGCATCCCGGT-1	OP549859_1_ORF2	0	0	1	1	FALSE	TRUE
TGCGTGGCATGAGCCG-1	OZ258728_1_ORF1	0	0	1	1	FALSE	FALSE
TGCGTGGCATTCACAC-1	MZ286197_1_ORF1	1	0	6	7	TRUE	TRUE
TGCTCGAGTACAGGGT-1	MZ286258_1_ORF2	1	0	7	7	TRUE	TRUE
TGCTCGAGTAGCATAG-1	MZ286188_1_ORF1	0	0	1	1	FALSE	TRUE
TGCTCGAGTAGGTAGC-1	OZ258728_1_ORF1	1	1	31	32	TRUE	TRUE
TGCTCGAGTAGTCCTG-1	MZ286102_1_ORF1	0	0	1	1	FALSE	FALSE
TGCTCGAGTGGCTTGC-1	OP549859_1_ORF1	0	0	1	1	FALSE	FALSE
TGCTCGAGTGGGACCA-1	OP549859_1_ORF1	0	0	1	1	FALSE	FALSE
TGCTCGAGTGTGTCGC-1	MZ286188_1_ORF1	0	0	3	3	TRUE	FALSE
TGCTCGAGTTAACGAG-1	MZ286197_1_ORF2	1	1	18	18	TRUE	TRUE
TGCTCGAGTTTACGAC-1	OZ258728_1_ORF2	0	0	3	7	FALSE	TRUE
TGCTCGAGTTTAGGAG-1	OP549859_1_ORF1	1	1	76	77	TRUE	TRUE
TGCTGAGAGACGATAC-1	MZ286258_1_ORF1	1	0	5	5	TRUE	TRUE
TGCTGAGAGAGCCAAT-1	MZ286102_1_ORF2	0	0	1	1	FALSE	FALSE
TGCTGAGAGAGGACTT-1	MZ286258_1_ORF2	0	0	1	1	FALSE	FALSE
TGCTGAGAGATACAGC-1	MZ286102_1_ORF2	0	0	1	1	FALSE	TRUE
TGCTGAGAGATGCCTC-1	OZ258728_1_ORF2	0	0	1	1	FALSE	TRUE
TGCTGAGAGCCAGTTC-1	MZ286258_1_ORF2	1	0	8	12	TRUE	TRUE
TGCTGAGAGCCTACTA-1	MZ286102_1_ORF2	0	0	2	4	FALSE	TRUE
TGCTGAGAGGGATGGG-1	MZ286102_1_ORF1	1	1	27	27	TRUE	TRUE
TGCTGAGAGGTCGAAT-1	meGFP	0	0	1	1	FALSE	FALSE
TGCTGAGAGTGCCCAT-1	MZ286258_1_ORF2	0	0	1	1	FALSE	TRUE
TGCTGATGTAATGAAC-1	meGFP	1	1	38	39	TRUE	TRUE
TGCTGATGTACAGCCC-1	OP549859_1_ORF1	1	1	36	36	TRUE	TRUE
TGCTGATGTACCGACC-1	MZ286258_1_ORF1	0	0	1	1	FALSE	TRUE
TGCTGATGTCCACGGT-1	MZ286102_1_ORF1	0	0	1	1	FALSE	FALSE
TGCTGATGTCCATGAT-1	OZ258728_1_ORF1	1	0	4	4	TRUE	TRUE
TGCTGATGTCGATGCC-1	MZ286188_1_ORF2	0	0	1	2	FALSE	FALSE
TGCTGATGTGAGGAGA-1	OP549859_1_ORF1	0	0	1	1	FALSE	TRUE
TGCTGATGTGAGGTGT-1	meGFP	0	0	1	1	FALSE	TRUE
TGCTGATGTGATCCCA-1	MZ286197_1_ORF1	1	1	15	15	TRUE	TRUE
TGCTGATGTGATTGCT-1	MZ286258_1_ORF2	0	0	1	1	FALSE	FALSE
TGCTGATGTGCGTGCT-1	MZ286102_1_ORF1	0	0	1	1	FALSE	TRUE
TGCTGATGTGCTTAGT-1	MZ286188_1_ORF1	0	0	1	1	FALSE	FALSE
TGCTGATGTGGCTTGC-1	MZ286197_1_ORF1	0	0	1	1	FALSE	FALSE
TGCTGATGTGTCTGTG-1	MZ286102_1_ORF2	0	0	1	1	FALSE	TRUE
TGCTGATGTTAGAGAT-1	MZ286258_1_ORF2	0	0	1	1	FALSE	FALSE
TGCTGATGTTCGTAGT-1	OP549859_1_ORF1	0	0	1	1	FALSE	FALSE
TGCTGATGTTTAGCAC-1	MZ286197_1_ORF1	0	0	1	1	FALSE	TRUE
TGCTGATGTTTGAACC-1	OP549859_1_ORF2	0	0	1	1	FALSE	TRUE
TGCTGATGTTTGGTAC-1	MZ286197_1_ORF2	0	0	1	1	FALSE	TRUE
TGCTGGAAGACCCTGT-1	OZ258728_1_ORF1	0	0	1	1	FALSE	FALSE
TGCTGGAAGATATGCA-1	MZ286258_1_ORF2	1	0	6	6	TRUE	TRUE
TGCTGGAAGATGGCGC-1	OP549859_1_ORF1	1	1	59	59	TRUE	TRUE
TGCTGGAAGCGATTAA-1	OZ258728_1_ORF2	0	0	3	4	TRUE	TRUE
TGCTGGAAGCGCTAGA-1	OZ258728_1_ORF2	0	0	1	1	FALSE	FALSE
TGCTGGAAGGAATCTA-1	MZ286102_1_ORF1	1	0	8	13	TRUE	TRUE
TGCTGGAAGTCAACTT-1	OZ258728_1_ORF1	0	0	1	1	FALSE	TRUE
TGCTGGAAGTGTGTCC-1	meGFP	0	0	1	2	FALSE	TRUE
TGCTGGAAGTTGCGTC-1	OZ258728_1_ORF2	0	0	1	1	FALSE	FALSE
TGCTGGCGTACCGACC-1	OZ258728_1_ORF1	0	0	1	1	FALSE	FALSE
TGCTGGCGTAGCTCGC-1	meGFP	0	0	1	1	FALSE	FALSE
TGCTGGCGTAGGCAGT-1	MZ286188_1_ORF1	1	1	25	25	TRUE	TRUE
TGCTGGCGTATTGACC-1	MZ286102_1_ORF2	0	0	1	1	FALSE	FALSE
TGCTGGCGTCAGTCGC-1	MZ286188_1_ORF1	0	0	1	1	FALSE	FALSE
TGCTGGCGTCCACATG-1	OZ258728_1_ORF2	0	0	2	2	TRUE	TRUE
TGCTGGCGTCCATGAT-1	MZ286188_1_ORF2	0	0	1	2	FALSE	TRUE
TGCTGGCGTCGCAGGA-1	MZ286197_1_ORF2	0	0	1	2	FALSE	TRUE
TGCTGGCGTCGTTAGT-1	MZ286102_1_ORF1	2	0	4	14	FALSE	TRUE
TGCTGGCGTGAGAGCT-1	MZ286197_1_ORF2	1	0	6	6	TRUE	TRUE
TGCTGGCGTGAGATAT-1	OZ258728_1_ORF2	1	0	5	12	TRUE	TRUE
TGCTGGCGTGCTTAGT-1	MZ286188_1_ORF1	0	0	1	1	FALSE	FALSE
TGCTGGCGTGGACATA-1	OZ258728_1_ORF2	0	0	2	5	FALSE	TRUE
TGCTGGCGTTCGGTTG-1	MZ286188_1_ORF1	1	1	65	65	TRUE	TRUE
TGCTGGCGTTCGTAAC-1	MZ286102_1_ORF2	0	0	1	1	FALSE	FALSE
TGCTGGCGTTCTATGA-1	MZ286258_1_ORF2	0	0	1	1	FALSE	TRUE
TGCTGGCGTTTCCTAT-1	MZ286197_1_ORF2	1	0	4	5	TRUE	TRUE
TGGACATAGAATGGTC-1	meGFP	0	0	1	1	FALSE	TRUE
TGGACATAGATGGCGC-1	OZ258728_1_ORF2	0	0	1	1	FALSE	TRUE
TGGACATAGCAATGAC-1	meGFP	0	0	1	2	FALSE	TRUE
TGGACATAGCTTAATC-1	OP549859_1_ORF1	0	0	1	1	FALSE	TRUE
TGGACATAGTATCGAA-1	OZ258728_1_ORF1	1	1	41	41	TRUE	TRUE
TGGACATAGTTAGGTA-1	OZ258728_1_ORF2	3	1	34	48	FALSE	TRUE
TGGACGGGTAAGTAAC-1	OZ258728_1_ORF2	0	0	2	3	FALSE	TRUE
TGGACGGGTATCCTAA-1	MZ286102_1_ORF1	1	0	4	4	TRUE	TRUE
TGGACGGGTCATGAGA-1	MZ286188_1_ORF2	0	0	1	1	FALSE	FALSE
TGGACGGGTCCATGAT-1	OZ258728_1_ORF2	0	0	1	1	FALSE	FALSE
TGGACGGGTCTTGGGC-1	OZ258728_1_ORF1	0	0	1	1	FALSE	FALSE
TGGACGGGTGGCAACG-1	OP549859_1_ORF1	0	0	1	1	FALSE	TRUE
TGGACGGGTTAGTTGC-1	OP549859_1_ORF1	0	0	1	1	FALSE	TRUE
TGGACGGGTTATAGGG-1	OZ258728_1_ORF2	0	0	1	1	FALSE	TRUE
TGGACGGGTTGCAGTT-1	meGFP	0	0	1	1	FALSE	TRUE
TGGACGGGTTGTGCGC-1	OZ258728_1_ORF2	0	0	1	1	FALSE	FALSE
TGGAGCGGTAATGTCC-1	MZ286102_1_ORF2	1	1	20	20	TRUE	TRUE
TGGAGCGGTAGAGCCG-1	MZ286197_1_ORF1	1	0	6	6	TRUE	TRUE
TGGAGCGGTAGGTCAA-1	MZ286258_1_ORF2	1	1	10	10	TRUE	TRUE
TGGAGCGGTATTGACC-1	MZ286258_1_ORF1	1	0	5	6	TRUE	TRUE
TGGAGCGGTCAGGAGT-1	OZ258728_1_ORF2	0	0	1	3	FALSE	TRUE
TGGAGCGGTCTTGCAG-1	OP549859_1_ORF1	0	0	1	2	FALSE	TRUE
TGGAGCGGTGAGAGGA-1	MZ286188_1_ORF2	0	0	3	3	TRUE	FALSE
TGGAGCGGTGTACCAT-1	OP549859_1_ORF1	1	1	18	18	TRUE	TRUE
TGGAGCGGTGTACCGC-1	MZ286188_1_ORF1	1	0	9	9	TRUE	TRUE
TGGAGCGGTGTCCAAT-1	MZ286188_1_ORF2	0	0	1	1	FALSE	TRUE
TGGATCGAGAATCAGC-1	OZ258728_1_ORF2	0	0	1	1	FALSE	FALSE
TGGATCGAGAGTCCCT-1	MZ286258_1_ORF2	1	0	6	7	TRUE	TRUE
TGGATCGAGCAACGAT-1	OZ258728_1_ORF2	0	0	1	1	FALSE	FALSE
TGGATCGAGCATATCT-1	meGFP	0	0	1	1	FALSE	TRUE
TGGATCGAGCTATACT-1	meGFP	0	0	1	3	FALSE	TRUE
TGGATCGAGGCCAGGT-1	MZ286197_1_ORF1	0	0	2	2	TRUE	TRUE
TGGATCGAGGGCGTAC-1	MZ286258_1_ORF1	0	0	2	2	TRUE	FALSE
TGGATCGAGTGATAGC-1	OP549859_1_ORF1	0	0	1	1	FALSE	FALSE
TGGCGAATCAACTGAA-1	MZ286258_1_ORF2	1	0	4	5	TRUE	TRUE
TGGCGAATCACACTTG-1	MZ286188_1_ORF1	1	1	28	28	TRUE	TRUE
TGGCGAATCCCAACTA-1	OP549859_1_ORF2	1	0	6	6	TRUE	TRUE
TGGCGAATCCCATCAA-1	OZ258728_1_ORF2	0	0	1	1	FALSE	TRUE
TGGCGAATCGAGCGGT-1	MZ286188_1_ORF1	3	2	16	36	FALSE	TRUE
TGGCGAATCGGATGCA-1	OP549859_1_ORF1	0	0	1	1	FALSE	FALSE
TGGCGAATCGGGAACC-1	MZ286258_1_ORF1	1	0	4	5	TRUE	TRUE
TGGCGAATCGGTAGCA-1	MZ286258_1_ORF1	0	0	1	1	FALSE	TRUE
TGGCGAATCGTCATGC-1	MZ286258_1_ORF2	0	0	1	1	FALSE	FALSE
TGGCGAATCGTTACTG-1	MZ286102_1_ORF2	1	0	4	5	TRUE	TRUE
TGGCGAATCTACCGAC-1	MZ286258_1_ORF2	1	1	14	14	TRUE	TRUE
TGGCGAATCTCTGGCG-1	MZ286258_1_ORF1	0	0	2	2	TRUE	TRUE
TGGCGAATCTGGGACA-1	MZ286102_1_ORF2	1	1	13	14	TRUE	TRUE
TGGCGAATCTGGGTTC-1	MZ286197_1_ORF1	0	0	1	1	FALSE	TRUE
TGGCGAGGTACTTGGT-1	MZ286188_1_ORF1	1	0	7	7	TRUE	TRUE
TGGCGAGGTGAATGTG-1	meGFP	0	0	2	2	TRUE	TRUE
TGGCGAGGTGATAGTG-1	meGFP	0	0	2	4	FALSE	TRUE
TGGCGAGGTGGCTTGC-1	meGFP	0	0	1	1	FALSE	FALSE
TGGCGAGGTGGGTAAC-1	OP549859_1_ORF1	1	1	27	28	TRUE	TRUE
TGGCGAGGTTACGTTA-1	MZ286102_1_ORF2	1	1	17	18	TRUE	TRUE
TGGCGAGGTTGCAATC-1	meGFP	1	1	16	16	TRUE	TRUE
TGGCGAGGTTTACTTC-1	OP549859_1_ORF1	0	0	1	1	FALSE	TRUE
TGGCGCGAGCCTTCCC-1	MZ286258_1_ORF2	1	1	26	27	TRUE	TRUE
TGGCGCGAGCGATTCC-1	OZ258728_1_ORF1	2	1	13	24	FALSE	TRUE
TGGCGCGAGCGGGAAG-1	OZ258728_1_ORF2	0	0	1	1	FALSE	TRUE
TGGCGCGAGCTCCGCA-1	OZ258728_1_ORF1	1	1	11	11	TRUE	TRUE
TGGCGCGAGCTGGTTC-1	OP549859_1_ORF2	0	0	2	2	TRUE	TRUE
TGGCGCGAGGCACATG-1	meGFP	0	0	2	4	FALSE	TRUE
TGGCGCGAGGGGTAGG-1	OP549859_1_ORF1	0	0	1	1	FALSE	TRUE
TGGCGCGAGTAGTGTA-1	OZ258728_1_ORF2	0	0	3	3	TRUE	TRUE
TGGCGCTGTACCGATT-1	MZ286258_1_ORF2	0	0	3	4	TRUE	TRUE
TGGCGCTGTGAGATAT-1	OP549859_1_ORF2	1	0	4	4	TRUE	TRUE
TGGCGCTGTGCCCAAC-1	MZ286102_1_ORF2	1	0	6	6	TRUE	TRUE
TGGCGCTGTTCGCAGC-1	OZ258728_1_ORF2	0	0	1	2	FALSE	TRUE
TGGCGCTGTTGGTTAC-1	MZ286102_1_ORF2	0	0	1	2	FALSE	TRUE
TGGCGTAAGACTTGGG-1	MZ286102_1_ORF2	1	1	15	16	TRUE	TRUE
TGGCGTAAGATCAGTA-1	OP549859_1_ORF1	0	0	1	1	FALSE	FALSE
TGGCGTAAGCACGGAC-1	OP549859_1_ORF2	0	0	3	3	TRUE	TRUE
TGGCGTAAGCACGTTC-1	OP549859_1_ORF1	0	0	2	5	FALSE	TRUE
TGGCGTAAGCCTTGCG-1	OP549859_1_ORF2	0	0	1	2	FALSE	TRUE
TGGCGTAAGCGATTAA-1	OP549859_1_ORF2	0	0	1	1	FALSE	TRUE
TGGCGTAAGCGCTTAC-1	MZ286102_1_ORF2	0	0	3	3	TRUE	TRUE
TGGCGTAAGGACACCA-1	MZ286102_1_ORF1	1	0	4	6	TRUE	TRUE
TGGCGTAAGGGGCCAT-1	MZ286258_1_ORF2	0	0	3	3	TRUE	TRUE
TGGCGTAAGGTTCGGA-1	MZ286258_1_ORF2	0	0	1	1	FALSE	FALSE
TGGCGTAAGTATCGTT-1	meGFP	1	0	7	7	TRUE	TRUE
TGGCGTAAGTGAGAGA-1	OZ258728_1_ORF2	1	0	6	7	TRUE	TRUE
TGGCGTAAGTGATAGC-1	MZ286102_1_ORF2	0	0	1	1	FALSE	TRUE
TGGCGTGCAAAGCGGA-1	meGFP	1	1	10	11	TRUE	TRUE
TGGCGTGCAACTGGCG-1	meGFP	1	0	6	9	TRUE	TRUE
TGGCGTGCAATATAGC-1	OZ258728_1_ORF1	1	0	5	8	TRUE	TRUE
TGGCGTGCACAAGGGA-1	OZ258728_1_ORF2	1	1	68	68	TRUE	TRUE
TGGCGTGCACGTGGAT-1	meGFP	2	1	11	19	FALSE	TRUE
TGGCGTGCACTCCGTA-1	MZ286102_1_ORF1	0	0	1	1	FALSE	TRUE
TGGCGTGCATTGGACA-1	MZ286188_1_ORF2	0	0	2	2	TRUE	TRUE
TGGCGTTTCACATGCC-1	meGFP	1	1	98	98	TRUE	TRUE
TGGCGTTTCACCCTGG-1	OP549859_1_ORF2	0	0	3	3	TRUE	TRUE
TGGCGTTTCATTGCCA-1	MZ286258_1_ORF2	1	1	18	18	TRUE	TRUE
TGGCGTTTCCCAGTGT-1	OZ258728_1_ORF2	0	0	1	1	FALSE	TRUE
TGGCGTTTCCTCCGTC-1	OZ258728_1_ORF1	0	0	1	1	FALSE	FALSE
TGGCGTTTCCTCTGGG-1	OP549859_1_ORF1	1	0	4	7	TRUE	TRUE
TGGCGTTTCGCACCAT-1	MZ286197_1_ORF1	1	0	5	5	TRUE	TRUE
TGGCGTTTCGTACGTC-1	OZ258728_1_ORF2	0	0	1	1	FALSE	FALSE
TGGCGTTTCTACCAGC-1	MZ286258_1_ORF2	0	0	1	2	FALSE	TRUE
TGGCGTTTCTCTGGTA-1	OZ258728_1_ORF2	0	0	1	1	FALSE	FALSE
TGGCTAGAGAATGGAG-1	meGFP	1	1	51	51	TRUE	TRUE
TGGCTAGAGACCAGCA-1	OP549859_1_ORF1	1	1	12	12	TRUE	TRUE
TGGCTAGAGAGCCAAT-1	OP549859_1_ORF2	0	0	1	1	FALSE	TRUE
TGGCTAGAGCCAACCT-1	meGFP	1	1	84	85	TRUE	TRUE
TGGCTAGAGCGGATTG-1	OZ258728_1_ORF1	2	2	15	29	FALSE	TRUE
TGGCTAGAGGGGTCTA-1	OZ258728_1_ORF2	0	0	1	1	FALSE	FALSE
TGGCTCTAGACACGCA-1	MZ286258_1_ORF2	1	1	11	11	TRUE	TRUE
TGGCTCTAGAGTCGCA-1	meGFP	0	0	1	1	FALSE	FALSE
TGGCTCTAGGATCGCA-1	OP549859_1_ORF2	1	0	4	5	TRUE	TRUE
TGGCTCTAGGGCCGAT-1	OP549859_1_ORF1	0	0	1	1	FALSE	FALSE
TGGCTCTAGTGGATTA-1	MZ286102_1_ORF1	1	1	34	35	TRUE	TRUE
TGGCTGAAGATTCCGC-1	MZ286197_1_ORF1	0	0	1	1	FALSE	TRUE
TGGCTGAAGCGATTAA-1	MZ286258_1_ORF2	1	0	6	6	TRUE	TRUE
TGGCTGAAGCGGGAAG-1	OZ258728_1_ORF2	0	0	1	1	FALSE	FALSE
TGGCTGAAGCGGGTTA-1	OZ258728_1_ORF2	1	1	14	14	TRUE	TRUE
TGGCTGAAGGAGACCC-1	OZ258728_1_ORF2	0	0	1	1	FALSE	FALSE
TGGCTGAAGGCTTGCT-1	MZ286258_1_ORF2	0	0	1	2	FALSE	TRUE
TGGCTGAAGGGCGTAC-1	OZ258728_1_ORF2	0	0	1	1	FALSE	FALSE
TGGCTGGCAAGTCAAT-1	meGFP	0	0	1	1	FALSE	TRUE
TGGCTGGCAATAGAGA-1	OZ258728_1_ORF2	1	0	4	10	TRUE	TRUE
TGGCTGGCACACAGCG-1	OP549859_1_ORF2	1	1	19	20	TRUE	TRUE
TGGCTGGCACCTCGAC-1	OP549859_1_ORF1	1	1	38	38	TRUE	TRUE
TGGCTGGCACTTCGGC-1	OZ258728_1_ORF2	0	0	1	1	FALSE	TRUE
TGGCTGGCAGACCGCA-1	OZ258728_1_ORF2	0	0	1	1	FALSE	TRUE
TGGCTGGCAGGGTCCA-1	meGFP	1	1	20	20	TRUE	TRUE
TGGCTGGCAGTCGAGT-1	MZ286102_1_ORF2	1	1	10	12	TRUE	TRUE
TGGCTGGCAGTTCGTT-1	MZ286197_1_ORF1	0	0	1	1	FALSE	FALSE
TGGCTGGCATAGTAAC-1	MZ286197_1_ORF1	0	0	1	1	FALSE	TRUE
TGGCTGGCATATGCTC-1	MZ286258_1_ORF2	0	0	2	3	FALSE	TRUE
TGGCTGTTCAGTATCT-1	MZ286258_1_ORF2	0	0	1	1	FALSE	TRUE
TGGCTGTTCAGTATGA-1	OZ258728_1_ORF1	0	0	1	1	FALSE	TRUE
TGGCTGTTCCAAGTGG-1	MZ286258_1_ORF2	1	1	11	12	TRUE	TRUE
TGGCTGTTCCCTCTAT-1	meGFP	0	0	1	1	FALSE	TRUE
TGGCTGTTCTGGACCT-1	MZ286188_1_ORF1	1	0	7	7	TRUE	TRUE
TGGCTGTTCTGTCGGT-1	MZ286102_1_ORF2	1	0	6	7	TRUE	TRUE
TGGCTTATCAATTAGG-1	OZ258728_1_ORF1	0	0	1	1	FALSE	FALSE
TGGCTTATCGCCCTGA-1	OZ258728_1_ORF2	1	1	21	21	TRUE	TRUE
TGGCTTATCGGACCAA-1	meGFP	0	0	1	1	FALSE	FALSE
TGGCTTATCTTGAGCC-1	MZ286197_1_ORF1	1	0	9	9	TRUE	TRUE
TGGCTTATCTTGCATG-1	MZ286258_1_ORF2	1	1	42	43	TRUE	TRUE
TGGGACTCAAGACCGT-1	OZ258728_1_ORF1	0	0	1	1	FALSE	FALSE
TGGGACTCAATCTGTC-1	MZ286258_1_ORF1	0	0	2	2	TRUE	TRUE
TGGGACTCACGAAGGA-1	OP549859_1_ORF1	1	0	4	4	TRUE	TRUE
TGGGACTCACTCCGTA-1	MZ286258_1_ORF2	1	1	19	19	TRUE	TRUE
TGGGACTCAGGTCTAA-1	meGFP	1	1	50	50	TRUE	TRUE
TGGGACTCAGGTCTCC-1	meGFP	0	0	1	1	FALSE	FALSE
TGGGACTCATACCGGG-1	meGFP	0	0	1	1	FALSE	FALSE
TGGGACTCATCAGCAA-1	MZ286188_1_ORF1	1	0	6	6	TRUE	TRUE
TGGGACTCATCGCATT-1	MZ286102_1_ORF2	1	0	5	5	TRUE	TRUE
TGGGACTCATGACGGT-1	MZ286258_1_ORF2	0	0	2	5	FALSE	TRUE
TGGGACTCATGTGCAA-1	MZ286258_1_ORF2	1	0	6	7	TRUE	TRUE
TGGGACTCATTGAGGC-1	OZ258728_1_ORF2	0	0	1	1	FALSE	FALSE
TGGGAGCTCACGGTCT-1	OP549859_1_ORF2	0	0	1	1	FALSE	TRUE
TGGGAGCTCCCCGGTA-1	MZ286258_1_ORF2	1	1	12	13	TRUE	TRUE
TGGGAGCTCCGCTCGA-1	MZ286258_1_ORF2	0	0	1	1	FALSE	TRUE
TGGGAGCTCGAACGTG-1	MZ286102_1_ORF1	1	1	12	15	TRUE	TRUE
TGGGAGCTCGATTCAT-1	MZ286197_1_ORF1	0	0	1	1	FALSE	FALSE
TGGGCGAGTACGTTCG-1	OZ258728_1_ORF2	0	0	1	1	FALSE	FALSE
TGGGCGAGTCGCGTGT-1	OZ258728_1_ORF2	0	0	1	1	FALSE	FALSE
TGGGCGAGTGGCAACG-1	meGFP	0	0	1	1	FALSE	FALSE
TGGGCGAGTGGCGTCT-1	OZ258728_1_ORF1	0	0	2	2	TRUE	TRUE
TGGGCGAGTTAGATGG-1	OZ258728_1_ORF2	0	0	2	2	TRUE	FALSE
TGGGCGAGTTATCTAG-1	OZ258728_1_ORF2	1	1	96	98	TRUE	TRUE
TGGGCGAGTTGTGTGT-1	MZ286258_1_ORF2	1	1	25	25	TRUE	TRUE
TGGGCGTAGACACTAA-1	OP549859_1_ORF2	0	0	1	1	FALSE	TRUE
TGGGCGTAGCCTCACG-1	OP549859_1_ORF2	0	0	1	2	FALSE	TRUE
TGGGCGTAGCCTTCAA-1	OZ258728_1_ORF1	0	0	1	1	FALSE	FALSE
TGGGCGTAGCGACGGT-1	OZ258728_1_ORF2	0	0	2	3	FALSE	TRUE
TGGGCGTAGCGGATCA-1	OZ258728_1_ORF1	1	0	5	5	TRUE	TRUE
TGGGCGTAGCGGGAAG-1	MZ286188_1_ORF1	0	0	1	1	FALSE	FALSE
TGGGCGTAGCTACTTG-1	MZ286258_1_ORF2	0	0	1	1	FALSE	FALSE
TGGGCGTAGCTTGACC-1	MZ286188_1_ORF1	0	0	1	1	FALSE	TRUE
TGGGCGTAGGAATGTC-1	MZ286102_1_ORF1	0	0	1	1	FALSE	TRUE
TGGGCGTAGGGATGGG-1	OZ258728_1_ORF2	0	0	3	4	TRUE	TRUE
TGGGCGTAGGGCGTAC-1	OZ258728_1_ORF2	0	0	1	1	FALSE	FALSE
TGGGCGTAGGGTATGT-1	MZ286197_1_ORF2	0	0	1	1	FALSE	FALSE
TGGGGACTCAGGACGC-1	OZ258728_1_ORF1	0	0	1	1	FALSE	FALSE
TGGGGACTCCAAGTCC-1	MZ286188_1_ORF1	0	0	1	1	FALSE	TRUE
TGGGGACTCCGGCTTG-1	OZ258728_1_ORF2	1	1	13	14	TRUE	TRUE
TGGGGACTCCTCCGTC-1	OP549859_1_ORF2	1	0	7	7	TRUE	TRUE
TGGGGACTCCTGGGAA-1	MZ286188_1_ORF1	1	0	4	5	TRUE	TRUE
TGGGGACTCGCAACTC-1	OZ258728_1_ORF1	0	0	3	3	TRUE	TRUE
TGGGGACTCTTGAATC-1	OZ258728_1_ORF1	0	0	1	1	FALSE	FALSE
TGGGTATAGACACCTC-1	OZ258728_1_ORF2	0	0	1	1	FALSE	FALSE
TGGGTATAGACCTACC-1	meGFP	1	1	23	23	TRUE	TRUE
TGGGTATAGACTTACT-1	MZ286102_1_ORF2	0	0	3	3	TRUE	TRUE
TGGGTATAGAGAGCTT-1	MZ286197_1_ORF2	0	0	1	1	FALSE	TRUE
TGGGTATAGAGTCATA-1	OP549859_1_ORF1	0	0	1	1	FALSE	FALSE
TGGGTATAGCACGGAC-1	MZ286197_1_ORF2	0	0	1	1	FALSE	TRUE
TGGGTATAGCGGAACC-1	MZ286102_1_ORF2	1	0	4	5	TRUE	TRUE
TGGGTATAGGATCGCA-1	MZ286197_1_ORF2	0	0	1	1	FALSE	TRUE
TGGGTATAGGCATCCT-1	MZ286197_1_ORF1	0	0	1	1	FALSE	FALSE
TGGGTATAGGCGGTGT-1	OP549859_1_ORF2	1	0	5	5	TRUE	TRUE
TGGGTATAGGCTTGCT-1	meGFP	0	0	1	1	FALSE	TRUE
TGGTCACTCAACTGGG-1	MZ286258_1_ORF1	0	0	1	1	FALSE	FALSE
TGGTCACTCCCACAGT-1	MZ286197_1_ORF1	1	0	5	5	TRUE	TRUE
TGGTCACTCCCTTCCA-1	meGFP	0	0	1	1	FALSE	TRUE
TGGTCACTCCGACAGA-1	OZ258728_1_ORF1	0	0	1	1	FALSE	TRUE
TGGTCACTCGCTAGTC-1	meGFP	1	1	36	38	TRUE	TRUE
TGGTCACTCGTCAATT-1	MZ286258_1_ORF1	1	1	18	19	TRUE	TRUE
TGGTCACTCGTGAGGC-1	OZ258728_1_ORF1	1	1	25	26	TRUE	TRUE
TGGTCACTCTAAGCAA-1	MZ286258_1_ORF2	1	1	15	15	TRUE	TRUE
TGGTCACTCTCCTAAG-1	MZ286188_1_ORF1	0	0	1	1	FALSE	TRUE
TGGTCACTCTGAGTAA-1	meGFP	0	0	1	1	FALSE	FALSE
TGGTCACTCTGCACTA-1	OP549859_1_ORF2	0	0	2	4	FALSE	TRUE
TGGTCTCAGACACTAA-1	OZ258728_1_ORF2	0	0	1	1	FALSE	FALSE
TGGTCTCAGATTAGGC-1	MZ286258_1_ORF2	1	0	5	6	TRUE	TRUE
TGGTCTCAGCATCACC-1	meGFP	0	0	2	2	TRUE	TRUE
TGGTCTCAGCGGGACT-1	MZ286188_1_ORF2	0	0	1	1	FALSE	TRUE
TGGTCTCAGGAGTATC-1	MZ286258_1_ORF2	1	1	16	17	TRUE	TRUE
TGGTCTCAGGTAGGCC-1	MZ286197_1_ORF2	1	0	6	6	TRUE	TRUE
TGGTCTCAGTGAGAGA-1	OZ258728_1_ORF2	0	0	1	1	FALSE	FALSE
TGGTGATAGACACTAA-1	OP549859_1_ORF2	0	0	2	6	FALSE	TRUE
TGGTGATAGACCAGCA-1	OZ258728_1_ORF2	1	1	23	23	TRUE	TRUE
TGGTGATAGAGGTCTG-1	OZ258728_1_ORF2	1	1	31	32	TRUE	TRUE
TGGTGATAGCAACTAA-1	MZ286258_1_ORF2	0	0	1	1	FALSE	TRUE
TGGTGATAGGATGGAA-1	MZ286258_1_ORF2	0	0	1	1	FALSE	TRUE
TGGTGATAGTGCCCAT-1	OZ258728_1_ORF2	0	0	1	1	FALSE	TRUE
TGGTGCGCAAAGGGCA-1	OZ258728_1_ORF2	0	0	1	1	FALSE	FALSE
TGGTGCGCAACTTCGT-1	OZ258728_1_ORF2	0	0	1	1	FALSE	TRUE
TGGTGCGCAAGTGAGG-1	OP549859_1_ORF1	0	0	1	1	FALSE	FALSE
TGGTGCGCACGCCTGT-1	MZ286197_1_ORF1	0	0	1	1	FALSE	TRUE
TGGTGCGCAGCTCAGG-1	OZ258728_1_ORF2	0	0	1	1	FALSE	TRUE
TGGTGCGCATAGTAAC-1	OZ258728_1_ORF2	0	0	1	1	FALSE	FALSE
TGGTGCGCATAGTAGT-1	MZ286188_1_ORF2	1	1	21	21	TRUE	TRUE
TGGTGCGCATGGTAAT-1	MZ286102_1_ORF1	0	0	1	1	FALSE	FALSE
TGGTGTTGTAACTGAG-1	OP549859_1_ORF1	0	0	1	1	FALSE	TRUE
TGGTGTTGTAATGTCC-1	MZ286197_1_ORF2	1	0	5	6	TRUE	TRUE
TGGTGTTGTAGGCAGT-1	OP549859_1_ORF1	0	0	1	1	FALSE	TRUE
TGGTGTTGTAGGTCAA-1	MZ286102_1_ORF2	0	0	1	1	FALSE	TRUE
TGGTGTTGTCCGTCAA-1	MZ286102_1_ORF1	0	0	1	1	FALSE	TRUE
TGGTGTTGTCTGGATT-1	MZ286102_1_ORF2	1	1	22	24	TRUE	TRUE
TGGTGTTGTGAACGGT-1	OZ258728_1_ORF2	1	1	45	45	TRUE	TRUE
TGGTGTTGTGAGGTGT-1	MZ286188_1_ORF1	0	0	1	1	FALSE	FALSE
TGGTGTTGTGATTGCT-1	OZ258728_1_ORF2	0	0	2	2	TRUE	FALSE
TGGTGTTGTGCGTAGG-1	OZ258728_1_ORF2	0	0	1	1	FALSE	TRUE
TGGTGTTGTGGACATA-1	MZ286188_1_ORF1	0	0	3	3	TRUE	TRUE
TGGTTAGCAAAGGGCA-1	OZ258728_1_ORF2	1	1	10	15	TRUE	TRUE
TGGTTAGCAATCCGGG-1	MZ286102_1_ORF2	1	1	10	10	TRUE	TRUE
TGGTTAGCAATGGGTC-1	MZ286102_1_ORF1	0	0	1	1	FALSE	TRUE
TGGTTAGCACAGCCAG-1	MZ286102_1_ORF1	1	1	10	10	TRUE	TRUE
TGGTTAGCACCATAGA-1	MZ286258_1_ORF2	0	0	1	1	FALSE	TRUE
TGGTTAGCACGCCTGT-1	meGFP	0	0	1	1	FALSE	FALSE
TGGTTAGCACTGATGA-1	OZ258728_1_ORF2	1	0	5	5	TRUE	TRUE
TGGTTAGCAGAGAGAT-1	OZ258728_1_ORF2	0	0	1	2	FALSE	TRUE
TGGTTAGCAGCAACCG-1	MZ286258_1_ORF1	1	1	14	15	TRUE	TRUE
TGGTTAGCAGTCCCGT-1	MZ286102_1_ORF1	1	1	10	12	TRUE	TRUE
TGGTTAGCATCAGTCT-1	OZ258728_1_ORF2	0	0	1	1	FALSE	FALSE
TGGTTAGCATCCTTCC-1	meGFP	1	1	58	58	TRUE	TRUE
TGGTTAGCATGTGCAA-1	MZ286102_1_ORF2	1	0	4	4	TRUE	TRUE
TGGTTCGGTACACCTG-1	meGFP	1	1	21	21	TRUE	TRUE
TGGTTCGGTACGGGCA-1	OZ258728_1_ORF2	1	1	26	26	TRUE	TRUE
TGGTTCGGTAGGTCAA-1	MZ286258_1_ORF1	0	0	1	1	FALSE	FALSE
TGGTTCGGTATTGGCT-1	MZ286102_1_ORF1	1	1	34	35	TRUE	TRUE
TGGTTCGGTGACCAGG-1	MZ286197_1_ORF1	0	0	1	2	FALSE	TRUE
TGGTTCGGTGAGATAT-1	MZ286188_1_ORF2	0	0	3	3	TRUE	TRUE
TGGTTCGGTGCAAGCG-1	OP549859_1_ORF1	0	0	3	3	TRUE	TRUE
TGGTTCGGTGGACATA-1	MZ286197_1_ORF1	0	0	1	1	FALSE	FALSE
TGGTTCGGTGGGTAAC-1	meGFP	1	1	28	29	TRUE	TRUE
TGGTTCGGTTACGCCA-1	MZ286102_1_ORF2	0	0	2	2	TRUE	TRUE
TGGTTCGGTTTCAGTA-1	OZ258728_1_ORF1	0	0	1	1	FALSE	TRUE
TGGTTGTGTAACCATC-1	MZ286102_1_ORF2	1	0	4	4	TRUE	TRUE
TGGTTGTGTAACTTGC-1	MZ286258_1_ORF2	1	1	14	14	TRUE	TRUE
TGGTTGTGTAGTGGCG-1	meGFP	1	1	19	19	TRUE	TRUE
TGGTTGTGTCACACCA-1	meGFP	0	0	1	2	FALSE	TRUE
TGGTTGTGTCTTGCTC-1	OZ258728_1_ORF2	0	0	1	1	FALSE	FALSE
TGGTTGTGTGAGACCG-1	MZ286102_1_ORF1	1	0	4	4	TRUE	TRUE
TGGTTGTGTGCTTAGT-1	meGFP	1	0	6	6	TRUE	TRUE
TGGTTGTGTGGCGCAA-1	meGFP	1	1	65	69	TRUE	TRUE
TGGTTGTGTGTGATTC-1	MZ286102_1_ORF1	0	0	1	1	FALSE	FALSE
TGGTTGTGTTAGATGG-1	MZ286197_1_ORF1	0	0	1	1	FALSE	TRUE
TGGTTGTGTTAGTTGC-1	OZ258728_1_ORF2	0	0	1	1	FALSE	FALSE
TGGTTGTGTTCTCATT-1	OP549859_1_ORF2	1	0	9	9	TRUE	TRUE
TGGTTGTGTTGCCTAG-1	OP549859_1_ORF2	0	0	1	1	FALSE	TRUE
TGGTTGTGTTGTGTGT-1	MZ286197_1_ORF1	1	0	6	7	TRUE	TRUE
TGTAACCGTATCGCCA-1	OZ258728_1_ORF2	0	0	1	1	FALSE	TRUE
TGTAACCGTGCAGGCA-1	OZ258728_1_ORF1	1	1	11	11	TRUE	TRUE
TGTAACCGTGGCAACG-1	MZ286258_1_ORF2	0	0	3	3	TRUE	TRUE
TGTAACCGTGGCGCAA-1	MZ286102_1_ORF1	1	1	12	12	TRUE	TRUE
TGTAACCGTTACGGAA-1	OZ258728_1_ORF2	0	0	1	1	FALSE	TRUE
TGTAACCGTTAGTTGC-1	OP549859_1_ORF2	0	0	1	1	FALSE	TRUE
TGTAACCGTTCCACTC-1	OP549859_1_ORF2	0	0	1	1	FALSE	FALSE
TGTAACCGTTCGTCTC-1	meGFP	0	0	1	1	FALSE	TRUE
TGTAACCGTTGGTTAC-1	OZ258728_1_ORF1	0	0	1	1	FALSE	FALSE
TGTAACCGTTTGAACC-1	OZ258728_1_ORF1	0	0	1	2	FALSE	TRUE
TGTAATCTCAGGCAAT-1	MZ286188_1_ORF2	0	0	1	2	FALSE	TRUE
TGTAATCTCCAATGAA-1	MZ286258_1_ORF2	0	0	1	1	FALSE	TRUE
TGTAATCTCCCGTTGG-1	OZ258728_1_ORF2	0	0	1	1	FALSE	FALSE
TGTAATCTCCTTCACT-1	MZ286102_1_ORF2	0	0	1	1	FALSE	TRUE
TGTAATCTCGAATGAC-1	OP549859_1_ORF1	0	0	2	2	TRUE	FALSE
TGTAATCTCGCACGAA-1	OP549859_1_ORF1	1	1	26	26	TRUE	TRUE
TGTAATCTCTAAGTGA-1	OZ258728_1_ORF1	0	0	1	1	FALSE	TRUE
TGTAATCTCTAATTGC-1	MZ286258_1_ORF2	1	0	6	6	TRUE	TRUE
TGTAATCTCTGCCTGG-1	OP549859_1_ORF2	0	0	1	1	FALSE	TRUE
TGTAATTGTAATGAAC-1	OZ258728_1_ORF2	0	0	1	1	FALSE	FALSE
TGTAATTGTACAGGAC-1	OZ258728_1_ORF1	0	0	3	3	TRUE	TRUE
TGTAATTGTATCTCAA-1	OZ258728_1_ORF1	0	0	1	1	FALSE	FALSE
TGTAATTGTCTATCGG-1	MZ286102_1_ORF2	0	0	2	2	TRUE	TRUE
TGTAATTGTCTCCTTA-1	OZ258728_1_ORF2	0	0	1	1	FALSE	TRUE
TGTAATTGTGAAGGCT-1	MZ286188_1_ORF1	0	0	1	1	FALSE	TRUE
TGTAATTGTGCTTAGT-1	MZ286197_1_ORF1	0	0	1	1	FALSE	FALSE
TGTAATTGTGTGTCAT-1	OZ258728_1_ORF2	0	0	1	1	FALSE	FALSE
TGTAATTGTTATCCGG-1	MZ286102_1_ORF2	0	0	1	2	FALSE	TRUE
TGTACAGCAATGGCTA-1	MZ286197_1_ORF2	0	0	1	1	FALSE	TRUE
TGTACAGCACAACCAA-1	MZ286102_1_ORF2	1	1	14	14	TRUE	TRUE
TGTACAGCACGCGAAT-1	MZ286258_1_ORF2	0	0	1	1	FALSE	FALSE
TGTACAGCAGACATTG-1	MZ286197_1_ORF1	1	1	32	32	TRUE	TRUE
TGTACAGCAGCTGATA-1	MZ286102_1_ORF2	1	0	4	4	TRUE	TRUE
TGTACAGCATCATAGG-1	OZ258728_1_ORF2	0	0	1	1	FALSE	TRUE
TGTACAGCATGATTCC-1	MZ286188_1_ORF1	0	0	1	1	FALSE	TRUE
TGTACGACAAAGTTAC-1	MZ286102_1_ORF2	1	0	9	10	TRUE	TRUE
TGTACGACAAATGAGA-1	OZ258728_1_ORF2	0	0	1	1	FALSE	TRUE
TGTACGACACCTCTCT-1	OP549859_1_ORF2	1	0	5	5	TRUE	TRUE
TGTACGACAGGATTGC-1	MZ286188_1_ORF2	0	0	1	1	FALSE	FALSE
TGTACGACAGTGTCCC-1	OZ258728_1_ORF1	1	1	12	13	TRUE	TRUE
TGTACGACATGGAGCT-1	OZ258728_1_ORF2	0	0	1	1	FALSE	FALSE
TGTACGACATTAGGGC-1	OP549859_1_ORF2	0	0	1	1	FALSE	TRUE
TGTAGCCTCAACCTTG-1	OP549859_1_ORF1	1	0	5	5	TRUE	TRUE
TGTAGCCTCACATATC-1	OZ258728_1_ORF2	0	0	1	1	FALSE	TRUE
TGTAGCCTCAGCGGAC-1	OZ258728_1_ORF2	0	0	1	1	FALSE	FALSE
TGTAGCCTCAGTATCT-1	MZ286188_1_ORF1	0	0	1	1	FALSE	TRUE
TGTAGCCTCAGTGTGG-1	OZ258728_1_ORF2	0	0	1	1	FALSE	TRUE
TGTAGCCTCCAAGTGG-1	OZ258728_1_ORF2	0	0	1	1	FALSE	TRUE
TGTAGCCTCCCAGTAC-1	OZ258728_1_ORF2	0	0	1	1	FALSE	FALSE
TGTAGCCTCCTCCGTC-1	meGFP	0	0	1	1	FALSE	FALSE
TGTAGCCTCCTGCCTC-1	OZ258728_1_ORF2	0	0	1	1	FALSE	FALSE
TGTAGCCTCGACCCAT-1	MZ286197_1_ORF2	0	0	3	4	TRUE	TRUE
TGTAGCTGTAAGTCTC-1	OP549859_1_ORF1	0	0	1	1	FALSE	TRUE
TGTAGCTGTACCGATT-1	MZ286102_1_ORF2	1	0	6	6	TRUE	TRUE
TGTAGCTGTACGAATG-1	OP549859_1_ORF1	0	0	1	1	FALSE	TRUE
TGTAGCTGTAGTCCTG-1	MZ286197_1_ORF1	1	1	23	25	TRUE	TRUE
TGTAGCTGTATCGAGA-1	OZ258728_1_ORF2	0	0	1	2	FALSE	TRUE
TGTAGCTGTGCGTACC-1	OZ258728_1_ORF2	0	0	1	1	FALSE	FALSE
TGTAGTAAGAAGTTGC-1	OZ258728_1_ORF2	0	0	1	2	FALSE	TRUE
TGTAGTAAGCATTGGG-1	OZ258728_1_ORF2	1	0	9	9	TRUE	TRUE
TGTAGTAAGCCACTCG-1	MZ286197_1_ORF2	0	0	2	2	TRUE	TRUE
TGTAGTAAGCCAGGGT-1	MZ286102_1_ORF2	0	0	1	1	FALSE	TRUE
TGTAGTAAGCGGGACT-1	OZ258728_1_ORF1	0	0	1	1	FALSE	TRUE
TGTAGTAAGGATCGCA-1	MZ286102_1_ORF2	1	1	11	11	TRUE	TRUE
TGTAGTAAGGGCCGAT-1	OZ258728_1_ORF2	1	1	37	38	TRUE	TRUE
TGTAGTAAGTCCAATT-1	MZ286258_1_ORF2	0	0	1	1	FALSE	TRUE
TGTAGTAAGTGGAGCC-1	MZ286258_1_ORF2	0	0	1	1	FALSE	FALSE
TGTAGTAAGTTGGAAC-1	OP549859_1_ORF1	1	1	111	112	TRUE	TRUE
TGTAGTGCAAAGCGGA-1	MZ286258_1_ORF2	0	0	1	1	FALSE	FALSE
TGTAGTGCACAAGCCG-1	OP549859_1_ORF1	0	0	1	1	FALSE	TRUE
TGTAGTGCACCTCTCT-1	OZ258728_1_ORF2	0	0	1	1	FALSE	FALSE
TGTAGTGCACGAACCG-1	OZ258728_1_ORF2	0	0	1	1	FALSE	FALSE
TGTAGTGCACTTGGAA-1	OZ258728_1_ORF1	0	0	1	1	FALSE	TRUE
TGTAGTGCAGCTTGGG-1	MZ286258_1_ORF2	1	1	15	15	TRUE	TRUE
TGTAGTGCATCCAGCC-1	meGFP	0	0	1	2	FALSE	TRUE
TGTAGTGCATCGGGCA-1	MZ286188_1_ORF1	1	0	4	4	TRUE	TRUE
TGTAGTGCATGACAGC-1	OZ258728_1_ORF2	1	1	100	100	TRUE	TRUE
TGTAGTGCATTCCGTG-1	OP549859_1_ORF1	1	1	20	20	TRUE	TRUE
TGTAGTTTCACATGAA-1	OZ258728_1_ORF2	1	1	54	54	TRUE	TRUE
TGTAGTTTCCTCTCCA-1	MZ286102_1_ORF2	1	0	7	8	TRUE	TRUE
TGTAGTTTCGCAACTC-1	meGFP	0	0	1	1	FALSE	FALSE
TGTAGTTTCGCTAGTC-1	OZ258728_1_ORF2	0	0	1	1	FALSE	TRUE
TGTAGTTTCTGCCTGG-1	MZ286102_1_ORF2	0	0	1	1	FALSE	FALSE
TGTAGTTTCTGTATGT-1	meGFP	0	0	1	1	FALSE	TRUE
TGTATCTAGAGATAGG-1	meGFP	0	0	1	1	FALSE	TRUE
TGTATCTAGATCCTGC-1	MZ286258_1_ORF1	0	0	1	1	FALSE	TRUE
TGTATCTAGCACGGAC-1	MZ286102_1_ORF1	1	1	12	12	TRUE	TRUE
TGTATCTAGCCAGACA-1	MZ286188_1_ORF1	0	0	1	1	FALSE	FALSE
TGTATCTAGCGGTAAT-1	OZ258728_1_ORF2	0	0	1	1	FALSE	FALSE
TGTATCTAGCTTGATT-1	MZ286197_1_ORF2	0	0	1	1	FALSE	TRUE
TGTATCTAGGAGCATT-1	MZ286102_1_ORF1	0	0	1	1	FALSE	FALSE
TGTATCTAGGCATCCT-1	MZ286258_1_ORF2	1	0	6	6	TRUE	TRUE
TGTATCTAGGGAGTAA-1	MZ286102_1_ORF1	0	0	1	1	FALSE	FALSE
TGTATCTAGGTTCATT-1	MZ286197_1_ORF1	0	0	1	3	FALSE	TRUE
TGTATCTAGGTTCCCG-1	OZ258728_1_ORF2	1	0	6	6	TRUE	TRUE
TGTATGGCAACCGTGG-1	MZ286258_1_ORF2	0	0	3	4	TRUE	TRUE
TGTATGGCACCCAGCT-1	MZ286197_1_ORF2	0	0	1	1	FALSE	FALSE
TGTATGGCACGGTTCC-1	OZ258728_1_ORF2	0	0	1	1	FALSE	FALSE
TGTATGGCACGTTAAG-1	MZ286188_1_ORF1	1	1	43	43	TRUE	TRUE
TGTATGGCATGCATCT-1	MZ286188_1_ORF2	1	0	5	6	TRUE	TRUE
TGTATGGCATGCTCGC-1	meGFP	0	0	1	1	FALSE	FALSE
TGTATGGCATGGTGTA-1	OZ258728_1_ORF2	1	1	84	85	TRUE	TRUE
TGTATTATCACCCAGT-1	MZ286258_1_ORF2	0	0	1	1	FALSE	FALSE
TGTATTATCCCTCGCT-1	OZ258728_1_ORF2	1	1	11	13	TRUE	TRUE
TGTATTATCCGCGCTA-1	OZ258728_1_ORF2	0	0	1	1	FALSE	TRUE
TGTATTATCCTCTCCA-1	OZ258728_1_ORF2	0	0	1	1	FALSE	FALSE
TGTATTATCGGGAACC-1	OP549859_1_ORF1	1	0	7	7	TRUE	TRUE
TGTATTATCTGGTGTC-1	MZ286258_1_ORF1	0	0	3	5	FALSE	TRUE
TGTATTGGTCCGTCAA-1	MZ286258_1_ORF1	0	0	1	1	FALSE	TRUE
TGTATTGGTCGTCACA-1	OZ258728_1_ORF2	2	1	78	82	TRUE	TRUE
TGTATTGGTCTATCCC-1	OZ258728_1_ORF1	0	0	1	2	FALSE	TRUE
TGTATTGGTGATAGTG-1	OP549859_1_ORF1	0	0	1	1	FALSE	TRUE
TGTATTGGTGCTTAAC-1	MZ286197_1_ORF2	0	0	1	1	FALSE	TRUE
TGTATTGGTGGTGTGG-1	MZ286258_1_ORF2	0	0	2	2	TRUE	TRUE
TGTATTGGTTACGTTA-1	MZ286197_1_ORF2	1	0	5	6	TRUE	TRUE
TGTATTGGTTCGCTGA-1	MZ286197_1_ORF2	0	0	1	2	FALSE	TRUE
TGTATTGGTTTGGCGC-1	meGFP	1	1	23	23	TRUE	TRUE
TGTCAGCTCACATATC-1	OZ258728_1_ORF2	1	1	48	49	TRUE	TRUE
TGTCAGCTCATTCACG-1	OP549859_1_ORF1	0	0	1	1	FALSE	TRUE
TGTCAGCTCGATCCCG-1	OP549859_1_ORF2	1	0	9	9	TRUE	TRUE
TGTCAGCTCGATCGCT-1	MZ286258_1_ORF1	1	1	14	14	TRUE	TRUE
TGTCAGCTCGGCTCCA-1	OP549859_1_ORF1	0	0	1	1	FALSE	TRUE
TGTCAGCTCTTAAGCT-1	MZ286188_1_ORF2	1	0	6	6	TRUE	TRUE
TGTCAGGAGAAGGATG-1	OP549859_1_ORF1	0	0	3	3	TRUE	TRUE
TGTCAGGAGAAGTTGC-1	OZ258728_1_ORF1	0	0	1	1	FALSE	FALSE
TGTCAGGAGAATCGTA-1	OZ258728_1_ORF1	0	0	1	1	FALSE	TRUE
TGTCAGGAGCCACACT-1	MZ286258_1_ORF2	0	0	2	2	TRUE	TRUE
TGTCAGGAGCCACAGA-1	MZ286258_1_ORF1	0	0	1	1	FALSE	TRUE
TGTCAGGAGCTGGACA-1	OZ258728_1_ORF1	0	0	1	1	FALSE	FALSE
TGTCAGGAGGAATGTC-1	OZ258728_1_ORF1	1	1	21	22	TRUE	TRUE
TGTCAGGAGGATAGAG-1	OZ258728_1_ORF2	0	0	1	1	FALSE	TRUE
TGTCAGGAGGCAGGGA-1	OZ258728_1_ORF2	0	0	2	2	TRUE	TRUE
TGTCAGGAGGCGTAAT-1	MZ286102_1_ORF2	0	0	1	1	FALSE	FALSE
TGTCAGGAGGGGACAG-1	OZ258728_1_ORF1	1	1	30	30	TRUE	TRUE
TGTCAGGAGGTCGTCT-1	OZ258728_1_ORF2	0	0	1	1	FALSE	FALSE
TGTCAGGAGTGCAACG-1	MZ286102_1_ORF2	0	0	1	2	FALSE	TRUE
TGTCCTCGTAACGGAC-1	OZ258728_1_ORF2	0	0	1	1	FALSE	FALSE
TGTCCTCGTATCTGGT-1	MZ286102_1_ORF1	0	0	1	1	FALSE	FALSE
TGTCCTCGTCACTAAC-1	meGFP	0	0	1	1	FALSE	FALSE
TGTCCTCGTGGCGCAA-1	MZ286197_1_ORF2	0	0	3	3	TRUE	TRUE
TGTCCTCGTTCTGTCC-1	MZ286197_1_ORF2	0	0	1	1	FALSE	FALSE
TGTCCTCGTTGAAGCA-1	OZ258728_1_ORF2	0	0	1	1	FALSE	FALSE
TGTCCTCGTTTCAGTA-1	MZ286197_1_ORF1	0	0	1	1	FALSE	FALSE
TGTCGATGTAAGCGGT-1	meGFP	0	0	1	1	FALSE	TRUE
TGTCGATGTCCACATG-1	meGFP	1	0	5	5	TRUE	TRUE
TGTCGATGTGAGTTAG-1	MZ286102_1_ORF2	1	1	21	22	TRUE	TRUE
TGTCGATGTGCAATTC-1	MZ286258_1_ORF2	1	0	4	6	TRUE	TRUE
TGTCGATGTGGTTAAG-1	MZ286102_1_ORF1	0	0	3	4	TRUE	TRUE
TGTCGATGTTCGATTA-1	MZ286188_1_ORF2	1	0	5	5	TRUE	TRUE
TGTCGATGTTTGATGC-1	OZ258728_1_ORF1	0	0	1	1	FALSE	FALSE
TGTCTATAGACGATAC-1	MZ286102_1_ORF2	1	0	7	7	TRUE	TRUE
TGTCTATAGAGGCCAC-1	MZ286258_1_ORF1	0	0	1	1	FALSE	FALSE
TGTCTATAGCAATCCC-1	OP549859_1_ORF1	0	0	1	1	FALSE	FALSE
TGTCTATAGCCGTGAA-1	MZ286188_1_ORF1	1	1	36	38	TRUE	TRUE
TGTCTATAGCTGGGTA-1	OP549859_1_ORF1	2	0	7	11	FALSE	TRUE
TGTCTATAGGCATCCT-1	MZ286102_1_ORF2	1	1	10	10	TRUE	TRUE
TGTCTGGGTCATTCCC-1	MZ286258_1_ORF2	1	1	17	18	TRUE	TRUE
TGTCTGGGTCATTCGG-1	OZ258728_1_ORF2	0	0	1	2	FALSE	TRUE
TGTCTGGGTCGCTACA-1	MZ286197_1_ORF1	0	0	1	1	FALSE	FALSE
TGTCTGGGTCTTGGGC-1	MZ286102_1_ORF2	0	0	1	1	FALSE	TRUE
TGTCTGGGTGGCAACG-1	MZ286197_1_ORF1	1	1	27	28	TRUE	TRUE
TGTCTGGGTGGCTTGC-1	OZ258728_1_ORF2	1	1	11	11	TRUE	TRUE
TGTCTGGGTGGTGATA-1	MZ286188_1_ORF2	1	0	9	9	TRUE	TRUE
TGTCTGGGTTACGTTA-1	OZ258728_1_ORF2	0	0	1	1	FALSE	FALSE
TGTCTGGGTTGTCTGG-1	OZ258728_1_ORF2	0	0	1	1	FALSE	FALSE
TGTCTGTCAAACCATG-1	MZ286258_1_ORF1	2	2	22	35	FALSE	TRUE
TGTCTGTCAAGCGCCA-1	OZ258728_1_ORF2	0	0	1	1	FALSE	TRUE
TGTCTGTCAAGTCGGT-1	OZ258728_1_ORF2	0	0	1	2	FALSE	TRUE
TGTCTGTCACACCGCT-1	MZ286188_1_ORF2	1	0	7	8	TRUE	TRUE
TGTCTGTCACCTGCAC-1	MZ286258_1_ORF2	0	0	1	1	FALSE	TRUE
TGTCTGTCACTTGGAA-1	MZ286188_1_ORF1	0	0	2	3	FALSE	TRUE
TGTCTGTCAGGTACAC-1	MZ286197_1_ORF1	0	0	1	1	FALSE	TRUE
TGTCTGTCATTGCCCA-1	OZ258728_1_ORF2	1	1	39	39	TRUE	TRUE
TGTCTTGAGAACGAAG-1	OZ258728_1_ORF2	1	1	45	45	TRUE	TRUE
TGTCTTGAGACATCAA-1	OZ258728_1_ORF2	1	1	11	11	TRUE	TRUE
TGTCTTGAGACTTGAA-1	MZ286188_1_ORF2	0	0	1	1	FALSE	FALSE
TGTCTTGAGAGGCGTC-1	meGFP	0	0	1	1	FALSE	TRUE
TGTCTTGAGATACTGA-1	meGFP	0	0	1	1	FALSE	FALSE
TGTCTTGAGCAAGGTT-1	MZ286102_1_ORF1	1	0	5	6	TRUE	FALSE
TGTCTTGAGCAGCATG-1	OP549859_1_ORF1	0	0	1	1	FALSE	FALSE
TGTCTTGAGCAGGCAC-1	meGFP	0	0	1	1	FALSE	TRUE
TGTCTTGAGCATCCGT-1	OZ258728_1_ORF1	1	1	11	11	TRUE	TRUE
TGTCTTGAGCCAGGGT-1	OZ258728_1_ORF2	0	0	1	1	FALSE	TRUE
TGTCTTGAGCTTAGTT-1	OZ258728_1_ORF1	0	0	1	1	FALSE	FALSE
TGTCTTGAGGATCGTG-1	MZ286258_1_ORF1	0	0	2	2	TRUE	TRUE
TGTCTTGAGGCTTCGT-1	MZ286197_1_ORF2	0	0	1	2	FALSE	TRUE
TGTCTTGAGGGCACTA-1	MZ286102_1_ORF2	1	0	5	6	TRUE	TRUE
TGTCTTGAGGGGCAAG-1	OZ258728_1_ORF1	0	0	1	1	FALSE	TRUE
TGTCTTGAGTGTCGCT-1	MZ286258_1_ORF2	1	0	4	5	TRUE	TRUE
TGTCTTGAGTTGGCCT-1	OZ258728_1_ORF2	0	0	1	2	FALSE	TRUE
TGTGAAATCAACTGAA-1	OZ258728_1_ORF2	0	0	1	1	FALSE	FALSE
TGTGAAATCACGGGAC-1	meGFP	0	0	1	1	FALSE	FALSE
TGTGAAATCAGTGTGG-1	OP549859_1_ORF2	0	0	1	1	FALSE	TRUE
TGTGAAATCCCACAGT-1	MZ286258_1_ORF1	1	1	35	35	TRUE	TRUE
TGTGAAATCCGGCTTG-1	MZ286258_1_ORF1	0	0	1	1	FALSE	FALSE
TGTGAAATCGAATGAC-1	OP549859_1_ORF1	0	0	2	2	TRUE	FALSE
TGTGAAATCGATACTT-1	OZ258728_1_ORF2	1	0	6	7	TRUE	TRUE
TGTGAAATCGTCAATT-1	meGFP	0	0	1	1	FALSE	TRUE
TGTGAAATCTATACCG-1	MZ286258_1_ORF2	0	0	3	4	TRUE	TRUE
TGTGAAATCTCGAAGG-1	meGFP	0	0	2	2	TRUE	FALSE
TGTGAAATCTCTGTGA-1	OP549859_1_ORF1	0	0	2	3	FALSE	TRUE
TGTGAACAGAACGGCC-1	OP549859_1_ORF1	0	0	1	1	FALSE	TRUE
TGTGAACAGACATCAA-1	meGFP	1	1	19	19	TRUE	TRUE
TGTGAACAGACTTACT-1	OZ258728_1_ORF2	0	0	1	2	FALSE	TRUE
TGTGAACAGCCAGACA-1	OP549859_1_ORF1	0	0	1	1	FALSE	TRUE
TGTGAACAGCCTGTAC-1	OP549859_1_ORF1	0	0	1	1	FALSE	TRUE
TGTGAACAGGTCTACC-1	OZ258728_1_ORF1	0	0	2	5	FALSE	TRUE
TGTGAACAGTTAACCT-1	MZ286258_1_ORF1	0	0	1	1	FALSE	FALSE
TGTGATGCAAACTGTG-1	MZ286188_1_ORF1	0	0	1	1	FALSE	FALSE
TGTGATGCAACAGACC-1	MZ286258_1_ORF1	0	0	3	3	TRUE	TRUE
TGTGATGCACATGCTT-1	OZ258728_1_ORF2	1	0	7	8	TRUE	TRUE
TGTGATGCACGATGTA-1	OZ258728_1_ORF2	0	0	1	1	FALSE	FALSE
TGTGATGCACTGATGA-1	MZ286258_1_ORF2	1	1	11	11	TRUE	TRUE
TGTGATGCAGCCAACG-1	MZ286102_1_ORF2	0	0	1	1	FALSE	TRUE
TGTGATGCAGGTCTCC-1	meGFP	0	0	1	1	FALSE	FALSE
TGTGATGCAGTCTCAT-1	MZ286258_1_ORF1	0	0	3	4	TRUE	TRUE
TGTGATGCATCCATAC-1	MZ286197_1_ORF1	0	0	1	1	FALSE	FALSE
TGTGATGCATTACCCG-1	OZ258728_1_ORF1	1	1	13	13	TRUE	TRUE
TGTGATGCATTGAAGT-1	MZ286188_1_ORF1	0	0	1	1	FALSE	FALSE
TGTGATTTCAAGGCGC-1	meGFP	2	2	40	58	FALSE	TRUE
TGTGATTTCACCCTGG-1	OZ258728_1_ORF2	0	0	1	1	FALSE	FALSE
TGTGATTTCAGTGTGG-1	OP549859_1_ORF1	0	0	1	1	FALSE	FALSE
TGTGATTTCCAGCGAA-1	MZ286258_1_ORF2	0	0	1	1	FALSE	FALSE
TGTGATTTCCCTTACT-1	OZ258728_1_ORF2	0	0	1	1	FALSE	TRUE
TGTGATTTCCGTGGAA-1	OZ258728_1_ORF2	0	0	1	1	FALSE	FALSE
TGTGATTTCCTAATGT-1	MZ286102_1_ORF2	0	0	1	1	FALSE	FALSE
TGTGATTTCGCGCATT-1	MZ286188_1_ORF1	1	1	102	102	TRUE	TRUE
TGTGATTTCGTCCGTG-1	OZ258728_1_ORF2	0	0	1	1	FALSE	TRUE
TGTGATTTCTAAGTCT-1	MZ286197_1_ORF1	0	0	1	1	FALSE	FALSE
TGTGATTTCTCTGTGA-1	OZ258728_1_ORF2	0	0	1	1	FALSE	TRUE
TGTGATTTCTTAGTGT-1	OZ258728_1_ORF1	0	0	1	1	FALSE	FALSE
TGTGCCCCAAACTGTG-1	OZ258728_1_ORF2	0	0	1	1	FALSE	TRUE
TGTGCCCCAAGACTAT-1	MZ286258_1_ORF1	2	1	38	44	TRUE	TRUE
TGTGCCCCAATTAAGC-1	meGFP	0	0	1	1	FALSE	FALSE
TGTGCCCCACTACGGG-1	MZ286258_1_ORF2	0	0	1	1	FALSE	TRUE
TGTGCCCCAGGGTCCA-1	OZ258728_1_ORF2	0	0	1	1	FALSE	TRUE
TGTGCCCCATAGTTGG-1	OZ258728_1_ORF2	1	1	15	22	TRUE	TRUE
TGTGCCCCATCAGTCT-1	MZ286102_1_ORF2	1	1	10	11	TRUE	TRUE
TGTGCCCCATCGTAAG-1	meGFP	0	0	1	1	FALSE	TRUE
TGTGGAAGTACCTAGT-1	OP549859_1_ORF2	0	0	1	1	FALSE	FALSE
TGTGGAAGTAGGATAT-1	meGFP	1	1	13	14	TRUE	TRUE
TGTGGAAGTCCAGCTA-1	MZ286258_1_ORF2	1	1	13	15	TRUE	TRUE
TGTGGAAGTCTTGCTC-1	MZ286258_1_ORF2	1	0	9	9	TRUE	TRUE
TGTGGAAGTGAGAGCT-1	MZ286258_1_ORF2	1	0	9	9	TRUE	TRUE
TGTGGAAGTGGTGTGG-1	OZ258728_1_ORF1	0	0	1	1	FALSE	FALSE
TGTGGAAGTTAGATGG-1	MZ286188_1_ORF1	0	0	1	1	FALSE	FALSE
TGTGGCTTCAGGATGT-1	OZ258728_1_ORF2	0	0	2	2	TRUE	FALSE
TGTGGCTTCAGTAGTA-1	OZ258728_1_ORF2	0	0	1	1	FALSE	FALSE
TGTGGCTTCATGGCAG-1	MZ286258_1_ORF1	0	0	3	3	TRUE	TRUE
TGTGGCTTCCCTGGTG-1	OZ258728_1_ORF1	0	0	1	1	FALSE	TRUE
TGTGGCTTCCGTGGTT-1	OZ258728_1_ORF2	0	0	1	1	FALSE	FALSE
TGTGGCTTCGAAGTTA-1	OZ258728_1_ORF2	1	1	38	38	TRUE	TRUE
TGTGGCTTCGTACGGA-1	OZ258728_1_ORF1	0	0	1	1	FALSE	TRUE
TGTGGCTTCTAATTGC-1	OZ258728_1_ORF2	0	0	1	1	FALSE	FALSE
TGTGGCTTCTCACGTA-1	OP549859_1_ORF2	1	0	6	8	TRUE	TRUE
TGTGGCTTCTCAGCAC-1	meGFP	0	0	1	1	FALSE	TRUE
TGTGGCTTCTCGATCA-1	OZ258728_1_ORF2	1	1	126	126	TRUE	TRUE
TGTGGCTTCTCTAACG-1	meGFP	1	1	10	10	TRUE	TRUE
TGTGTCCAGAACGGCC-1	MZ286258_1_ORF2	1	0	8	9	TRUE	TRUE
TGTGTCCAGATAGTCA-1	MZ286258_1_ORF2	0	0	1	1	FALSE	FALSE
TGTGTCCAGATGGTGT-1	OZ258728_1_ORF1	1	1	12	12	TRUE	TRUE
TGTGTCCAGCGCAGTA-1	OP549859_1_ORF1	1	0	7	7	TRUE	TRUE
TGTGTCCAGCGGGAAG-1	OZ258728_1_ORF2	0	0	1	1	FALSE	FALSE
TGTGTCCAGCTGTCGT-1	OZ258728_1_ORF2	0	0	1	1	FALSE	TRUE
TGTGTCCAGGCGAAGG-1	meGFP	0	0	1	1	FALSE	FALSE
TGTGTCCAGGGAGTAA-1	MZ286188_1_ORF2	1	0	7	12	TRUE	TRUE
TGTGTCCAGGGGCCAT-1	MZ286258_1_ORF2	0	0	1	3	FALSE	TRUE
TGTGTCCAGGGTTAGT-1	OP549859_1_ORF2	0	0	1	1	FALSE	FALSE
TGTGTCCAGTATAGGC-1	OZ258728_1_ORF2	0	0	1	1	FALSE	TRUE
TGTGTCCAGTTGCATT-1	MZ286258_1_ORF1	0	0	1	2	FALSE	TRUE
TGTGTGGAGAATCAGC-1	OZ258728_1_ORF2	1	1	22	23	TRUE	TRUE
TGTGTGGAGATTCACT-1	OP549859_1_ORF2	0	0	1	1	FALSE	TRUE
TGTGTGGAGCGGAACC-1	meGFP	0	0	1	1	FALSE	FALSE
TGTGTGGAGCTACTTG-1	MZ286197_1_ORF1	1	0	7	7	TRUE	TRUE
TGTGTGGAGCTTGATT-1	OZ258728_1_ORF2	0	0	1	1	FALSE	FALSE
TGTGTGGAGGAGTGCC-1	MZ286258_1_ORF1	0	0	1	1	FALSE	FALSE
TGTGTGGAGGCTCTGT-1	MZ286197_1_ORF1	1	0	8	8	TRUE	TRUE
TGTGTGGAGGGGCTTA-1	OZ258728_1_ORF1	0	0	1	1	FALSE	TRUE
TGTGTGGAGTACCCGT-1	MZ286102_1_ORF2	1	1	21	21	TRUE	TRUE
TGTGTGGAGTACTTCG-1	MZ286258_1_ORF1	0	0	1	1	FALSE	TRUE
TGTGTGGAGTCCTCAA-1	MZ286188_1_ORF2	0	0	2	2	TRUE	TRUE
TGTGTGGAGTCTAGTT-1	MZ286258_1_ORF1	0	0	3	3	TRUE	TRUE
TGTGTTGTCAAGGGTT-1	MZ286258_1_ORF2	1	1	53	54	TRUE	TRUE
TGTGTTGTCATCGTTG-1	meGFP	0	0	1	1	FALSE	FALSE
TGTGTTGTCATTCGAT-1	MZ286258_1_ORF1	0	0	1	2	FALSE	TRUE
TGTGTTGTCCCTCGCT-1	OZ258728_1_ORF2	1	1	35	35	TRUE	TRUE
TGTGTTGTCCGCCACA-1	MZ286197_1_ORF1	1	1	22	23	TRUE	TRUE
TGTGTTGTCGCCCAAT-1	OP549859_1_ORF1	0	0	1	1	FALSE	TRUE
TGTGTTGTCGGTCGAA-1	meGFP	1	1	34	34	TRUE	TRUE
TGTGTTGTCGTCAATT-1	MZ286197_1_ORF1	0	0	1	1	FALSE	FALSE
TGTGTTGTCTAACTAC-1	MZ286197_1_ORF2	0	0	2	3	FALSE	TRUE
TGTGTTGTCTACTCCT-1	OZ258728_1_ORF2	0	0	1	1	FALSE	FALSE
TGTGTTGTCTGCCATA-1	MZ286197_1_ORF1	1	0	6	6	TRUE	TRUE
